experiment,repeat_id,a,direction,v_oracle,v_raw,v_iso,delta_v,treat_rate_oracle,treat_rate_raw,treat_rate_iso,raw_treated_true_positive_share,raw_treated_false_positive_share,iso_treated_true_positive_share,iso_treated_false_positive_share,mse_raw,mse_iso,cal_raw,cal_iso,t_theta,flip_rate,flip_count,beneficial_flip_rate,harmful_flip_rate,beneficial_flip_count,harmful_flip_count,beneficial_sign_share,harmful_sign_share,beneficial_value,harmful_value,mean_tau_flip_region,mean_abs_tau_flip_region,global_spearman,flip_region_spearman
additive_bias,1,-0.5,score_low_bias,0.964355713364063,0.960747067993669,0.963504884704476,0.00275781671080622,0.1594,0,0.2778,,,0.573794096472282,0.426205903527718,0.25,0.000982221158666625,0.266753364910924,0.000694708678505532,-0.514304337762977,0.2778,1389,0.1594,0.1184,797,592,0.573794096472282,0.426205903527718,0.00360864537039352,-0.000850828659587207,0.00992734597122504,0.0160528222821481,1,1
additive_bias,1,-0.25,score_low_bias,0.964355713364063,0.960747067993669,0.963504884704476,0.00275781671080622,0.1594,0,0.2778,,,0.573794096472282,0.426205903527718,0.0625,0.000982221158666625,0.0711645572451139,0.000694708678505532,-0.264304337762977,0.2778,1389,0.1594,0.1184,797,592,0.573794096472282,0.426205903527718,0.00360864537039352,-0.000850828659587207,0.00992734597122504,0.0160528222821481,1,1
additive_bias,1,-0.1,score_low_bias,0.964355713364063,0.961204694670285,0.963504884704476,0.0023001900341908,0.1594,0.004,0.2778,1,0,0.573794096472282,0.426205903527718,0.01,0.000982221158666625,0.0138112726456281,0.000694708678505532,-0.114304337762977,0.2738,1369,0.1554,0.1184,777,592,0.567567567567568,0.432432432432432,0.00315101869377803,-0.000850828659587207,0.00840098624613157,0.0146159508888431,1,1
additive_bias,1,0,no_bias,0.964355713364063,0.964355713364063,0.963504884704476,-0.000850828659587299,0.1594,0.1594,0.2778,1,0,0.573794096472282,0.426205903527718,0,0.000982221158666625,0.000575749579304181,0.000694708678505532,-0.0143043377629766,0.1184,592,0,0.1184,0,592,0,1,0,-0.000850828659587207,-0.0071860528681352,0.0071860528681352,1,1
additive_bias,1,0.1,score_high_bias,0.964355713364063,0.948585466807187,0.963504884704476,0.0149194178972883,0.1594,0.6058,0.2778,0.263123142951469,0.736876857048531,0.573794096472282,0.426205903527718,0.01,0.000982221158666625,0.00734022651298031,0.000694708678505532,0.0856956622370234,0.328,1640,0.328,0,1640,0,1,0,0.0149194178972884,0,-0.0454860301746597,0.0454860301746597,1,1
additive_bias,1,0.25,score_high_bias,0.964355713364063,0.915925274651412,0.963504884704476,0.0475796100530632,0.1594,0.7998,0.2778,0.199299824956239,0.800700175043761,0.573794096472282,0.426205903527718,0.0625,0.000982221158666625,0.0549869419134945,0.000694708678505532,0.235695662237023,0.522,2610,0.522,0,2610,0,1,0,0.0475796100530633,0,-0.0911486782625733,0.0911486782625733,1,1
additive_bias,1,0.5,score_high_bias,0.964355713364063,0.85848205126046,0.963504884704476,0.105022833444016,0.1594,0.96,0.2778,0.166041666666667,0.833958333333333,0.573794096472282,0.426205903527718,0.25,0.000982221158666625,0.234398134247685,0.000694708678505532,0.485695662237023,0.6822,3411,0.6822,0,3411,0,1,0,0.105022833444016,0,-0.153947278575221,0.153947278575221,1,1
additive_bias,2,-0.5,score_low_bias,0.966179657277229,0.962533702707303,0.966097324090275,0.0035636213829725,0.1558,0,0.1904,,,0.81827731092437,0.18172268907563,0.25,0.00113340465380188,0.259311174181603,0.000725716464054828,-0.504438708870697,0.1904,952,0.1558,0.0346,779,173,0.81827731092437,0.18172268907563,0.00364595456992588,-8.23331869533641e-05,0.0187164988601498,0.0195813432609204,1,1
additive_bias,2,-0.25,score_low_bias,0.966179657277229,0.962533702707303,0.966097324090275,0.0035636213829725,0.1558,0,0.1904,,,0.81827731092437,0.18172268907563,0.0625,0.00113340465380188,0.0673004376236375,0.000725716464054828,-0.254438708870697,0.1904,952,0.1558,0.0346,779,173,0.81827731092437,0.18172268907563,0.00364595456992588,-8.23331869533641e-05,0.0187164988601498,0.0195813432609204,1,1
additive_bias,2,-0.1,score_low_bias,0.966179657277229,0.962935346474327,0.966097324090275,0.00316197761594805,0.1558,0.0034,0.1904,1,0,0.81827731092437,0.18172268907563,0.01,0.00113340465380188,0.0120939956888582,0.000725716464054828,-0.104438708870697,0.187,935,0.1524,0.0346,762,173,0.814973262032085,0.185026737967914,0.00324431080290142,-8.23331869533641e-05,0.0169089712082784,0.0177895400526994,1,1
additive_bias,2,0,no_bias,0.966179657277229,0.966179657277229,0.966097324090275,-8.23331869533872e-05,0.1558,0.1558,0.1904,1,0,0.81827731092437,0.18172268907563,0,0.00113340465380188,0.000289701065672017,0.000725716464054828,-0.00443870887069731,0.0346,173,0,0.0346,0,173,0,1,0,-8.23331869533641e-05,-0.00237957187726486,0.00237957187726486,1,1
additive_bias,2,0.1,score_high_bias,0.966179657277229,0.950620915967484,0.966097324090275,0.0154764081227908,0.1558,0.5886,0.1904,0.2646958885491,0.7353041114509,0.81827731092437,0.18172268907563,0.01,0.00113340465380188,0.00848540644248583,0.000725716464054828,0.0955612911293027,0.3982,1991,0.3982,0,1991,0,1,0,0.0154764081227908,0,-0.0388659169331762,0.0388659169331762,1,1
additive_bias,2,0.25,score_high_bias,0.966179657277229,0.917497493222822,0.966097324090275,0.0485998308674529,0.1558,0.7902,0.1904,0.197165274614022,0.802834725385978,0.81827731092437,0.18172268907563,0.0625,0.00113340465380188,0.0582789645077066,0.000725716464054828,0.245561291129303,0.5998,2999,0.5998,0,2999,0,1,0,0.0485998308674529,0,-0.0810267270214287,0.0810267270214287,1,1
additive_bias,2,0.5,score_high_bias,0.966179657277229,0.858178078875911,0.966097324090275,0.107919245214364,0.1558,0.9536,0.1904,0.163380872483221,0.836619127516778,0.81827731092437,0.18172268907563,0.25,0.00113340465380188,0.241268227949741,0.000725716464054828,0.495561291129303,0.7632,3816,0.7632,0,3816,0,1,0,0.107919245214364,0,-0.14140362318444,0.14140362318444,1,1
additive_bias,3,-0.5,score_low_bias,0.965835243981562,0.962321493586383,0.963026493775272,0.000705000188888971,0.155,0,0.3632,,,0.426762114537445,0.573237885462555,0.25,0.00184623974380345,0.254621616366166,0.000903798700498732,-0.527297807032789,0.3632,1816,0.155,0.2082,775,1041,0.426762114537445,0.573237885462555,0.00351375039517887,-0.00280875020628987,0.001941079815223,0.0174077659732069,1,1
additive_bias,3,-0.25,score_low_bias,0.965835243981562,0.962321493586383,0.963026493775272,0.000705000188888971,0.155,0,0.3632,,,0.426762114537445,0.573237885462555,0.0625,0.00184623974380345,0.0652679665847274,0.000903798700498732,-0.277297807032789,0.3632,1816,0.155,0.2082,775,1041,0.426762114537445,0.573237885462555,0.00351375039517887,-0.00280875020628987,0.001941079815223,0.0174077659732069,1,1
additive_bias,3,-0.1,score_low_bias,0.965835243981562,0.962667644933811,0.963026493775272,0.000358848841460313,0.155,0.0028,0.3632,1,0,0.426762114537445,0.573237885462555,0.01,0.00184623974380345,0.0116557767158645,0.000903798700498732,-0.127297807032789,0.3604,1802,0.1522,0.2082,761,1041,0.422308546059933,0.577691453940067,0.00316759904775022,-0.00280875020628987,0.000995696008491532,0.0165825451000003,1,1
additive_bias,3,0,no_bias,0.965835243981562,0.965835243981562,0.963026493775272,-0.0028087502062899,0.155,0.155,0.3632,1,0,0.426762114537445,0.573237885462555,0,0.00184623974380345,0.0009143168032892,0.000903798700498732,-0.0272978070327888,0.2082,1041,0,0.2082,0,1041,0,1,0,-0.00280875020628987,-0.0134906349965892,0.0134906349965892,1,1
additive_bias,3,0.1,score_high_bias,0.965835243981562,0.949161219379675,0.963026493775272,0.0138652743955972,0.155,0.608,0.3632,0.254934210526316,0.745065789473684,0.426762114537445,0.573237885462555,0.01,0.00184623974380345,0.0101728568907139,0.000903798700498732,0.0727021929672112,0.2448,1224,0.2448,0,1224,0,1,0,0.0138652743955972,0,-0.0566391927924721,0.0566391927924721,1,1
additive_bias,3,0.25,score_high_bias,0.965835243981562,0.918756703795667,0.963026493775272,0.0442697899796046,0.155,0.7926,0.3632,0.195558920010093,0.804441079989907,0.426762114537445,0.573237885462555,0.0625,0.00184623974380345,0.061560667021851,0.000903798700498732,0.222702192967211,0.4294,2147,0.4294,0,2147,0,1,0,0.0442697899796047,0,-0.103096856030751,0.103096856030751,1,1
additive_bias,3,0.5,score_high_bias,0.965835243981562,0.859560931283487,0.963026493775272,0.103465562491785,0.155,0.9542,0.3632,0.162439740096416,0.837560259903584,0.426762114537445,0.573237885462555,0.25,0.00184623974380345,0.247207017240413,0.000903798700498732,0.472702192967211,0.591,2955,0.591,0,2955,0,1,0,0.103465562491785,0,-0.175068633657842,0.175068633657842,1,1
additive_bias,4,-0.5,score_low_bias,0.966352766808786,0.962511219948535,0.96604169672655,0.00353047677801488,0.1652,0,0.2374,,,0.695871946082561,0.304128053917439,0.25,0.00112283956240151,0.247338227270874,0.000809272664680447,-0.508785353873545,0.2374,1187,0.1652,0.0722,826,361,0.695871946082561,0.304128053917439,0.00384154686025025,-0.000311070082235391,0.0148714270346034,0.0174920679969909,1,1
additive_bias,4,-0.25,score_low_bias,0.966352766808786,0.962511219948535,0.96604169672655,0.00353047677801488,0.1652,0,0.2374,,,0.695871946082561,0.304128053917439,0.0625,0.00112283956240151,0.0613801379150541,0.000809272664680447,-0.258785353873545,0.2374,1187,0.1652,0.0722,826,361,0.695871946082561,0.304128053917439,0.00384154686025025,-0.000311070082235391,0.0148714270346034,0.0174920679969909,1,1
additive_bias,4,-0.1,score_low_bias,0.966352766808786,0.96296236538194,0.96604169672655,0.00307933134460991,0.1652,0.0038,0.2374,1,0,0.695871946082561,0.304128053917439,0.01,0.00112283956240151,0.00980528430156208,0.000809272664680447,-0.108785353873545,0.2336,1168,0.1614,0.0722,807,361,0.690924657534247,0.309075342465753,0.00339040142684526,-0.000311070082235391,0.0131820691121998,0.0158453403642151,1,1
additive_bias,4,0,no_bias,0.966352766808786,0.966352766808786,0.96604169672655,-0.00031107008223541,0.1652,0.1652,0.2374,1,0,0.695871946082561,0.304128053917439,0,0.00112283956240151,0.000422048559234061,0.000809272664680447,-0.00878535387354484,0.0722,361,0,0.0722,0,361,0,1,0,-0.000311070082235391,-0.00430844989245694,0.00430844989245694,1,1
additive_bias,4,0.1,score_high_bias,0.966352766808786,0.950650859202601,0.96604169672655,0.0153908375239494,0.1652,0.606,0.2374,0.272607260726073,0.727392739273927,0.695871946082561,0.304128053917439,0.01,0.00112283956240151,0.011038812816906,0.000809272664680447,0.0912146461264552,0.3686,1843,0.3686,0,1843,0,1,0,0.0153908375239494,0,-0.0417548494952508,0.0417548494952508,1,1
additive_bias,4,0.25,score_high_bias,0.966352766808786,0.918879522890869,0.96604169672655,0.0471621738356812,0.1652,0.7966,0.2374,0.207381370826011,0.79261862917399,0.695871946082561,0.304128053917439,0.0625,0.00112283956240151,0.064463959203414,0.000809272664680447,0.241214646126455,0.5592,2796,0.5592,0,2796,0,1,0,0.0471621738356812,0,-0.0843386513513611,0.0843386513513611,1,1
additive_bias,4,0.5,score_high_bias,0.966352766808786,0.861927485112565,0.96604169672655,0.104114211613985,0.1652,0.9542,0.2374,0.173129322993083,0.826870677006917,0.695871946082561,0.304128053917439,0.25,0.00112283956240151,0.253505869847594,0.000809272664680447,0.491214646126455,0.7168,3584,0.7168,0,3584,0,1,0,0.104114211613985,0,-0.145248621113261,0.145248621113261,1,1
additive_bias,5,-0.5,score_low_bias,0.966537108400913,0.962902374006189,0.965784115571579,0.00288174156539045,0.1576,0,0.0624,,,1,0,0.25,0.000941686326910678,0.249910366723024,0.00151173045537803,-0.479600149059316,0.0624,312,0.0624,0,312,0,1,0,0.00288174156539045,0,0.0461817558556162,0.0461817558556162,1,1
additive_bias,5,-0.25,score_low_bias,0.966537108400913,0.962902374006189,0.965784115571579,0.00288174156539045,0.1576,0,0.0624,,,1,0,0.0625,0.000941686326910678,0.0628954414886099,0.00151173045537803,-0.229600149059316,0.0624,312,0.0624,0,312,0,1,0,0.00288174156539045,0,0.0461817558556162,0.0461817558556162,1,1
additive_bias,5,-0.1,score_low_bias,0.966537108400913,0.963211490977368,0.965784115571579,0.00257262459421082,0.1576,0.0026,0.0624,1,0,1,0,0.01,0.000941686326910678,0.0106864863479614,0.00151173045537803,-0.0796001490593161,0.0598,299,0.0598,0,299,0,1,0,0.00257262459421082,0,0.0430204781640605,0.0430204781640605,1,1
additive_bias,5,0,no_bias,0.966537108400913,0.966537108400913,0.965784115571579,-0.000752992829334387,0.1576,0.1576,0.0624,1,0,1,0,0,0.000941686326910678,0.000880516254195772,0.00151173045537803,0.0203998509406839,0.0952,476,0,0.0952,0,476,0,1,0,-0.000752992829334406,0.00790958854342863,0.00790958854342863,1,1
additive_bias,5,0.1,score_high_bias,0.966537108400913,0.950378780986227,0.965784115571579,0.0154053345853518,0.1576,0.5954,0.0624,0.264696002687269,0.735303997312731,1,0,0.01,0.000941686326910678,0.0110745461604301,0.00151173045537803,0.120399850940684,0.533,2665,0.4378,0.0952,2189,476,0.821388367729831,0.178611632270169,0.0161583274146862,-0.000752992829334406,-0.0289030667642623,0.0317285558049168,1,1
additive_bias,5,0.25,score_high_bias,0.966537108400913,0.917592202162863,0.965784115571579,0.0481919134087165,0.1576,0.796,0.0624,0.197989949748744,0.802010050251256,1,0,0.0625,0.000941686326910678,0.0638655910197816,0.00151173045537803,0.270399850940684,0.7336,3668,0.6384,0.0952,3192,476,0.870229007633588,0.129770992366412,0.048944906238051,-0.000752992829334406,-0.0656923574273672,0.0677452277363486,1,1
additive_bias,5,0.5,score_high_bias,0.966537108400913,0.859264113229282,0.965784115571579,0.106520002342297,0.1576,0.957,0.0624,0.164681295715778,0.835318704284222,1,0,0.25,0.000941686326910678,0.251850665785367,0.00151173045537803,0.520399850940684,0.8946,4473,0.7994,0.0952,3997,476,0.89358372456964,0.10641627543036,0.107272995171632,-0.000752992829334406,-0.119069978026266,0.120753395932223,1,1
additive_bias,6,-0.5,score_low_bias,0.966202478628561,0.962504018471397,0.965187996966553,0.00268397849515589,0.1624,0,0.051,,,1,0,0.25,0.000746731033298838,0.251131155871117,0.00123926323120811,-0.477130646813809,0.051,255,0.051,0,255,0,1,0,0.00268397849515585,0,0.0526270293167815,0.0526270293167815,1,1
additive_bias,6,-0.25,score_low_bias,0.966202478628561,0.962504018471397,0.965187996966553,0.00268397849515589,0.1624,0,0.051,,,1,0,0.0625,0.000746731033298838,0.0633461671786535,0.00123926323120811,-0.227130646813809,0.051,255,0.051,0,255,0,1,0,0.00268397849515585,0,0.0526270293167815,0.0526270293167815,1,1
additive_bias,6,-0.1,score_low_bias,0.966202478628561,0.963031625054377,0.965187996966553,0.00215637191217566,0.1624,0.0044,0.051,1,0,1,0,0.01,0.000746731033298838,0.0106751739631752,0.00123926323120811,-0.0771306468138088,0.0466,233,0.0466,0,233,0,1,0,0.00215637191217558,0,0.0462740753685746,0.0462740753685746,1,1
additive_bias,6,0,no_bias,0.966202478628561,0.966202478628561,0.965187996966553,-0.0010144816620079,0.1624,0.1624,0.051,1,0,1,0,0,0.000746731033298838,0.000561178486189588,0.00123926323120811,0.0228693531861912,0.1114,557,0,0.1114,0,557,0,1,0,-0.00101448166200792,0.00910665764818598,0.00910665764818598,1,1
additive_bias,6,0.1,score_high_bias,0.966202478628561,0.950012982803998,0.965187996966553,0.0151750141625554,0.1624,0.5964,0.051,0.272300469483568,0.727699530516432,1,0,0.01,0.000746731033298838,0.010447183009204,0.00123926323120811,0.122869353186191,0.5454,2727,0.434,0.1114,2170,557,0.795746241290796,0.204253758709204,0.0161894958245633,-0.00101448166200792,-0.0278236416621845,0.0315437797700243,1,1
additive_bias,6,0.25,score_high_bias,0.966202478628561,0.919311510306562,0.965187996966553,0.0458764866599909,0.1624,0.7836,0.051,0.207248596222563,0.792751403777437,1,0,0.0625,0.000746731033298838,0.0627761897937257,0.00123926323120811,0.272869353186191,0.7326,3663,0.6212,0.1114,3106,557,0.847938847938848,0.152061152061152,0.0468909683219987,-0.00101448166200792,-0.0626214669123544,0.0653910046191737,1,1
additive_bias,6,0.5,score_high_bias,0.966202478628561,0.859020611712026,0.965187996966553,0.106167385254527,0.1624,0.9496,0.051,0.171019376579612,0.828980623420388,1,0,0.25,0.000746731033298838,0.249991201101262,0.00123926323120811,0.522869353186191,0.8986,4493,0.7872,0.1114,3936,557,0.876029379034053,0.123970620965947,0.107181866916535,-0.00101448166200792,-0.1181475464662,0.120405462473339,1,1
additive_bias,7,-0.5,score_low_bias,0.963903709974024,0.96023165927145,0.963837318119896,0.00360565884844599,0.1606,0,0.1906,,,0.842602308499475,0.157397691500525,0.25,0.000958484978093638,0.247333716408833,0.000886239536514583,-0.504209621838275,0.1906,953,0.1606,0.03,803,150,0.842602308499475,0.157397691500525,0.0036720507025736,-6.63918541275196e-05,0.0189174126361284,0.0196140742744025,1,1
additive_bias,7,-0.25,score_low_bias,0.963903709974024,0.96023165927145,0.963837318119896,0.00360565884844599,0.1606,0,0.1906,,,0.842602308499475,0.157397691500525,0.0625,0.000958484978093638,0.0613886785914759,0.000886239536514583,-0.254209621838275,0.1906,953,0.1606,0.03,803,150,0.842602308499475,0.157397691500525,0.0036720507025736,-6.63918541275196e-05,0.0189174126361284,0.0196140742744025,1,1
additive_bias,7,-0.1,score_low_bias,0.963903709974024,0.960657656113057,0.963837318119896,0.00317966200683928,0.1606,0.0034,0.1906,1,0,0.842602308499475,0.157397691500525,0.01,0.000958484978093638,0.00982165590106157,0.000886239536514583,-0.104209621838275,0.1872,936,0.1572,0.03,786,150,0.83974358974359,0.16025641025641,0.00324605386096686,-6.63918541275196e-05,0.0169853739681589,0.0176946886490084,1,1
additive_bias,7,0,no_bias,0.963903709974024,0.963903709974024,0.963837318119896,-6.6391854127601e-05,0.1606,0.1606,0.1906,1,0,0.842602308499475,0.157397691500525,0,0.000958484978093638,0.000443640774118676,0.000886239536514583,-0.00420962183827456,0.03,150,0,0.03,0,150,0,1,0,-6.63918541275196e-05,-0.00221306180425065,0.00221306180425065,1,1
additive_bias,7,0.1,score_high_bias,0.963903709974024,0.948068819738659,0.963837318119896,0.0157684983812364,0.1606,0.5914,0.1906,0.271559012512682,0.728440987487318,0.842602308499475,0.157397691500525,0.01,0.000958484978093638,0.0110656256471758,0.000886239536514583,0.0957903781617254,0.4008,2004,0.4008,0,2004,0,1,0,0.0157684983812365,0,-0.0393425608314283,0.0393425608314283,1,1
additive_bias,7,0.25,score_high_bias,0.963903709974024,0.915382586723504,0.963837318119896,0.048454731396392,0.1606,0.788,0.1906,0.203807106598985,0.796192893401015,0.842602308499475,0.157397691500525,0.0625,0.000958484978093638,0.0644986029567615,0.000886239536514583,0.245790378161725,0.5974,2987,0.5974,0,2987,0,1,0,0.0484547313963921,0,-0.0811093595520457,0.0811093595520457,1,1
additive_bias,7,0.5,score_high_bias,0.963903709974024,0.852483723368035,0.963837318119896,0.111353594751861,0.1606,0.9598,0.1906,0.167326526359658,0.832673473640342,0.842602308499475,0.157397691500525,0.25,0.000958484978093638,0.253553565139404,0.000886239536514583,0.495790378161725,0.7692,3846,0.7692,0,3846,0,1,0,0.111353594751861,0,-0.144765463795971,0.144765463795971,1,1
additive_bias,8,-0.5,score_low_bias,0.964632497323796,0.961113417242223,0.964083535067466,0.0029701178252437,0.1614,0,0.2546,,,0.633935585231736,0.366064414768264,0.25,0.000768418610205212,0.272467018658223,0.000112848540186942,-0.511924164379107,0.2546,1273,0.1614,0.0932,807,466,0.633935585231736,0.366064414768264,0.00351908008157405,-0.000548962256330265,0.0116658202091272,0.015978171005123,1,1
additive_bias,8,-0.25,score_low_bias,0.964632497323796,0.961113417242223,0.964083535067466,0.0029701178252437,0.1614,0,0.2546,,,0.633935585231736,0.366064414768264,0.0625,0.000768418610205212,0.0741475819147436,0.000112848540186942,-0.261924164379108,0.2546,1273,0.1614,0.0932,807,466,0.633935585231736,0.366064414768264,0.00351908008157405,-0.000548962256330265,0.0116658202091272,0.015978171005123,1,1
additive_bias,8,-0.1,score_low_bias,0.964632497323796,0.961634155925685,0.964083535067466,0.00244937914178101,0.1614,0.0044,0.2546,1,0,0.633935585231736,0.366064414768264,0.01,0.000768418610205212,0.0151559198686562,0.000112848540186942,-0.111924164379107,0.2502,1251,0.157,0.0932,785,466,0.627498001598721,0.372501998401279,0.00299834139811129,-0.000548962256330265,0.0097896848192687,0.0141778723199103,1,1
additive_bias,8,0,no_bias,0.964632497323796,0.964632497323796,0.964083535067466,-0.000548962256330277,0.1614,0.1614,0.2546,1,0,0.633935585231736,0.366064414768264,0,0.000768418610205212,0.000828145171264618,0.000112848540186942,-0.0119241643791075,0.0932,466,0,0.0932,0,466,0,1,0,-0.000548962256330265,-0.00589015296491701,0.00589015296491701,1,1
additive_bias,8,0.1,score_high_bias,0.964632497323796,0.948898866724595,0.964083535067466,0.0151846683428709,0.1614,0.5996,0.2546,0.269179452968646,0.730820547031354,0.633935585231736,0.366064414768264,0.01,0.000768418610205212,0.00650037047387303,0.000112848540186942,0.0880758356208925,0.345,1725,0.345,0,1725,0,1,0,0.015184668342871,0,-0.0440135314286115,0.0440135314286115,1,1
additive_bias,8,0.25,score_high_bias,0.964632497323796,0.916475164676756,0.964083535067466,0.0476083703907098,0.1614,0.7952,0.2546,0.202967806841046,0.797032193158954,0.633935585231736,0.366064414768264,0.0625,0.000768418610205212,0.0525087084277857,0.000112848540186942,0.238075835620893,0.5406,2703,0.5406,0,2703,0,1,0,0.0476083703907098,0,-0.0880657979850348,0.0880657979850348,1,1
additive_bias,8,0.5,score_high_bias,0.964632497323796,0.855952576025523,0.964083535067466,0.108130959041944,0.1614,0.9614,0.2546,0.167880174745163,0.832119825254837,0.633935585231736,0.366064414768264,0.25,0.000768418610205212,0.229189271684307,0.000112848540186942,0.488075835620893,0.7068,3534,0.7068,0,3534,0,1,0,0.108130959041944,0,-0.152986642673944,0.152986642673944,1,1
additive_bias,9,-0.5,score_low_bias,0.965932642117405,0.961967440296552,0.96491674700659,0.00294930671003812,0.1612,0,0.0552,,,1,0,0.25,0.00103845656441429,0.251823525660127,0.000613912094881535,-0.474618325326202,0.0552,276,0.0552,0,276,0,1,0,0.00294930671003818,0,0.0534294693847496,0.0534294693847496,1,1
additive_bias,9,-0.25,score_low_bias,0.965932642117405,0.961967440296552,0.96491674700659,0.00294930671003812,0.1612,0,0.0552,,,1,0,0.0625,0.00103845656441429,0.0635766971582327,0.000613912094881535,-0.224618325326202,0.0552,276,0.0552,0,276,0,1,0,0.00294930671003818,0,0.0534294693847496,0.0534294693847496,1,1
additive_bias,9,-0.1,score_low_bias,0.965932642117405,0.962475414870177,0.96491674700659,0.0024413321364134,0.1612,0.0044,0.0552,1,0,1,0,0.01,0.00103845656441429,0.0106286000570959,0.000613912094881535,-0.0746183253262018,0.0508,254,0.0508,0,254,0,1,0,0.00244133213641341,0,0.0480577192207363,0.0480577192207363,1,1
additive_bias,9,0,no_bias,0.965932642117405,0.965932642117405,0.96491674700659,-0.00101589511081479,0.1612,0.1612,0.0552,1,0,1,0,0,0.00103845656441429,0.000329868656338103,0.000613912094881535,0.0253816746737983,0.106,530,0,0.106,0,530,0,1,0,-0.00101589511081478,0.00958391613976212,0.00958391613976212,1,1
additive_bias,9,0.1,score_high_bias,0.965932642117405,0.949801461052296,0.96491674700659,0.0151152859542945,0.1612,0.6048,0.0552,0.266534391534392,0.733465608465609,1,0,0.01,0.00103845656441429,0.0100311372555803,0.000613912094881535,0.125381674673798,0.5496,2748,0.4436,0.106,2218,530,0.807132459970888,0.192867540029112,0.0161311810651093,-0.00101589511081478,-0.0275023398003902,0.0311991924598327,1,1
additive_bias,9,0.25,score_high_bias,0.965932642117405,0.918507931624973,0.96491674700659,0.0464088153816179,0.1612,0.7934,0.0552,0.203176203680363,0.796823796319637,1,0,0.0625,0.00103845656441429,0.0620830401544436,0.000613912094881535,0.275381674673798,0.7382,3691,0.6322,0.106,3161,530,0.856407477648334,0.143592522351666,0.0474247104924328,-0.00101589511081478,-0.062867536415088,0.0656198938001186,1,1
additive_bias,9,0.5,score_high_bias,0.965932642117405,0.861385564904191,0.96491674700659,0.103531182102399,0.1612,0.9506,0.0552,0.169577109194193,0.830422890805807,1,0,0.25,0.00103845656441429,0.248836211652549,0.000613912094881535,0.525381674673798,0.8954,4477,0.7894,0.106,3947,530,0.881617154344427,0.118382845655573,0.104547077213214,-0.00101589511081478,-0.115625622182711,0.117894764713009,1,1
additive_bias,10,-0.5,score_low_bias,0.966616298926365,0.962785720419674,0.966122213253051,0.00333649283337678,0.1682,0,0.2576,,,0.652950310559006,0.347049689440994,0.25,0.000949275661816183,0.250411876695659,0.000655530449284599,-0.511388750162162,0.2576,1288,0.1682,0.0894,841,447,0.652950310559006,0.347049689440994,0.003830578506691,-0.000494085673314254,0.0129522237320526,0.016788292624244,1,1
additive_bias,10,-0.25,score_low_bias,0.966616298926365,0.962785720419674,0.966122213253051,0.00333649283337678,0.1682,0,0.2576,,,0.652950310559006,0.347049689440994,0.0625,0.000949275661816183,0.0629346909765835,0.000655530449284599,-0.261388750162162,0.2576,1288,0.1682,0.0894,841,447,0.652950310559006,0.347049689440994,0.003830578506691,-0.000494085673314254,0.0129522237320526,0.016788292624244,1,1
additive_bias,10,-0.1,score_low_bias,0.966616298926365,0.963268219224756,0.966122213253051,0.00285399402829445,0.1682,0.004,0.2576,1,0,0.652950310559006,0.347049689440994,0.01,0.000949275661816183,0.010448379545138,0.000655530449284599,-0.111388750162162,0.2536,1268,0.1642,0.0894,821,447,0.647476340694006,0.352523659305994,0.0033480797016087,-0.000494085673314254,0.0112539196699308,0.015150494380611,1,1
additive_bias,10,0,no_bias,0.966616298926365,0.966616298926365,0.966122213253051,-0.000494085673314326,0.1682,0.1682,0.2576,1,0,0.652950310559006,0.347049689440994,0,0.000949275661816183,0.000457505257507752,0.000655530449284599,-0.0113887501621618,0.0894,447,0,0.0894,0,447,0,1,0,-0.000494085673314254,-0.00552668538382834,0.00552668538382834,1,1
additive_bias,10,0.1,score_high_bias,0.966616298926365,0.950391673685542,0.966122213253051,0.0157305395675084,0.1682,0.6106,0.2576,0.275466754012447,0.724533245987553,0.652950310559006,0.347049689440994,0.01,0.000949275661816183,0.0104666309698775,0.000655530449284599,0.0886112498378382,0.353,1765,0.353,0,1765,0,1,0,0.0157305395675084,0,-0.0445624350354345,0.0445624350354345,1,1
additive_bias,10,0.25,score_high_bias,0.966616298926365,0.918885336976728,0.966122213253051,0.0472368762763228,0.1682,0.8022,0.2576,0.209673398155074,0.790326601844926,0.652950310559006,0.347049689440994,0.0625,0.000949275661816183,0.062980319538432,0.000655530449284599,0.238611249837838,0.5446,2723,0.5446,0,2723,0,1,0,0.0472368762763228,0,-0.0867368275363988,0.0867368275363988,1,1
additive_bias,10,0.5,score_high_bias,0.966616298926365,0.86438031659794,0.966122213253051,0.101741896655111,0.1682,0.9538,0.2576,0.176347242608513,0.823652757391487,0.652950310559006,0.347049689440994,0.25,0.000949275661816183,0.250503133819356,0.000655530449284599,0.488611249837838,0.6962,3481,0.6962,0,3481,0,1,0,0.101741896655111,0,-0.146138892064221,0.146138892064221,1,1
additive_bias,11,-0.5,score_low_bias,0.965366634145338,0.961754805482894,0.963873676351064,0.00211887086816975,0.156,0,0.0344,,,1,0,0.25,0.00137888999867576,0.249632126489908,0.000398930523281018,-0.46600206933514,0.0344,172,0.0344,0,172,0,1,0,0.00211887086816978,0,0.0615950833770284,0.0615950833770284,1,1
additive_bias,11,-0.25,score_low_bias,0.965366634145338,0.961754805482894,0.963873676351064,0.00211887086816975,0.156,0,0.0344,,,1,0,0.0625,0.00137888999867576,0.0625206074697199,0.000398930523281018,-0.21600206933514,0.0344,172,0.0344,0,172,0,1,0,0.00211887086816978,0,0.0615950833770284,0.0615950833770284,1,1
additive_bias,11,-0.1,score_low_bias,0.965366634145338,0.962096065663397,0.963873676351064,0.00177761068766658,0.156,0.003,0.0344,1,0,1,0,0.01,0.00137888999867576,0.0102536960576071,0.000398930523281018,-0.0660020693351396,0.0314,157,0.0314,0,157,0,1,0,0.00177761068766659,0,0.0566118053397003,0.0566118053397003,1,1
additive_bias,11,0,no_bias,0.965366634145338,0.965366634145338,0.963873676351064,-0.00149295779427405,0.156,0.156,0.0344,1,0,1,0,0,0.00137888999867576,0.000409088449531888,0.000398930523281018,0.0339979306648605,0.1216,608,0,0.1216,0,608,0,1,0,-0.00149295779427408,0.012277613439754,0.012277613439754,1,1
additive_bias,11,0.1,score_high_bias,0.965366634145338,0.948805138883326,0.963873676351064,0.0150685374677375,0.156,0.593,0.0344,0.263069139966273,0.736930860033727,1,0,0.01,0.00137888999867576,0.0105644808414567,0.000398930523281018,0.13399793066486,0.5586,2793,0.437,0.1216,2185,608,0.782312925170068,0.217687074829932,0.0165614952620116,-0.00149295779427408,-0.0269755414746465,0.0323208969858319,1,1
additive_bias,11,0.25,score_high_bias,0.965366634145338,0.91827650669849,0.963873676351064,0.0455971696525736,0.156,0.78,0.0344,0.2,0.8,1,0,0.0625,0.00137888999867576,0.0632975694293439,0.000398930523281018,0.283997930664861,0.7456,3728,0.624,0.1216,3120,608,0.836909871244635,0.163090128755365,0.0470901274468476,-0.00149295779427408,-0.0611550022164344,0.0651597173298306,1,1
additive_bias,11,0.5,score_high_bias,0.965366634145338,0.853872895055222,0.963873676351064,0.110000781295842,0.156,0.9564,0.0344,0.163111668757842,0.836888331242158,1,0,0.25,0.00137888999867576,0.251186050409156,0.000398930523281018,0.533997930664861,0.922,4610,0.8004,0.1216,4002,608,0.868112798264642,0.131887201735358,0.111493739090116,-0.00149295779427408,-0.119306704225425,0.122545224386541,1,1
additive_bias,12,-0.5,score_low_bias,0.965259074520198,0.961689537186282,0.964918008956297,0.00322847177001495,0.1578,0,0.0894,,,1,0,0.25,0.00177630298486051,0.247778216662046,0.000938257326787018,-0.488539434043758,0.0894,447,0.0894,0,447,0,1,0,0.003228471770015,0,0.0361126596198546,0.0361126596198546,1,1
additive_bias,12,-0.25,score_low_bias,0.965259074520198,0.961689537186282,0.964918008956297,0.00322847177001495,0.1578,0,0.0894,,,1,0,0.0625,0.00177630298486051,0.061595363495937,0.000938257326787018,-0.238539434043758,0.0894,447,0.0894,0,447,0,1,0,0.003228471770015,0,0.0361126596198546,0.0361126596198546,1,1
additive_bias,12,-0.1,score_low_bias,0.965259074520198,0.962092265924201,0.964918008956297,0.0028257430320956,0.1578,0.0034,0.0894,1,0,1,0,0.01,0.00177630298486051,0.00988565159627186,0.000938257326787018,-0.088539434043758,0.086,430,0.086,0,430,0,1,0,0.00282574303209562,0,0.0328574771173909,0.0328574771173909,1,1
additive_bias,12,0,no_bias,0.965259074520198,0.965259074520198,0.964918008956297,-0.000341065563901122,0.1578,0.1578,0.0894,1,0,1,0,0,0.00177630298486051,0.000412510329828435,0.000938257326787018,0.011460565956242,0.0684,342,0,0.0684,0,342,0,1,0,-0.00034106556390117,0.00498633865352588,0.00498633865352588,1,1
additive_bias,12,0.1,score_high_bias,0.965259074520198,0.949852094932608,0.964918008956297,0.0150659140236885,0.1578,0.5896,0.0894,0.26763907734057,0.73236092265943,1,0,0.01,0.00177630298486051,0.010939369063385,0.000938257326787018,0.111460565956242,0.5002,2501,0.4318,0.0684,2159,342,0.863254698120752,0.136745301879248,0.0154069795875897,-0.00034106556390117,-0.030119780135323,0.0314834969042201,1,1
additive_bias,12,0.25,score_high_bias,0.965259074520198,0.917780131044969,0.964918008956297,0.047137877911328,0.1578,0.7856,0.0894,0.200865580448065,0.799134419551935,1,0,0.0625,0.00177630298486051,0.0642296571637199,0.000938257326787018,0.261460565956242,0.6962,3481,0.6278,0.0684,3139,342,0.901752370008618,0.0982476299913818,0.0474789434752291,-0.00034106556390117,-0.0677073799358345,0.0686871718459211,1,1
additive_bias,12,0.5,score_high_bias,0.965259074520198,0.856627029608811,0.964918008956297,0.108290979347486,0.1578,0.955,0.0894,0.165235602094241,0.834764397905759,1,0,0.25,0.00177630298486051,0.253046803997611,0.000938257326787018,0.511460565956242,0.8656,4328,0.7972,0.0684,3986,342,0.92097966728281,0.0790203327171904,0.108632044911387,-0.00034106556390117,-0.12510510553083,0.125893149809714,1,1
additive_bias,13,-0.5,score_low_bias,0.965906186422327,0.962638326918348,0.965323540832169,0.00268521391382082,0.1484,0,0.246,,,0.603252032520325,0.396747967479675,0.25,0.00102552885162227,0.264183111876397,0.00100258300489798,-0.511704149913518,0.246,1230,0.1484,0.0976,742,488,0.603252032520325,0.396747967479675,0.00326785950397873,-0.000582645590157926,0.0109155037147187,0.0156524597322628,1,1
additive_bias,13,-0.25,score_low_bias,0.965906186422327,0.962638326918348,0.965323540832169,0.00268521391382082,0.1484,0,0.246,,,0.603252032520325,0.396747967479675,0.0625,0.00102552885162227,0.0702779060229625,0.00100258300489798,-0.261704149913518,0.246,1230,0.1484,0.0976,742,488,0.603252032520325,0.396747967479675,0.00326785950397873,-0.000582645590157926,0.0109155037147187,0.0156524597322628,1,1
additive_bias,13,-0.1,score_low_bias,0.965906186422327,0.962965885077445,0.965323540832169,0.0023576557547238,0.1484,0.0028,0.246,1,0,0.603252032520325,0.396747967479675,0.01,0.00102552885162227,0.013934782510902,0.00100258300489798,-0.111704149913518,0.2432,1216,0.1456,0.0976,728,488,0.598684210526316,0.401315789473684,0.00294030134488165,-0.000582645590157926,0.00969430820198899,0.0144858015421035,1,1
additive_bias,13,0,no_bias,0.965906186422327,0.965906186422327,0.965323540832169,-0.00058264559015786,0.1484,0.1484,0.246,1,0,0.603252032520325,0.396747967479675,0,0.00102552885162227,0.00137270016952833,0.00100258300489798,-0.0117041499135179,0.0976,488,0,0.0976,0,488,0,1,0,-0.000582645590157926,-0.0059697294073558,0.0059697294073558,1,1
additive_bias,13,0.1,score_high_bias,0.965906186422327,0.95017097099004,0.965323540832169,0.0151525698421285,0.1484,0.5936,0.246,0.25,0.75,0.603252032520325,0.396747967479675,0.01,0.00102552885162227,0.00881061782815468,0.00100258300489798,0.0882958500864821,0.3476,1738,0.3476,0,1738,0,1,0,0.0151525698421285,0,-0.0435919730786204,0.0435919730786204,1,1
additive_bias,13,0.25,score_high_bias,0.965906186422327,0.918841343246754,0.965323540832169,0.0464821975854146,0.1484,0.7826,0.246,0.189624329159213,0.810375670840787,0.603252032520325,0.396747967479675,0.0625,0.00102552885162227,0.0574674943160942,0.00100258300489798,0.238295850086482,0.5366,2683,0.5366,0,2683,0,1,0,0.0464821975854146,0,-0.0866235512214211,0.0866235512214211,1,1
additive_bias,13,0.5,score_high_bias,0.965906186422327,0.857307566583678,0.965323540832169,0.108015974248491,0.1484,0.9528,0.246,0.155751469353484,0.844248530646516,0.603252032520325,0.396747967479675,0.25,0.00102552885162227,0.23856228846266,0.00100258300489798,0.488295850086482,0.7068,3534,0.7068,0,3534,0,1,0,0.108015974248491,0,-0.152823959038612,0.152823959038612,1,1
additive_bias,14,-0.5,score_low_bias,0.966254707479642,0.962350252254637,0.964537733277091,0.00218748102245425,0.1596,0,0.0328,,,1,0,0.25,0.0011961928346285,0.259495003683655,0.0010940141984127,-0.460587457695406,0.0328,164,0.0328,0,164,0,1,0,0.00218748102245428,0,0.0666914945870207,0.0666914945870207,1,1
additive_bias,14,-0.25,score_low_bias,0.966254707479642,0.962350252254637,0.964537733277091,0.00218748102245425,0.1596,0,0.0328,,,1,0,0.0625,0.0011961928346285,0.0674017656251355,0.0010940141984127,-0.210587457695406,0.0328,164,0.0328,0,164,0,1,0,0.00218748102245428,0,0.0666914945870207,0.0666914945870207,1,1
additive_bias,14,-0.1,score_low_bias,0.966254707479642,0.962722162511916,0.964537733277091,0.00181557076517502,0.1596,0.0032,0.0328,1,0,1,0,0.01,0.0011961928346285,0.0121458227900239,0.0010940141984127,-0.0605874576954061,0.0296,148,0.0296,0,148,0,1,0,0.00181557076517505,0,0.0613368501748329,0.0613368501748329,1,1
additive_bias,14,0,no_bias,0.966254707479642,0.966254707479642,0.964537733277091,-0.00171697420255046,0.1596,0.1596,0.0328,1,0,1,0,0,0.0011961928346285,0.000308527566616111,0.0010940141984127,0.0394125423045939,0.1268,634,0,0.1268,0,634,0,1,0,-0.00171697420255041,0.0135408060138045,0.0135408060138045,1,1
additive_bias,14,0.1,score_high_bias,0.966254707479642,0.950148668320879,0.964537733277091,0.0143890649562124,0.1596,0.6048,0.0328,0.263888888888889,0.736111111111111,1,0,0.01,0.0011961928346285,0.00847123234320835,0.0010940141984127,0.139412542304594,0.572,2860,0.4452,0.1268,2226,634,0.778321678321678,0.221678321678322,0.0161060391587628,-0.00171697420255041,-0.0251557079654062,0.03115911426803,1,1
additive_bias,14,0.25,score_high_bias,0.966254707479642,0.919215527041521,0.964537733277091,0.0453222062355698,0.1596,0.7918,0.0328,0.201566052033342,0.798433947966658,1,0,0.0625,0.0011961928346285,0.0582152895080967,0.0010940141984127,0.289412542304594,0.759,3795,0.6322,0.1268,3161,634,0.832938076416337,0.167061923583663,0.0470391804381203,-0.00171697420255041,-0.0597130516937679,0.0642373578928467,1,1
additive_bias,14,0.5,score_high_bias,0.966254707479642,0.859850781487705,0.964537733277091,0.104686951789386,0.1596,0.9568,0.0328,0.16680602006689,0.833193979933111,1,0,0.25,0.0011961928346285,0.241122051449577,0.0010940141984127,0.539412542304594,0.924,4620,0.7972,0.1268,3986,634,0.862770562770563,0.137229437229437,0.106403925991936,-0.00171697420255041,-0.11329756687163,0.117013961249444,1,1
additive_bias,15,-0.5,score_low_bias,0.964966965921475,0.961470559792967,0.962491178241864,0.00102061844889667,0.1564,0,0.352,,,0.444318181818182,0.555681818181818,0.25,0.00113070429518397,0.251997430309652,0.00134963382230516,-0.525254739441798,0.352,1760,0.1564,0.1956,782,978,0.444318181818182,0.555681818181818,0.00349640612850815,-0.00247578767961148,0.0028994842298201,0.016966459682158,1,1
additive_bias,15,-0.25,score_low_bias,0.964966965921475,0.961470559792967,0.962491178241864,0.00102061844889667,0.1564,0,0.352,,,0.444318181818182,0.555681818181818,0.0625,0.00113070429518397,0.0638421050021559,0.00134963382230516,-0.275254739441798,0.352,1760,0.1564,0.1956,782,978,0.444318181818182,0.555681818181818,0.00349640612850815,-0.00247578767961148,0.0028994842298201,0.016966459682158,1,1
additive_bias,15,-0.1,score_low_bias,0.964966965921475,0.961741820009592,0.962491178241864,0.00074935823227118,0.1564,0.0022,0.352,1,0,0.444318181818182,0.555681818181818,0.01,0.00113070429518397,0.0109489098176582,0.00134963382230516,-0.125254739441798,0.3498,1749,0.1542,0.1956,771,978,0.440823327615781,0.55917667238422,0.00322514591188263,-0.00247578767961148,0.00214224766229604,0.0162976946583594,1,1
additive_bias,15,0,no_bias,0.964966965921475,0.964966965921475,0.962491178241864,-0.00247578767961143,0.1564,0.1564,0.352,1,0,0.444318181818182,0.555681818181818,0,0.00113070429518397,0.000686779694659646,0.00134963382230516,-0.0252547394417985,0.1956,978,0,0.1956,0,978,0,1,0,-0.00247578767961148,-0.0126574012250076,0.0126574012250076,1,1
additive_bias,15,0.1,score_high_bias,0.964966965921475,0.949087379376797,0.962491178241864,0.0134037988650667,0.1564,0.5932,0.352,0.263654753877276,0.736345246122724,0.444318181818182,0.555681818181818,0.01,0.00113070429518397,0.0104246495716611,0.00134963382230516,0.0747452605582016,0.2412,1206,0.2412,0,1206,0,1,0,0.0134037988650666,0,-0.055571305410724,0.055571305410724,1,1
additive_bias,15,0.25,score_high_bias,0.964966965921475,0.916797283032521,0.962491178241864,0.0456938952093426,0.1564,0.7886,0.352,0.198326147603348,0.801673852396652,0.444318181818182,0.555681818181818,0.0625,0.00113070429518397,0.0625314543871634,0.00134963382230516,0.224745260558202,0.4366,2183,0.4366,0,2183,0,1,0,0.0456938952093426,0,-0.104658486507885,0.104658486507885,1,1
additive_bias,15,0.5,score_high_bias,0.964966965921475,0.856551653467945,0.962491178241864,0.105939524773919,0.1564,0.9574,0.352,0.163359097555881,0.83664090244412,0.444318181818182,0.555681818181818,0.25,0.00113070429518397,0.249376129079667,0.00134963382230516,0.474745260558202,0.6054,3027,0.6054,0,3027,0,1,0,0.105939524773919,0,-0.174990956019027,0.174990956019027,1,1
additive_bias,16,-0.5,score_low_bias,0.964774111927394,0.961387683975079,0.964304598002209,0.00291691402712968,0.1562,0,0.2386,,,0.654652137468567,0.345347862531433,0.25,0.000985809645504138,0.252539392875724,0.00105311240917291,-0.511473086270297,0.2386,1193,0.1562,0.0824,781,412,0.654652137468567,0.345347862531433,0.00338642795231487,-0.000469513925185263,0.0122251216560336,0.0161606952116519,1,1
additive_bias,16,-0.25,score_low_bias,0.964774111927394,0.961387683975079,0.964304598002209,0.00291691402712968,0.1562,0,0.2386,,,0.654652137468567,0.345347862531433,0.0625,0.000985809645504138,0.0640800523593325,0.00105311240917291,-0.261473086270297,0.2386,1193,0.1562,0.0824,781,412,0.654652137468567,0.345347862531433,0.00338642795231487,-0.000469513925185263,0.0122251216560336,0.0161606952116519,1,1
additive_bias,16,-0.1,score_low_bias,0.964774111927394,0.961752415874877,0.964304598002209,0.00255218212733221,0.1562,0.0032,0.2386,1,0,0.654652137468567,0.345347862531433,0.01,0.000985809645504138,0.0110044480494979,0.00105311240917291,-0.111473086270297,0.2354,1177,0.153,0.0824,765,412,0.649957519116398,0.350042480883602,0.00302169605251739,-0.000469513925185263,0.0108418951883268,0.014830968469425,1,1
additive_bias,16,0,no_bias,0.964774111927394,0.964774111927394,0.964304598002209,-0.000469513925185239,0.1562,0.1562,0.2386,1,0,0.654652137468567,0.345347862531433,0,0.000985809645504138,0.000620711842941392,0.00105311240917291,-0.0114730862702968,0.0824,412,0,0.0824,0,412,0,1,0,-0.000469513925185263,-0.00569798452894737,0.00569798452894737,1,1
additive_bias,16,0.1,score_high_bias,0.964774111927394,0.948236609646505,0.964304598002209,0.0160679883557043,0.1562,0.5962,0.2386,0.261992619926199,0.738007380073801,0.654652137468567,0.345347862531433,0.01,0.000985809645504138,0.0102369756363849,0.00105311240917291,0.0885269137297033,0.3576,1788,0.3576,0,1788,0,1,0,0.0160679883557043,0,-0.0449328533436921,0.0449328533436921,1,1
additive_bias,16,0.25,score_high_bias,0.964774111927394,0.916631635573336,0.964304598002209,0.0476729624288732,0.1562,0.7882,0.2386,0.19817305252474,0.80182694747526,0.654652137468567,0.345347862531433,0.0625,0.000985809645504138,0.0621613713265502,0.00105311240917291,0.238526913729703,0.5496,2748,0.5496,0,2748,0,1,0,0.0476729624288732,0,-0.0867411980146892,0.0867411980146892,1,1
additive_bias,16,0.5,score_high_bias,0.964774111927394,0.856932417363339,0.964304598002209,0.107372180638871,0.1562,0.9544,0.2386,0.163663034367142,0.836336965632858,0.654652137468567,0.345347862531433,0.25,0.000985809645504138,0.248702030810159,0.00105311240917291,0.488526913729703,0.7158,3579,0.7158,0,3579,0,1,0,0.107372180638871,0,-0.150003046435974,0.150003046435974,1,1
additive_bias,17,-0.5,score_low_bias,0.965537109652753,0.961905969391153,0.965526898089279,0.0036209286981258,0.1638,0,0.149,,,1,0,0.25,0.00383232686202137,0.256540745463161,0.00200901728417401,-0.49839556105362,0.149,745,0.149,0,745,0,1,0,0.00362092869812584,0,0.0243015348867506,0.0243015348867506,1,1
additive_bias,17,-0.25,score_low_bias,0.965537109652753,0.961905969391153,0.965526898089279,0.0036209286981258,0.1638,0,0.149,,,1,0,0.0625,0.00383232686202137,0.0662310034856035,0.00200901728417401,-0.24839556105362,0.149,745,0.149,0,745,0,1,0,0.00362092869812584,0,0.0243015348867506,0.0243015348867506,1,1
additive_bias,17,-0.1,score_low_bias,0.965537109652753,0.962196967778827,0.965526898089279,0.00332993031045203,0.1638,0.0024,0.149,1,0,1,0,0.01,0.00383232686202137,0.012045158299069,0.00200901728417401,-0.0983955610536202,0.1466,733,0.1466,0,733,0,1,0,0.00332993031045207,0,0.0227143950235476,0.0227143950235476,1,1
additive_bias,17,0,no_bias,0.965537109652753,0.965537109652753,0.965526898089279,-1.02115634738054e-05,0.1638,0.1638,0.149,1,0,1,0,0,0.00383232686202137,0.000921261508045928,0.00200901728417401,0.00160443894637985,0.0148,74,0,0.0148,0,74,0,1,0,-1.02115634737598e-05,0.00068997050498377,0.00068997050498377,1,1
additive_bias,17,0.1,score_high_bias,0.965537109652753,0.950059366089685,0.965526898089279,0.0154675319995941,0.1638,0.5928,0.149,0.276315789473684,0.723684210526316,1,0,0.01,0.00383232686202137,0.00979736471702289,0.00200901728417401,0.10160443894638,0.4438,2219,0.429,0.0148,2145,74,0.966651644885083,0.0333483551149166,0.0154777435630678,-1.02115634737598e-05,-0.034852483099581,0.0348985018624191,1,1
additive_bias,17,0.25,score_high_bias,0.965537109652753,0.919095967556994,0.965526898089279,0.046430930532285,0.1638,0.7824,0.149,0.209355828220859,0.790644171779141,1,0,0.0625,0.00383232686202137,0.0606115195304883,0.00200901728417401,0.25160443894638,0.6334,3167,0.6186,0.0148,3093,74,0.976634038522261,0.0233659614777392,0.0464411420957588,-1.02115634737598e-05,-0.0733042793373619,0.0733365229858423,1,1
additive_bias,17,0.5,score_high_bias,0.965537109652753,0.858907561658369,0.965526898089279,0.10661933643091,0.1638,0.9472,0.149,0.172930743243243,0.827069256756757,1,0,0.25,0.00383232686202137,0.245301777552931,0.00200901728417401,0.50160443894638,0.7982,3991,0.7834,0.0148,3917,74,0.981458281132548,0.0185417188674518,0.106629547994384,-1.02115634737598e-05,-0.133574713644338,0.133600300122598,1,1
additive_bias,18,-0.5,score_low_bias,0.964840483934138,0.961319898103155,0.964840161395195,0.00352026329204025,0.1648,0,0.1626,,,1,0,0.25,0.00218026945984774,0.244276091587704,0.0011663874276864,-0.499716619760776,0.1626,813,0.1626,0,813,0,1,0,0.00352026329204029,0,0.0216498357444052,0.0216498357444052,1,1
additive_bias,18,-0.25,score_low_bias,0.964840483934138,0.961319898103155,0.964840161395195,0.00352026329204025,0.1648,0,0.1626,,,1,0,0.0625,0.00218026945984774,0.0599077749532126,0.0011663874276864,-0.249716619760776,0.1626,813,0.1626,0,813,0,1,0,0.00352026329204029,0,0.0216498357444052,0.0216498357444052,1,1
additive_bias,18,-0.1,score_low_bias,0.964840483934138,0.961689580414283,0.964840161395195,0.00315058098091237,0.1648,0.0032,0.1626,1,0,1,0,0.01,0.00218026945984774,0.00928678497251786,0.0011663874276864,-0.0997166197607759,0.1594,797,0.1594,0,797,0,1,0,0.00315058098091244,0,0.0197652508212826,0.0197652508212826,1,1
additive_bias,18,0,no_bias,0.964840483934138,0.964840483934138,0.964840161395195,-3.22538942887363e-07,0.1648,0.1648,0.1626,1,0,1,0,0,0.00218026945984774,0.000539458318721387,0.0011663874276864,0.00028338023922414,0.0022,11,0,0.0022,0,11,0,1,0,-3.22538942881034e-07,0.00014660861040047,0.00014660861040047,1,1
additive_bias,18,0.1,score_high_bias,0.964840483934138,0.948978189832248,0.964840161395195,0.0158619715629473,0.1648,0.59,0.1626,0.279322033898305,0.720677966101695,1,0,0.01,0.00218026945984774,0.0117921316649249,0.0011663874276864,0.100283380239224,0.4274,2137,0.4252,0.0022,2126,11,0.994852597098737,0.00514740290126345,0.0158622941018902,-3.22538942881034e-07,-0.0371127083831243,0.0371142176902974,1,1
additive_bias,18,0.25,score_high_bias,0.964840483934138,0.917750460710454,0.964840161395195,0.0470897006847413,0.1648,0.778,0.1626,0.211825192802057,0.788174807197943,1,0,0.0625,0.00218026945984774,0.0661711416842302,0.0011663874276864,0.250283380239224,0.6154,3077,0.6132,0.0022,3066,11,0.996425089372766,0.00357491062723432,0.0470900232236842,-3.22538942881034e-07,-0.0765188506414387,0.0765198988667974,1,1
additive_bias,18,0.5,score_high_bias,0.964840483934138,0.856317505679921,0.964840161395195,0.108522655715274,0.1648,0.9486,0.1626,0.173729706936538,0.826270293063462,1,0,0.25,0.00218026945984774,0.256802825049739,0.0011663874276864,0.500283380239224,0.786,3930,0.7838,0.0022,3919,11,0.997201017811705,0.00279898218829517,0.108522978254217,-3.22538942881034e-07,-0.138069536533428,0.138070357243206,1,1
additive_bias,19,-0.5,score_low_bias,0.963675302257395,0.959670468717037,0.962609722524655,0.00293925380761817,0.1666,0,0.055,,,1,0,0.25,0.00103273458992348,0.249461999247231,0.000298840333499872,-0.474599532650255,0.055,275,0.055,0,275,0,1,0,0.00293925380761812,0,0.0534409783203294,0.0534409783203294,1,1
additive_bias,19,-0.25,score_low_bias,0.963675302257395,0.959670468717037,0.962609722524655,0.00293925380761817,0.1666,0,0.055,,,1,0,0.0625,0.00103273458992348,0.0624539044171224,0.000298840333499872,-0.224599532650255,0.055,275,0.055,0,275,0,1,0,0.00293925380761812,0,0.0534409783203294,0.0534409783203294,1,1
additive_bias,19,-0.1,score_low_bias,0.963675302257395,0.960120451266395,0.962609722524655,0.00248927125826004,0.1666,0.0038,0.055,1,0,1,0,0.01,0.00103273458992348,0.0102490475190571,0.000298840333499872,-0.0745995326502552,0.0512,256,0.0512,0,256,0,1,0,0.00248927125825999,0,0.0486185792628905,0.0486185792628905,1,1
additive_bias,19,0,no_bias,0.963675302257395,0.963675302257395,0.962609722524655,-0.00106557973274002,0.1666,0.1666,0.055,1,0,1,0,0,0.00103273458992348,0.000445809587013481,0.000298840333499872,0.0254004673497448,0.1116,558,0,0.1116,0,558,0,1,0,-0.00106557973273997,0.00954820549050149,0.00954820549050149,1,1
additive_bias,19,0.1,score_high_bias,0.963675302257395,0.948719098651459,0.962609722524655,0.0138906238731963,0.1666,0.5856,0.055,0.284494535519126,0.715505464480874,1,0,0.01,0.00103273458992348,0.0106425716549699,0.000298840333499872,0.125400467349745,0.5306,2653,0.419,0.1116,2095,558,0.789672069355447,0.210327930644553,0.0149562036059362,-0.00106557973273997,-0.0261790875861218,0.0301955961904941,1,1
additive_bias,19,0.25,score_high_bias,0.963675302257395,0.915714714761652,0.962609722524655,0.0468950077630033,0.1666,0.785,0.055,0.212229299363057,0.787770700636943,1,0,0.0625,0.00103273458992348,0.0634377147569045,0.000298840333499872,0.275400467349745,0.73,3650,0.6184,0.1116,3092,558,0.847123287671233,0.152876712328767,0.0479605874957432,-0.00106557973273997,-0.0642397366616482,0.0671591331897029,1,1
additive_bias,19,0.5,score_high_bias,0.963675302257395,0.854315848255154,0.962609722524655,0.108293874269502,0.1666,0.9542,0.055,0.174596520645567,0.825403479354433,1,0,0.25,0.00103273458992348,0.251429619926796,0.000298840333499872,0.525400467349745,0.8992,4496,0.7876,0.1116,3938,558,0.875889679715302,0.124110320284698,0.109359454002242,-0.00106557973273997,-0.120433579036368,0.122803640719508,1,1
additive_bias,20,-0.5,score_low_bias,0.965308177846803,0.961714768207898,0.964583607811186,0.00286883960328777,0.154,0,0.0648,,,1,0,0.25,0.00084563490151923,0.246756161946757,0.000652689643847692,-0.481047537597516,0.0648,324,0.0648,0,324,0,1,0,0.00286883960328775,0,0.0442722161001196,0.0442722161001196,1,1
additive_bias,20,-0.25,score_low_bias,0.965308177846803,0.961714768207898,0.964583607811186,0.00286883960328777,0.154,0,0.0648,,,1,0,0.0625,0.00084563490151923,0.0611312055911564,0.000652689643847692,-0.231047537597516,0.0648,324,0.0648,0,324,0,1,0,0.00286883960328775,0,0.0442722161001196,0.0442722161001196,1,1
additive_bias,20,-0.1,score_low_bias,0.965308177846803,0.962024663932436,0.964583607811186,0.00255894387874978,0.154,0.0026,0.0648,1,0,1,0,0.01,0.00084563490151923,0.00975623177779612,0.000652689643847692,-0.0810475375975162,0.0622,311,0.0622,0,311,0,1,0,0.00255894387874983,0,0.0411405768287754,0.0411405768287754,1,1
additive_bias,20,0,no_bias,0.965308177846803,0.965308177846803,0.964583607811186,-0.0007245700356171,0.154,0.154,0.0648,1,0,1,0,0,0.00084563490151923,0.000506249235555908,0.000652689643847692,0.0189524624024838,0.0892,446,0,0.0892,0,446,0,1,0,-0.000724570035617109,0.00812298246207522,0.00812298246207522,1,1
additive_bias,20,0.1,score_high_bias,0.965308177846803,0.949943533431572,0.964583607811186,0.014640074379614,0.154,0.5842,0.0648,0.263608353303663,0.736391646696337,1,0,0.01,0.00084563490151923,0.0112562666933157,0.000652689643847692,0.118952462402484,0.5194,2597,0.4302,0.0892,2151,446,0.828263380824028,0.171736619175972,0.0153646444152311,-0.000724570035617109,-0.028186512090131,0.030976539181456,1,1
additive_bias,20,0.25,score_high_bias,0.965308177846803,0.919189052206918,0.964583607811186,0.0453945556042681,0.154,0.7716,0.0648,0.199585277345775,0.800414722654225,1,0,0.0625,0.00084563490151923,0.0648812928799554,0.000652689643847692,0.268952462402484,0.7068,3534,0.6176,0.0892,3088,446,0.873797396717601,0.1262026032824,0.0461191256398853,-0.000724570035617109,-0.0642254606738372,0.0662757437400996,1,1
additive_bias,20,0.5,score_high_bias,0.965308177846803,0.854712741289171,0.964583607811186,0.109870866522015,0.154,0.949,0.0648,0.162276080084299,0.837723919915701,1,0,0.25,0.00084563490151923,0.254256336524355,0.000652689643847692,0.518952462402484,0.8842,4421,0.795,0.0892,3975,446,0.899117846641031,0.100882153358969,0.110595436557632,-0.000724570035617109,-0.124260197378438,0.125899125303381,1,1
additive_bias,21,-0.5,score_low_bias,0.964825222028342,0.961143730206618,0.964702250382649,0.00355852017603131,0.1666,0,0.209,,,0.797129186602871,0.202870813397129,0.25,0.00112633310591395,0.254281291249662,0.000711016167042627,-0.50584810435319,0.209,1045,0.1666,0.0424,833,212,0.797129186602871,0.202870813397129,0.00368149182172455,-0.000122971645693157,0.017026412325509,0.0182031744852522,1,1
additive_bias,21,-0.25,score_low_bias,0.964825222028342,0.961143730206618,0.964702250382649,0.00355852017603131,0.1666,0,0.209,,,0.797129186602871,0.202870813397129,0.0625,0.00112633310591395,0.0649194260366655,0.000711016167042627,-0.25584810435319,0.209,1045,0.1666,0.0424,833,212,0.797129186602871,0.202870813397129,0.00368149182172455,-0.000122971645693157,0.017026412325509,0.0182031744852522,1,1
additive_bias,21,-0.1,score_low_bias,0.964825222028342,0.961527936744987,0.964702250382649,0.00317431363766185,0.1666,0.0032,0.209,1,0,0.797129186602871,0.202870813397129,0.01,0.00112633310591395,0.0113023069088672,0.000711016167042627,-0.10584810435319,0.2058,1029,0.1634,0.0424,817,212,0.793974732750243,0.206025267249757,0.00329728528335505,-0.000122971645693157,0.0154242645173075,0.0166193242422167,1,1
additive_bias,21,0,no_bias,0.964825222028342,0.964825222028342,0.964702250382649,-0.000122971645693193,0.1666,0.1666,0.209,1,0,0.797129186602871,0.202870813397129,0,0.00112633310591395,0.000557560823668408,0.000711016167042627,-0.00584810435318961,0.0424,212,0,0.0424,0,212,0,1,0,-0.000122971645693157,-0.00290027466257445,0.00290027466257445,1,1
additive_bias,21,0.1,score_high_bias,0.964825222028342,0.949181994364089,0.964702250382649,0.01552025601856,0.1666,0.5958,0.209,0.279624034911044,0.720375965088956,0.797129186602871,0.202870813397129,0.01,0.00112633310591395,0.00981281473846959,0.000711016167042627,0.0941518956468104,0.3868,1934,0.3868,0,1934,0,1,0,0.0155202560185601,0,-0.0401247570283352,0.0401247570283352,1,1
additive_bias,21,0.25,score_high_bias,0.964825222028342,0.918871412604788,0.964702250382649,0.045830837777861,0.1666,0.7794,0.209,0.213754169874262,0.786245830125738,0.797129186602871,0.202870813397129,0.0625,0.00112633310591395,0.0611956956106714,0.000711016167042627,0.24415189564681,0.5704,2852,0.5704,0,2852,0,1,0,0.0458308377778611,0,-0.0803485935797004,0.0803485935797004,1,1
additive_bias,21,0.5,score_high_bias,0.964825222028342,0.855069788252538,0.964702250382649,0.109632462130111,0.1666,0.9568,0.209,0.174122073578595,0.825877926421405,0.797129186602871,0.202870813397129,0.25,0.00112633310591395,0.246833830397674,0.000711016167042627,0.49415189564681,0.7478,3739,0.7478,0,3739,0,1,0,0.109632462130112,0,-0.146606662383139,0.146606662383139,1,1
additive_bias,22,-0.5,score_low_bias,0.9654520723419,0.961642423324169,0.965427603274366,0.00378517995019678,0.1688,0,0.1478,,,1,0,0.25,0.00115080586625843,0.250736251274174,0.00164505939061038,-0.4976363086485,0.1478,739,0.1478,0,739,0,1,0,0.00378517995019679,0,0.0256101485128335,0.0256101485128335,1,1
additive_bias,22,-0.25,score_low_bias,0.9654520723419,0.961642423324169,0.965427603274366,0.00378517995019678,0.1688,0,0.1478,,,1,0,0.0625,0.00115080586625843,0.0631442406503845,0.00164505939061038,-0.2476363086485,0.1478,739,0.1478,0,739,0,1,0,0.00378517995019679,0,0.0256101485128335,0.0256101485128335,1,1
additive_bias,22,-0.1,score_low_bias,0.9654520723419,0.962038117458665,0.965427603274366,0.00338948581570131,0.1688,0.0034,0.1478,1,0,1,0,0.01,0.00115080586625843,0.010589034276111,0.00164505939061038,-0.0976363086484995,0.1444,722,0.1444,0,722,0,1,0,0.00338948581570136,0,0.0234728934605358,0.0234728934605358,1,1
additive_bias,22,0,no_bias,0.9654520723419,0.9654520723419,0.965427603274366,-2.44690675336168e-05,0.1688,0.1688,0.1478,1,0,1,0,0,0.00115080586625843,0.000552230026595235,0.00164505939061038,0.0023636913515005,0.021,105,0,0.021,0,105,0,1,0,-2.44690675336253e-05,0.0011651936920774,0.0011651936920774,1,1
additive_bias,22,0.1,score_high_bias,0.9654520723419,0.949760025021628,0.965427603274366,0.0156675782527381,0.1688,0.5994,0.1478,0.281614948281615,0.718385051718385,1,0,0.01,0.00115080586625843,0.0105154257770795,0.00164505939061038,0.102363691351501,0.4516,2258,0.4306,0.021,2153,105,0.953498671390611,0.0465013286093888,0.0156920473202718,-2.44690675336253e-05,-0.0346934859449473,0.034801852054485,1,1
additive_bias,22,0.25,score_high_bias,0.9654520723419,0.919759184657499,0.965427603274366,0.0456684186168672,0.1688,0.78,0.1478,0.216410256410256,0.783589743589744,1,0,0.0625,0.00115080586625843,0.062960219402806,0.00164505939061038,0.2523636913515,0.6322,3161,0.6112,0.021,3056,105,0.966782663714014,0.0332173362859855,0.0456928876844009,-2.44690675336253e-05,-0.0722372961355065,0.0723147053969226,1,1
additive_bias,22,0.5,score_high_bias,0.9654520723419,0.857148532171659,0.965427603274366,0.108279071102707,0.1688,0.9526,0.1478,0.17719924417384,0.82280075582616,1,0,0.25,0.00115080586625843,0.250368208779017,0.00164505939061038,0.502363691351501,0.8048,4024,0.7838,0.021,3919,105,0.973906560636183,0.0260934393638171,0.108303540170241,-2.44690675336253e-05,-0.13454158934233,0.134602397164233,1,1
additive_bias,23,-0.5,score_low_bias,0.965517289117311,0.961763145857671,0.96452441577318,0.00276126991550862,0.158,0,0.0506,,,1,0,0.25,0.00199721043120948,0.245895942520189,0.000821602657817269,-0.475929795879662,0.0506,253,0.0506,0,253,0,1,0,0.00276126991550855,0,0.0545705516898923,0.0545705516898923,1,1
additive_bias,23,-0.25,score_low_bias,0.965517289117311,0.961763145857671,0.96452441577318,0.00276126991550862,0.158,0,0.0506,,,1,0,0.0625,0.00199721043120948,0.0609050021368759,0.000821602657817269,-0.225929795879662,0.0506,253,0.0506,0,253,0,1,0,0.00276126991550855,0,0.0545705516898923,0.0545705516898923,1,1
additive_bias,23,-0.1,score_low_bias,0.965517289117311,0.962214960550241,0.96452441577318,0.00230945522293868,0.158,0.0036,0.0506,1,0,1,0,0.01,0.00199721043120948,0.00991043790688784,0.000821602657817269,-0.0759297958796617,0.047,235,0.047,0,235,0,1,0,0.0023094552229387,0,0.0491373451689086,0.0491373451689086,1,1
additive_bias,23,0,no_bias,0.965517289117311,0.965517289117311,0.96452441577318,-0.000992873344131562,0.158,0.158,0.0506,1,0,1,0,0,0.00199721043120948,0.000914061753562502,0.000821602657817269,0.0240702041203383,0.1074,537,0,0.1074,0,537,0,1,0,-0.000992873344131621,0.00924463076472645,0.00924463076472645,1,1
additive_bias,23,0.1,score_high_bias,0.965517289117311,0.949917619929642,0.96452441577318,0.0146067958435381,0.158,0.5918,0.0506,0.266982088543427,0.733017911456573,1,0,0.01,0.00199721043120948,0.0119176856002372,0.000821602657817269,0.124070204120338,0.5412,2706,0.4338,0.1074,2169,537,0.801552106430155,0.198447893569845,0.0155996691876697,-0.000992873344131621,-0.0269896449437141,0.030658799947896,1,1
additive_bias,23,0.25,score_high_bias,0.965517289117311,0.918228115854081,0.96452441577318,0.0462962999190983,0.158,0.7854,0.0506,0.201171377641966,0.798828622358034,1,0,0.0625,0.00199721043120948,0.0659231213702492,0.000821602657817269,0.274070204120338,0.7348,3674,0.6274,0.1074,3137,537,0.85383777898748,0.14616222101252,0.04728917326323,-0.000992873344131621,-0.0630053074565846,0.0657077389866108,1,1
additive_bias,23,0.5,score_high_bias,0.965517289117311,0.85875732877757,0.96452441577318,0.10576708699561,0.158,0.9492,0.0506,0.16645596291614,0.83354403708386,1,0,0.25,0.00199721043120948,0.255932180986936,0.000821602657817269,0.524070204120338,0.8986,4493,0.7912,0.1074,3956,537,0.880480747829958,0.119519252170042,0.106759960339741,-0.000992873344131621,-0.1177020776715,0.119911900382676,1,1
additive_bias,24,-0.5,score_low_bias,0.964631986234714,0.961061886495055,0.964362256747189,0.00330037025213314,0.1568,0,0.0964,,,1,0,0.25,0.00124308459344289,0.245149444490213,0.000680789616577936,-0.490147213509942,0.0964,482,0.0964,0,482,0,1,0,0.00330037025213318,0,0.0342362059349915,0.0342362059349915,1,1
additive_bias,24,-0.25,score_low_bias,0.964631986234714,0.961061886495055,0.964362256747189,0.00330037025213314,0.1568,0,0.0964,,,1,0,0.0625,0.00124308459344289,0.0603076752807422,0.000680789616577936,-0.240147213509942,0.0964,482,0.0964,0,482,0,1,0,0.00330037025213318,0,0.0342362059349915,0.0342362059349915,1,1
additive_bias,24,-0.1,score_low_bias,0.964631986234714,0.961551265595185,0.964362256747189,0.00281099115200389,0.1568,0.004,0.0964,1,0,1,0,0.01,0.00124308459344289,0.00940261375505958,0.000680789616577936,-0.0901472135099416,0.0924,462,0.0924,0,462,0,1,0,0.00281099115200388,0,0.0304219821645442,0.0304219821645442,1,1
additive_bias,24,0,no_bias,0.964631986234714,0.964631986234714,0.964362256747189,-0.00026972948752535,0.1568,0.1568,0.0964,1,0,1,0,0,0.00124308459344289,0.000465906071271152,0.000680789616577936,0.00985278649005839,0.0604,302,0,0.0604,0,302,0,1,0,-0.000269729487525381,0.00446571999214208,0.00446571999214208,1,1
additive_bias,24,0.1,score_high_bias,0.964631986234714,0.948239931664611,0.964362256747189,0.0161223250825775,0.1568,0.5968,0.0964,0.262734584450402,0.737265415549598,1,0,0.01,0.00124308459344289,0.0115291983874827,0.000680789616577936,0.109852786490058,0.5004,2502,0.44,0.0604,2200,302,0.8792965627498,0.1207034372502,0.0163920545701029,-0.000269729487525381,-0.0322188750651029,0.0332969305707999,1,1
additive_bias,24,0.25,score_high_bias,0.964631986234714,0.916992290221066,0.964362256747189,0.0473699665261225,0.1568,0.7842,0.0964,0.199948992603928,0.800051007396072,1,0,0.0625,0.00124308459344289,0.0656241368618001,0.000680789616577936,0.259852786490058,0.6878,3439,0.6274,0.0604,3137,302,0.91218377435301,0.0878162256469904,0.0476396960136479,-0.000269729487525381,-0.0688717163799397,0.0696560417289521,1,1
additive_bias,24,0.5,score_high_bias,0.964631986234714,0.854211501943311,0.964362256747189,0.110150754803878,0.1568,0.956,0.0964,0.164016736401674,0.835983263598326,1,0,0.25,0.00124308459344289,0.255782367652329,0.000680789616577936,0.509852786490058,0.8596,4298,0.7992,0.0604,3996,302,0.929734760353653,0.0702652396463471,0.110420484291403,-0.000269729487525381,-0.128141873899346,0.128769443670229,1,1
additive_bias,25,-0.5,score_low_bias,0.965546109698113,0.96150505924652,0.964849599682746,0.00334454043622578,0.1664,0,0.0714,,,1,0,0.25,0.0011862169158657,0.257814197453945,0.0015211374997776,-0.482901176358415,0.0714,357,0.0714,0,357,0,1,0,0.00334454043622584,0,0.0468423030283731,0.0468423030283731,1,1
additive_bias,25,-0.25,score_low_bias,0.965546109698113,0.96150505924652,0.964849599682746,0.00334454043622578,0.1664,0,0.0714,,,1,0,0.0625,0.0011862169158657,0.066753744642066,0.0015211374997776,-0.232901176358415,0.0714,357,0.0714,0,357,0,1,0,0.00334454043622584,0,0.0468423030283731,0.0468423030283731,1,1
additive_bias,25,-0.1,score_low_bias,0.965546109698113,0.962027176943967,0.964849599682746,0.00282242273877853,0.1664,0.0044,0.0714,1,0,1,0,0.01,0.0011862169158657,0.0121174729549386,0.0015211374997776,-0.082901176358415,0.067,335,0.067,0,335,0,1,0,0.00282242273877858,0,0.0421257125190833,0.0421257125190833,1,1
additive_bias,25,0,no_bias,0.965546109698113,0.965546109698113,0.964849599682746,-0.000696510015367524,0.1664,0.1664,0.0714,1,0,1,0,0,0.0011862169158657,0.000693291830187049,0.0015211374997776,0.017098823641585,0.095,475,0,0.095,0,475,0,1,0,-0.000696510015367534,0.00733168437228983,0.00733168437228983,1,1
additive_bias,25,0.1,score_high_bias,0.965546109698113,0.949528876434514,0.964849599682746,0.0153207232482323,0.1664,0.6038,0.0714,0.275587943027493,0.724412056972508,1,0,0.01,0.0011862169158657,0.00926911070543546,0.0015211374997776,0.117098823641585,0.5324,2662,0.4374,0.095,2187,475,0.821562734785875,0.178437265214125,0.0160172332635998,-0.000696510015367534,-0.0287767153422846,0.0313932067598936,1,1
additive_bias,25,0.25,score_high_bias,0.965546109698113,0.918314095231455,0.964849599682746,0.0465355044512913,0.1664,0.792,0.0714,0.21010101010101,0.78989898989899,1,0,0.0625,0.0011862169158657,0.0596328390183081,0.0015211374997776,0.267098823641585,0.7206,3603,0.6256,0.095,3128,475,0.868165417707466,0.131834582292534,0.0472320144666588,-0.000696510015367534,-0.0645788293800878,0.0665119684735309,1,1
additive_bias,25,0.5,score_high_bias,0.965546109698113,0.861047385958669,0.964849599682746,0.103802213724077,0.1664,0.9504,0.0714,0.175084175084175,0.824915824915825,1,0,0.25,0.0011862169158657,0.243572386206429,0.0015211374997776,0.517098823641585,0.879,4395,0.784,0.095,3920,475,0.891922639362912,0.108077360637088,0.104498723739444,-0.000696510015367534,-0.11809125565879,0.119676033850753,1,1
additive_bias,26,-0.5,score_low_bias,0.965408322542334,0.961453682998927,0.965112639100037,0.003658956101109,0.1666,0,0.1,,,1,0,0.25,0.00137339686436375,0.245614471723109,0.000688368618390599,-0.489689250605006,0.1,500,0.1,0,500,0,1,0,0.00365895610110898,0,0.0365895610110898,0.0365895610110898,1,1
additive_bias,26,-0.25,score_low_bias,0.965408322542334,0.961453682998927,0.965112639100037,0.003658956101109,0.1666,0,0.1,,,1,0,0.0625,0.00137339686436375,0.0606140586252837,0.000688368618390599,-0.239689250605006,0.1,500,0.1,0,500,0,1,0,0.00365895610110898,0,0.0365895610110898,0.0365895610110898,1,1
additive_bias,26,-0.1,score_low_bias,0.965408322542334,0.961831728235938,0.965112639100037,0.00328091086409887,0.1666,0.003,0.1,1,0,1,0,0.01,0.00137339686436375,0.00961381076658827,0.000688368618390599,-0.0896892506050063,0.097,485,0.097,0,485,0,1,0,0.00328091086409878,0,0.0338238233412245,0.0338238233412245,1,1
additive_bias,26,0,no_bias,0.965408322542334,0.965408322542334,0.965112639100037,-0.000295683442296912,0.1666,0.1666,0.1,1,0,1,0,0,0.00137339686436375,0.000613645527457988,0.000688368618390599,0.0103107493949937,0.0666,333,0,0.0666,0,333,0,1,0,-0.000295683442296971,0.00443969132578034,0.00443969132578034,1,1
additive_bias,26,0.1,score_high_bias,0.965408322542334,0.949516331163068,0.965112639100037,0.0155963079369688,0.1666,0.6006,0.1,0.277389277389277,0.722610722610723,1,0,0.01,0.00137339686436375,0.0116134802883277,0.000688368618390599,0.110310749394994,0.5006,2503,0.434,0.0666,2170,333,0.866959648421894,0.133040351578106,0.0158919913792656,-0.000295683442296971,-0.0311552295984192,0.0323365457881794,1,1
additive_bias,26,0.25,score_high_bias,0.965408322542334,0.917916015133137,0.965112639100037,0.0471966239668993,0.1666,0.79,0.1,0.210886075949367,0.789113924050633,1,0,0.0625,0.00137339686436375,0.0656132324296323,0.000688368618390599,0.260310749394994,0.69,3450,0.6234,0.0666,3117,333,0.903478260869565,0.0965217391304348,0.0474923074091962,-0.000295683442296971,-0.068400904299854,0.0692579577557872,1,1
additive_bias,26,0.5,score_high_bias,0.965408322542334,0.858685138667054,0.965112639100037,0.106427500432982,0.1666,0.953,0.1,0.174816369359916,0.825183630640084,1,0,0.25,0.00137339686436375,0.255612819331807,0.000688368618390599,0.510310749394994,0.853,4265,0.7864,0.0666,3932,333,0.921922626025791,0.0780773739742087,0.106723183875279,-0.000295683442296971,-0.124768464751444,0.12546174363139,1,1
additive_bias,27,-0.5,score_low_bias,0.964706353239742,0.960822379731057,0.964418266313904,0.00359588658284737,0.1616,0,0.097,,,1,0,0.25,0.0015292839278984,0.257800331493811,0.00102358329434227,-0.489661905297562,0.097,485,0.097,0,485,0,1,0,0.00359588658284732,0,0.0370709956994569,0.0370709956994569,1,1
additive_bias,27,-0.25,score_low_bias,0.964706353239742,0.960822379731057,0.964418266313904,0.00359588658284737,0.1616,0,0.097,,,1,0,0.0625,0.0015292839278984,0.0665937424940316,0.00102358329434227,-0.239661905297562,0.097,485,0.097,0,485,0,1,0,0.00359588658284732,0,0.0370709956994569,0.0370709956994569,1,1
additive_bias,27,-0.1,score_low_bias,0.964706353239742,0.961253197622895,0.964418266313904,0.00316506869100885,0.1616,0.0036,0.097,1,0,1,0,0.01,0.0015292839278984,0.0118697890941642,0.00102358329434227,-0.0896619052975619,0.0934,467,0.0934,0,467,0,1,0,0.00316506869100886,0,0.0338872450857479,0.0338872450857479,1,1
additive_bias,27,0,no_bias,0.964706353239742,0.964706353239742,0.964418266313904,-0.00028808692583826,0.1616,0.1616,0.097,1,0,1,0,0,0.0015292839278984,0.000387153494252597,0.00102358329434227,0.0103380947024381,0.0646,323,0,0.0646,0,323,0,1,0,-0.000288086925838263,0.00445954993557683,0.00445954993557683,1,1
additive_bias,27,0.1,score_high_bias,0.964706353239742,0.948467127737577,0.964418266313904,0.0159511385763267,0.1616,0.5986,0.097,0.269963247577681,0.730036752422319,1,0,0.01,0.0015292839278984,0.00890451789434102,0.00102358329434227,0.110338094702438,0.5016,2508,0.437,0.0646,2185,323,0.871212121212121,0.128787878787879,0.0162392255021649,-0.000288086925838263,-0.0318005155030436,0.0329491874561467,1,1
additive_bias,27,0.25,score_high_bias,0.964706353239742,0.917842117159005,0.964418266313904,0.0465761491548989,0.1616,0.7828,0.097,0.206438426162494,0.793561573837506,1,0,0.0625,0.0015292839278984,0.0591805644944737,0.00102358329434227,0.260338094702438,0.6858,3429,0.6212,0.0646,3106,323,0.905803441236512,0.0941965587634879,0.0468642360807372,-0.000288086925838263,-0.0679150614682107,0.0687552099833413,1,1
additive_bias,27,0.5,score_high_bias,0.964706353239742,0.856400686217694,0.964418266313904,0.10801758009621,0.1616,0.9536,0.097,0.169463087248322,0.830536912751678,1,0,0.25,0.0015292839278984,0.242973975494695,0.00102358329434227,0.510338094702438,0.8566,4283,0.792,0.0646,3960,323,0.924585570861546,0.0754144291384544,0.108305667022048,-0.000288086925838263,-0.126100373682244,0.126773002507456,1,1
additive_bias,28,-0.5,score_low_bias,0.966401616557949,0.962732956691502,0.965466984034753,0.0027340273432509,0.1624,0,0.2832,,,0.573446327683616,0.426553672316384,0.25,0.00226981510826758,0.26718177930282,0.000912472428077434,-0.515057415329556,0.2832,1416,0.1624,0.1208,812,604,0.573446327683616,0.426553672316384,0.00366865986644627,-0.000934632523195477,0.00965405135328671,0.0162545635227463,1,1
additive_bias,28,-0.25,score_low_bias,0.966401616557949,0.962732956691502,0.965466984034753,0.0027340273432509,0.1624,0,0.2832,,,0.573446327683616,0.426553672316384,0.0625,0.00226981510826758,0.0713336787301013,0.000912472428077434,-0.265057415329556,0.2832,1416,0.1624,0.1208,812,604,0.573446327683616,0.426553672316384,0.00366865986644627,-0.000934632523195477,0.00965405135328671,0.0162545635227463,1,1
additive_bias,28,-0.1,score_low_bias,0.966401616557949,0.963129843475849,0.965466984034753,0.00233714055890444,0.1624,0.0034,0.2832,1,0,0.573446327683616,0.426553672316384,0.01,0.00226981510826758,0.0138248183864702,0.000912472428077434,-0.115057415329556,0.2798,1399,0.159,0.1208,795,604,0.568263045032166,0.431736954967834,0.00327177308209985,-0.000934632523195477,0.00835289692246023,0.0150336154585251,1,1
additive_bias,28,0,no_bias,0.966401616557949,0.966401616557949,0.965466984034753,-0.000934632523195478,0.1624,0.1624,0.2832,1,0,0.573446327683616,0.426553672316384,0,0.00226981510826758,0.000485578157382703,0.000912472428077434,-0.0150574153295563,0.1208,604,0,0.1208,0,604,0,1,0,-0.000934632523195477,-0.00773702419863805,0.00773702419863805,1,1
additive_bias,28,0.1,score_high_bias,0.966401616557949,0.950924140932762,0.965466984034753,0.0145428431019914,0.1624,0.5966,0.2832,0.272209185383842,0.727790814616158,0.573446327683616,0.426553672316384,0.01,0.00226981510826758,0.00714633792829525,0.000912472428077434,0.0849425846704437,0.3134,1567,0.3134,0,1567,0,1,0,0.0145428431019914,0,-0.0464034559731697,0.0464034559731697,1,1
additive_bias,28,0.25,score_high_bias,0.966401616557949,0.919611713735592,0.965466984034753,0.0458552702991609,0.1624,0.7882,0.2832,0.206039076376554,0.793960923623446,0.573446327683616,0.426553672316384,0.0625,0.00226981510826758,0.0546374775846641,0.000912472428077434,0.234942584670444,0.505,2525,0.505,0,2525,0,1,0,0.0458552702991609,0,-0.0908025154438829,0.0908025154438829,1,1
additive_bias,28,0.5,score_high_bias,0.966401616557949,0.858359546293701,0.965466984034753,0.107107437741052,0.1624,0.9552,0.2832,0.17001675041876,0.829983249581239,0.573446327683616,0.426553672316384,0.25,0.00226981510826758,0.233789377011946,0.000912472428077434,0.484942584670444,0.672,3360,0.672,0,3360,0,1,0,0.107107437741052,0,-0.159386068067042,0.159386068067042,1,1
additive_bias,29,-0.5,score_low_bias,0.964917611047581,0.961498510154872,0.964787965787775,0.00328945563290328,0.1536,0,0.1088,,,1,0,0.25,0.00178454150476438,0.239125615271065,0.000721080572422463,-0.493641585493103,0.1088,544,0.1088,0,544,0,1,0,0.00328945563290327,0,0.0302339672141845,0.0302339672141845,1,1
additive_bias,29,-0.25,score_low_bias,0.964917611047581,0.961498510154872,0.964787965787775,0.00328945563290328,0.1536,0,0.1088,,,1,0,0.0625,0.00178454150476438,0.0574713803375665,0.000721080572422463,-0.243641585493103,0.1088,544,0.1088,0,544,0,1,0,0.00328945563290327,0,0.0302339672141845,0.0302339672141845,1,1
additive_bias,29,-0.1,score_low_bias,0.964917611047581,0.961926449800463,0.964787965787775,0.00286151598731177,0.1536,0.0034,0.1088,1,0,1,0,0.01,0.00178454150476438,0.00847883937746753,0.000721080572422463,-0.0936415854931031,0.1054,527,0.1054,0,527,0,1,0,0.00286151598731184,0,0.0271491080390117,0.0271491080390117,1,1
additive_bias,29,0,no_bias,0.964917611047581,0.964917611047581,0.964787965787775,-0.000129645259805189,0.1536,0.1536,0.1088,1,0,1,0,0,0.00178454150476438,0.000817145404068196,0.000721080572422463,0.00635841450689689,0.0448,224,0,0.0448,0,224,0,1,0,-0.000129645259805173,0.00289386740636547,0.00289386740636547,1,1
additive_bias,29,0.1,score_high_bias,0.964917611047581,0.948714234379857,0.964787965787775,0.016073731407918,0.1536,0.6014,0.1088,0.255404057199867,0.744595942800133,1,0,0.01,0.00178454150476438,0.0131554514306689,0.000721080572422463,0.106358414506897,0.4926,2463,0.4478,0.0448,2239,224,0.909053999187982,0.0909460008120179,0.0162033766677232,-0.000129645259805173,-0.0326303926267114,0.0331567639616898,1,1
additive_bias,29,0.25,score_high_bias,0.964917611047581,0.91708807073468,0.964787965787775,0.0476998950530953,0.1536,0.7926,0.1088,0.193792581377744,0.806207418622256,1,0,0.0625,0.00178454150476438,0.0691629104705699,0.000721080572422463,0.256358414506897,0.6838,3419,0.639,0.0448,3195,224,0.934483767183387,0.0655162328166131,0.0478295403129004,-0.000129645259805173,-0.0697570854827366,0.0701362760642083,1,1
additive_bias,29,0.5,score_high_bias,0.964917611047581,0.859780242316399,0.964787965787775,0.105007723471377,0.1536,0.9498,0.1088,0.161718256475047,0.838281743524953,1,0,0.25,0.00178454150476438,0.262508675537072,0.000721080572422463,0.506358414506897,0.841,4205,0.7962,0.0448,3981,224,0.946730083234245,0.0532699167657551,0.105137368731182,-0.000129645259805173,-0.124860551095573,0.125168863247309,1,1
additive_bias,30,-0.5,score_low_bias,0.964655256070351,0.960921730801642,0.961987054390875,0.00106532358923361,0.1592,0,0.3594,,,0.442960489705064,0.557039510294936,0.25,0.00125725580328914,0.244375632002862,0.000862886986732968,-0.527614801250768,0.3594,1797,0.1592,0.2002,796,1001,0.442960489705064,0.557039510294936,0.00373352526870986,-0.00266820167947618,0.00296417247978207,0.0178122619593379,1,1
additive_bias,30,-0.25,score_low_bias,0.964655256070351,0.960921730801642,0.961987054390875,0.00106532358923361,0.1592,0,0.3594,,,0.442960489705064,0.557039510294936,0.0625,0.00125725580328914,0.0598633598542704,0.000862886986732968,-0.277614801250768,0.3594,1797,0.1592,0.2002,796,1001,0.442960489705064,0.557039510294936,0.00373352526870986,-0.00266820167947618,0.00296417247978207,0.0178122619593379,1,1
additive_bias,30,-0.1,score_low_bias,0.964655256070351,0.961336274455078,0.961987054390875,0.00065077993579743,0.1592,0.0036,0.3594,1,0,0.442960489705064,0.557039510294936,0.01,0.00125725580328914,0.00915599656511552,0.000862886986732968,-0.127614801250768,0.3558,1779,0.1556,0.2002,778,1001,0.437324339516582,0.562675660483418,0.00331898161527364,-0.00266820167947618,0.00182906108993104,0.0168273841898533,1,1
additive_bias,30,0,no_bias,0.964655256070351,0.964655256070351,0.961987054390875,-0.00266820167947623,0.1592,0.1592,0.3594,1,0,0.442960489705064,0.557039510294936,0,0.00125725580328914,0.000351087705678977,0.000862886986732968,-0.0276148012507679,0.2002,1001,0,0.2002,0,1001,0,1,0,-0.00266820167947618,-0.0133276807166642,0.0133276807166642,1,1
additive_bias,30,0.1,score_high_bias,0.964655256070351,0.948247569572217,0.961987054390875,0.0137394848186578,0.1592,0.5964,0.3594,0.266934942991281,0.733065057008719,0.442960489705064,0.557039510294936,0.01,0.00125725580328914,0.0115461788462424,0.000862886986732968,0.0723851987492321,0.237,1185,0.237,0,1185,0,1,0,0.0137394848186578,0,-0.0579725097833664,0.0579725097833664,1,1
additive_bias,30,0.25,score_high_bias,0.964655256070351,0.917963360847073,0.961987054390875,0.044023693543802,0.1592,0.7804,0.3594,0.203997949769349,0.796002050230651,0.442960489705064,0.557039510294936,0.0625,0.00125725580328914,0.0658388155570876,0.000862886986732968,0.222385198749232,0.421,2105,0.421,0,2105,0,1,0,0.044023693543802,0,-0.104569343334447,0.104569343334447,1,1
additive_bias,30,0.5,score_high_bias,0.964655256070351,0.855642231875895,0.961987054390875,0.10634482251498,0.1592,0.9516,0.3594,0.167297183690626,0.832702816309374,0.442960489705064,0.557039510294936,0.25,0.00125725580328914,0.256326543408496,0.000862886986732968,0.472385198749232,0.5922,2961,0.5922,0,2961,0,1,0,0.106344822514981,0,-0.179575856999292,0.179575856999292,1,1
additive_bias,31,-0.5,score_low_bias,0.965621596226662,0.962228688772427,0.965474741658269,0.00324605288584245,0.155,0,0.2038,,,0.760549558390579,0.239450441609421,0.25,0.00127967222245626,0.252161084534823,0.000426508173156166,-0.506006235629241,0.2038,1019,0.155,0.0488,775,244,0.760549558390579,0.239450441609421,0.00339290745423569,-0.000146854568393219,0.0159276392828384,0.0173688028588268,1,1
additive_bias,31,-0.25,score_low_bias,0.965621596226662,0.962228688772427,0.965474741658269,0.00324605288584245,0.155,0,0.2038,,,0.760549558390579,0.239450441609421,0.0625,0.00127967222245626,0.0637002289971633,0.000426508173156166,-0.256006235629241,0.2038,1019,0.155,0.0488,775,244,0.760549558390579,0.239450441609421,0.00339290745423569,-0.000146854568393219,0.0159276392828384,0.0173688028588268,1,1
additive_bias,31,-0.1,score_low_bias,0.965621596226662,0.962495474256924,0.965474741658269,0.00297926740134502,0.155,0.0022,0.2038,1,0,0.760549558390579,0.239450441609421,0.01,0.00127967222245626,0.0106237156745674,0.000426508173156166,-0.106006235629241,0.2016,1008,0.1528,0.0488,764,244,0.757936507936508,0.242063492063492,0.00312612196973825,-0.000146854568393219,0.0147781121098464,0.0162350026693029,1,1
additive_bias,31,0,no_bias,0.965621596226662,0.965621596226662,0.965474741658269,-0.000146854568393251,0.155,0.155,0.2038,1,0,0.760549558390579,0.239450441609421,0,0.00127967222245626,0.000239373459503476,0.000426508173156166,-0.0060062356292413,0.0488,244,0,0.0488,0,244,0,1,0,-0.000146854568393219,-0.00300931492609056,0.00300931492609056,1,1
additive_bias,31,0.1,score_high_bias,0.965621596226662,0.949231843606637,0.965474741658269,0.016242898051632,0.155,0.5984,0.2038,0.259024064171123,0.740975935828877,0.760549558390579,0.239450441609421,0.01,0.00127967222245626,0.00985503124443955,0.000426508173156166,0.0939937643707587,0.3946,1973,0.3946,0,1973,0,1,0,0.0162428980516321,0,-0.041162944885028,0.041162944885028,1,1
additive_bias,31,0.25,score_high_bias,0.965621596226662,0.918489948117045,0.965474741658269,0.0469847935412242,0.155,0.7892,0.2038,0.196401419158642,0.803598580841358,0.760549558390579,0.239450441609421,0.0625,0.00127967222245626,0.0617785179218437,0.000426508173156166,0.243993764370759,0.5854,2927,0.5854,0,2927,0,1,0,0.0469847935412242,0,-0.0802610070741787,0.0802610070741787,1,1
additive_bias,31,0.5,score_high_bias,0.965621596226662,0.860428555794914,0.965474741658269,0.105046185863355,0.155,0.95,0.2038,0.163157894736842,0.836842105263158,0.760549558390579,0.239450441609421,0.25,0.00127967222245626,0.248317662384184,0.000426508173156166,0.493993764370759,0.7462,3731,0.7462,0,3731,0,1,0,0.105046185863355,0,-0.140774840342208,0.140774840342208,1,1
additive_bias,32,-0.5,score_low_bias,0.965301424132598,0.961483563045277,0.964017016351497,0.00253345330622001,0.162,0,0.3026,,,0.53536021150033,0.46463978849967,0.25,0.000825523983085425,0.255469962461361,0.00112330399336138,-0.517567138779706,0.3026,1513,0.162,0.1406,810,703,0.53536021150033,0.46463978849967,0.00381786108732072,-0.00128440778110073,0.00837228455459349,0.0168614304970967,1,1
additive_bias,32,-0.25,score_low_bias,0.965301424132598,0.961483563045277,0.964017016351497,0.00253345330622001,0.162,0,0.3026,,,0.53536021150033,0.46463978849967,0.0625,0.000825523983085425,0.0654680467669145,0.00112330399336138,-0.267567138779706,0.3026,1513,0.162,0.1406,810,703,0.53536021150033,0.46463978849967,0.00381786108732072,-0.00128440778110073,0.00837228455459349,0.0168614304970967,1,1
additive_bias,32,-0.1,score_low_bias,0.965301424132598,0.961856960512101,0.964017016351497,0.00216005583939605,0.162,0.0028,0.3026,1,0,0.53536021150033,0.46463978849967,0.01,0.000825523983085425,0.0114668973502466,0.00112330399336138,-0.117567138779706,0.2998,1499,0.1592,0.1406,796,703,0.531020680453636,0.468979319546364,0.00344446362049676,-0.00128440778110073,0.00720498945762519,0.0157734202855153,1,1
additive_bias,32,0,no_bias,0.965301424132598,0.965301424132598,0.964017016351497,-0.00128440778110073,0.162,0.162,0.3026,1,0,0.53536021150033,0.46463978849967,0,0.000825523983085425,0.000466131072468026,0.00112330399336138,-0.0175671387797056,0.1406,703,0,0.1406,0,703,0,1,0,-0.00128440778110073,-0.00913519047724559,0.00913519047724559,1,1
additive_bias,32,0.1,score_high_bias,0.965301424132598,0.949061452093299,0.964017016351497,0.0149555642581984,0.162,0.6036,0.3026,0.268389662027833,0.731610337972167,0.53536021150033,0.46463978849967,0.01,0.000825523983085425,0.00946536479468945,0.00112330399336138,0.0824328612202944,0.301,1505,0.301,0,1505,0,1,0,0.0149555642581984,0,-0.0496862599940148,0.0496862599940148,1,1
additive_bias,32,0.25,score_high_bias,0.965301424132598,0.916759226291329,0.964017016351497,0.0472577900601677,0.162,0.7986,0.3026,0.202854996243426,0.797145003756574,0.53536021150033,0.46463978849967,0.0625,0.000825523983085425,0.0604642153780216,0.00112330399336138,0.232432861220294,0.496,2480,0.496,0,2480,0,1,0,0.0472577900601677,0,-0.0952778025406606,0.0952778025406606,1,1
additive_bias,32,0.5,score_high_bias,0.965301424132598,0.858175516467409,0.964017016351497,0.105841499884088,0.162,0.9622,0.3026,0.168364165454168,0.831635834545832,0.53536021150033,0.46463978849967,0.25,0.000825523983085425,0.245462299683575,0.00112330399336138,0.482432861220294,0.6596,3298,0.6596,0,3298,0,1,0,0.105841499884088,0,-0.16046315931487,0.16046315931487,1,1
additive_bias,33,-0.5,score_low_bias,0.965035078432173,0.961520479813453,0.964032950842252,0.0025124710287987,0.1584,0,0.2804,,,0.56490727532097,0.43509272467903,0.25,0.00184456400746162,0.247991905256858,0.00218196036978847,-0.516295646088813,0.2804,1402,0.1584,0.122,792,610,0.56490727532097,0.43509272467903,0.00351459861871964,-0.00100212758992094,0.00896031037374714,0.016108153383169,1,1
additive_bias,33,-0.25,score_low_bias,0.965035078432173,0.961520479813453,0.964032950842252,0.0025124710287987,0.1584,0,0.2804,,,0.56490727532097,0.43509272467903,0.0625,0.00184456400746162,0.0617163688678157,0.00218196036978847,-0.266295646088813,0.2804,1402,0.1584,0.122,792,610,0.56490727532097,0.43509272467903,0.00351459861871964,-0.00100212758992094,0.00896031037374714,0.016108153383169,1,1
additive_bias,33,-0.1,score_low_bias,0.965035078432173,0.96197662325033,0.964032950842252,0.00205632759192143,0.1584,0.0038,0.2804,1,0,0.56490727532097,0.43509272467903,0.01,0.00184456400746162,0.00995104703439013,0.00218196036978847,-0.116295646088813,0.2766,1383,0.1546,0.122,773,610,0.558929862617498,0.441070137382502,0.0030584551818424,-0.00100212758992094,0.00743430076616579,0.0146803426311039,1,1
additive_bias,33,0,no_bias,0.965035078432173,0.965035078432173,0.964032950842252,-0.00100212758992091,0.1584,0.1584,0.2804,1,0,0.56490727532097,0.43509272467903,0,0.00184456400746162,0.000440832478773089,0.00218196036978847,-0.0162956460888128,0.122,610,0,0.122,0,610,0,1,0,-0.00100212758992094,-0.00821416057312247,0.00821416057312247,1,1
additive_bias,33,0.1,score_high_bias,0.965035078432173,0.948864202206399,0.964032950842252,0.0151687486358522,0.1584,0.5896,0.2804,0.26865671641791,0.73134328358209,0.56490727532097,0.43509272467903,0.01,0.00184456400746162,0.0109306179231561,0.00218196036978847,0.0837043539111872,0.3092,1546,0.3092,0,1546,0,1,0,0.0151687486358521,0,-0.049058048628241,0.049058048628241,1,1
additive_bias,33,0.25,score_high_bias,0.965035078432173,0.916873250743814,0.964032950842252,0.0471597000984381,0.1584,0.7842,0.2804,0.201989288446825,0.798010711553175,0.56490727532097,0.43509272467903,0.0625,0.00184456400746162,0.0641652960897305,0.00218196036978847,0.233704353911187,0.5038,2519,0.5038,0,2519,0,1,0,0.0471597000984381,0,-0.0936079795522788,0.0936079795522788,1,1
additive_bias,33,0.5,score_high_bias,0.965035078432173,0.857448545941923,0.964032950842252,0.106584404900328,0.1584,0.95,0.2804,0.166736842105263,0.833263157894737,0.56490727532097,0.43509272467903,0.25,0.00184456400746162,0.252889759700688,0.00218196036978847,0.483704353911187,0.6696,3348,0.6696,0,3348,0,1,0,0.106584404900328,0,-0.15917623193,0.15917623193,1,1
additive_bias,34,-0.5,score_low_bias,0.965998484302644,0.962188037140721,0.96596100445847,0.00377296731774923,0.1646,0,0.1908,,,0.862683438155136,0.137316561844864,0.25,0.00228076035279018,0.262064403261598,0.000783922511358044,-0.503057560353761,0.1908,954,0.1646,0.0262,823,131,0.862683438155136,0.137316561844864,0.00381044716192334,-3.74798441741099e-05,0.0197744618330673,0.0201673323170726,1,1
additive_bias,34,-0.25,score_low_bias,0.965998484302644,0.962188037140721,0.96596100445847,0.00377296731774923,0.1646,0,0.1908,,,0.862683438155136,0.137316561844864,0.0625,0.00228076035279018,0.0687884013449199,0.000783922511358044,-0.253057560353761,0.1908,954,0.1646,0.0262,823,131,0.862683438155136,0.137316561844864,0.00381044716192334,-3.74798441741099e-05,0.0197744618330673,0.0201673323170726,1,1
additive_bias,34,-0.1,score_low_bias,0.965998484302644,0.962702987796211,0.96596100445847,0.00325801666225967,0.1646,0.0042,0.1908,1,0,0.862683438155136,0.137316561844864,0.01,0.00228076035279018,0.0128228001949133,0.000783922511358044,-0.103057560353761,0.1866,933,0.1604,0.0262,802,131,0.859592711682744,0.140407288317256,0.00329549650643372,-3.74798441741099e-05,0.0174598963679507,0.0178616095959691,1,1
additive_bias,34,0,no_bias,0.965998484302644,0.965998484302644,0.96596100445847,-3.74798441741264e-05,0.1646,0.1646,0.1908,1,0,0.862683438155136,0.137316561844864,0,0.00228076035279018,0.000512399428242142,0.000783922511358044,-0.00305756035376137,0.0262,131,0,0.0262,0,131,0,1,0,-3.74798441741099e-05,-0.00143052840359198,0.00143052840359198,1,1
additive_bias,34,0.1,score_high_bias,0.965998484302644,0.950228523774427,0.96596100445847,0.0157324806840433,0.1646,0.6054,0.1908,0.27188635612818,0.72811364387182,0.862683438155136,0.137316561844864,0.01,0.00228076035279018,0.00820199866157102,0.000783922511358044,0.0969424396462386,0.4146,2073,0.4146,0,2073,0,1,0,0.0157324806840433,0,-0.0379461666281797,0.0379461666281797,1,1
additive_bias,34,0.25,score_high_bias,0.965998484302644,0.918640246226489,0.96596100445847,0.0473207582319809,0.1646,0.7954,0.1908,0.206939904450591,0.793060095549409,0.862683438155136,0.137316561844864,0.0625,0.00228076035279018,0.0572363975115644,0.000783922511358044,0.246942439646239,0.6046,3023,0.6046,0,3023,0,1,0,0.0473207582319809,0,-0.0782678766655324,0.0782678766655324,1,1
additive_bias,34,0.5,score_high_bias,0.965998484302644,0.860893465825903,0.96596100445847,0.105067538632567,0.1646,0.9564,0.1908,0.172103722291928,0.827896277708072,0.862683438155136,0.137316561844864,0.25,0.00228076035279018,0.238960395594887,0.000783922511358044,0.496942439646239,0.7656,3828,0.7656,0,3828,0,1,0,0.105067538632567,0,-0.137235552027909,0.137235552027909,1,1
additive_bias,35,-0.5,score_low_bias,0.966718008987281,0.963188827802641,0.966197527213575,0.00300869941093329,0.1578,0,0.073,,,1,0,0.25,0.00164339358623535,0.249903753482138,0.000993677396288463,-0.484627539484237,0.073,365,0.073,0,365,0,1,0,0.00300869941093335,0,0.0412150604237445,0.0412150604237445,1,1
additive_bias,35,-0.25,score_low_bias,0.966718008987281,0.963188827802641,0.966197527213575,0.00300869941093329,0.1578,0,0.073,,,1,0,0.0625,0.00164339358623535,0.0631115023430818,0.000993677396288463,-0.234627539484237,0.073,365,0.073,0,365,0,1,0,0.00300869941093335,0,0.0412150604237445,0.0412150604237445,1,1
additive_bias,35,-0.1,score_low_bias,0.966718008987281,0.963697738086296,0.966197527213575,0.002499789127278,0.1578,0.0042,0.073,1,0,1,0,0.01,0.00164339358623535,0.0110361516596482,0.000993677396288463,-0.0846275394842373,0.0688,344,0.0688,0,344,0,1,0,0.00249978912727803,0,0.0363341442918319,0.0363341442918319,1,1
additive_bias,35,0,no_bias,0.966718008987281,0.966718008987281,0.966197527213575,-0.000520481773706449,0.1578,0.1578,0.073,1,0,1,0,0,0.00164339358623535,0.00131925120402571,0.000993677396288463,0.0153724605157627,0.0848,424,0,0.0848,0,424,0,1,0,-0.000520481773706379,0.00613775676540541,0.00613775676540541,1,1
additive_bias,35,0.1,score_high_bias,0.966718008987281,0.950376800283075,0.966197527213575,0.0158207269304992,0.1578,0.6026,0.073,0.261865250580816,0.738134749419184,1,0,0.01,0.00164339358623535,0.0116023507484033,0.000993677396288463,0.115372460515763,0.5296,2648,0.4448,0.0848,2224,424,0.83987915407855,0.16012084592145,0.0163412087042056,-0.000520481773706379,-0.0298729738113657,0.0318385394220393,1,1
additive_bias,35,0.25,score_high_bias,0.966718008987281,0.917440125805543,0.966197527213575,0.0487574014080314,0.1578,0.8026,0.073,0.196611014203838,0.803388985796163,1,0,0.0625,0.00164339358623535,0.0645270000649696,0.000993677396288463,0.265372460515763,0.7296,3648,0.6448,0.0848,3224,424,0.883771929824562,0.116228070175439,0.0492778831817378,-0.000520481773706379,-0.0668275786842536,0.0682543379323522,1,1
additive_bias,35,0.5,score_high_bias,0.966718008987281,0.860923286206933,0.966197527213575,0.105274241006641,0.1578,0.9586,0.073,0.164615063634467,0.835384936365533,1,0,0.25,0.00164339358623535,0.252734748925914,0.000993677396288463,0.515372460515763,0.8856,4428,0.8008,0.0848,4004,424,0.904245709123758,0.0957542908762421,0.105794722780348,-0.000520481773706379,-0.118873352536858,0.120048785630143,1,1
additive_bias,36,-0.5,score_low_bias,0.965563931402166,0.961858396021382,0.965062517117447,0.00320412109606438,0.1642,0,0.253,,,0.64901185770751,0.35098814229249,0.25,0.00105890548227193,0.255083758429167,0.000644917606199302,-0.512128144506875,0.253,1265,0.1642,0.0888,821,444,0.64901185770751,0.35098814229249,0.00370553538078375,-0.000501414284719321,0.0126645102611242,0.016628259547443,1,1
additive_bias,36,-0.25,score_low_bias,0.965563931402166,0.961858396021382,0.965062517117447,0.00320412109606438,0.1642,0,0.253,,,0.64901185770751,0.35098814229249,0.0625,0.00105890548227193,0.0651271538176373,0.000644917606199302,-0.262128144506875,0.253,1265,0.1642,0.0888,821,444,0.64901185770751,0.35098814229249,0.00370553538078375,-0.000501414284719321,0.0126645102611242,0.016628259547443,1,1
additive_bias,36,-0.1,score_low_bias,0.965563931402166,0.962174723784865,0.965062517117447,0.00288779333258149,0.1642,0.0026,0.253,1,0,0.64901185770751,0.35098814229249,0.01,0.00105890548227193,0.0111531910507198,0.000644917606199302,-0.112128144506875,0.2504,1252,0.1616,0.0888,808,444,0.645367412140575,0.354632587859425,0.00338920761730084,-0.000501414284719321,0.0115327209767633,0.0155376274042339,1,1
additive_bias,36,0,no_bias,0.965563931402166,0.965563931402166,0.965062517117447,-0.000501414284719393,0.1642,0.1642,0.253,1,0,0.64901185770751,0.35098814229249,0,0.00105890548227193,0.00017054920610804,0.000644917606199302,-0.0121281445068749,0.0888,444,0,0.0888,0,444,0,1,0,-0.000501414284719321,-0.00564655726035271,0.00564655726035271,1,1
additive_bias,36,0.1,score_high_bias,0.965563931402166,0.949591895709956,0.965062517117447,0.0154706214074909,0.1642,0.5948,0.253,0.276059179556153,0.723940820443847,0.64901185770751,0.35098814229249,0.01,0.00105890548227193,0.00918790736149633,0.000644917606199302,0.0878718554931251,0.3418,1709,0.3418,0,1709,0,1,0,0.0154706214074909,0,-0.0452622042349061,0.0452622042349061,1,1
additive_bias,36,0.25,score_high_bias,0.965563931402166,0.918263504140566,0.965062517117447,0.0467990129768813,0.1642,0.7852,0.253,0.209118695873663,0.790881304126337,0.64901185770751,0.35098814229249,0.0625,0.00105890548227193,0.0602139445945788,0.000644917606199302,0.237871855493125,0.5322,2661,0.5322,0,2661,0,1,0,0.0467990129768813,0,-0.0879350112305174,0.0879350112305174,1,1
additive_bias,36,0.5,score_high_bias,0.965563931402166,0.859030012617333,0.965062517117447,0.106032504500114,0.1642,0.9482,0.253,0.173170217253744,0.826829782746256,0.64901185770751,0.35098814229249,0.25,0.00105890548227193,0.245257339983049,0.000644917606199302,0.487871855493125,0.6952,3476,0.6952,0,3476,0,1,0,0.106032504500114,0,-0.152520863780372,0.152520863780372,1,1
additive_bias,37,-0.5,score_low_bias,0.964271660590579,0.960435388175007,0.964062740700387,0.00362735252537927,0.1628,0,0.1068,,,1,0,0.25,0.0016984264500139,0.250454905393292,0.000811667713398914,-0.491639711691526,0.1068,534,0.1068,0,534,0,1,0,0.00362735252537924,0,0.0339639749567344,0.0339639749567344,1,1
additive_bias,37,-0.25,score_low_bias,0.964271660590579,0.960435388175007,0.964062740700387,0.00362735252537927,0.1628,0,0.1068,,,1,0,0.0625,0.0016984264500139,0.063228746217515,0.000811667713398914,-0.241639711691526,0.1068,534,0.1068,0,534,0,1,0,0.00362735252537924,0,0.0339639749567344,0.0339639749567344,1,1
additive_bias,37,-0.1,score_low_bias,0.964271660590579,0.960898920756258,0.964062740700387,0.00316381994412818,0.1628,0.004,0.1068,1,0,1,0,0.01,0.0016984264500139,0.0108930507120486,0.000811667713398914,-0.0916397116915257,0.1028,514,0.1028,0,514,0,1,0,0.00316381994412818,0,0.0307764586004687,0.0307764586004687,1,1
additive_bias,37,0,no_bias,0.964271660590579,0.964271660590579,0.964062740700387,-0.000208919890192116,0.1628,0.1628,0.1068,1,0,1,0,0,0.0016984264500139,0.00100258704173767,0.000811667713398914,0.00836028830847435,0.056,280,0,0.056,0,280,0,1,0,-0.000208919890192178,0.00373071232486032,0.00373071232486032,1,1
additive_bias,37,0.1,score_high_bias,0.964271660590579,0.948221176356965,0.964062740700387,0.0158415643434215,0.1628,0.594,0.1068,0.274074074074074,0.725925925925926,1,0,0.01,0.0016984264500139,0.0111121233714267,0.000811667713398914,0.108360288308474,0.4872,2436,0.4312,0.056,2156,280,0.885057471264368,0.114942528735632,0.0160504842336137,-0.000208919890192178,-0.032515526156448,0.0333731611736573,1,1
additive_bias,37,0.25,score_high_bias,0.964271660590579,0.916708530641706,0.964062740700387,0.0473542100586809,0.1628,0.785,0.1068,0.207388535031847,0.792611464968153,1,0,0.0625,0.0016984264500139,0.0637764278659603,0.000811667713398914,0.258360288308474,0.6782,3391,0.6222,0.056,3111,280,0.917428487171926,0.0825715128280743,0.047563129948873,-0.000208919890192178,-0.0698233707736374,0.0704394718948175,1,1
additive_bias,37,0.5,score_high_bias,0.964271660590579,0.855660226564211,0.964062740700387,0.108402514136176,0.1628,0.9536,0.1068,0.170721476510067,0.829278523489933,1,0,0.25,0.0016984264500139,0.251550268690183,0.000811667713398914,0.508360288308474,0.8468,4234,0.7908,0.056,3954,280,0.933868682097308,0.0661313179026925,0.108611434026368,-0.000208919890192178,-0.128014305781974,0.128507739627492,1,1
additive_bias,38,-0.5,score_low_bias,0.964997419940715,0.961143419471515,0.963020181205265,0.00187676173374973,0.162,0,0.335,,,0.483582089552239,0.516417910447761,0.25,0.00163897686405889,0.247783720127266,0.000398355691381506,-0.522651807398452,0.335,1675,0.162,0.173,810,865,0.483582089552239,0.516417910447761,0.00385400046920012,-0.00197723873545036,0.00560227383208885,0.0174066841929865,1,1
additive_bias,38,-0.25,score_low_bias,0.964997419940715,0.961143419471515,0.963020181205265,0.00187676173374973,0.162,0,0.335,,,0.483582089552239,0.516417910447761,0.0625,0.00163897686405889,0.0619127565280493,0.000398355691381506,-0.272651807398452,0.335,1675,0.162,0.173,810,865,0.483582089552239,0.516417910447761,0.00385400046920012,-0.00197723873545036,0.00560227383208885,0.0174066841929865,1,1
additive_bias,38,-0.1,score_low_bias,0.964997419940715,0.961467667334961,0.963020181205265,0.00155251387030353,0.162,0.0026,0.335,1,0,0.483582089552239,0.516417910447761,0.01,0.00163897686405889,0.0103901783685195,0.000398355691381506,-0.122651807398452,0.3324,1662,0.1594,0.173,797,865,0.479542719614922,0.520457280385078,0.00352975260575387,-0.00197723873545036,0.00467061934507677,0.0165673626390019,1,1
additive_bias,38,0,no_bias,0.964997419940715,0.964997419940715,0.963020181205265,-0.0019772387354503,0.162,0.162,0.335,1,0,0.483582089552239,0.516417910447761,0,0.00163897686405889,0.00104179292883305,0.000398355691381506,-0.0226518073984523,0.173,865,0,0.173,0,865,0,1,0,-0.00197723873545036,-0.0114291256384414,0.0114291256384414,1,1
additive_bias,38,0.1,score_high_bias,0.964997419940715,0.948346921978041,0.963020181205265,0.0146732592272235,0.162,0.6084,0.335,0.266272189349112,0.733727810650888,0.483582089552239,0.516417910447761,0.01,0.00163897686405889,0.0116934074891466,0.000398355691381506,0.0773481926015477,0.2734,1367,0.2734,0,1367,0,1,0,0.0146732592272235,0,-0.0536695655714099,0.0536695655714099,1,1
additive_bias,38,0.25,score_high_bias,0.964997419940715,0.918666794313294,0.963020181205265,0.044353386891971,0.162,0.7894,0.335,0.205219153787687,0.794780846212313,0.483582089552239,0.516417910447761,0.0625,0.00163897686405889,0.0651708293296168,0.000398355691381506,0.227348192601548,0.4544,2272,0.4544,0,2272,0,1,0,0.044353386891971,0,-0.0976086859418376,0.0976086859418376,1,1
additive_bias,38,0.5,score_high_bias,0.964997419940715,0.860137937849131,0.963020181205265,0.102882243356133,0.162,0.9502,0.335,0.170490423068828,0.829509576931172,0.483582089552239,0.516417910447761,0.25,0.00163897686405889,0.254299865730401,0.000398355691381506,0.477348192601548,0.6152,3076,0.6152,0,3076,0,1,0,0.102882243356133,0,-0.167233815598396,0.167233815598396,1,1
additive_bias,39,-0.5,score_low_bias,0.966251432765491,0.962463593611466,0.965299212852155,0.00283561924068865,0.1646,0,0.058,,,1,0,0.25,0.001282330293859,0.253719039328163,0.00103745499608488,-0.477404858037288,0.058,290,0.058,0,290,0,1,0,0.00283561924068866,0,0.0488899869084252,0.0488899869084252,1,1
additive_bias,39,-0.25,score_low_bias,0.966251432765491,0.962463593611466,0.965299212852155,0.00283561924068865,0.1646,0,0.058,,,1,0,0.0625,0.001282330293859,0.064759306210012,0.00103745499608488,-0.227404858037288,0.058,290,0.058,0,290,0,1,0,0.00283561924068866,0,0.0488899869084252,0.0488899869084252,1,1
additive_bias,39,-0.1,score_low_bias,0.966251432765491,0.962822353698855,0.965299212852155,0.00247685915330043,0.1646,0.0028,0.058,1,0,1,0,0.01,0.001282330293859,0.0113834663391212,0.00103745499608488,-0.0774048580372882,0.0552,276,0.0552,0,276,0,1,0,0.00247685915330047,0,0.0448706368351534,0.0448706368351534,1,1
additive_bias,39,0,no_bias,0.966251432765491,0.966251432765491,0.965299212852155,-0.000952219913335939,0.1646,0.1646,0.058,1,0,1,0,0,0.001282330293859,0.000799573091860681,0.00103745499608488,0.0225951419627118,0.1066,533,0,0.1066,0,533,0,1,0,-0.000952219913335887,0.00893264459039294,0.00893264459039294,1,1
additive_bias,39,0.1,score_high_bias,0.966251432765491,0.950627279548384,0.965299212852155,0.0146719333037713,0.1646,0.6012,0.058,0.273785761809714,0.726214238190286,1,0,0.01,0.001282330293859,0.0102156798446002,0.00103745499608488,0.122595141962712,0.5432,2716,0.4366,0.1066,2183,533,0.803755522827688,0.196244477172312,0.0156241532171072,-0.000952219913335887,-0.0270101864944244,0.0305161508292399,1,1
additive_bias,39,0.25,score_high_bias,0.966251432765491,0.919657928554613,0.965299212852155,0.0456412842975417,0.1646,0.7902,0.058,0.208301695773222,0.791698304226778,1,0,0.0625,0.001282330293859,0.0618398399737094,0.00103745499608488,0.272595141962712,0.7322,3661,0.6256,0.1066,3128,533,0.85441136301557,0.14558863698443,0.0465935042108776,-0.000952219913335887,-0.0623344500103001,0.0649354331114634,1,1
additive_bias,39,0.5,score_high_bias,0.966251432765491,0.859628610017734,0.965299212852155,0.105670602834421,0.1646,0.9554,0.058,0.172283860163282,0.827716139836718,1,0,0.25,0.001282330293859,0.247880106855558,0.00103745499608488,0.522595141962712,0.8974,4487,0.7908,0.1066,3954,533,0.881212391352797,0.118787608647203,0.106622822747757,-0.000952219913335887,-0.117751953236485,0.119874128216061,1,1
additive_bias,40,-0.5,score_low_bias,0.966355656443931,0.96260061517117,0.966303749977322,0.00370313480615248,0.1636,0,0.1942,,,0.842430484037075,0.157569515962925,0.25,0.00128082676066348,0.250963302980015,0.00119518574568119,-0.503586863941279,0.1942,971,0.1636,0.0306,818,153,0.842430484037075,0.157569515962925,0.00375504127276134,-5.19064666089251e-05,0.0190686653251927,0.01960323243754,1,1
additive_bias,40,-0.25,score_low_bias,0.966355656443931,0.96260061517117,0.966303749977322,0.00370313480615248,0.1636,0,0.1942,,,0.842430484037075,0.157569515962925,0.0625,0.00128082676066348,0.0631624169149838,0.00119518574568119,-0.253586863941279,0.1942,971,0.1636,0.0306,818,153,0.842430484037075,0.157569515962925,0.00375504127276134,-5.19064666089251e-05,0.0190686653251927,0.01960323243754,1,1
additive_bias,40,-0.1,score_low_bias,0.966355656443931,0.962963773993085,0.966303749977322,0.0033399759842373,0.1636,0.0028,0.1942,1,0,0.842430484037075,0.157569515962925,0.01,0.00128082676066348,0.010481885275965,0.00119518574568119,-0.103586863941279,0.1914,957,0.1608,0.0306,804,153,0.84012539184953,0.15987460815047,0.00339188245084622,-5.19064666089251e-05,0.0174502402520235,0.0179926275729109,1,1
additive_bias,40,0,no_bias,0.966355656443931,0.966355656443931,0.966303749977322,-5.19064666089086e-05,0.1636,0.1636,0.1942,1,0,0.842430484037075,0.157569515962925,0,0.00128082676066348,0.000361530849952442,0.00119518574568119,-0.00358686394127927,0.0306,153,0,0.0306,0,153,0,1,0,-5.19064666089251e-05,-0.0016962897584616,0.0016962897584616,1,1
additive_bias,40,0.1,score_high_bias,0.966355656443931,0.950071438872943,0.966303749977322,0.0162323111043791,0.1636,0.6086,0.1942,0.268813670719685,0.731186329280316,0.842430484037075,0.157569515962925,0.01,0.00128082676066348,0.0102411764239399,0.00119518574568119,0.0964131360587207,0.4144,2072,0.4144,0,2072,0,1,0,0.016232311104379,0,-0.0391706349043894,0.0391706349043894,1,1
additive_bias,40,0.25,score_high_bias,0.966355656443931,0.919405320055654,0.966303749977322,0.0468984299216683,0.1636,0.7938,0.1942,0.206097253716301,0.793902746283699,0.842430484037075,0.157569515962925,0.0625,0.00128082676066348,0.0625606447849211,0.00119518574568119,0.246413136058721,0.5996,2998,0.5996,0,2998,0,1,0,0.0468984299216683,0,-0.0782161939987797,0.0782161939987797,1,1
additive_bias,40,0.5,score_high_bias,0.966355656443931,0.860296071434677,0.966303749977322,0.106007678542645,0.1636,0.958,0.1942,0.170772442588727,0.829227557411274,0.842430484037075,0.157569515962925,0.25,0.00128082676066348,0.24975975871989,0.00119518574568119,0.496413136058721,0.7638,3819,0.7638,0,3819,0,1,0,0.106007678542645,0,-0.138789838364291,0.138789838364291,1,1
additive_bias,41,-0.5,score_low_bias,0.966522959208855,0.96279626658754,0.966512613836944,0.00371634724940328,0.1656,0,0.152,,,1,0,0.25,0.00368236493951185,0.239211797444838,0.00113924155016748,-0.49853425176214,0.152,760,0.152,0,760,0,1,0,0.00371634724940328,0,0.0244496529566005,0.0244496529566005,1,1
additive_bias,41,-0.25,score_low_bias,0.966522959208855,0.96279626658754,0.966512613836944,0.00371634724940328,0.1656,0,0.152,,,1,0,0.0625,0.00368236493951185,0.0574153314192781,0.00113924155016748,-0.24853425176214,0.152,760,0.152,0,760,0,1,0,0.00371634724940328,0,0.0244496529566005,0.0244496529566005,1,1
additive_bias,41,-0.1,score_low_bias,0.966522959208855,0.963099955069641,0.966512613836944,0.00341265876730301,0.1656,0.0024,0.152,1,0,1,0,0.01,0.00368236493951185,0.00833745180394241,0.00113924155016748,-0.0985342517621401,0.1496,748,0.1496,0,748,0,1,0,0.00341265876730295,0,0.0228118901557684,0.0228118901557684,1,1
additive_bias,41,0,no_bias,0.966522959208855,0.966522959208855,0.966512613836944,-1.03453719115798e-05,0.1656,0.1656,0.152,1,0,1,0,0,0.00368236493951185,0.000618865393718619,0.00113924155016748,0.00146574823785994,0.0136,68,0,0.0136,0,68,0,1,0,-1.03453719116605e-05,0.00076068911115151,0.00076068911115151,1,1
additive_bias,41,0.1,score_high_bias,0.966522959208855,0.950344322535739,0.966512613836944,0.0161682913012047,0.1656,0.6036,0.152,0.274353876739563,0.725646123260438,1,0,0.01,0.00368236493951185,0.0129002789834948,0.00113924155016748,0.10146574823786,0.4516,2258,0.438,0.0136,2190,68,0.969884853852967,0.0301151461470328,0.0161786366731163,-1.03453719116605e-05,-0.0358022393737924,0.0358480559013019,1,1
additive_bias,41,0.25,score_high_bias,0.966522959208855,0.91927607972626,0.966512613836944,0.0472365341106833,0.1656,0.7914,0.152,0.209249431387415,0.790750568612585,1,0,0.0625,0.00368236493951185,0.0688223993681592,0.00113924155016748,0.25146574823786,0.6394,3197,0.6258,0.0136,3129,68,0.978730059430716,0.0212699405692837,0.0472468794825949,-1.03453719116605e-05,-0.0738763436200864,0.0739087032444582,1,1
additive_bias,41,0.5,score_high_bias,0.966522959208855,0.85851076776169,0.966512613836944,0.108001846075254,0.1656,0.9582,0.152,0.172824045084534,0.827175954915466,1,0,0.25,0.00368236493951185,0.2620259333426,0.00113924155016748,0.50146574823786,0.8062,4031,0.7926,0.0136,3963,68,0.983130736789878,0.0168692632101216,0.108012191447166,-1.03453719116605e-05,-0.133964085928125,0.133989750457799,1,1
additive_bias,42,-0.5,score_low_bias,0.966265051392165,0.962541637065479,0.966158364545095,0.00361672747961606,0.165,0,0.204,,,0.808823529411765,0.191176470588235,0.25,0.00112107893050677,0.246114510951354,0.000527473099691535,-0.505412293222678,0.204,1020,0.165,0.039,825,195,0.808823529411765,0.191176470588235,0.00372341432668575,-0.000106686847069758,0.0177290562726274,0.0187750057537035,1,1
additive_bias,42,-0.25,score_low_bias,0.966265051392165,0.962541637065479,0.966158364545095,0.00361672747961606,0.165,0,0.204,,,0.808823529411765,0.191176470588235,0.0625,0.00112107893050677,0.0608641685057357,0.000527473099691535,-0.255412293222678,0.204,1020,0.165,0.039,825,195,0.808823529411765,0.191176470588235,0.00372341432668575,-0.000106686847069758,0.0177290562726274,0.0187750057537035,1,1
additive_bias,42,-0.1,score_low_bias,0.966265051392165,0.962983396866743,0.966158364545095,0.00317496767835168,0.165,0.0038,0.204,1,0,0.808823529411765,0.191176470588235,0.01,0.00112107893050677,0.00971396303836472,0.000527473099691535,-0.105412293222678,0.2002,1001,0.1612,0.039,806,195,0.805194805194805,0.194805194805195,0.00328165452542136,-0.000106686847069758,0.0158589794123456,0.0169247820803752,1,1
additive_bias,42,0,no_bias,0.966265051392165,0.966265051392165,0.966158364545095,-0.000106686847069715,0.165,0.165,0.204,1,0,0.808823529411765,0.191176470588235,0,0.00112107893050677,0.000613826060117425,0.000527473099691535,-0.00541229322267833,0.039,195,0,0.039,0,195,0,1,0,-0.000106686847069758,-0.00273556018127585,0.00273556018127585,1,1
additive_bias,42,0.1,score_high_bias,0.966265051392165,0.95004965742051,0.966158364545095,0.0161087071245852,0.165,0.5974,0.204,0.276196853029796,0.723803146970204,0.808823529411765,0.191176470588235,0.01,0.00112107893050677,0.0115136890818701,0.000527473099691535,0.0945877067773217,0.3934,1967,0.3934,0,1967,0,1,0,0.0161087071245852,0,-0.0409473999099775,0.0409473999099775,1,1
additive_bias,42,0.25,score_high_bias,0.966265051392165,0.919607611273781,0.966158364545095,0.0465507532713142,0.165,0.7818,0.204,0.21105141980046,0.78894858019954,0.808823529411765,0.191176470588235,0.0625,0.00112107893050677,0.0653634836144992,0.000527473099691535,0.244587706777322,0.5778,2889,0.5778,0,2889,0,1,0,0.0465507532713141,0,-0.080565512757553,0.080565512757553,1,1
additive_bias,42,0.5,score_high_bias,0.966265051392165,0.859581080772031,0.966158364545095,0.106577283773064,0.165,0.9482,0.204,0.174013921113689,0.825986078886311,0.808823529411765,0.191176470588235,0.25,0.00112107893050677,0.255113141168881,0.000527473099691535,0.494587706777322,0.7442,3721,0.7442,0,3721,0,1,0,0.106577283773064,0,-0.143210539872432,0.143210539872432,1,1
additive_bias,43,-0.5,score_low_bias,0.965128705534584,0.961167880080474,0.963805798376107,0.00263791829563254,0.159,0,0.0448,,,1,0,0.25,0.00162656052109898,0.243871546679263,0.000115619323625188,-0.469061329100413,0.0448,224,0.0448,0,224,0,1,0,0.0026379182956326,0,0.0588821048132276,0.0588821048132276,1,1
additive_bias,43,-0.25,score_low_bias,0.965128705534584,0.961167880080474,0.963805798376107,0.00263791829563254,0.159,0,0.0448,,,1,0,0.0625,0.00162656052109898,0.0595798084775995,0.000115619323625188,-0.219061329100413,0.0448,224,0.0448,0,224,0,1,0,0.0026379182956326,0,0.0588821048132276,0.0588821048132276,1,1
additive_bias,43,-0.1,score_low_bias,0.965128705534584,0.961727101939098,0.963805798376107,0.0020786964370092,0.159,0.0046,0.0448,1,0,1,0,0.01,0.00162656052109898,0.00900476555660164,0.000115619323625188,-0.069061329100413,0.0402,201,0.0402,0,201,0,1,0,0.00207869643700922,0,0.0517088665922692,0.0517088665922692,1,1
additive_bias,43,0,no_bias,0.965128705534584,0.965128705534584,0.963805798376107,-0.0013229071584776,0.159,0.159,0.0448,1,0,1,0,0,0.00162656052109898,0.000288070275936419,0.000115619323625188,0.030938670899587,0.1142,571,0,0.1142,0,571,0,1,0,-0.00132290715847754,0.0115841257309767,0.0115841257309767,1,1
additive_bias,43,0.1,score_high_bias,0.965128705534584,0.949843892610263,0.963805798376107,0.0139619057658436,0.159,0.5808,0.0448,0.273760330578512,0.726239669421488,1,0,0.01,0.00162656052109898,0.0115713749952712,0.000115619323625188,0.130938670899587,0.536,2680,0.4218,0.1142,2109,571,0.786940298507463,0.213059701492537,0.0152848129243211,-0.00132290715847754,-0.0260483316526931,0.030984552393281,1,1
additive_bias,43,0.25,score_high_bias,0.965128705534584,0.916442556306577,0.963805798376107,0.0473632420695301,0.159,0.784,0.0448,0.20280612244898,0.79719387755102,1,0,0.0625,0.00162656052109898,0.0659963320742734,0.000115619323625188,0.280938670899587,0.7392,3696,0.625,0.1142,3125,571,0.845508658008658,0.154491341991342,0.0486861492280077,-0.00132290715847754,-0.0640736499858362,0.0676529442457863,1,1
additive_bias,43,0.5,score_high_bias,0.965128705534584,0.85628656574853,0.963805798376107,0.107519232627577,0.159,0.9508,0.0448,0.167227597812369,0.832772402187631,1,0,0.25,0.00162656052109898,0.25670459387261,0.000115619323625188,0.530938670899587,0.906,4530,0.7918,0.1142,3959,571,0.873951434878587,0.126048565121413,0.108842139786054,-0.00132290715847754,-0.118674649699312,0.121594974552464,1,1
additive_bias,44,-0.5,score_low_bias,0.966013710206103,0.96234749206265,0.965904053966881,0.00355656190423093,0.1544,0,0.1984,,,0.778225806451613,0.221774193548387,0.25,0.00136181744642725,0.249705049477856,0.000764040827569265,-0.505321015959151,0.1984,992,0.1544,0.044,772,220,0.778225806451613,0.221774193548387,0.00366621814345343,-0.000109656239222469,0.0179262192753577,0.0190316249126809,1,1
additive_bias,44,-0.25,score_low_bias,0.966013710206103,0.96234749206265,0.965904053966881,0.00355656190423093,0.1544,0,0.1984,,,0.778225806451613,0.221774193548387,0.0625,0.00136181744642725,0.0626685560449602,0.000764040827569265,-0.255321015959151,0.1984,992,0.1544,0.044,772,220,0.778225806451613,0.221774193548387,0.00366621814345343,-0.000109656239222469,0.0179262192753577,0.0190316249126809,1,1
additive_bias,44,-0.1,score_low_bias,0.966013710206103,0.962877584724772,0.965904053966881,0.0030264692421087,0.1544,0.0044,0.1984,1,0,0.778225806451613,0.221774193548387,0.01,0.00136181744642725,0.0104466599852225,0.000764040827569265,-0.105321015959151,0.194,970,0.15,0.044,750,220,0.77319587628866,0.22680412371134,0.00313612548133122,-0.000109656239222469,0.0156003569180863,0.0167308336111015,1,1
additive_bias,44,0,no_bias,0.966013710206103,0.966013710206103,0.965904053966881,-0.000109656239222544,0.1544,0.1544,0.1984,1,0,0.778225806451613,0.221774193548387,0,0.00136181744642725,0.000632062612063972,0.000764040827569265,-0.00532101595915135,0.044,220,0,0.044,0,220,0,1,0,-0.000109656239222469,-0.00249218725505612,0.00249218725505612,1,1
additive_bias,44,0.1,score_high_bias,0.966013710206103,0.949984463764914,0.965904053966881,0.0159195902019672,0.1544,0.5976,0.1984,0.258366800535475,0.741633199464525,0.778225806451613,0.221774193548387,0.01,0.00136181744642725,0.0108174652389055,0.000764040827569265,0.0946789840408487,0.3992,1996,0.3992,0,1996,0,1,0,0.0159195902019672,0,-0.0398787329708598,0.0398787329708598,1,1
additive_bias,44,0.25,score_high_bias,0.966013710206103,0.918711763170615,0.965904053966881,0.0471922907962661,0.1544,0.7858,0.1984,0.196487655892085,0.803512344107915,0.778225806451613,0.221774193548387,0.0625,0.00136181744642725,0.0635955691791678,0.000764040827569265,0.244678984040849,0.5874,2937,0.5874,0,2937,0,1,0,0.0471922907962661,0,-0.0803409785431838,0.0803409785431838,1,1
additive_bias,44,0.5,score_high_bias,0.966013710206103,0.85612333188587,0.965904053966881,0.109780722081011,0.1544,0.9566,0.1984,0.161404975956513,0.838595024043487,0.778225806451613,0.221774193548387,0.25,0.00136181744642725,0.251559075746272,0.000764040827569265,0.494678984040849,0.7582,3791,0.7582,0,3791,0,1,0,0.109780722081011,0,-0.144791245160922,0.144791245160922,1,1
additive_bias,45,-0.5,score_low_bias,0.96585488277817,0.962318238033781,0.96536794366123,0.00304970562744877,0.1538,0,0.0754,,,1,0,0.25,0.000740420442035112,0.25011142674738,0.000649375054921826,-0.485193015097551,0.0754,377,0.0754,0,377,0,1,0,0.00304970562744874,0,0.0404470242367207,0.0404470242367207,1,1
additive_bias,45,-0.25,score_low_bias,0.96585488277817,0.962318238033781,0.96536794366123,0.00304970562744877,0.1538,0,0.0754,,,1,0,0.0625,0.000740420442035112,0.0629785468077294,0.000649375054921826,-0.235193015097551,0.0754,377,0.0754,0,377,0,1,0,0.00304970562744874,0,0.0404470242367207,0.0404470242367207,1,1
additive_bias,45,-0.1,score_low_bias,0.96585488277817,0.96281722237085,0.96536794366123,0.00255072129037981,0.1538,0.004,0.0754,1,0,1,0,0.01,0.000740420442035112,0.010698818843939,0.000649375054921826,-0.085193015097551,0.0714,357,0.0714,0,357,0,1,0,0.00255072129037979,0,0.0357243878204452,0.0357243878204452,1,1
additive_bias,45,0,no_bias,0.96585488277817,0.96585488277817,0.96536794366123,-0.000486939116939866,0.1538,0.1538,0.0754,1,0,1,0,0,0.000740420442035112,0.000845666868078746,0.000649375054921826,0.014806984902449,0.0784,392,0,0.0784,0,392,0,1,0,-0.000486939116939862,0.00621095812423293,0.00621095812423293,1,1
additive_bias,45,0.1,score_high_bias,0.96585488277817,0.949830624653681,0.96536794366123,0.0155373190075487,0.1538,0.5872,0.0754,0.261920980926431,0.738079019073569,1,0,0.01,0.000740420442035112,0.0109925148922185,0.000649375054921826,0.114806984902449,0.5118,2559,0.4334,0.0784,2167,392,0.846815162172724,0.153184837827276,0.0160242581244885,-0.000486939116939862,-0.0303581848525765,0.0322610340786018,1,1
additive_bias,45,0.25,score_high_bias,0.96585488277817,0.91721670137605,0.96536794366123,0.0481512422851803,0.1538,0.7852,0.0754,0.19587366276108,0.80412633723892,1,0,0.0625,0.000740420442035112,0.0637127869284281,0.000649375054921826,0.264806984902449,0.7098,3549,0.6314,0.0784,3157,392,0.889546351084813,0.110453648915187,0.0486381814021201,-0.000486939116939862,-0.0678377603341509,0.0692098063103128,1,1
additive_bias,45,0.5,score_high_bias,0.96585488277817,0.856735114747727,0.96536794366123,0.108632828913503,0.1538,0.953,0.0754,0.161385099685205,0.838614900314795,1,0,0.25,0.000740420442035112,0.251579906988777,0.000649375054921826,0.514806984902449,0.8776,4388,0.7992,0.0784,3996,392,0.910665451230629,0.089334548769371,0.109119768030442,-0.000486939116939862,-0.123783989190409,0.124893695473316,1,1
additive_bias,46,-0.5,score_low_bias,0.965320932287281,0.961749951487981,0.965316227170779,0.00356627568279877,0.1688,0,0.1784,,,0.946188340807175,0.0538116591928251,0.25,0.000922617646947894,0.240590945889218,0.000824117229030151,-0.501136983254274,0.1784,892,0.1688,0.0096,844,48,0.946188340807175,0.0538116591928251,0.0035709807993001,-4.70511650133605e-06,0.0199903345448361,0.0200430824876762,1,1
additive_bias,46,-0.25,score_low_bias,0.965320932287281,0.961749951487981,0.965316227170779,0.00356627568279877,0.1688,0,0.1784,,,0.946188340807175,0.0538116591928251,0.0625,0.000922617646947894,0.0581784806628423,0.000824117229030151,-0.251136983254274,0.1784,892,0.1688,0.0096,844,48,0.946188340807175,0.0538116591928251,0.0035709807993001,-4.70511650133605e-06,0.0199903345448361,0.0200430824876762,1,1
additive_bias,46,-0.1,score_low_bias,0.965320932287281,0.961937359154726,0.965316227170779,0.00337886801605392,0.1688,0.0016,0.1784,1,0,0.946188340807175,0.0538116591928251,0.01,0.000922617646947894,0.00873100152701682,0.000824117229030151,-0.101136983254274,0.1768,884,0.1672,0.0096,836,48,0.945701357466063,0.0542986425339367,0.00338357313255523,-4.70511650133605e-06,0.019111244434694,0.0191644697344828,1,1
additive_bias,46,0,no_bias,0.965320932287281,0.965320932287281,0.965316227170779,-4.70511650130234e-06,0.1688,0.1688,0.1784,1,0,0.946188340807175,0.0538116591928251,0,0.000922617646947894,0.000766015436466468,0.000824117229030151,-0.00113698325427403,0.0096,48,0,0.0096,0,48,0,1,0,-4.70511650133605e-06,-0.000490116302222505,0.000490116302222505,1,1
additive_bias,46,0.1,score_high_bias,0.965320932287281,0.949432615754454,0.965316227170779,0.0158836114163256,0.1688,0.6008,0.1784,0.280958721704394,0.719041278295606,0.946188340807175,0.0538116591928251,0.01,0.000922617646947894,0.0128010293459161,0.000824117229030151,0.098863016745726,0.4224,2112,0.4224,0,2112,0,1,0,0.0158836114163255,0,-0.0376032467242555,0.0376032467242555,1,1
additive_bias,46,0.25,score_high_bias,0.965320932287281,0.91874459154527,0.965316227170779,0.0465716356255095,0.1688,0.7856,0.1784,0.214867617107943,0.785132382892057,0.946188340807175,0.0538116591928251,0.0625,0.000922617646947894,0.0683535502100906,0.000824117229030151,0.248863016745726,0.6072,3036,0.6072,0,3036,0,1,0,0.0465716356255095,0,-0.0766990046533423,0.0766990046533423,1,1
additive_bias,46,0.5,score_high_bias,0.965320932287281,0.85710602338174,0.965316227170779,0.10821020378904,0.1688,0.9548,0.1784,0.176790950984499,0.823209049015501,0.946188340807175,0.0538116591928251,0.25,0.000922617646947894,0.260941084983715,0.000824117229030151,0.498863016745726,0.7764,3882,0.7764,0,3882,0,1,0,0.10821020378904,0,-0.139374296482534,0.139374296482534,1,1
additive_bias,47,-0.5,score_low_bias,0.965454519454638,0.961615772534939,0.965379673820994,0.00376390128605519,0.16,0,0.125,,,1,0,0.25,0.00114335468760702,0.247661019575692,8.80004254217315e-05,-0.495332440795487,0.125,625,0.125,0,625,0,1,0,0.00376390128605521,0,0.0301112102884417,0.0301112102884417,1,1
additive_bias,47,-0.25,score_low_bias,0.965454519454638,0.961615772534939,0.965379673820994,0.00376390128605519,0.16,0,0.125,,,1,0,0.0625,0.00114335468760702,0.0615260103899744,8.80004254217315e-05,-0.245332440795487,0.125,625,0.125,0,625,0,1,0,0.00376390128605521,0,0.0301112102884417,0.0301112102884417,1,1
additive_bias,47,-0.1,score_low_bias,0.965454519454638,0.961960711705801,0.965379673820994,0.00341896211519321,0.16,0.0026,0.125,1,0,1,0,0.01,0.00114335468760702,0.00984500487854414,8.80004254217315e-05,-0.0953324407954872,0.1224,612,0.1224,0,612,0,1,0,0.00341896211519323,0,0.0279326970195525,0.0279326970195525,1,1
additive_bias,47,0,no_bias,0.965454519454638,0.965454519454638,0.965379673820994,-7.48456336440162e-05,0.16,0.16,0.125,1,0,1,0,0,0.00114335468760702,0.00039100120425729,8.80004254217315e-05,0.00466755920451278,0.035,175,0,0.035,0,175,0,1,0,-7.48456336439511e-05,0.00213844667554146,0.00213844667554146,1,1
additive_bias,47,0.1,score_high_bias,0.965454519454638,0.949497625871967,0.965379673820994,0.0158820479490265,0.16,0.5956,0.125,0.268636668905306,0.731363331094694,1,0,0.01,0.00114335468760702,0.0109369975299704,8.80004254217315e-05,0.104667559204513,0.4706,2353,0.4356,0.035,2178,175,0.925626859328517,0.0743731406714832,0.0159568935826704,-7.48456336439511e-05,-0.0337485081789767,0.0340665941698137,1,1
additive_bias,47,0.25,score_high_bias,0.965454519454638,0.919621959840052,0.965379673820994,0.0457577139809423,0.16,0.7786,0.125,0.205497045979964,0.794502954020036,1,0,0.0625,0.00114335468760702,0.0642559920185402,8.80004254217315e-05,0.254667559204513,0.6536,3268,0.6186,0.035,3093,175,0.946450428396573,0.0535495716034272,0.0458325596145863,-7.48456336439511e-05,-0.0700087423209032,0.0702377681276472,1,1
additive_bias,47,0.5,score_high_bias,0.965454519454638,0.858092432699966,0.965379673820994,0.107287241121028,0.16,0.9492,0.125,0.168563000421408,0.831436999578593,1,0,0.25,0.00114335468760702,0.253120982832823,8.80004254217315e-05,0.504667559204513,0.8242,4121,0.7892,0.035,3946,175,0.957534578985683,0.0424654210143169,0.107362086754672,-7.48456336439511e-05,-0.1301713675334,0.130352987610187,1,1
additive_bias,48,-0.5,score_low_bias,0.965668576163691,0.961837770776769,0.965388290949742,0.00355052017297353,0.1606,0,0.2284,,,0.703152364273205,0.296847635726795,0.25,0.0016542342866915,0.24764757321274,0.00099939572474766,-0.508709607507952,0.2284,1142,0.1606,0.0678,803,339,0.703152364273205,0.296847635726795,0.00383080538692246,-0.000280285213948904,0.0155451846452433,0.0179995210195769,1,1
additive_bias,48,-0.25,score_low_bias,0.965668576163691,0.961837770776769,0.965388290949742,0.00355052017297353,0.1606,0,0.2284,,,0.703152364273205,0.296847635726795,0.0625,0.0016542342866915,0.0615753082623677,0.00099939572474766,-0.258709607507952,0.2284,1142,0.1606,0.0678,803,339,0.703152364273205,0.296847635726795,0.00383080538692246,-0.000280285213948904,0.0155451846452433,0.0179995210195769,1,1
additive_bias,48,-0.1,score_low_bias,0.965668576163691,0.962400169707623,0.965388290949742,0.00298812124211934,0.1606,0.0044,0.2284,1,0,0.703152364273205,0.296847635726795,0.01,0.0016542342866915,0.0099319492921445,0.00099939572474766,-0.108709607507952,0.224,1120,0.1562,0.0678,781,339,0.697321428571429,0.302678571428571,0.00326840645606827,-0.000280285213948904,0.0133398269737472,0.0158423735268624,1,1
additive_bias,48,0,no_bias,0.965668576163691,0.965668576163691,0.965388290949742,-0.00028028521394885,0.1606,0.1606,0.2284,1,0,0.703152364273205,0.296847635726795,0,0.0016542342866915,0.000503043311995719,0.00099939572474766,-0.0087096075079518,0.0678,339,0,0.0678,0,339,0,1,0,-0.000280285213948904,-0.00413400020573605,0.00413400020573605,1,1
additive_bias,48,0.1,score_high_bias,0.965668576163691,0.949680495198351,0.965388290949742,0.0157077957513915,0.1606,0.594,0.2284,0.27037037037037,0.72962962962963,0.703152364273205,0.296847635726795,0.01,0.0016542342866915,0.0110741373318469,0.00099939572474766,0.0912903924920482,0.3656,1828,0.3656,0,1828,0,1,0,0.0157077957513915,0,-0.0429644303922086,0.0429644303922086,1,1
additive_bias,48,0.25,score_high_bias,0.965668576163691,0.916024899701777,0.965388290949742,0.0493633912479654,0.1606,0.794,0.2284,0.202267002518892,0.797732997481108,0.703152364273205,0.296847635726795,0.0625,0.0016542342866915,0.0644307783616238,0.00099939572474766,0.241290392492048,0.5656,2828,0.5656,0,2828,0,1,0,0.0493633912479654,0,-0.0872761514285102,0.0872761514285102,1,1
additive_bias,48,0.5,score_high_bias,0.965668576163691,0.858915385631875,0.965388290949742,0.106472905317867,0.1606,0.9526,0.2284,0.168591224018476,0.831408775981524,0.703152364273205,0.296847635726795,0.25,0.0016542342866915,0.253358513411252,0.00099939572474766,0.491290392492048,0.7242,3621,0.7242,0,3621,0,1,0,0.106472905317867,0,-0.14702141027046,0.14702141027046,1,1
additive_bias,49,-0.5,score_low_bias,0.965517886298715,0.961944875065792,0.965458726765927,0.00351385170013518,0.1616,0,0.1306,,,1,0,0.25,0.000940361735463264,0.251489233518402,0.000199128145365976,-0.495850374574527,0.1306,653,0.1306,0,653,0,1,0,0.00351385170013518,0,0.0269054494650473,0.0269054494650473,1,1
additive_bias,49,-0.25,score_low_bias,0.965517886298715,0.961944875065792,0.965458726765927,0.00351385170013518,0.1616,0,0.1306,,,1,0,0.0625,0.000940361735463264,0.0634357644569061,0.000199128145365976,-0.245850374574527,0.1306,653,0.1306,0,653,0,1,0,0.00351385170013518,0,0.0269054494650473,0.0269054494650473,1,1
additive_bias,49,-0.1,score_low_bias,0.965517886298715,0.96228873308234,0.965458726765927,0.00316999368358739,0.1616,0.0028,0.1306,1,0,1,0,0.01,0.000940361735463264,0.0106036830200085,0.000199128145365976,-0.095850374574527,0.1278,639,0.1278,0,639,0,1,0,0.00316999368358735,0,0.0248043324224363,0.0248043324224363,1,1
additive_bias,49,0,no_bias,0.965517886298715,0.965517886298715,0.965458726765927,-5.91595327884553e-05,0.1616,0.1616,0.1306,1,0,1,0,0,0.000940361735463264,0.000382295395410046,0.000199128145365976,0.00414962542547304,0.031,155,0,0.031,0,155,0,1,0,-5.91595327884657e-05,0.00190837202543438,0.00190837202543438,1,1
additive_bias,49,0.1,score_high_bias,0.965517886298715,0.949035635960542,0.965458726765927,0.0164230908053854,0.1616,0.607,0.1306,0.266227347611203,0.733772652388797,1,0,0.01,0.000940361735463264,0.0101609077708116,0.000199128145365976,0.104149625425473,0.4764,2382,0.4454,0.031,2227,155,0.934928631402183,0.065071368597817,0.0164822503381739,-5.91595327884657e-05,-0.0344733224294404,0.034721683188418,1,1
additive_bias,49,0.25,score_high_bias,0.965517886298715,0.91684856095016,0.965458726765927,0.0486101658157668,0.1616,0.7998,0.1306,0.202050512628157,0.797949487371843,1,0,0.0625,0.000940361735463264,0.062328826333914,0.000199128145365976,0.254149625425473,0.6692,3346,0.6382,0.031,3191,155,0.953676031081889,0.0463239689181112,0.0486693253485553,-5.91595327884657e-05,-0.0726392196888326,0.0728160264216135,1,1
additive_bias,49,0.5,score_high_bias,0.965517886298715,0.860609220000383,0.965458726765927,0.104849506765544,0.1616,0.9546,0.1306,0.169285564634402,0.830714435365598,1,0,0.25,0.000940361735463264,0.249275357272418,0.000199128145365976,0.504149625425473,0.824,4120,0.793,0.031,3965,155,0.962378640776699,0.037621359223301,0.104908666298333,-5.91595327884657e-05,-0.127244547045563,0.127388138144565,1,1
additive_bias,50,-0.5,score_low_bias,0.96513717249675,0.961523494547276,0.964225375128156,0.00270188058087972,0.1556,0,0.2794,,,0.556907659269864,0.443092340730136,0.25,0.00144017534983703,0.274118513299677,0.000611439874269451,-0.515142778921398,0.2794,1397,0.1556,0.1238,778,619,0.556907659269864,0.443092340730136,0.00361367794947336,-0.000911797368593678,0.00967029556506686,0.016197119964449,1,1
additive_bias,50,-0.25,score_low_bias,0.96513717249675,0.961523494547276,0.964225375128156,0.00270188058087972,0.1556,0,0.2794,,,0.556907659269864,0.443092340730136,0.0625,0.00144017534983703,0.075122853752489,0.000611439874269451,-0.265142778921398,0.2794,1397,0.1556,0.1238,778,619,0.556907659269864,0.443092340730136,0.00361367794947336,-0.000911797368593678,0.00967029556506686,0.016197119964449,1,1
additive_bias,50,-0.1,score_low_bias,0.96513717249675,0.961896553218383,0.964225375128156,0.00232882190977335,0.1556,0.0032,0.2794,1,0,0.556907659269864,0.443092340730136,0.01,0.00144017534983703,0.0157254580241764,0.000611439874269451,-0.115142778921398,0.2762,1381,0.1524,0.1238,762,619,0.551774076755974,0.448225923244026,0.00324061927836697,-0.000911797368593678,0.00843165065088084,0.0150340935805961,1,1
additive_bias,50,0,no_bias,0.96513717249675,0.96513717249675,0.964225375128156,-0.000911797368593703,0.1556,0.1556,0.2794,1,0,0.556907659269864,0.443092340730136,0,0.00144017534983703,0.00112719420530133,0.000611439874269451,-0.0151427789213984,0.1238,619,0,0.1238,0,619,0,1,0,-0.000911797368593678,-0.00736508375277608,0.00736508375277608,1,1
additive_bias,50,0.1,score_high_bias,0.96513717249675,0.949412248371654,0.964225375128156,0.0148131267565021,0.1556,0.5908,0.2794,0.263371699390657,0.736628300609343,0.556907659269864,0.443092340730136,0.01,0.00144017534983703,0.00652893038642625,0.000611439874269451,0.0848572210786016,0.3114,1557,0.3114,0,1557,0,1,0,0.0148131267565021,0,-0.0475694500851062,0.0475694500851062,1,1
additive_bias,50,0.25,score_high_bias,0.96513717249675,0.916607400568146,0.964225375128156,0.0476179745600098,0.1556,0.7886,0.2794,0.197311691605377,0.802688308394623,0.556907659269864,0.443092340730136,0.0625,0.00144017534983703,0.0521315346581136,0.000611439874269451,0.234857221078602,0.5092,2546,0.5092,0,2546,0,1,0,0.0476179745600098,0,-0.0935152681854081,0.0935152681854081,1,1
additive_bias,50,0.5,score_high_bias,0.96513717249675,0.855318932929352,0.964225375128156,0.108906442198804,0.1556,0.9578,0.2794,0.162455627479641,0.837544372520359,0.556907659269864,0.443092340730136,0.25,0.00144017534983703,0.228135875110926,0.000611439874269451,0.484857221078602,0.6784,3392,0.6784,0,3392,0,1,0,0.108906442198804,0,-0.160534260316633,0.160534260316633,1,1
additive_bias,51,-0.5,score_low_bias,0.963770137272835,0.959663943331937,0.963645921443448,0.00398197811151058,0.1704,0,0.128,,,1,0,0.25,0.00091370974259595,0.246855293563961,0.000799747033056578,-0.494065617392237,0.128,640,0.128,0,640,0,1,0,0.00398197811151049,0,0.0311092039961757,0.0311092039961757,1,1
additive_bias,51,-0.25,score_low_bias,0.963770137272835,0.959663943331937,0.963645921443448,0.00398197811151058,0.1704,0,0.128,,,1,0,0.0625,0.00091370974259595,0.0610726979432923,0.000799747033056578,-0.244065617392237,0.128,640,0.128,0,640,0,1,0,0.00398197811151049,0,0.0311092039961757,0.0311092039961757,1,1
additive_bias,51,-0.1,score_low_bias,0.963770137272835,0.960006676655764,0.963645921443448,0.00363924478768407,0.1704,0.003,0.128,1,0,1,0,0.01,0.00091370974259595,0.00960314057089118,0.000799747033056578,-0.0940656173922368,0.125,625,0.125,0,625,0,1,0,0.00363924478768397,0,0.0291139583014718,0.0291139583014718,1,1
additive_bias,51,0,no_bias,0.963770137272835,0.963770137272835,0.963645921443448,-0.000124215829387375,0.1704,0.1704,0.128,1,0,1,0,0,0.00091370974259595,0.000290102322623776,0.000799747033056578,0.00593438260776324,0.0424,212,0,0.0424,0,212,0,1,0,-0.00012421582938745,0.00292961861762854,0.00292961861762854,1,1
additive_bias,51,0.1,score_high_bias,0.963770137272835,0.948257693775251,0.963645921443448,0.0153882276681973,0.1704,0.5868,0.128,0.29038854805726,0.70961145194274,1,0,0.01,0.00091370974259595,0.0109770640743564,0.000799747033056578,0.105934382607763,0.4588,2294,0.4164,0.0424,2082,212,0.907585004359198,0.0924149956408021,0.0155124434975846,-0.00012421582938745,-0.0335401649263234,0.0340816463098781,1,1
additive_bias,51,0.25,score_high_bias,0.963770137272835,0.914448182431583,0.963645921443448,0.0491977390118653,0.1704,0.7896,0.128,0.21580547112462,0.78419452887538,1,0,0.0625,0.00091370974259595,0.0645075067019553,0.000799747033056578,0.255934382607763,0.6616,3308,0.6192,0.0424,3096,212,0.935912938331318,0.064087061668682,0.0493219548412527,-0.00012421582938745,-0.0743617578776681,0.0747372591756955,1,1
additive_bias,51,0.5,score_high_bias,0.963770137272835,0.855204465200539,0.963645921443448,0.108441456242909,0.1704,0.9528,0.128,0.178841309823678,0.821158690176322,1,0,0.25,0.00091370974259595,0.253724911081287,0.000799747033056578,0.505934382607763,0.8248,4124,0.7824,0.0424,3912,212,0.948593598448109,0.0514064015518914,0.108565672072296,-0.00012421582938745,-0.131476062370161,0.131777264672264,1,1
additive_bias,52,-0.5,score_low_bias,0.965942373499064,0.962181724898854,0.965403225080692,0.00322150018183753,0.1554,0,0.0766,,,1,0,0.25,0.00152550651728022,0.257724933597161,0.000763613938607641,-0.484197219570537,0.0766,383,0.0766,0,383,0,1,0,0.00322150018183755,0,0.0420561381440933,0.0420561381440933,1,1
additive_bias,52,-0.25,score_low_bias,0.965942373499064,0.962181724898854,0.965403225080692,0.00322150018183753,0.1554,0,0.0766,,,1,0,0.0625,0.00152550651728022,0.0666467836822904,0.000763613938607641,-0.234197219570537,0.0766,383,0.0766,0,383,0,1,0,0.00322150018183755,0,0.0420561381440933,0.0420561381440933,1,1
additive_bias,52,-0.1,score_low_bias,0.965942373499064,0.962622196233095,0.965403225080692,0.00278102884759723,0.1554,0.0034,0.0766,1,0,1,0,0.01,0.00152550651728022,0.0119998937333681,0.000763613938607641,-0.0841972195705366,0.0732,366,0.0732,0,366,0,1,0,0.00278102884759722,0,0.0379921973715467,0.0379921973715467,1,1
additive_bias,52,0,no_bias,0.965942373499064,0.965942373499064,0.965403225080692,-0.000539148418372104,0.1554,0.1554,0.0766,1,0,1,0,0,0.00152550651728022,0.000568633767419811,0.000763613938607641,0.0158027804294634,0.0788,394,0,0.0788,0,394,0,1,0,-0.000539148418372092,0.00684198500472198,0.00684198500472198,1,1
additive_bias,52,0.1,score_high_bias,0.965942373499064,0.950450609079655,0.965403225080692,0.0149526160010373,0.1554,0.5908,0.0766,0.26303317535545,0.73696682464455,1,0,0.01,0.00152550651728022,0.00913737380147157,0.000763613938607641,0.115802780429463,0.5142,2571,0.4354,0.0788,2177,394,0.846752236483859,0.153247763516142,0.0154917644194094,-0.000539148418372092,-0.0290793776760741,0.0311764154760433,1,1
additive_bias,52,0.25,score_high_bias,0.965942373499064,0.917705198947698,0.965403225080692,0.0476980261329937,0.1554,0.7904,0.0766,0.196609311740891,0.803390688259109,1,0,0.0625,0.00152550651728022,0.0594904838525492,0.000763613938607641,0.265802780429463,0.7138,3569,0.635,0.0788,3175,394,0.88960493135332,0.11039506864668,0.0482371745513658,-0.000539148418372092,-0.0668226760058752,0.0683333188144268,1,1
additive_bias,52,0.5,score_high_bias,0.965942373499064,0.857537007592773,0.965403225080692,0.107866217487919,0.1554,0.9566,0.0766,0.162450344971775,0.837549655028225,1,0,0.25,0.00152550651728022,0.243412333937679,0.000763613938607641,0.515802780429463,0.88,4400,0.8012,0.0788,4006,394,0.910454545454545,0.0895454545454545,0.108405365906291,-0.000539148418372092,-0.122575247145363,0.123800584459845,1,1
additive_bias,53,-0.5,score_low_bias,0.965630753708102,0.961844307938202,0.964128790301776,0.0022844823635737,0.1672,0,0.3188,,,0.524466750313676,0.475533249686324,0.25,0.00308144807955895,0.259543446942564,0.00258679934929861,-0.518951292603576,0.3188,1594,0.1672,0.1516,836,758,0.524466750313676,0.475533249686324,0.0037864457699005,-0.00150196340632675,0.00716587943404562,0.0165884854963214,1,1
additive_bias,53,-0.25,score_low_bias,0.965630753708102,0.961844307938202,0.964128790301776,0.0022844823635737,0.1672,0,0.3188,,,0.524466750313676,0.475533249686324,0.0625,0.00308144807955895,0.0676068353486563,0.00258679934929861,-0.268951292603576,0.3188,1594,0.1672,0.1516,836,758,0.524466750313676,0.475533249686324,0.0037864457699005,-0.00150196340632675,0.00716587943404562,0.0165884854963214,1,1
additive_bias,53,-0.1,score_low_bias,0.965630753708102,0.962225511289982,0.964128790301776,0.00190327901179344,0.1672,0.0032,0.3188,1,0,0.524466750313676,0.475533249686324,0.01,0.00308144807955895,0.0124448683923114,0.00258679934929861,-0.118951292603576,0.3156,1578,0.164,0.1516,820,758,0.519645120405577,0.480354879594423,0.00340524241812016,-0.00150196340632675,0.00603066860517554,0.0155488143993882,1,1
additive_bias,53,0,no_bias,0.965630753708102,0.965630753708102,0.964128790301776,-0.0015019634063268,0.1672,0.1672,0.3188,1,0,0.524466750313676,0.475533249686324,0,0.00308144807955895,0.000670223754748132,0.00258679934929861,-0.0189512926035764,0.1516,758,0,0.1516,0,758,0,1,0,-0.00150196340632675,-0.00990741033197068,0.00990741033197068,1,1
additive_bias,53,0.1,score_high_bias,0.965630753708102,0.950278761182723,0.964128790301776,0.0138500291190523,0.1672,0.5966,0.3188,0.280254777070064,0.719745222929936,0.524466750313676,0.475533249686324,0.01,0.00308144807955895,0.00889557911718489,0.00258679934929861,0.0810487073964236,0.2778,1389,0.2778,0,1389,0,1,0,0.0138500291190523,0,-0.0498561163392811,0.0498561163392811,1,1
additive_bias,53,0.25,score_high_bias,0.965630753708102,0.919428523160452,0.964128790301776,0.044700267141324,0.1672,0.7848,0.3188,0.213047910295617,0.786952089704383,0.524466750313676,0.475533249686324,0.0625,0.00308144807955895,0.05873361216084,0.00258679934929861,0.231048707396424,0.466,2330,0.466,0,2330,0,1,0,0.044700267141324,0,-0.0959233200457597,0.0959233200457597,1,1
additive_bias,53,0.5,score_high_bias,0.965630753708102,0.858710596272567,0.964128790301776,0.105418194029208,0.1672,0.9526,0.3188,0.175519630484988,0.824480369515012,0.524466750313676,0.475533249686324,0.25,0.00308144807955895,0.241797000566932,0.00258679934929861,0.481048707396424,0.6338,3169,0.6338,0,3169,0,1,0,0.105418194029208,0,-0.166327223144854,0.166327223144854,1,1
additive_bias,54,-0.5,score_low_bias,0.965668669767958,0.961680879255011,0.964504252883286,0.00282337362827434,0.1674,0,0.3022,,,0.553937789543349,0.446062210456651,0.25,0.000903949843694817,0.243543837833758,0.00120132565038067,-0.517025216345328,0.3022,1511,0.1674,0.1348,837,674,0.553937789543349,0.446062210456651,0.00398779051294706,-0.00116441688467267,0.00934273205914756,0.0170489986684968,1,1
additive_bias,54,-0.25,score_low_bias,0.965668669767958,0.961680879255011,0.964504252883286,0.00282337362827434,0.1674,0,0.3022,,,0.553937789543349,0.446062210456651,0.0625,0.000903949843694817,0.0595392161875737,0.00120132565038067,-0.267025216345328,0.3022,1511,0.1674,0.1348,837,674,0.553937789543349,0.446062210456651,0.00398779051294706,-0.00116441688467267,0.00934273205914756,0.0170489986684968,1,1
additive_bias,54,-0.1,score_low_bias,0.965668669767958,0.961987506467468,0.964504252883286,0.00251674641581767,0.1674,0.0026,0.3022,1,0,0.553937789543349,0.446062210456651,0.01,0.000903949843694817,0.00913644319986307,0.00120132565038067,-0.117025216345328,0.2996,1498,0.1648,0.1348,824,674,0.550066755674232,0.449933244325768,0.00368116330049034,-0.00116441688467267,0.00840035519298288,0.0161734986153639,1,1
additive_bias,54,0,no_bias,0.965668669767958,0.965668669767958,0.964504252883286,-0.00116441688467273,0.1674,0.1674,0.3022,1,0,0.553937789543349,0.446062210456651,0,0.000903949843694817,0.000534594541389303,0.00120132565038067,-0.0170252163453282,0.1348,674,0,0.1348,0,674,0,1,0,-0.00116441688467267,-0.00863810745306136,0.00863810745306136,1,1
additive_bias,54,0.1,score_high_bias,0.965668669767958,0.949711495085451,0.964504252883286,0.0147927577978348,0.1674,0.6076,0.3022,0.275510204081633,0.724489795918367,0.553937789543349,0.446062210456651,0.01,0.000903949843694817,0.0119327458829155,0.00120132565038067,0.0829747836546718,0.3054,1527,0.3054,0,1527,0,1,0,0.0147927577978349,0,-0.0484373208835458,0.0484373208835458,1,1
additive_bias,54,0.25,score_high_bias,0.965668669767958,0.918839589186875,0.964504252883286,0.0456646636964108,0.1674,0.7956,0.3022,0.210407239819005,0.789592760180995,0.553937789543349,0.446062210456651,0.0625,0.000903949843694817,0.0665299728952049,0.00120132565038067,0.232974783654672,0.4934,2467,0.4934,0,2467,0,1,0,0.0456646636964108,0,-0.0925510006007515,0.0925510006007515,1,1
additive_bias,54,0.5,score_high_bias,0.965668669767958,0.86222287762487,0.964504252883286,0.102281375258415,0.1674,0.953,0.3022,0.175655823714586,0.824344176285415,0.553937789543349,0.446062210456651,0.25,0.000903949843694817,0.257525351249021,0.00120132565038067,0.482974783654672,0.6508,3254,0.6508,0,3254,0,1,0,0.102281375258415,0,-0.157162531128481,0.157162531128481,1,1
additive_bias,55,-0.5,score_low_bias,0.963914386587492,0.960630341002352,0.963722312036082,0.00309197103372949,0.154,0,0.1012,,,1,0,0.25,0.000884320212779482,0.260688579518514,0.00124656772608055,-0.492266024344372,0.1012,506,0.1012,0,506,0,1,0,0.00309197103372953,0,0.0305530734558254,0.0305530734558254,1,1
additive_bias,55,-0.25,score_low_bias,0.963914386587492,0.960630341002352,0.963722312036082,0.00309197103372949,0.154,0,0.1012,,,1,0,0.0625,0.000884320212779482,0.0680845771534048,0.00124656772608055,-0.242266024344372,0.1012,506,0.1012,0,506,0,1,0,0.00309197103372953,0,0.0305530734558254,0.0305530734558254,1,1
additive_bias,55,-0.1,score_low_bias,0.963914386587492,0.960997842841067,0.963722312036082,0.00272446919501479,0.154,0.0032,0.1012,1,0,1,0,0.01,0.000884320212779482,0.0125221757343394,0.00124656772608055,-0.0922660243443722,0.098,490,0.098,0,490,0,1,0,0.00272446919501481,0,0.0278007060715797,0.0278007060715797,1,1
additive_bias,55,0,no_bias,0.963914386587492,0.963914386587492,0.963722312036082,-0.000192074551410015,0.154,0.154,0.1012,1,0,1,0,0,0.000884320212779482,0.000480574788295729,0.00124656772608055,0.00773397565562783,0.0528,264,0,0.0528,0,264,0,1,0,-0.000192074551410027,0.00363777559488687,0.00363777559488687,1,1
additive_bias,55,0.1,score_high_bias,0.963914386587492,0.948246074944039,0.963722312036082,0.015476237092043,0.154,0.575,0.1012,0.267826086956522,0.732173913043478,1,0,0.01,0.000884320212779482,0.0084389738422521,0.00124656772608055,0.107733975655628,0.4738,2369,0.421,0.0528,2105,264,0.888560574081891,0.111439425918109,0.0156683116434531,-0.000192074551410027,-0.032664071532383,0.0334748547802092,1,1
additive_bias,55,0.25,score_high_bias,0.963914386587492,0.915078640028449,0.963722312036082,0.0486436720076334,0.154,0.776,0.1012,0.198453608247423,0.801546391752577,1,0,0.0625,0.000884320212779482,0.0578765724231867,0.00124656772608055,0.257733975655628,0.6748,3374,0.622,0.0528,3110,264,0.921754593953764,0.0782454060462359,0.0488357465590435,-0.000192074551410027,-0.0720860581025985,0.0726553365596525,1,1
additive_bias,55,0.5,score_high_bias,0.963914386587492,0.850424538500601,0.963722312036082,0.113297773535482,0.154,0.955,0.1012,0.161256544502618,0.838743455497382,1,0,0.25,0.000884320212779482,0.240272570058078,0.00124656772608055,0.507733975655628,0.8538,4269,0.801,0.0528,4005,264,0.938158819395643,0.061841180604357,0.113489848086892,-0.000192074551410027,-0.132698259001501,0.133148187676624,1,1
additive_bias,56,-0.5,score_low_bias,0.966051900585591,0.962064160389014,0.963901958654542,0.00183779826552766,0.1648,0,0.0248,,,1,0,0.25,0.00231107153526844,0.258685946181596,0.00070291908028256,-0.451090892728312,0.0248,124,0.0248,0,124,0,1,0,0.00183779826552769,0,0.0741047687712777,0.0741047687712777,1,1
additive_bias,56,-0.25,score_low_bias,0.966051900585591,0.962064160389014,0.963901958654542,0.00183779826552766,0.1648,0,0.0248,,,1,0,0.0625,0.00231107153526844,0.0672201833195469,0.00070291908028256,-0.201090892728312,0.0248,124,0.0248,0,124,0,1,0,0.00183779826552769,0,0.0741047687712777,0.0741047687712777,1,1
additive_bias,56,-0.1,score_low_bias,0.966051900585591,0.962525149550107,0.963901958654542,0.00137680910443438,0.1648,0.0038,0.0248,1,0,1,0,0.01,0.00231107153526844,0.0123407256023175,0.00070291908028256,-0.0510908927283118,0.021,105,0.021,0,105,0,1,0,0.00137680910443435,0,0.0655623383063974,0.0655623383063974,1,1
additive_bias,56,0,no_bias,0.966051900585591,0.966051900585591,0.963901958654542,-0.00214994193104945,0.1648,0.1648,0.0248,1,0,1,0,0,0.00231107153526844,0.000754420457497899,0.00070291908028256,0.0489091072716882,0.14,700,0,0.14,0,700,0,1,0,-0.00214994193104948,0.0153567280789248,0.0153567280789248,1,1
additive_bias,56,0.1,score_high_bias,0.966051900585591,0.950525376667894,0.963901958654542,0.013376581986648,0.1648,0.5926,0.0248,0.278096523793453,0.721903476206547,1,0,0.01,0.00231107153526844,0.00916811531267831,0.00070291908028256,0.148909107271688,0.5678,2839,0.4278,0.14,2139,700,0.753434307854879,0.246565692145122,0.0155265239176975,-0.00214994193104948,-0.0235586156862418,0.0311315002619708,1,1
additive_bias,56,0.25,score_high_bias,0.966051900585591,0.919894268817079,0.963901958654542,0.0440076898374625,0.1648,0.7766,0.0248,0.212207056399691,0.787792943600309,1,0,0.0625,0.00231107153526844,0.0592886575954489,0.00070291908028256,0.298909107271688,0.7518,3759,0.6118,0.14,3059,700,0.813780260707635,0.186219739292365,0.046157631768512,-0.00214994193104948,-0.0585364323456538,0.064255884144136,1,1
additive_bias,56,0.5,score_high_bias,0.966051900585591,0.855787735561108,0.963901958654542,0.108114223093434,0.1648,0.9528,0.0248,0.17296389588581,0.82703610411419,1,0,0.25,0.00231107153526844,0.2428228947334,0.00070291908028256,0.548909107271688,0.928,4640,0.788,0.14,3940,700,0.849137931034483,0.150862068965517,0.110264165024484,-0.00214994193104948,-0.116502395574821,0.121135891115876,1,1
additive_bias,57,-0.5,score_low_bias,0.966531456426955,0.962793051566097,0.966393294880428,0.00360024331433051,0.1608,0,0.115,,,1,0,0.25,0.00135895410281145,0.239752136545448,0.000778717690311967,-0.493789673577006,0.115,575,0.115,0,575,0,1,0,0.00360024331433048,0,0.0313064636028738,0.0313064636028738,1,1
additive_bias,57,-0.25,score_low_bias,0.966531456426955,0.962793051566097,0.966393294880428,0.00360024331433051,0.1608,0,0.115,,,1,0,0.0625,0.00135895410281145,0.0575319467019308,0.000778717690311967,-0.243789673577006,0.115,575,0.115,0,575,0,1,0,0.00360024331433048,0,0.0313064636028738,0.0313064636028738,1,1
additive_bias,57,-0.1,score_low_bias,0.966531456426955,0.963135786447749,0.966393294880428,0.0032575084326788,0.1608,0.003,0.115,1,0,1,0,0.01,0.00135895410281145,0.00819983279582064,0.000778717690311967,-0.0937896735770061,0.112,560,0.112,0,560,0,1,0,0.00325750843267877,0,0.0290848967203462,0.0290848967203462,1,1
additive_bias,57,0,no_bias,0.966531456426955,0.966531456426955,0.966393294880428,-0.000138161546527238,0.1608,0.1608,0.115,1,0,1,0,0,0.00135895410281145,0.000311756858413888,0.000778717690311967,0.00621032642299391,0.0458,229,0,0.0458,0,229,0,1,0,-0.000138161546527315,0.00301662765343483,0.00301662765343483,1,1
additive_bias,57,0.1,score_high_bias,0.966531456426955,0.950102314480399,0.966393294880428,0.016290980400029,0.1608,0.6092,0.115,0.263952724885095,0.736047275114905,1,0,0.01,0.00135895410281145,0.0124236809210071,0.000778717690311967,0.106210326422994,0.4942,2471,0.4484,0.0458,2242,229,0.907324969647916,0.0926750303520842,0.0164291419465563,-0.000138161546527315,-0.0329643472279015,0.0335234793465876,1,1
additive_bias,57,0.25,score_high_bias,0.966531456426955,0.917542898462675,0.966393294880428,0.0488503964177529,0.1608,0.8058,0.115,0.199553239017126,0.800446760982874,1,0,0.0625,0.00135895410281145,0.068091567014897,0.000778717690311967,0.256210326422994,0.6908,3454,0.645,0.0458,3225,229,0.93370005790388,0.0662999420961205,0.0489885579642802,-0.000138161546527315,-0.0707156867657106,0.0711156912432071,1,1
additive_bias,57,0.5,score_high_bias,0.966531456426955,0.862926117234113,0.966393294880428,0.103467177646315,0.1608,0.9558,0.115,0.168236032642812,0.831763967357188,1,0,0.25,0.00135895410281145,0.26087137717138,0.000778717690311967,0.506210326422994,0.8408,4204,0.795,0.0458,3975,229,0.945528068506185,0.0544719314938154,0.103605339192842,-0.000138161546527315,-0.123058013375731,0.123386656445492,1,1
additive_bias,58,-0.5,score_low_bias,0.964645323846871,0.961019451721517,0.964597910995214,0.00357845927369704,0.1596,0,0.1324,,,1,0,0.25,0.00114764472251737,0.248881383598333,0.000604040772416624,-0.49646327282692,0.1324,662,0.1324,0,662,0,1,0,0.00357845927369703,0,0.0270276380188597,0.0270276380188597,1,1
additive_bias,58,-0.25,score_low_bias,0.964645323846871,0.961019451721517,0.964597910995214,0.00357845927369704,0.1596,0,0.1324,,,1,0,0.0625,0.00114764472251737,0.0621035103454338,0.000604040772416624,-0.24646327282692,0.1324,662,0.1324,0,662,0,1,0,0.00357845927369703,0,0.0270276380188597,0.0270276380188597,1,1
additive_bias,58,-0.1,score_low_bias,0.964645323846871,0.961434402679944,0.964597910995214,0.00316350831527035,0.1596,0.0036,0.1324,1,0,1,0,0.01,0.00114764472251737,0.0100367863936942,0.000604040772416624,-0.0964632728269203,0.1288,644,0.1288,0,644,0,1,0,0.00316350831527032,0,0.0245613999632789,0.0245613999632789,1,1
additive_bias,58,0,no_bias,0.964645323846871,0.964645323846871,0.964597910995214,-4.74128516566585e-05,0.1596,0.1596,0.1324,1,0,1,0,0,0.00114764472251737,0.000325637092534488,0.000604040772416624,0.00353672717307973,0.0272,136,0,0.0272,0,136,0,1,0,-4.74128516566168e-05,0.00174311954619915,0.00174311954619915,1,1
additive_bias,58,0.1,score_high_bias,0.964645323846871,0.948908957039675,0.964597910995214,0.0156889539555398,0.1596,0.5916,0.1324,0.269776876267748,0.730223123732252,1,0,0.01,0.00114764472251737,0.0106144877913748,0.000604040772416624,0.10353672717308,0.4592,2296,0.432,0.0272,2160,136,0.940766550522648,0.0592334494773519,0.0157363668071964,-4.74128516566168e-05,-0.0341658404955135,0.0343723424626591,1,1
additive_bias,58,0.25,score_high_bias,0.964645323846871,0.918361628312978,0.964597910995214,0.0462362826822367,0.1596,0.7786,0.1324,0.204983303365014,0.795016696634986,1,0,0.0625,0.00114764472251737,0.0635477638396352,0.000604040772416624,0.25353672717308,0.6462,3231,0.619,0.0272,3095,136,0.957907768492727,0.0420922315072733,0.0462836955338933,-4.74128516566168e-05,-0.0715510409814866,0.0716977845644535,1,1
additive_bias,58,0.5,score_high_bias,0.964645323846871,0.855126712703121,0.964597910995214,0.109471198292094,0.1596,0.9548,0.1324,0.167155425219941,0.832844574780059,1,0,0.25,0.00114764472251737,0.251769890586736,0.000604040772416624,0.50353672717308,0.8224,4112,0.7952,0.0272,3976,136,0.96692607003891,0.0330739299610895,0.10951861114375,-4.74128516566168e-05,-0.133111865627546,0.133227169255115,1,1
additive_bias,59,-0.5,score_low_bias,0.965224844131475,0.961450234955517,0.964171854001078,0.00272161904556112,0.166,0,0.0504,,,1,0,0.25,0.000941661475529429,0.250591010704282,0.000613666637993913,-0.475288450483099,0.0504,252,0.0504,0,252,0,1,0,0.00272161904556114,0,0.0540003778881178,0.0540003778881178,1,1
additive_bias,59,-0.25,score_low_bias,0.965224844131475,0.961450234955517,0.964171854001078,0.00272161904556112,0.166,0,0.0504,,,1,0,0.0625,0.000941661475529429,0.0631082391173776,0.000613666637993913,-0.225288450483099,0.0504,252,0.0504,0,252,0,1,0,0.00272161904556114,0,0.0540003778881178,0.0540003778881178,1,1
additive_bias,59,-0.1,score_low_bias,0.965224844131475,0.962024687617732,0.964171854001078,0.00214716638334578,0.166,0.0046,0.0504,1,0,1,0,0.01,0.000941661475529429,0.0106185761652349,0.000613666637993913,-0.0752884504830992,0.0458,229,0.0458,0,229,0,1,0,0.00214716638334584,0,0.0468813620817869,0.0468813620817869,1,1
additive_bias,59,0,no_bias,0.965224844131475,0.965224844131475,0.964171854001078,-0.00105299013039706,0.166,0.166,0.0504,1,0,1,0,0,0.000941661475529429,0.000625467530473084,0.000613666637993913,0.0247115495169008,0.1156,578,0,0.1156,0,578,0,1,0,-0.001052990130397,0.00910891116260383,0.00910891116260383,1,1
additive_bias,59,0.1,score_high_bias,0.965224844131475,0.949467888902106,0.964171854001078,0.0147039650989715,0.166,0.599,0.0504,0.277128547579299,0.722871452420701,1,0,0.01,0.000941661475529429,0.0106323588957113,0.000613666637993913,0.124711549516901,0.5486,2743,0.433,0.1156,2165,578,0.789281808239154,0.210718191760846,0.0157569552293686,-0.001052990130397,-0.0268027070706737,0.0306415336488619,1,1
additive_bias,59,0.25,score_high_bias,0.965224844131475,0.91749311156564,0.964171854001078,0.0466787424354378,0.166,0.7926,0.0504,0.209437294978552,0.790562705021448,1,0,0.0625,0.000941661475529429,0.0631426959435686,0.000613666637993913,0.274711549516901,0.7422,3711,0.6266,0.1156,3133,578,0.844246833737537,0.155753166262463,0.0477317325658348,-0.001052990130397,-0.0628924042514656,0.0657298877610237,1,1
additive_bias,59,0.5,score_high_bias,0.965224844131475,0.858469157591896,0.964171854001078,0.105702696409182,0.166,0.9564,0.0504,0.173567544960268,0.826432455039732,1,0,0.25,0.000941661475529429,0.250659924356664,0.000613666637993913,0.524711549516901,0.906,4530,0.7904,0.1156,3952,578,0.872406181015453,0.127593818984547,0.106755686539579,-0.001052990130397,-0.116669642835741,0.118994124359796,1,1
additive_bias,60,-0.5,score_low_bias,0.964902299354666,0.96089657686233,0.964794909043842,0.00389833218151259,0.1622,0,0.2016,,,0.804563492063492,0.195436507936508,0.25,0.00164735797825783,0.26434523681693,0.0010602057033907,-0.505629960650306,0.2016,1008,0.1622,0.0394,811,197,0.804563492063492,0.195436507936508,0.00400572249233616,-0.000107390310823597,0.0193369651860742,0.0204023452537686,1,1
additive_bias,60,-0.25,score_low_bias,0.964902299354666,0.96089657686233,0.964794909043842,0.00389833218151259,0.1622,0,0.2016,,,0.804563492063492,0.195436507936508,0.0625,0.00164735797825783,0.0698467677083319,0.0010602057033907,-0.255629960650306,0.2016,1008,0.1622,0.0394,811,197,0.804563492063492,0.195436507936508,0.00400572249233616,-0.000107390310823597,0.0193369651860742,0.0204023452537686,1,1
additive_bias,60,-0.1,score_low_bias,0.964902299354666,0.961386107894483,0.964794909043842,0.0034088011493586,0.1622,0.0038,0.2016,1,0,0.804563492063492,0.195436507936508,0.01,0.00164735797825783,0.0131476862431728,0.0010602057033907,-0.105629960650306,0.1978,989,0.1584,0.0394,792,197,0.800808897876643,0.199191102123357,0.00351619146018218,-0.000107390310823597,0.0172335750725914,0.018319422502557,1,1
additive_bias,60,0,no_bias,0.964902299354666,0.964902299354666,0.964794909043842,-0.00010739031082363,0.1622,0.1622,0.2016,1,0,0.804563492063492,0.195436507936508,0,0.00164735797825783,0.000348298599733442,0.0010602057033907,-0.00562996065030608,0.0394,197,0,0.0394,0,197,0,1,0,-0.000107390310823597,-0.00272564240669028,0.00272564240669028,1,1
additive_bias,60,0.1,score_high_bias,0.964902299354666,0.94874550820619,0.964794909043842,0.0160494008376517,0.1622,0.5952,0.2016,0.272513440860215,0.727486559139785,0.804563492063492,0.195436507936508,0.01,0.00164735797825783,0.00754891095629407,0.0010602057033907,0.0943700393496939,0.3936,1968,0.3936,0,1968,0,1,0,0.0160494008376518,0,-0.0407759167623266,0.0407759167623266,1,1
additive_bias,60,0.25,score_high_bias,0.964902299354666,0.916347269169351,0.964794909043842,0.0484476398744907,0.1622,0.7894,0.2016,0.205472510767672,0.794527489232328,0.804563492063492,0.195436507936508,0.0625,0.00164735797825783,0.055849829491135,0.0010602057033907,0.244370039349694,0.5878,2939,0.5878,0,2939,0,1,0,0.0484476398744908,0,-0.0824219800518727,0.0824219800518727,1,1
additive_bias,60,0.5,score_high_bias,0.964902299354666,0.858243202501431,0.964794909043842,0.106551706542411,0.1622,0.9488,0.2016,0.170952782462057,0.829047217537943,0.804563492063492,0.195436507936508,0.25,0.00164735797825783,0.236351360382537,0.0010602057033907,0.494370039349694,0.7472,3736,0.7472,0,3736,0,1,0,0.106551706542411,0,-0.142601320319072,0.142601320319072,1,1
additive_bias,61,-0.5,score_low_bias,0.967141023904047,0.963227948546903,0.966444592974226,0.00321664442732295,0.163,0,0.265,,,0.615094339622642,0.384905660377359,0.25,0.0013193782411513,0.262467872963697,0.00134140473128259,-0.513079069235546,0.265,1325,0.163,0.102,815,510,0.615094339622642,0.384905660377359,0.00391307535714415,-0.000696430929821194,0.0121382808578225,0.017394363347039,1,1
additive_bias,61,-0.25,score_low_bias,0.967141023904047,0.963227948546903,0.966444592974226,0.00321664442732295,0.163,0,0.265,,,0.615094339622642,0.384905660377359,0.0625,0.0013193782411513,0.0688803901450096,0.00134140473128259,-0.263079069235546,0.265,1325,0.163,0.102,815,510,0.615094339622642,0.384905660377359,0.00391307535714415,-0.000696430929821194,0.0121382808578225,0.017394363347039,1,1
additive_bias,61,-0.1,score_low_bias,0.967141023904047,0.963896094954776,0.966444592974226,0.00254849801945023,0.163,0.0056,0.265,1,0,0.615094339622642,0.384905660377359,0.01,0.0013193782411513,0.0127279004537969,0.00134140473128259,-0.113079069235546,0.2594,1297,0.1574,0.102,787,510,0.606784888203547,0.393215111796453,0.00324492894927142,-0.000696430929821194,0.00982458758461922,0.0151941398577202,1,1
additive_bias,61,0,no_bias,0.967141023904047,0.967141023904047,0.966444592974226,-0.00069643092982119,0.163,0.163,0.265,1,0,0.615094339622642,0.384905660377359,0,0.0013193782411513,0.000292907326321782,0.00134140473128259,-0.0130790692355458,0.102,510,0,0.102,0,510,0,1,0,-0.000696430929821194,-0.00682775421393328,0.00682775421393328,1,1
additive_bias,61,0.1,score_high_bias,0.967141023904047,0.951333798988651,0.966444592974226,0.0151107939855754,0.163,0.5982,0.265,0.272484119023738,0.727515880976262,0.615094339622642,0.384905660377359,0.01,0.0013193782411513,0.00785791419884666,0.00134140473128259,0.0869209307644542,0.3332,1666,0.3332,0,1666,0,1,0,0.0151107939855754,0,-0.0453505221655925,0.0453505221655925,1,1
additive_bias,61,0.25,score_high_bias,0.967141023904047,0.920888165431126,0.966444592974226,0.0455564275431003,0.163,0.7852,0.265,0.207590422822211,0.792409577177789,0.615094339622642,0.384905660377359,0.0625,0.0013193782411513,0.056705424507634,0.00134140473128259,0.236920930764454,0.5202,2601,0.5202,0,2601,0,1,0,0.0455564275431003,0,-0.0875748318783166,0.0875748318783166,1,1
additive_bias,61,0.5,score_high_bias,0.967141023904047,0.861554568186896,0.966444592974226,0.10489002478733,0.163,0.951,0.265,0.171398527865405,0.828601472134595,0.615094339622642,0.384905660377359,0.25,0.0013193782411513,0.238117941688946,0.00134140473128259,0.486920930764454,0.686,3430,0.686,0,3430,0,1,0,0.10489002478733,0,-0.152900910768702,0.152900910768702,1,1
additive_bias,62,-0.5,score_low_bias,0.965018336492883,0.961441963523011,0.964080788239544,0.00263882471653243,0.1628,0,0.0564,,,1,0,0.25,0.000709433962265369,0.24731681844297,0.00123720800715308,-0.47801960405199,0.0564,282,0.0564,0,282,0,1,0,0.00263882471653234,0,0.0467876722789422,0.0467876722789422,1,1
additive_bias,62,-0.25,score_low_bias,0.965018336492883,0.961441963523011,0.964080788239544,0.00263882471653243,0.1628,0,0.0564,,,1,0,0.0625,0.000709433962265369,0.0616395399833495,0.00123720800715308,-0.22801960405199,0.0564,282,0.0564,0,282,0,1,0,0.00263882471653234,0,0.0467876722789422,0.0467876722789422,1,1
additive_bias,62,-0.1,score_low_bias,0.965018336492883,0.96162743813456,0.964080788239544,0.00245335010498315,0.1628,0.0016,0.0564,1,0,1,0,0.01,0.000709433962265369,0.010233172907577,0.00123720800715308,-0.0780196040519896,0.0548,274,0.0548,0,274,0,1,0,0.00245335010498308,0,0.0447691624996912,0.0447691624996912,1,1
additive_bias,62,0,no_bias,0.965018336492883,0.965018336492883,0.964080788239544,-0.000937548253339582,0.1628,0.1628,0.0564,1,0,1,0,0,0.000709433962265369,0.000962261523728607,0.00123720800715308,0.0219803959480104,0.1064,532,0,0.1064,0,532,0,1,0,-0.000937548253339618,0.00881154373439491,0.00881154373439491,1,1
additive_bias,62,0.1,score_high_bias,0.965018336492883,0.948777307350502,0.964080788239544,0.0153034808890414,0.1628,0.6044,0.0564,0.269358041032429,0.730641958967571,1,0,0.01,0.000709433962265369,0.0116913501398803,0.00123720800715308,0.12198039594801,0.548,2740,0.4416,0.1064,2208,532,0.805839416058394,0.194160583941606,0.0162410291423809,-0.000937548253339618,-0.0279260600164988,0.031347768970293,1,1
additive_bias,62,0.25,score_high_bias,0.965018336492883,0.918353695845147,0.964080788239544,0.0457270923943968,0.1628,0.7928,0.0564,0.205348133198789,0.794651866801211,1,0,0.0625,0.000709433962265369,0.0652849830641077,0.00123720800715308,0.27198039594801,0.7364,3682,0.63,0.1064,3150,532,0.855513307984791,0.144486692015209,0.0466646406477364,-0.000937548253339618,-0.0620954540934231,0.0646417557048832,1,1
additive_bias,62,0.5,score_high_bias,0.965018336492883,0.858127483620876,0.964080788239544,0.105953304618668,0.1628,0.957,0.0564,0.170114942528736,0.829885057471264,1,0,0.25,0.000709433962265369,0.254607704604487,0.00123720800715308,0.52198039594801,0.9006,4503,0.7942,0.1064,3971,532,0.881856540084388,0.118143459915612,0.106890852872007,-0.000937548253339618,-0.117647462379156,0.119729514907114,1,1
additive_bias,63,-0.5,score_low_bias,0.964964038466739,0.961153012964473,0.964819487285899,0.00366647432142597,0.158,0,0.2082,,,0.758885686839577,0.241114313160423,0.25,0.00115588633644888,0.257384408145084,0.000804926150754728,-0.506020078159326,0.2082,1041,0.158,0.0502,790,251,0.758885686839577,0.241114313160423,0.00381102550226581,-0.000144551180839857,0.0176103473651583,0.0189989273924384,1,1
additive_bias,63,-0.25,score_low_bias,0.964964038466739,0.961153012964473,0.964819487285899,0.00366647432142597,0.158,0,0.2082,,,0.758885686839577,0.241114313160423,0.0625,0.00115588633644888,0.0666802473203034,0.000804926150754728,-0.256020078159326,0.2082,1041,0.158,0.0502,790,251,0.758885686839577,0.241114313160423,0.00381102550226581,-0.000144551180839857,0.0176103473651583,0.0189989273924384,1,1
additive_bias,63,-0.1,score_low_bias,0.964964038466739,0.961543475930161,0.964819487285899,0.00327601135573719,0.158,0.0032,0.2082,1,0,0.758885686839577,0.241114313160423,0.01,0.00115588633644888,0.0122577508254353,0.000804926150754728,-0.106020078159326,0.205,1025,0.1548,0.0502,774,251,0.755121951219512,0.244878048780488,0.00342056253657704,-0.000144551180839857,0.0159805431987179,0.0173907986215458,1,1
additive_bias,63,0,no_bias,0.964964038466739,0.964964038466739,0.964819487285899,-0.000144551180839891,0.158,0.158,0.2082,1,0,0.758885686839577,0.241114313160423,0,0.00115588633644888,0.000976086495523323,0.000804926150754728,-0.00602007815932582,0.0502,251,0,0.0502,0,251,0,1,0,-0.000144551180839857,-0.00287950559441947,0.00287950559441947,1,1
additive_bias,63,0.1,score_high_bias,0.964964038466739,0.949350733864164,0.964819487285899,0.0154687534217345,0.158,0.589,0.2082,0.268251273344652,0.731748726655348,0.758885686839577,0.241114313160423,0.01,0.00115588633644888,0.0096944221656113,0.000804926150754728,0.0939799218406742,0.3808,1904,0.3808,0,1904,0,1,0,0.0154687534217345,0,-0.040621726422622,0.040621726422622,1,1
additive_bias,63,0.25,score_high_bias,0.964964038466739,0.917564501108628,0.964819487285899,0.047254986177271,0.158,0.7852,0.2082,0.201222618441162,0.798777381558839,0.758885686839577,0.241114313160423,0.0625,0.00115588633644888,0.0602719256707433,0.000804926150754728,0.243979921840674,0.577,2885,0.577,0,2885,0,1,0,0.047254986177271,0,-0.0818977230108683,0.0818977230108683,1,1
additive_bias,63,0.5,score_high_bias,0.964964038466739,0.857194069009246,0.964819487285899,0.107625418276653,0.158,0.951,0.2082,0.166140904311251,0.833859095688749,0.758885686839577,0.241114313160423,0.25,0.00115588633644888,0.244567764845963,0.000804926150754728,0.493979921840674,0.7428,3714,0.7428,0,3714,0,1,0,0.107625418276653,0,-0.144891516258284,0.144891516258284,1,1
additive_bias,64,-0.5,score_low_bias,0.965119280794277,0.961544662661346,0.965060679330463,0.00351601666911705,0.1632,0,0.1908,,,0.855345911949686,0.144654088050314,0.25,0.00222601655972305,0.260302519121946,0.00230847030938982,-0.503759312406539,0.1908,954,0.1632,0.0276,816,138,0.855345911949686,0.144654088050314,0.00357461813293112,-5.86014638140717e-05,0.01842776032032,0.0190420314294821,1,1
additive_bias,64,-0.25,score_low_bias,0.965119280794277,0.961544662661346,0.965060679330463,0.00351601666911705,0.1632,0,0.1908,,,0.855345911949686,0.144654088050314,0.0625,0.00222601655972305,0.068133777746975,0.00230847030938982,-0.253759312406539,0.1908,954,0.1632,0.0276,816,138,0.855345911949686,0.144654088050314,0.00357461813293112,-5.86014638140717e-05,0.01842776032032,0.0190420314294821,1,1
additive_bias,64,-0.1,score_low_bias,0.965119280794277,0.961897801885802,0.965060679330463,0.00316287744466104,0.1632,0.0028,0.1908,1,0,0.855345911949686,0.144654088050314,0.01,0.00222601655972305,0.0128325329219922,0.00230847030938982,-0.103759312406538,0.188,940,0.1604,0.0276,802,138,0.853191489361702,0.146808510638298,0.00322147890847516,-5.86014638140717e-05,0.0168238161950058,0.0174472360228151,1,1
additive_bias,64,0,no_bias,0.965119280794277,0.965119280794277,0.965060679330463,-5.86014638140897e-05,0.1632,0.1632,0.1908,1,0,0.855345911949686,0.144654088050314,0,0.00222601655972305,0.000965036372003642,0.00230847030938982,-0.00375931240653848,0.0276,138,0,0.0276,0,138,0,1,0,-5.86014638140717e-05,-0.00212324144253883,0.00212324144253883,1,1
additive_bias,64,0.1,score_high_bias,0.965119280794277,0.948961850279568,0.965060679330463,0.016098829050895,0.1632,0.5944,0.1908,0.274562584118439,0.725437415881561,0.855345911949686,0.144654088050314,0.01,0.00222601655972305,0.00909753982201511,0.00230847030938982,0.0962406875934615,0.4036,2018,0.4036,0,2018,0,1,0,0.016098829050895,0,-0.0398880799080649,0.0398880799080649,1,1
additive_bias,64,0.25,score_high_bias,0.965119280794277,0.916764839238221,0.965060679330463,0.0482958400922421,0.1632,0.7866,0.1908,0.207475209763539,0.792524790236461,0.855345911949686,0.144654088050314,0.0625,0.00222601655972305,0.0587962949970323,0.00230847030938982,0.246240687593462,0.5958,2979,0.5958,0,2979,0,1,0,0.0482958400922421,0,-0.0810604902521687,0.0810604902521687,1,1
additive_bias,64,0.5,score_high_bias,0.965119280794277,0.855190915463845,0.965060679330463,0.109869763866618,0.1632,0.9556,0.1908,0.170782754290498,0.829217245709502,0.855345911949686,0.144654088050314,0.25,0.00222601655972305,0.241627553622061,0.00230847030938982,0.496240687593462,0.7648,3824,0.7648,0,3824,0,1,0,0.109869763866617,0,-0.14365816405154,0.14365816405154,1,1
additive_bias,65,-0.5,score_low_bias,0.96581199486288,0.962330371930813,0.964825969964357,0.00249559803354471,0.1624,0,0.051,,,1,0,0.25,0.00158893961928989,0.242887150371145,0.00110230241092731,-0.477965581286336,0.051,255,0.051,0,255,0,1,0,0.0024955980335448,0,0.0489332947753883,0.0489332947753883,1,1
additive_bias,65,-0.25,score_low_bias,0.96581199486288,0.962330371930813,0.964825969964357,0.00249559803354471,0.1624,0,0.051,,,1,0,0.0625,0.00158893961928989,0.0591623731747603,0.00110230241092731,-0.227965581286336,0.051,255,0.051,0,255,0,1,0,0.0024955980335448,0,0.0489332947753883,0.0489332947753883,1,1
additive_bias,65,-0.1,score_low_bias,0.96581199486288,0.962569072805155,0.964825969964357,0.00225689715920208,0.1624,0.0018,0.051,1,0,1,0,0.01,0.00158893961928989,0.00892750685692949,0.00110230241092731,-0.0779655812863359,0.0492,246,0.0492,0,246,0,1,0,0.00225689715920213,0,0.0458718934797181,0.0458718934797181,1,1
additive_bias,65,0,no_bias,0.96581199486288,0.96581199486288,0.964825969964357,-0.00098602489852273,0.1624,0.1624,0.051,1,0,1,0,0,0.00158893961928989,0.000437595978375634,0.00110230241092731,0.0220344187136641,0.1114,557,0,0.1114,0,557,0,1,0,-0.000986024898522701,0.00885121093826483,0.00885121093826483,1,1
additive_bias,65,0.1,score_high_bias,0.96581199486288,0.949179673643437,0.964825969964357,0.0156462963209205,0.1624,0.6158,0.051,0.263721987658331,0.736278012341669,1,0,0.01,0.00158893961928989,0.0119476850998218,0.00110230241092731,0.122034418713664,0.5648,2824,0.4534,0.1114,2267,557,0.802762039660057,0.197237960339943,0.0166323212194432,-0.000986024898522701,-0.0277023660072956,0.0311939555912995,1,1
additive_bias,65,0.25,score_high_bias,0.96581199486288,0.92022491845172,0.964825969964357,0.0446010515126376,0.1624,0.7886,0.051,0.205934567588131,0.794065432411869,1,0,0.0625,0.00158893961928989,0.066712818781991,0.00110230241092731,0.272034418713664,0.7376,3688,0.6262,0.1114,3131,557,0.848969631236443,0.151030368763558,0.0455870764111604,-0.000986024898522701,-0.0604678030268949,0.0631414063309152,1,1
additive_bias,65,0.5,score_high_bias,0.96581199486288,0.860617655250843,0.964825969964357,0.104208314713515,0.1624,0.9544,0.051,0.170159262363789,0.829840737636211,1,0,0.25,0.00158893961928989,0.257988041585606,0.00110230241092731,0.522034418713664,0.9034,4517,0.792,0.1114,3960,557,0.876688067301306,0.123311932698694,0.105194339612037,-0.000986024898522701,-0.115351244978431,0.117534164833474,1,1
additive_bias,66,-0.5,score_low_bias,0.965403248007165,0.961833033347919,0.964003839136807,0.00217080578888762,0.1616,0,0.036,,,1,0,0.25,0.000756985935623965,0.260650152688071,0.000804154076473168,-0.467170837666502,0.036,180,0.036,0,180,0,1,0,0.00217080578888766,0,0.0603001608024349,0.0603001608024349,1,1
additive_bias,66,-0.25,score_low_bias,0.965403248007165,0.961833033347919,0.964003839136807,0.00217080578888762,0.1616,0,0.036,,,1,0,0.0625,0.000756985935623965,0.0679980490615934,0.000804154076473168,-0.217170837666502,0.036,180,0.036,0,180,0,1,0,0.00217080578888766,0,0.0603001608024349,0.0603001608024349,1,1
additive_bias,66,-0.1,score_low_bias,0.965403248007165,0.962191846471482,0.964003839136807,0.00181199266532439,0.1616,0.003,0.036,1,0,1,0,0.01,0.000756985935623965,0.0124067868857071,0.000804154076473168,-0.0671708376665016,0.033,165,0.033,0,165,0,1,0,0.00181199266532436,0,0.0549088686461928,0.0549088686461928,1,1
additive_bias,66,0,no_bias,0.965403248007165,0.965403248007165,0.964003839136807,-0.00139940887035828,0.1616,0.1616,0.036,1,0,1,0,0,0.000756985935623965,0.000345945435116225,0.000804154076473168,0.0328291623334984,0.1256,628,0,0.1256,0,628,0,1,0,-0.0013994088703583,0.0111417903690947,0.0111417903690947,1,1
additive_bias,66,0.1,score_high_bias,0.965403248007165,0.949040240402804,0.964003839136807,0.014963598734003,0.1616,0.6032,0.036,0.26790450928382,0.73209549071618,1,0,0.01,0.000756985935623965,0.00828510398452534,0.000804154076473168,0.132829162333498,0.5672,2836,0.4416,0.1256,2208,628,0.778561354019746,0.221438645980254,0.0163630076043613,-0.0013994088703583,-0.0263815210402028,0.0313159669864591,1,1
additive_bias,66,0.25,score_high_bias,0.965403248007165,0.917697893939189,0.964003839136807,0.046305945197618,0.1616,0.7926,0.036,0.203885944991168,0.796114055008832,1,0,0.0625,0.000756985935623965,0.057693841808639,0.000804154076473168,0.282829162333498,0.7566,3783,0.631,0.1256,3155,628,0.833994184509649,0.166005815490352,0.0477053540679762,-0.0013994088703583,-0.0612026767084562,0.0649018807009444,1,1
additive_bias,66,0.5,score_high_bias,0.965403248007165,0.857583783448663,0.964003839136807,0.106420055688143,0.1616,0.9574,0.036,0.168790474200961,0.831209525799039,1,0,0.25,0.000756985935623965,0.240041738182162,0.000804154076473168,0.532829162333498,0.9214,4607,0.7958,0.1256,3979,628,0.863685695680486,0.136314304319514,0.107819464558502,-0.0013994088703583,-0.115498215420169,0.118535786226243,1,1
additive_bias,67,-0.5,score_low_bias,0.96624785362313,0.96238591764664,0.96610303189267,0.00371711424602994,0.1722,0,0.1236,,,1,0,0.25,0.00169040441640299,0.241178646202793,0.000541825784263862,-0.493752925269964,0.1236,618,0.1236,0,618,0,1,0,0.00371711424602997,0,0.0300737398546114,0.0300737398546114,1,1
additive_bias,67,-0.25,score_low_bias,0.96624785362313,0.96238591764664,0.96610303189267,0.00371711424602994,0.1722,0,0.1236,,,1,0,0.0625,0.00169040441640299,0.0585546202050244,0.000541825784263862,-0.243752925269964,0.1236,618,0.1236,0,618,0,1,0,0.00371711424602997,0,0.0300737398546114,0.0300737398546114,1,1
additive_bias,67,-0.1,score_low_bias,0.96624785362313,0.962715698384369,0.96610303189267,0.00338733350830034,0.1722,0.0028,0.1236,1,0,1,0,0.01,0.00169040441640299,0.00898020460636304,0.000541825784263862,-0.0937529252699638,0.1208,604,0.1208,0,604,0,1,0,0.00338733350830033,0,0.0280408403004995,0.0280408403004995,1,1
additive_bias,67,0,no_bias,0.96624785362313,0.96624785362313,0.96610303189267,-0.000144821730460598,0.1722,0.1722,0.1236,1,0,1,0,0,0.00169040441640299,0.00093059420725551,0.000541825784263862,0.00624707473003616,0.0486,243,0,0.0486,0,243,0,1,0,-0.000144821730460577,0.00297987099713121,0.00297987099713121,1,1
additive_bias,67,0.1,score_high_bias,0.96624785362313,0.950453006482867,0.96610303189267,0.0156500254098029,0.1722,0.6046,0.1236,0.284816407542177,0.715183592457823,1,0,0.01,0.00169040441640299,0.012880983808148,0.000541825784263862,0.106247074730036,0.481,2405,0.4324,0.0486,2162,243,0.898960498960499,0.101039501039501,0.0157948471402635,-0.000144821730460577,-0.0325364353634156,0.03313860472084,1,1
additive_bias,67,0.25,score_high_bias,0.96624785362313,0.919404051707982,0.96610303189267,0.046698980184688,0.1722,0.7924,0.1236,0.217314487632509,0.782685512367491,1,0,0.0625,0.00169040441640299,0.0683065682094867,0.000541825784263862,0.256247074730036,0.6688,3344,0.6202,0.0486,3101,243,0.927332535885168,0.0726674641148325,0.0468438019151486,-0.000144821730460577,-0.0698250301804546,0.0702581095179563,1,1
additive_bias,67,0.5,score_high_bias,0.96624785362313,0.861382533228993,0.96610303189267,0.104720498663676,0.1722,0.9504,0.1236,0.181186868686869,0.818813131313131,1,0,0.25,0.00169040441640299,0.260682542211718,0.000541825784263862,0.506247074730036,0.8268,4134,0.7782,0.0486,3891,243,0.94121915820029,0.0587808417997097,0.104865320394137,-0.000144821730460577,-0.126657593932845,0.127007912584177,1,1
additive_bias,68,-0.5,score_low_bias,0.966137853727279,0.962479387939068,0.966133641245643,0.00365425330657532,0.1606,0,0.1698,,,0.945818610129564,0.0541813898704358,0.25,0.00193741315501845,0.239061031234947,0.00103605933002747,-0.500946959508037,0.1698,849,0.1606,0.0092,803,46,0.945818610129564,0.0541813898704358,0.00365846578821071,-4.21248163531931e-06,0.0215209264227055,0.0215705434030979,1,1
additive_bias,68,-0.25,score_low_bias,0.966137853727279,0.962479387939068,0.966133641245643,0.00365425330657532,0.1606,0,0.1698,,,0.945818610129564,0.0541813898704358,0.0625,0.00193741315501845,0.0576060757441552,0.00103605933002747,-0.250946959508037,0.1698,849,0.1606,0.0092,803,46,0.945818610129564,0.0541813898704358,0.00365846578821071,-4.21248163531931e-06,0.0215209264227055,0.0215705434030979,1,1
additive_bias,68,-0.1,score_low_bias,0.966137853727279,0.962918950410749,0.966133641245643,0.0032146908348939,0.1606,0.0036,0.1698,1,0,0.945818610129564,0.0541813898704358,0.01,0.00193741315501845,0.00873310244967986,0.00103605933002747,-0.100946959508037,0.1662,831,0.157,0.0092,785,46,0.944645006016847,0.0553549939831528,0.00321890331652929,-4.21248163531931e-06,0.0193423034590492,0.019392995175479,1,1
additive_bias,68,0,no_bias,0.966137853727279,0.966137853727279,0.966133641245643,-4.21248163540167e-06,0.1606,0.1606,0.1698,1,0,0.945818610129564,0.0541813898704358,0,0.00193741315501845,0.001151120253363,0.00103605933002747,-0.000946959508036693,0.0092,46,0,0.0092,0,46,0,1,0,-4.21248163531931e-06,-0.000457878438621664,0.000457878438621664,1,1
additive_bias,68,0.1,score_high_bias,0.966137853727279,0.950097575581763,0.966133641245643,0.0160360656638801,0.1606,0.6006,0.1698,0.267399267399267,0.732600732600733,0.945818610129564,0.0541813898704358,0.01,0.00193741315501845,0.0135691380570461,0.00103605933002747,0.0990530404919633,0.4308,2154,0.4308,0,2154,0,1,0,0.0160360656638801,0,-0.0372239221538534,0.0372239221538534,1,1
additive_bias,68,0.25,score_high_bias,0.966137853727279,0.918176480183731,0.966133641245643,0.0479571610619121,0.1606,0.7912,0.1698,0.202982810920121,0.797017189079879,0.945818610129564,0.0541813898704358,0.0625,0.00193741315501845,0.0696961647625709,0.00103605933002747,0.249053040491963,0.6214,3107,0.6214,0,3107,0,1,0,0.0479571610619121,0,-0.0771759914095786,0.0771759914095786,1,1
additive_bias,68,0.5,score_high_bias,0.966137853727279,0.857332552354042,0.966133641245643,0.108801088891602,0.1606,0.9566,0.1698,0.167886263851139,0.832113736148861,0.945818610129564,0.0541813898704358,0.25,0.00193741315501845,0.263241209271779,0.00103605933002747,0.499053040491963,0.7868,3934,0.7868,0,3934,0,1,0,0.108801088891602,0,-0.138283031128116,0.138283031128116,1,1
additive_bias,69,-0.5,score_low_bias,0.965884964844643,0.962316824551686,0.964688643169495,0.00237181861780922,0.1654,0,0.044,,,1,0,0.25,0.000835847595856169,0.251909142605002,0.000914903683808704,-0.472455282409294,0.044,220,0.044,0,220,0,1,0,0.00237181861780912,0,0.0539049685865709,0.0539049685865709,1,1
additive_bias,69,-0.25,score_low_bias,0.965884964844643,0.962316824551686,0.964688643169495,0.00237181861780922,0.1654,0,0.044,,,1,0,0.0625,0.000835847595856169,0.0637480095767385,0.000914903683808704,-0.222455282409294,0.044,220,0.044,0,220,0,1,0,0.00237181861780912,0,0.0539049685865709,0.0539049685865709,1,1
additive_bias,69,-0.1,score_low_bias,0.965884964844643,0.962567984991556,0.964688643169495,0.00212065817793961,0.1654,0.0022,0.044,1,0,1,0,0.01,0.000835847595856169,0.0108513297597806,0.000914903683808704,-0.072455282409294,0.0418,209,0.0418,0,209,0,1,0,0.00212065817793958,0,0.0507334492330043,0.0507334492330043,1,1
additive_bias,69,0,no_bias,0.965884964844643,0.965884964844643,0.964688643169495,-0.00119632167514816,0.1654,0.1654,0.044,1,0,1,0,0,0.000835847595856169,0.000586876548475323,0.000914903683808704,0.027544717590706,0.1214,607,0,0.1214,0,607,0,1,0,-0.00119632167514817,0.0098543795316983,0.0098543795316983,1,1
additive_bias,69,0.1,score_high_bias,0.965884964844643,0.949895157631652,0.964688643169495,0.014793485537843,0.1654,0.6002,0.044,0.275574808397201,0.724425191602799,1,0,0.01,0.000835847595856169,0.0103224233371701,0.000914903683808704,0.127544717590706,0.5562,2781,0.4348,0.1214,2174,607,0.78173318950018,0.21826681049982,0.0159898072129911,-0.00119632167514817,-0.026597420959804,0.030899188939481,1,1
additive_bias,69,0.25,score_high_bias,0.965884964844643,0.919073099171403,0.964688643169495,0.0456155439980923,0.1654,0.7862,0.044,0.210379038412618,0.789620961587382,1,0,0.0625,0.000835847595856169,0.0624257435202122,0.000914903683808704,0.277544717590706,0.7422,3711,0.6208,0.1214,3104,607,0.836432228509836,0.163567771490164,0.0468118656732404,-0.00119632167514817,-0.06145990837792,0.0646836261767564,1,1
additive_bias,69,0.5,score_high_bias,0.965884964844643,0.859412459526999,0.964688643169495,0.105276183642496,0.1654,0.9526,0.044,0.17363006508503,0.82636993491497,1,0,0.25,0.000835847595856169,0.249264610491949,0.000914903683808704,0.527544717590706,0.9086,4543,0.7872,0.1214,3936,607,0.866387849438697,0.133612150561303,0.106472505317644,-0.00119632167514817,-0.115866369846462,0.118499699529817,1,1
additive_bias,70,-0.5,score_low_bias,0.96391408122331,0.959987695003642,0.963258429887503,0.00327073488386087,0.163,0,0.2622,,,0.621662852784134,0.378337147215866,0.25,0.00153240514868209,0.253495613127401,0.00110717331110713,-0.513370234374542,0.2622,1311,0.163,0.0992,815,496,0.621662852784134,0.378337147215866,0.00392638621966846,-0.000655651335807519,0.0124741986417274,0.0174753529957131,1,1
additive_bias,70,-0.25,score_low_bias,0.96391408122331,0.959987695003642,0.963258429887503,0.00327073488386087,0.163,0,0.2622,,,0.621662852784134,0.378337147215866,0.0625,0.00153240514868209,0.0649299831229888,0.00110717331110713,-0.263370234374542,0.2622,1311,0.163,0.0992,815,496,0.621662852784134,0.378337147215866,0.00392638621966846,-0.000655651335807519,0.0124741986417274,0.0174753529957131,1,1
additive_bias,70,-0.1,score_low_bias,0.96391408122331,0.960438219553114,0.963258429887503,0.00282021033438828,0.163,0.004,0.2622,1,0,0.621662852784134,0.378337147215866,0.01,0.00153240514868209,0.0117906051203412,0.00110717331110713,-0.113370234374542,0.2582,1291,0.159,0.0992,795,496,0.615801704105345,0.384198295894655,0.00347586167019587,-0.000655651335807519,0.0109225806908921,0.0160012122618257,1,1
additive_bias,70,0,no_bias,0.96391408122331,0.96391408122331,0.963258429887503,-0.000655651335807583,0.163,0.163,0.2622,1,0,0.621662852784134,0.378337147215866,0,0.00153240514868209,0.0013643531185762,0.00110717331110713,-0.0133702343745419,0.0992,496,0,0.0992,0,496,0,1,0,-0.000655651335807519,-0.0066093884658016,0.0066093884658016,1,1
additive_bias,70,0.1,score_high_bias,0.96391408122331,0.948118935755142,0.963258429887503,0.0151394941323608,0.163,0.5978,0.2622,0.272666443626631,0.727333556373369,0.621662852784134,0.378337147215866,0.01,0.00153240514868209,0.0109381011168111,0.00110717331110713,0.0866297656254581,0.3356,1678,0.3356,0,1678,0,1,0,0.0151394941323609,0,-0.0451117226828392,0.0451117226828392,1,1
additive_bias,70,0.25,score_high_bias,0.96391408122331,0.916586699571579,0.963258429887503,0.0466717303159233,0.163,0.7868,0.2622,0.207168276563294,0.792831723436706,0.621662852784134,0.378337147215866,0.0625,0.00153240514868209,0.0627987231141636,0.00110717331110713,0.236629765625458,0.5246,2623,0.5246,0,2623,0,1,0,0.0466717303159233,0,-0.0889663177962701,0.0889663177962701,1,1
additive_bias,70,0.5,score_high_bias,0.96391408122331,0.854272212328789,0.963258429887503,0.108986217558713,0.163,0.9566,0.2622,0.170395149487769,0.829604850512231,0.621662852784134,0.378337147215866,0.25,0.00153240514868209,0.249233093109751,0.00110717331110713,0.486629765625458,0.6944,3472,0.6944,0,3472,0,1,0,0.108986217558713,0,-0.156950198097225,0.156950198097225,1,1
additive_bias,71,-0.5,score_low_bias,0.964367545134648,0.960798677178022,0.964097976211631,0.0032992990336087,0.154,0,0.0946,,,1,0,0.25,0.000812615681851765,0.233935137720236,0.000947213989083688,-0.490115489964969,0.0946,473,0.0946,0,473,0,1,0,0.00329929903360878,0,0.0348763111375135,0.0348763111375135,1,1
additive_bias,71,-0.25,score_low_bias,0.964367545134648,0.960798677178022,0.964097976211631,0.0032992990336087,0.154,0,0.0946,,,1,0,0.0625,0.000812615681851765,0.0550422223717766,0.000947213989083688,-0.240115489964969,0.0946,473,0.0946,0,473,0,1,0,0.00329929903360878,0,0.0348763111375135,0.0348763111375135,1,1
additive_bias,71,-0.1,score_low_bias,0.964367545134648,0.961125663706215,0.964097976211631,0.00297231250541608,0.154,0.0028,0.0946,1,0,1,0,0.01,0.000812615681851765,0.00770647316270081,0.000947213989083688,-0.0901154899649686,0.0918,459,0.0918,0,459,0,1,0,0.0029723125054161,0,0.0323781318672778,0.0323781318672778,1,1
additive_bias,71,0,no_bias,0.964367545134648,0.964367545134648,0.964097976211631,-0.000269568923016661,0.154,0.154,0.0946,1,0,1,0,0,0.000812615681851765,0.00114930702331696,0.000947213989083688,0.00988451003503144,0.0594,297,0,0.0594,0,297,0,1,0,-0.000269568923016585,0.00453819735718157,0.00453819735718157,1,1
additive_bias,71,0.1,score_high_bias,0.964367545134648,0.948462149095549,0.964097976211631,0.0156358271160824,0.154,0.5958,0.0946,0.258475998657268,0.741524001342732,1,0,0.01,0.000812615681851765,0.0145921408839331,0.000947213989083688,0.109884510035031,0.5012,2506,0.4418,0.0594,2209,297,0.881484437350359,0.118515562649641,0.015905396039099,-0.000269568923016585,-0.0311967819554717,0.0322724759818746,1,1
additive_bias,71,0.25,score_high_bias,0.964367545134648,0.917625248026223,0.964097976211631,0.0464727281854078,0.154,0.7822,0.0946,0.19688059319867,0.80311940680133,1,0,0.0625,0.000812615681851765,0.0722563916748573,0.000947213989083688,0.259884510035031,0.6876,3438,0.6282,0.0594,3141,297,0.913612565445026,0.0863874345549738,0.0467422971084245,-0.000269568923016585,-0.0675868647257241,0.0683709511801062,1,1
additive_bias,71,0.5,score_high_bias,0.964367545134648,0.853768746989311,0.964097976211631,0.11032922922232,0.154,0.9578,0.0946,0.160785132595531,0.839214867404469,1,0,0.25,0.000812615681851765,0.268363476326398,0.000947213989083688,0.509884510035032,0.8632,4316,0.8038,0.0594,4019,297,0.931186283595922,0.0688137164040779,0.110598798145337,-0.000269568923016585,-0.127814213649583,0.128438794101429,1,1
additive_bias,72,-0.5,score_low_bias,0.966457010850184,0.962935147096607,0.966416912260897,0.00348176516429011,0.154,0,0.128,,,1,0,0.25,0.00132537352248094,0.260230180753867,0.00246466455059773,-0.496667218923176,0.128,640,0.128,0,640,0,1,0,0.0034817651642901,0,0.0272012903460164,0.0272012903460164,1,1
additive_bias,72,-0.25,score_low_bias,0.966457010850184,0.962935147096607,0.966416912260897,0.00348176516429011,0.154,0,0.128,,,1,0,0.0625,0.00132537352248094,0.0681512579314573,0.00246466455059773,-0.246667218923176,0.128,640,0.128,0,640,0,1,0,0.0034817651642901,0,0.0272012903460164,0.0272012903460164,1,1
additive_bias,72,-0.1,score_low_bias,0.966457010850184,0.963339373956339,0.966416912260897,0.00307753830455781,0.154,0.0034,0.128,1,0,1,0,0.01,0.00132537352248094,0.0129039042380116,0.00246466455059773,-0.0966672189231764,0.1246,623,0.1246,0,623,0,1,0,0.00307753830455785,0,0.0246993443383455,0.0246993443383455,1,1
additive_bias,72,0,no_bias,0.966457010850184,0.966457010850184,0.966416912260897,-4.00985892872185e-05,0.154,0.154,0.128,1,0,1,0,0,0.00132537352248094,0.00107233510904775,0.00246466455059773,0.00333278107682355,0.026,130,0,0.026,0,130,0,1,0,-4.00985892871319e-05,0.00154225343412046,0.00154225343412046,1,1
additive_bias,72,0.1,score_high_bias,0.966457010850184,0.950638125567609,0.966416912260897,0.0157787866932876,0.154,0.5898,0.128,0.261105459477789,0.738894540522211,1,0,0.01,0.00132537352248094,0.00924076598008393,0.00246466455059773,0.103332781076824,0.4618,2309,0.4358,0.026,2179,130,0.943698570809874,0.0563014291901256,0.0158188852825748,-4.00985892871319e-05,-0.034168009296855,0.0343416714418838,1,1
additive_bias,72,0.25,score_high_bias,0.966457010850184,0.918587279546864,0.966416912260897,0.0478296327140332,0.154,0.7842,0.128,0.196378474878857,0.803621525121143,1,0,0.0625,0.00132537352248094,0.0589934122866382,0.00246466455059773,0.253332781076824,0.6562,3281,0.6302,0.026,3151,130,0.960377933556842,0.0396220664431576,0.0478697313033204,-4.00985892871319e-05,-0.0728888032825864,0.0730110178186642,1,1
additive_bias,72,0.5,score_high_bias,0.966457010850184,0.858055430314961,0.966416912260897,0.108361481945936,0.154,0.95,0.128,0.162105263157895,0.837894736842105,1,0,0.25,0.00132537352248094,0.241914489464229,0.00246466455059773,0.503332781076824,0.822,4110,0.796,0.026,3980,130,0.968369829683698,0.0316301703163017,0.108401580535223,-4.00985892871319e-05,-0.131826620372185,0.131924183849769,1,1
additive_bias,73,-0.5,score_low_bias,0.965018690283501,0.96128141863185,0.964571622060588,0.00329020342873709,0.1626,0,0.0838,,,1,0,0.25,0.000792120936144097,0.244502967618287,0.00130184888469815,-0.487174904286871,0.0838,419,0.0838,0,419,0,1,0,0.00329020342873711,0,0.0392625707486529,0.0392625707486529,1,1
additive_bias,73,-0.25,score_low_bias,0.965018690283501,0.96128141863185,0.964571622060588,0.00329020342873709,0.1626,0,0.0838,,,1,0,0.0625,0.000792120936144097,0.0602341999094405,0.00130184888469815,-0.237174904286871,0.0838,419,0.0838,0,419,0,1,0,0.00329020342873711,0,0.0392625707486529,0.0392625707486529,1,1
additive_bias,73,-0.1,score_low_bias,0.965018690283501,0.961709663877684,0.964571622060588,0.00286195818290325,0.1626,0.0034,0.0838,1,0,1,0,0.01,0.000792120936144097,0.00967293928413237,0.00130184888469815,-0.0871749042868713,0.0804,402,0.0804,0,402,0,1,0,0.00286195818290325,0,0.0355964948122295,0.0355964948122295,1,1
additive_bias,73,0,no_bias,0.965018690283501,0.965018690283501,0.964571622060588,-0.000447068222913849,0.1626,0.1626,0.0838,1,0,1,0,0,0.000792120936144097,0.000965432200593635,0.00130184888469815,0.0128250957131287,0.0788,394,0,0.0788,0,394,0,1,0,-0.00044706822291382,0.00567345460550533,0.00567345460550533,1,1
additive_bias,73,0.1,score_high_bias,0.965018690283501,0.949638905946591,0.964571622060588,0.0149327161139968,0.1626,0.5962,0.0838,0.272727272727273,0.727272727272727,1,0,0.01,0.000792120936144097,0.0122579251170549,0.00130184888469815,0.112825095713129,0.5124,2562,0.4336,0.0788,2168,394,0.846213895394223,0.153786104605777,0.0153797843369106,-0.00044706822291382,-0.0291426934309071,0.0308876903977839,1,1
additive_bias,73,0.25,score_high_bias,0.965018690283501,0.919084141514528,0.964571622060588,0.0454874805460598,0.1626,0.783,0.0838,0.207662835249042,0.792337164750958,1,0,0.0625,0.000792120936144097,0.0666966644917468,0.00130184888469815,0.262825095713129,0.6992,3496,0.6204,0.0788,3102,394,0.887299771167048,0.112700228832952,0.0459345487689736,-0.00044706822291382,-0.0650564653118704,0.066335264576498,1,1
additive_bias,73,0.5,score_high_bias,0.965018690283501,0.856763845387764,0.964571622060588,0.107807776672824,0.1626,0.955,0.0838,0.170261780104712,0.829738219895288,1,0,0.25,0.000792120936144097,0.2574278967829,0.00130184888469815,0.512825095713129,0.8712,4356,0.7924,0.0788,3962,394,0.909550045913682,0.0904499540863177,0.108254844895738,-0.00044706822291382,-0.123746300129504,0.124772627546662,1,1
additive_bias,74,-0.5,score_low_bias,0.964799923653371,0.960999599121798,0.964799550364827,0.00379995124302845,0.1646,0,0.1616,,,1,0,0.25,0.00100084295113505,0.247904809132617,0.00149356609212143,-0.499650369211915,0.1616,808,0.1616,0,808,0,1,0,0.00379995124302855,0,0.0235145497712163,0.0235145497712163,1,1
additive_bias,74,-0.25,score_low_bias,0.964799923653371,0.960999599121798,0.964799550364827,0.00379995124302845,0.1646,0,0.1616,,,1,0,0.0625,0.00100084295113505,0.0616105909136308,0.00149356609212143,-0.249650369211915,0.1616,808,0.1616,0,808,0,1,0,0.00379995124302855,0,0.0235145497712163,0.0235145497712163,1,1
additive_bias,74,-0.1,score_low_bias,0.964799923653371,0.961268798985259,0.964799550364827,0.00353075137956749,0.1646,0.0022,0.1616,1,0,1,0,0.01,0.00100084295113505,0.00983405998223886,0.00149356609212143,-0.0996503692119146,0.1594,797,0.1594,0,797,0,1,0,0.00353075137956753,0,0.0221502595957812,0.0221502595957812,1,1
additive_bias,74,0,no_bias,0.964799923653371,0.964799923653371,0.964799550364827,-3.73288544741612e-07,0.1646,0.1646,0.1616,1,0,1,0,0,0.00100084295113505,0.000316372694644268,0.00149356609212143,0.000349630788085364,0.003,15,0,0.003,0,15,0,1,0,-3.7328854473877e-07,0.000124429514912923,0.000124429514912923,1,1
additive_bias,74,0.1,score_high_bias,0.964799923653371,0.948750886220555,0.964799550364827,0.0160486641442718,0.1646,0.596,0.1616,0.276174496644295,0.723825503355705,1,0,0.01,0.00100084295113505,0.0107986854070497,0.00149356609212143,0.100349630788085,0.4344,2172,0.4314,0.003,2157,15,0.993093922651934,0.0069060773480663,0.0160490374328165,-3.7328854473877e-07,-0.0369444386378264,0.0369461572775351,1,1
additive_bias,74,0.25,score_high_bias,0.964799923653371,0.917349728224755,0.964799550364827,0.0474498221400721,0.1646,0.7856,0.1616,0.209521384928717,0.790478615071283,1,0,0.0625,0.00100084295113505,0.0640221544756578,0.00149356609212143,0.250349630788085,0.624,3120,0.621,0.003,3105,15,0.995192307692308,0.00480769230769231,0.0474501954286169,-3.7328854473877e-07,-0.0760413816347311,0.0760425780723744,1,1
additive_bias,74,0.5,score_high_bias,0.964799923653371,0.855365244344143,0.964799550364827,0.109434306020683,0.1646,0.957,0.1616,0.171995820271682,0.828004179728318,1,0,0.25,0.00100084295113505,0.252727936256671,0.00149356609212143,0.500349630788085,0.7954,3977,0.7924,0.003,3962,15,0.996228312798592,0.0037716872014081,0.109434679309228,-3.7328854473877e-07,-0.137583990471063,0.137584929089481,1,1
additive_bias,75,-0.5,score_low_bias,0.965373716541644,0.961864049083781,0.965238050122042,0.00337400103826047,0.1578,0,0.1124,,,1,0,0.25,0.00205193789080037,0.255921574544994,0.00173297303947401,-0.493475322778053,0.1124,562,0.1124,0,562,0,1,0,0.00337400103826039,0,0.0300178028314981,0.0300178028314981,1,1
additive_bias,75,-0.25,score_low_bias,0.965373716541644,0.961864049083781,0.965238050122042,0.00337400103826047,0.1578,0,0.1124,,,1,0,0.0625,0.00205193789080037,0.0656824572371973,0.00173297303947401,-0.243475322778053,0.1124,562,0.1124,0,562,0,1,0,0.00337400103826039,0,0.0300178028314981,0.0300178028314981,1,1
additive_bias,75,-0.1,score_low_bias,0.965373716541644,0.962241253768838,0.965238050122042,0.00299679635320338,0.1578,0.0032,0.1124,1,0,1,0,0.01,0.00205193789080037,0.0115389868525195,0.00173297303947401,-0.0934753227780526,0.1092,546,0.1092,0,546,0,1,0,0.00299679635320332,0,0.0274431900476495,0.0274431900476495,1,1
additive_bias,75,0,no_bias,0.965373716541644,0.965373716541644,0.965238050122042,-0.00013566641960272,0.1578,0.1578,0.1124,1,0,1,0,0,0.00205193789080037,0.000443339929400966,0.00173297303947401,0.00652467722194738,0.0454,227,0,0.0454,0,227,0,1,0,-0.00013566641960275,0.00298824712781387,0.00298824712781387,1,1
additive_bias,75,0.1,score_high_bias,0.965373716541644,0.949619941543275,0.965238050122042,0.0156181085787664,0.1578,0.5976,0.1124,0.264056224899598,0.735943775100402,1,0,0.01,0.00205193789080037,0.00934769300628244,0.00173297303947401,0.106524677221947,0.4852,2426,0.4398,0.0454,2199,227,0.906430338004946,0.0935696619950536,0.0157537749983691,-0.00013566641960275,-0.0321890119100708,0.0327482304574853,1,1
additive_bias,75,0.25,score_high_bias,0.965373716541644,0.918371455806697,0.965238050122042,0.0468665943153447,0.1578,0.7858,0.1124,0.200814456604734,0.799185543395266,1,0,0.0625,0.00205193789080037,0.0602042226216047,0.00173297303947401,0.256524677221947,0.6734,3367,0.628,0.0454,3140,227,0.932580932580933,0.0674190674190674,0.0470022607349474,-0.00013566641960275,-0.0695969621552489,0.0699998918243988,1,1
additive_bias,75,0.5,score_high_bias,0.965373716541644,0.859282210477678,0.965238050122042,0.105955839644363,0.1578,0.9492,0.1124,0.166245259165613,0.833754740834387,1,0,0.25,0.00205193789080037,0.244965105313808,0.00173297303947401,0.506524677221947,0.8368,4184,0.7914,0.0454,3957,227,0.94574569789675,0.0542543021032505,0.106091506063966,-0.00013566641960275,-0.126620267261429,0.126944517786292,1,1
additive_bias,76,-0.5,score_low_bias,0.964153449302606,0.960556379611625,0.963710184935877,0.00315380532425147,0.1648,0,0.0858,,,1,0,0.25,0.000666783219686517,0.254751368296571,0.0017182560706397,-0.487847441205903,0.0858,429,0.0858,0,429,0,1,0,0.00315380532425145,0,0.0367576378117884,0.0367576378117884,1,1
additive_bias,76,-0.25,score_low_bias,0.964153449302606,0.960556379611625,0.963710184935877,0.00315380532425147,0.1648,0,0.0858,,,1,0,0.0625,0.000666783219686517,0.0653351522783826,0.0017182560706397,-0.237847441205903,0.0858,429,0.0858,0,429,0,1,0,0.00315380532425145,0,0.0367576378117884,0.0367576378117884,1,1
additive_bias,76,-0.1,score_low_bias,0.964153449302606,0.960840969963011,0.963710184935877,0.00286921497286563,0.1648,0.0022,0.0858,1,0,1,0,0.01,0.000666783219686517,0.0116854226674694,0.0017182560706397,-0.0878474412059027,0.0836,418,0.0836,0,418,0,1,0,0.00286921497286568,0,0.0343207532639435,0.0343207532639435,1,1
additive_bias,76,0,no_bias,0.964153449302606,0.964153449302606,0.963710184935877,-0.000443264366729257,0.1648,0.1648,0.0858,1,0,1,0,0,0.000666783219686517,0.000918936260193923,0.0017182560706397,0.0121525587940973,0.079,395,0,0.079,0,395,0,1,0,-0.000443264366729231,0.00561094135100292,0.00561094135100292,1,1
additive_bias,76,0.1,score_high_bias,0.964153449302606,0.948759506027524,0.963710184935877,0.0149506789083526,0.1648,0.5914,0.0858,0.278660804869801,0.7213391951302,1,0,0.01,0.000666783219686517,0.0101524498529185,0.0017182560706397,0.112152558794097,0.5056,2528,0.4266,0.079,2133,395,0.84375,0.15625,0.0153939432750818,-0.000443264366729231,-0.0295701718915201,0.0313235910637085,1,1
additive_bias,76,0.25,score_high_bias,0.964153449302606,0.916095728064553,0.963710184935877,0.0476144568713242,0.1648,0.788,0.0858,0.209137055837563,0.790862944162437,1,0,0.0625,0.000666783219686517,0.0615027202420053,0.0017182560706397,0.262152558794097,0.7022,3511,0.6232,0.079,3116,395,0.887496439760752,0.112503560239248,0.0480577212380534,-0.000443264366729231,-0.0678075432516722,0.0690700450082351,1,1
additive_bias,76,0.5,score_high_bias,0.964153449302606,0.856782701453277,0.963710184935877,0.1069274834826,0.1648,0.9528,0.0858,0.17296389588581,0.82703610411419,1,0,0.25,0.000666783219686517,0.247086504223817,0.0017182560706397,0.512152558794097,0.867,4335,0.788,0.079,3940,395,0.908881199538639,0.091118800461361,0.107370747849329,-0.000443264366729231,-0.123330430775778,0.124352955266503,1,1
additive_bias,77,-0.5,score_low_bias,0.965906499801453,0.962364571291988,0.965899505710651,0.00353493441866259,0.1544,0,0.1646,,,0.938031591737546,0.0619684082624544,0.25,0.00135897626962776,0.260947356036932,0.000648039180642013,-0.501323893106746,0.1646,823,0.1544,0.0102,772,51,0.938031591737546,0.0619684082624544,0.0035419285094646,-6.99409080204716e-06,0.0214759077683022,0.0215608906456054,1,1
additive_bias,77,-0.25,score_low_bias,0.965906499801453,0.962364571291988,0.965899505710651,0.00353493441866259,0.1544,0,0.1646,,,0.938031591737546,0.0619684082624544,0.0625,0.00135897626962776,0.0682425090462498,0.000648039180642013,-0.251323893106746,0.1646,823,0.1544,0.0102,772,51,0.938031591737546,0.0619684082624544,0.0035419285094646,-6.99409080204716e-06,0.0214759077683022,0.0215608906456054,1,1
additive_bias,77,-0.1,score_low_bias,0.965906499801453,0.962894008177516,0.965899505710651,0.00300549753313517,0.1544,0.0044,0.1646,1,0,0.938031591737546,0.0619684082624544,0.01,0.00135897626962776,0.0126196008518405,0.000648039180642013,-0.101323893106746,0.1602,801,0.15,0.0102,750,51,0.936329588014981,0.0636704119850187,0.00301249162393725,-6.99409080204716e-06,0.0187609084465369,0.0188482254353265,1,1
additive_bias,77,0,no_bias,0.965906499801453,0.965906499801453,0.965899505710651,-6.99409080207047e-06,0.1544,0.1544,0.1646,1,0,0.938031591737546,0.0619684082624544,0,0.00135897626962776,0.00053766205556763,0.000648039180642013,-0.00132389310674552,0.0102,51,0,0.0102,0,51,0,1,0,-6.99409080204716e-06,-0.00068569517667129,0.00068569517667129,1,1
additive_bias,77,0.1,score_high_bias,0.965906499801453,0.949434975816148,0.965899505710651,0.0164645298945028,0.1544,0.6032,0.1646,0.255968169761273,0.744031830238727,0.938031591737546,0.0619684082624544,0.01,0.00135897626962776,0.00845572325929475,0.000648039180642013,0.0986761068932545,0.4386,2193,0.4386,0,2193,0,1,0,0.0164645298945028,0,-0.0375388278488435,0.0375388278488435,1,1
additive_bias,77,0.25,score_high_bias,0.965906499801453,0.918656766948772,0.965899505710651,0.0472427387618785,0.1544,0.7908,0.1646,0.195245321193728,0.804754678806272,0.938031591737546,0.0619684082624544,0.0625,0.00135897626962776,0.0578328150648854,0.000648039180642013,0.248676106893254,0.6262,3131,0.6262,0,3131,0,1,0,0.0472427387618785,0,-0.0754435304405597,0.0754435304405597,1,1
additive_bias,77,0.5,score_high_bias,0.965906499801453,0.859246175598024,0.965899505710651,0.106653330112627,0.1544,0.955,0.1646,0.161675392670157,0.838324607329843,0.938031591737546,0.0619684082624544,0.25,0.00135897626962776,0.240127968074203,0.000648039180642013,0.498676106893255,0.7904,3952,0.7904,0,3952,0,1,0,0.106653330112627,0,-0.134935893361117,0.134935893361117,1,1
additive_bias,78,-0.5,score_low_bias,0.963914743088963,0.960526168852315,0.963834725763945,0.00330855691162935,0.1572,0,0.1924,,,0.817047817047817,0.182952182952183,0.25,0.00153881504263094,0.263548333527255,0.00235284525906987,-0.504796828288967,0.1924,962,0.1572,0.0352,786,176,0.817047817047817,0.182952182952183,0.00338857423664702,-8.00173250177235e-05,0.017196241744435,0.0180280226697752,1,1
additive_bias,78,-0.25,score_low_bias,0.963914743088963,0.960526168852315,0.963834725763945,0.00330855691162935,0.1572,0,0.1924,,,0.817047817047817,0.182952182952183,0.0625,0.00153881504263094,0.0696816697599323,0.00235284525906987,-0.254796828288967,0.1924,962,0.1572,0.0352,786,176,0.817047817047817,0.182952182952183,0.00338857423664702,-8.00173250177235e-05,0.017196241744435,0.0180280226697752,1,1
additive_bias,78,-0.1,score_low_bias,0.963914743088963,0.960955375463715,0.963834725763945,0.00287935030022946,0.1572,0.0036,0.1924,1,0,0.817047817047817,0.182952182952183,0.01,0.00153881504263094,0.0133616714995389,0.00235284525906987,-0.104796828288967,0.1888,944,0.1536,0.0352,768,176,0.813559322033898,0.186440677966102,0.00295936762524716,-8.00173250177235e-05,0.0152507960817237,0.0160984372365725,1,1
additive_bias,78,0,no_bias,0.963914743088963,0.963914743088963,0.963834725763945,-8.00173250177227e-05,0.1572,0.1572,0.1924,1,0,0.817047817047817,0.182952182952183,0,0.00153881504263094,0.000815005992609982,0.00235284525906987,-0.00479682828896744,0.0352,176,0,0.0352,0,176,0,1,0,-8.00173250177235e-05,-0.00227321946073078,0.00227321946073078,1,1
additive_bias,78,0.1,score_high_bias,0.963914743088963,0.947450381470835,0.963834725763945,0.0163843442931101,0.1572,0.5992,0.1924,0.262349799732977,0.737650200267023,0.817047817047817,0.182952182952183,0.01,0.00153881504263094,0.00826834048568107,0.00235284525906987,0.0952031717110326,0.4068,2034,0.4068,0,2034,0,1,0,0.0163843442931101,0,-0.0402761659122666,0.0402761659122666,1,1
additive_bias,78,0.25,score_high_bias,0.963914743088963,0.916171552940025,0.963834725763945,0.0476631728239196,0.1572,0.788,0.1924,0.199492385786802,0.800507614213198,0.817047817047817,0.182952182952183,0.0625,0.00153881504263094,0.0569483422252877,0.00235284525906987,0.245203171711033,0.5956,2978,0.5956,0,2978,0,1,0,0.0476631728239195,0,-0.0800254748554727,0.0800254748554727,1,1
additive_bias,78,0.5,score_high_bias,0.963914743088963,0.854544910995858,0.963834725763945,0.109289814768087,0.1572,0.9582,0.1924,0.164057608015028,0.835942391984972,0.817047817047817,0.182952182952183,0.25,0.00153881504263094,0.238081678457965,0.00235284525906987,0.495203171711033,0.7658,3829,0.7658,0,3829,0,1,0,0.109289814768087,0,-0.142713260339628,0.142713260339628,1,1
additive_bias,79,-0.5,score_low_bias,0.965189283490975,0.961278951715577,0.965000564173406,0.00372161245782832,0.169,0,0.2206,,,0.766092475067996,0.233907524932004,0.25,0.00142591830086616,0.260696943246827,0.00262027878330985,-0.507457287843579,0.2206,1103,0.169,0.0516,845,258,0.766092475067996,0.233907524932004,0.00391033177539748,-0.000188719317569212,0.0168704100536186,0.0185813739481718,1,1
additive_bias,79,-0.25,score_low_bias,0.965189283490975,0.961278951715577,0.965000564173406,0.00372161245782832,0.169,0,0.2206,,,0.766092475067996,0.233907524932004,0.0625,0.00142591830086616,0.0682920146968817,0.00262027878330985,-0.257457287843579,0.2206,1103,0.169,0.0516,845,258,0.766092475067996,0.233907524932004,0.00391033177539748,-0.000188719317569212,0.0168704100536186,0.0185813739481718,1,1
additive_bias,79,-0.1,score_low_bias,0.965189283490975,0.961752658825584,0.965000564173406,0.00324790534782182,0.169,0.0038,0.2206,1,0,0.766092475067996,0.233907524932004,0.01,0.00142591830086616,0.0128490575669144,0.00262027878330985,-0.107457287843579,0.2168,1084,0.1652,0.0516,826,258,0.761992619926199,0.238007380073801,0.00343662466539098,-0.000188719317569212,0.0149811132279602,0.0167220663420673,1,1
additive_bias,79,0,no_bias,0.965189283490975,0.965189283490975,0.965000564173406,-0.000188719317569142,0.169,0.169,0.2206,1,0,0.766092475067996,0.233907524932004,0,0.00142591830086616,0.000887086146936287,0.00262027878330985,-0.00745728784357924,0.0516,258,0,0.0516,0,258,0,1,0,-0.000188719317569212,-0.0036573511156824,0.0036573511156824,1,1
additive_bias,79,0.1,score_high_bias,0.965189283490975,0.949483836279179,0.965000564173406,0.0155167278942268,0.169,0.5992,0.2206,0.282042723631509,0.717957276368491,0.766092475067996,0.233907524932004,0.01,0.00142591830086616,0.00892511472695814,0.00262027878330985,0.0925427121564208,0.3786,1893,0.3786,0,1893,0,1,0,0.0155167278942268,0,-0.0409844899477728,0.0409844899477728,1,1
additive_bias,79,0.25,score_high_bias,0.965189283490975,0.918469807663627,0.965000564173406,0.0465307565097782,0.169,0.7858,0.2206,0.21506744718758,0.78493255281242,0.766092475067996,0.233907524932004,0.0625,0.00142591830086616,0.0584821575969909,0.00262027878330985,0.242542712156421,0.5652,2826,0.5652,0,2826,0,1,0,0.0465307565097782,0,-0.0823261792458921,0.0823261792458921,1,1
additive_bias,79,0.5,score_high_bias,0.965189283490975,0.856623047705814,0.965000564173406,0.108377516467592,0.169,0.9564,0.2206,0.176704307820995,0.823295692179005,0.766092475067996,0.233907524932004,0.25,0.00142591830086616,0.241077229047046,0.00262027878330985,0.492542712156421,0.7358,3679,0.7358,0,3679,0,1,0,0.108377516467592,0,-0.147292085441142,0.147292085441142,1,1
additive_bias,80,-0.5,score_low_bias,0.964345906022354,0.960515876853299,0.963969713870918,0.00345383701761903,0.1664,0,0.2434,,,0.683648315529992,0.316351684470008,0.25,0.000969872041119053,0.242720214550501,0.000827034791061792,-0.50968220017213,0.2434,1217,0.1664,0.077,832,385,0.683648315529992,0.316351684470008,0.00383002916905473,-0.000376192151435748,0.014189963096216,0.0172811064933873,1,1
additive_bias,80,-0.25,score_low_bias,0.964345906022354,0.960515876853299,0.963969713870918,0.00345383701761903,0.1664,0,0.2434,,,0.683648315529992,0.316351684470008,0.0625,0.000969872041119053,0.0590323255958555,0.000827034791061792,-0.25968220017213,0.2434,1217,0.1664,0.077,832,385,0.683648315529992,0.316351684470008,0.00383002916905473,-0.000376192151435748,0.014189963096216,0.0172811064933873,1,1
additive_bias,80,-0.1,score_low_bias,0.964345906022354,0.960873371530152,0.963969713870918,0.00309634234076617,0.1664,0.003,0.2434,1,0,0.683648315529992,0.316351684470008,0.01,0.000969872041119053,0.00881959222306842,0.000827034791061792,-0.10968220017213,0.2404,1202,0.1634,0.077,817,385,0.679700499168053,0.320299500831947,0.00347253449220195,-0.000376192151435748,0.0128799598201589,0.0160096782181268,1,1
additive_bias,80,0,no_bias,0.964345906022354,0.964345906022354,0.963969713870918,-0.000376192151435695,0.1664,0.1664,0.2434,1,0,0.683648315529992,0.316351684470008,0,0.000969872041119053,0.000344436641210387,0.000827034791061792,-0.00968220017213028,0.077,385,0,0.077,0,385,0,1,0,-0.000376192151435748,-0.00488561235630842,0.00488561235630842,1,1
additive_bias,80,0.1,score_high_bias,0.964345906022354,0.948559134839097,0.963969713870918,0.0154105790318217,0.1664,0.6036,0.2434,0.275679257786614,0.724320742213386,0.683648315529992,0.316351684470008,0.01,0.000969872041119053,0.0118692810593524,0.000827034791061792,0.0903177998278697,0.3602,1801,0.3602,0,1801,0,1,0,0.0154105790318217,0,-0.0427833954242691,0.0427833954242691,1,1
additive_bias,80,0.25,score_high_bias,0.964345906022354,0.91808380652817,0.963969713870918,0.0458859073427484,0.1664,0.7882,0.2434,0.211113930474499,0.788886069525501,0.683648315529992,0.316351684470008,0.0625,0.000969872041119053,0.0666565476865653,0.000827034791061792,0.24031779982787,0.5448,2724,0.5448,0,2724,0,1,0,0.0458859073427484,0,-0.084225233742196,0.084225233742196,1,1
additive_bias,80,0.5,score_high_bias,0.964345906022354,0.859862364340462,0.963969713870918,0.104107349530457,0.1664,0.9488,0.2434,0.175379426644182,0.824620573355818,0.683648315529992,0.316351684470008,0.25,0.000969872041119053,0.25796865873192,0.000827034791061792,0.49031779982787,0.7054,3527,0.7054,0,3527,0,1,0,0.104107349530457,0,-0.147586262447487,0.147586262447487,1,1
additive_bias,81,-0.5,score_low_bias,0.964631708425512,0.961267075701758,0.963580965199698,0.00231388949793965,0.1508,0,0.274,,,0.55036496350365,0.44963503649635,0.25,0.00144390055962918,0.248986420276123,0.000235596017806203,-0.516072321809069,0.274,1370,0.1508,0.1232,754,616,0.55036496350365,0.44963503649635,0.00336463272375327,-0.00105074322581366,0.00844485218226136,0.0161145107648428,1,1
additive_bias,81,-0.25,score_low_bias,0.964631708425512,0.961267075701758,0.963580965199698,0.00231388949793965,0.1508,0,0.274,,,0.55036496350365,0.44963503649635,0.0625,0.00144390055962918,0.062186436144865,0.000235596017806203,-0.266072321809069,0.274,1370,0.1508,0.1232,754,616,0.55036496350365,0.44963503649635,0.00336463272375327,-0.00105074322581366,0.00844485218226136,0.0161145107648428,1,1
additive_bias,81,-0.1,score_low_bias,0.964631708425512,0.961635003570542,0.963580965199698,0.00194596162915561,0.1508,0.003,0.274,1,0,0.55036496350365,0.44963503649635,0.01,0.00144390055962918,0.01010644566611,0.000235596017806203,-0.116072321809069,0.271,1355,0.1478,0.1232,739,616,0.545387453874539,0.454612546125461,0.00299670485496923,-0.00105074322581366,0.00718067021828624,0.0149352327704166,1,1
additive_bias,81,0,no_bias,0.964631708425512,0.964631708425512,0.963580965199698,-0.00105074322581367,0.1508,0.1508,0.274,1,0,0.55036496350365,0.44963503649635,0,0.00144390055962918,0.000386452013606679,0.000235596017806203,-0.0160723218090693,0.1232,616,0,0.1232,0,616,0,1,0,-0.00105074322581366,-0.00852875994978619,0.00852875994978619,1,1
additive_bias,81,0.1,score_high_bias,0.964631708425512,0.947649139305395,0.963580965199698,0.0159318258943028,0.1508,0.5952,0.274,0.253360215053763,0.746639784946237,0.55036496350365,0.44963503649635,0.01,0.00144390055962918,0.0106664583611033,0.000235596017806203,0.0839276781909308,0.3212,1606,0.3212,0,1606,0,1,0,0.0159318258943027,0,-0.0496009523483896,0.0496009523483896,1,1
additive_bias,81,0.25,score_high_bias,0.964631708425512,0.916004528248448,0.963580965199698,0.0475764369512505,0.1508,0.7858,0.274,0.191906337490456,0.808093662509544,0.55036496350365,0.44963503649635,0.0625,0.00144390055962918,0.0635864678823484,0.000235596017806203,0.233927678190931,0.5118,2559,0.5118,0,2559,0,1,0,0.0475764369512505,0,-0.0929590405456242,0.0929590405456242,1,1
additive_bias,81,0.5,score_high_bias,0.964631708425512,0.853411236697177,0.963580965199698,0.110169728502521,0.1508,0.9588,0.274,0.157279933249896,0.842720066750104,0.55036496350365,0.44963503649635,0.25,0.00144390055962918,0.25178648375109,0.000235596017806203,0.483927678190931,0.6848,3424,0.6848,0,3424,0,1,0,0.110169728502521,0,-0.160878692322607,0.160878692322607,1,1
additive_bias,82,-0.5,score_low_bias,0.965490945686674,0.961800678393448,0.965372444478363,0.0035717660849155,0.1586,0,0.1174,,,1,0,0.25,0.00113462732044594,0.233006143522087,0.000665730331625446,-0.493994878786758,0.1174,587,0.1174,0,587,0,1,0,0.00357176608491544,0,0.0304239019158045,0.0304239019158045,1,1
additive_bias,82,-0.25,score_low_bias,0.965490945686674,0.961800678393448,0.965372444478363,0.0035717660849155,0.1586,0,0.1174,,,1,0,0.0625,0.00113462732044594,0.0544007751721915,0.000665730331625446,-0.243994878786758,0.1174,587,0.1174,0,587,0,1,0,0.00357176608491544,0,0.0304239019158045,0.0304239019158045,1,1
additive_bias,82,-0.1,score_low_bias,0.965490945686674,0.962196356717705,0.965372444478363,0.0031760877606577,0.1586,0.0032,0.1174,1,0,1,0,0.01,0.00113462732044594,0.00723755416225394,0.000665730331625446,-0.0939948787867582,0.1142,571,0.1142,0,571,0,1,0,0.00317608776065761,0,0.0278116266257234,0.0278116266257234,1,1
additive_bias,82,0,no_bias,0.965490945686674,0.965490945686674,0.965372444478363,-0.000118501208311139,0.1586,0.1586,0.1174,1,0,1,0,0,0.00113462732044594,0.000795406822295573,0.000665730331625446,0.00600512121324182,0.0412,206,0,0.0412,0,206,0,1,0,-0.000118501208311154,0.00287624292017365,0.00287624292017365,1,1
additive_bias,82,0.1,score_high_bias,0.965490945686674,0.949194216978123,0.965372444478363,0.0161782275002403,0.1586,0.6026,0.1174,0.263192831065383,0.736807168934617,1,0,0.01,0.00113462732044594,0.0143532594823372,0.000665730331625446,0.106005121213242,0.4852,2426,0.444,0.0412,2220,206,0.915086562242374,0.0849134377576257,0.0162967287085515,-0.000118501208311154,-0.033343420239572,0.0338318835879279,1,1
additive_bias,82,0.25,score_high_bias,0.965490945686674,0.918269674313059,0.965372444478363,0.0471027701653037,0.1586,0.7894,0.1174,0.200912085127945,0.799087914872055,1,0,0.0625,0.00113462732044594,0.0721900384723997,0.000665730331625446,0.256005121213242,0.672,3360,0.6308,0.0412,3154,206,0.938690476190476,0.0613095238095238,0.0472212713736148,-0.000118501208311154,-0.0700934079840829,0.0704460901516756,1,1
additive_bias,82,0.5,score_high_bias,0.965490945686674,0.859274430826787,0.965372444478363,0.106098013651576,0.1586,0.9522,0.1174,0.166561646712875,0.833438353287125,1,0,0.25,0.00113462732044594,0.268584670122504,0.000665730331625446,0.506005121213242,0.8348,4174,0.7936,0.0412,3968,206,0.950646861523718,0.0493531384762817,0.106216514859887,-0.000118501208311154,-0.12709393106322,0.127377834293481,1,1
additive_bias,83,-0.5,score_low_bias,0.965060359786511,0.961304688268363,0.964202567417309,0.00289787914894546,0.156,0,0.274,,,0.569343065693431,0.430656934306569,0.25,0.00199055798164506,0.240502457675746,0.00191214925123013,-0.514499677255329,0.274,1370,0.156,0.118,780,590,0.569343065693431,0.430656934306569,0.00375567151814787,-0.000857792369202396,0.0105762012735236,0.0168374594428842,1,1
additive_bias,83,-0.25,score_low_bias,0.965060359786511,0.961304688268363,0.964202567417309,0.00289787914894546,0.156,0,0.274,,,0.569343065693431,0.430656934306569,0.0625,0.00199055798164506,0.058192739300953,0.00191214925123013,-0.264499677255329,0.274,1370,0.156,0.118,780,590,0.569343065693431,0.430656934306569,0.00375567151814787,-0.000857792369202396,0.0105762012735236,0.0168374594428842,1,1
additive_bias,83,-0.1,score_low_bias,0.965060359786511,0.96169824975619,0.964202567417309,0.00250431766111836,0.156,0.0034,0.274,1,0,0.569343065693431,0.430656934306569,0.01,0.00199055798164506,0.0088069082760771,0.00191214925123013,-0.114499677255329,0.2706,1353,0.1526,0.118,763,590,0.563932002956393,0.436067997043607,0.0033621100303208,-0.000857792369202396,0.0092546846308884,0.015594613449827,1,1
additive_bias,83,0,no_bias,0.965060359786511,0.965060359786511,0.964202567417309,-0.000857792369202359,0.156,0.156,0.274,1,0,0.569343065693431,0.430656934306569,0,0.00199055798164506,0.000883020926159861,0.00191214925123013,-0.0144996772553291,0.118,590,0,0.118,0,590,0,1,0,-0.000857792369202396,-0.00726942685764742,0.00726942685764742,1,1
additive_bias,83,0.1,score_high_bias,0.965060359786511,0.948808673929901,0.964202567417309,0.0153938934874077,0.156,0.5982,0.274,0.260782347041123,0.739217652958877,0.569343065693431,0.430656934306569,0.01,0.00199055798164506,0.0129591335762426,0.00191214925123013,0.0855003227446709,0.3242,1621,0.3242,0,1621,0,1,0,0.0153938934874077,0,-0.0474827066237129,0.0474827066237129,1,1
additive_bias,83,0.25,score_high_bias,0.965060359786511,0.916951242715166,0.964202567417309,0.0472513247021427,0.156,0.7932,0.274,0.196671709531014,0.803328290468986,0.569343065693431,0.430656934306569,0.0625,0.00199055798164506,0.0685733025513668,0.00191214925123013,0.235500322744671,0.5192,2596,0.5192,0,2596,0,1,0,0.0472513247021427,0,-0.0910079443415691,0.0910079443415691,1,1
additive_bias,83,0.5,score_high_bias,0.965060359786511,0.858288219988993,0.964202567417309,0.105914347428315,0.156,0.9556,0.274,0.163248221012976,0.836751778987024,0.569343065693431,0.430656934306569,0.25,0.00199055798164506,0.261263584176574,0.00191214925123013,0.485500322744671,0.6816,3408,0.6816,0,3408,0,1,0,0.105914347428315,0,-0.155390767940603,0.155390767940603,1,1
additive_bias,84,-0.5,score_low_bias,0.965273699383661,0.961812515886627,0.963918350036063,0.00210583414943655,0.1514,0,0.037,,,1,0,0.25,0.0013464799861781,0.256889088388077,0.00114078310758537,-0.468008014918457,0.037,185,0.037,0,185,0,1,0,0.00210583414943663,0,0.0569144364712602,0.0569144364712602,1,1
additive_bias,84,-0.25,score_low_bias,0.965273699383661,0.961812515886627,0.963918350036063,0.00210583414943655,0.1514,0,0.037,,,1,0,0.0625,0.0013464799861781,0.0662104583038333,0.00114078310758537,-0.218008014918457,0.037,185,0.037,0,185,0,1,0,0.00210583414943663,0,0.0569144364712602,0.0569144364712602,1,1
additive_bias,84,-0.1,score_low_bias,0.965273699383661,0.962099259722844,0.963918350036063,0.0018190903132197,0.1514,0.0024,0.037,1,0,1,0,0.01,0.0013464799861781,0.0118032802532873,0.00114078310758537,-0.0680080149184569,0.0346,173,0.0346,0,173,0,1,0,0.00181909031321978,0,0.0525748645439244,0.0525748645439244,1,1
additive_bias,84,0,no_bias,0.965273699383661,0.965273699383661,0.963918350036063,-0.00135534934759762,0.1514,0.1514,0.037,1,0,1,0,0,0.0013464799861781,0.000531828219589935,0.00114078310758537,0.0319919850815431,0.1144,572,0,0.1144,0,572,0,1,0,-0.00135534934759755,0.0118474593321464,0.0118474593321464,1,1
additive_bias,84,0.1,score_high_bias,0.965273699383661,0.948891242151653,0.963918350036063,0.0150271078844106,0.1514,0.5954,0.037,0.254282835068861,0.745717164931139,1,0,0.01,0.0013464799861781,0.0092603761858926,0.00114078310758537,0.131991985081543,0.5584,2792,0.444,0.1144,2220,572,0.79512893982808,0.20487106017192,0.0163824572320083,-0.00135534934759755,-0.0269110098216524,0.0317654129290935,1,1
additive_bias,84,0.25,score_high_bias,0.965273699383661,0.916772342341404,0.963918350036063,0.0471460076946595,0.1514,0.7884,0.037,0.192034500253678,0.807965499746322,1,0,0.0625,0.0013464799861781,0.0598531981353466,0.00114078310758537,0.281991985081543,0.7514,3757,0.637,0.1144,3185,572,0.847750865051903,0.152249134948097,0.0485013570422571,-0.00135534934759755,-0.0627442210469252,0.0663517519162293,1,1
additive_bias,84,0.5,score_high_bias,0.965273699383661,0.856371849344169,0.963918350036063,0.107546500691894,0.1514,0.9538,0.037,0.158733487104215,0.841266512895785,1,0,0.25,0.0013464799861781,0.244174568051103,0.00114078310758537,0.531991985081543,0.9168,4584,0.8024,0.1144,4012,572,0.87521815008726,0.12478184991274,0.108901850039492,-0.00135534934759755,-0.117306392552241,0.120263088336703,1,1
additive_bias,85,-0.5,score_low_bias,0.966044633832613,0.962573567263656,0.965986452471285,0.00341288520762895,0.1582,0,0.1902,,,0.831756046267087,0.168243953732913,0.25,0.000885188914454094,0.256781637509392,0.000465575690488779,-0.503615059796543,0.1902,951,0.1582,0.032,791,160,0.831756046267087,0.168243953732913,0.00347106656895717,-5.81813613282392e-05,0.017943665655252,0.0185554570467161,1,1
additive_bias,85,-0.25,score_low_bias,0.966044633832613,0.962573567263656,0.965986452471285,0.00341288520762895,0.1582,0,0.1902,,,0.831756046267087,0.168243953732913,0.0625,0.000885188914454094,0.0661087033656211,0.000465575690488779,-0.253615059796543,0.1902,951,0.1582,0.032,791,160,0.831756046267087,0.168243953732913,0.00347106656895717,-5.81813613282392e-05,0.017943665655252,0.0185554570467161,1,1
additive_bias,85,-0.1,score_low_bias,0.966044633832613,0.962869827257645,0.965986452471285,0.00311662521363965,0.1582,0.0026,0.1902,1,0,0.831756046267087,0.168243953732913,0.01,0.000885188914454094,0.0117049428793586,0.000465575690488779,-0.103615059796543,0.1876,938,0.1556,0.032,778,160,0.829424307036247,0.170575692963753,0.00317480657496791,-5.81813613282392e-05,0.0166131407976528,0.0172334111742865,1,1
additive_bias,85,0,no_bias,0.966044633832613,0.966044633832613,0.965986452471285,-5.81813613282911e-05,0.1582,0.1582,0.1902,1,0,0.831756046267087,0.168243953732913,0,0.000885188914454094,0.00043576922185025,0.000465575690488779,-0.00361505979654286,0.032,160,0,0.032,0,160,0,1,0,-5.81813613282392e-05,-0.00181816754150748,0.00181816754150748,1,1
additive_bias,85,0.1,score_high_bias,0.966044633832613,0.950172571391581,0.965986452471285,0.0158138810797041,0.1582,0.594,0.1902,0.266329966329966,0.733670033670034,0.831756046267087,0.168243953732913,0.01,0.000885188914454094,0.00916659556434192,0.000465575690488779,0.0963849402034571,0.4038,2019,0.4038,0,2019,0,1,0,0.0158138810797041,0,-0.0391626574534523,0.0391626574534523,1,1
additive_bias,85,0.25,score_high_bias,0.966044633832613,0.918292453853877,0.965986452471285,0.0476939986174074,0.1582,0.7854,0.1902,0.201426024955437,0.798573975044563,0.831756046267087,0.168243953732913,0.0625,0.000885188914454094,0.0597628350780794,0.000465575690488779,0.246384940203457,0.5952,2976,0.5952,0,2976,0,1,0,0.0476939986174075,0,-0.0801310460641927,0.0801310460641927,1,1
additive_bias,85,0.5,score_high_bias,0.966044633832613,0.859782205799801,0.965986452471285,0.106204246671483,0.1582,0.9466,0.1902,0.167124445383478,0.832875554616522,0.831756046267087,0.168243953732913,0.25,0.000885188914454094,0.244089900934309,0.000465575690488779,0.496384940203457,0.7564,3782,0.7564,0,3782,0,1,0,0.106204246671484,0,-0.14040751807441,0.14040751807441,1,1
additive_bias,86,-0.5,score_low_bias,0.964558493130199,0.96072271419776,0.96421638130855,0.00349366711079024,0.1688,0,0.2378,,,0.709840201850294,0.290159798149706,0.25,0.00106717167938307,0.234337875389973,0.00121229766317647,-0.510043393599,0.2378,1189,0.1688,0.069,844,345,0.709840201850294,0.290159798149706,0.00383577893243934,-0.000342111821649054,0.0146916194734663,0.0175689266362001,1,1
additive_bias,86,-0.25,score_low_bias,0.964558493130199,0.96072271419776,0.96421638130855,0.00349366711079024,0.1688,0,0.2378,,,0.709840201850294,0.290159798149706,0.0625,0.00106717167938307,0.0552112666602443,0.00121229766317647,-0.260043393599,0.2378,1189,0.1688,0.069,844,345,0.709840201850294,0.290159798149706,0.00383577893243934,-0.000342111821649054,0.0146916194734663,0.0175689266362001,1,1
additive_bias,86,-0.1,score_low_bias,0.964558493130199,0.961086708248139,0.96421638130855,0.00312967306041134,0.1688,0.0032,0.2378,1,0,0.709840201850294,0.290159798149706,0.01,0.00106717167938307,0.00773530142240701,0.00121229766317647,-0.110043393599,0.2346,1173,0.1656,0.069,828,345,0.705882352941177,0.294117647058824,0.00347178488206049,-0.000342111821649054,0.0133404648781391,0.0162570191973979,1,1
additive_bias,86,0,no_bias,0.964558493130199,0.964558493130199,0.96421638130855,-0.000342111821649116,0.1688,0.1688,0.2378,1,0,0.709840201850294,0.290159798149706,0,0.00106717167938307,0.00108465793051552,0.00121229766317647,-0.0100433935990002,0.069,345,0,0.069,0,345,0,1,0,-0.000342111821649054,-0.00495814234273991,0.00495814234273991,1,1
additive_bias,86,0.1,score_high_bias,0.964558493130199,0.948955706873619,0.96421638130855,0.0152606744349315,0.1688,0.591,0.2378,0.285617597292724,0.714382402707276,0.709840201850294,0.290159798149706,0.01,0.00106717167938307,0.014434014438624,0.00121229766317647,0.0899566064009998,0.3532,1766,0.3532,0,1766,0,1,0,0.0152606744349315,0,-0.0432068925111312,0.0432068925111312,1,1
additive_bias,86,0.25,score_high_bias,0.964558493130199,0.91502269258102,0.96421638130855,0.0491936887275298,0.1688,0.7928,0.2378,0.212916246215943,0.787083753784057,0.709840201850294,0.290159798149706,0.0625,0.00106717167938307,0.0719580492007868,0.00121229766317647,0.239956606401,0.555,2775,0.555,0,2775,0,1,0,0.0491936887275299,0,-0.0886372769865404,0.0886372769865404,1,1
additive_bias,86,0.5,score_high_bias,0.964558493130199,0.8552176978694,0.96421638130855,0.108998683439151,0.1688,0.9592,0.2378,0.175979983319433,0.824020016680567,0.709840201850294,0.290159798149706,0.25,0.00106717167938307,0.267831440471058,0.00121229766317647,0.489956606401,0.7214,3607,0.7214,0,3607,0,1,0,0.108998683439151,0,-0.151093267866857,0.151093267866857,1,1
additive_bias,87,-0.5,score_low_bias,0.965315681418172,0.961714647904989,0.965036667447632,0.00332201954264222,0.164,0,0.2294,,,0.714908456843941,0.285091543156059,0.25,0.00147661531541351,0.234057103041459,0.0013052844054281,-0.508932149799302,0.2294,1147,0.164,0.0654,820,327,0.714908456843941,0.285091543156059,0.00360103351318254,-0.000279013970540314,0.0144813406392425,0.0169138948723751,1,1
additive_bias,87,-0.25,score_low_bias,0.965315681418172,0.961714647904989,0.965036667447632,0.00332201954264222,0.164,0,0.2294,,,0.714908456843941,0.285091543156059,0.0625,0.00147661531541351,0.0549853672927623,0.0013052844054281,-0.258932149799302,0.2294,1147,0.164,0.0654,820,327,0.714908456843941,0.285091543156059,0.00360103351318254,-0.000279013970540314,0.0144813406392425,0.0169138948723751,1,1
additive_bias,87,-0.1,score_low_bias,0.965315681418172,0.962121067967668,0.965036667447632,0.00291559947996389,0.164,0.0034,0.2294,1,0,0.714908456843941,0.285091543156059,0.01,0.00147661531541351,0.00754232584354447,0.0013052844054281,-0.108932149799302,0.226,1130,0.1606,0.0654,803,327,0.710619469026549,0.289380530973451,0.00319461345050415,-0.000279013970540314,0.0129008826547072,0.0153700328364799,1,1
additive_bias,87,0,no_bias,0.965315681418172,0.965315681418172,0.965036667447632,-0.000279013970540309,0.164,0.164,0.2294,1,0,0.714908456843941,0.285091543156059,0,0.00147661531541351,0.000913631544065922,0.0013052844054281,-0.00893214979930224,0.0654,327,0,0.0654,0,327,0,1,0,-0.000279013970540314,-0.00426626866269593,0.00426626866269593,1,1
additive_bias,87,0.1,score_high_bias,0.965315681418172,0.949916719923766,0.965036667447632,0.015119947523866,0.164,0.59,0.2294,0.277966101694915,0.722033898305085,0.714908456843941,0.285091543156059,0.01,0.00147661531541351,0.0142849372445874,0.0013052844054281,0.0910678502006978,0.3606,1803,0.3606,0,1803,0,1,0,0.015119947523866,0,-0.0419299709480477,0.0419299709480477,1,1
additive_bias,87,0.25,score_high_bias,0.965315681418172,0.917834181540244,0.965036667447632,0.0472024859073879,0.164,0.7822,0.2294,0.20966504730248,0.79033495269752,0.714908456843941,0.285091543156059,0.0625,0.00147661531541351,0.0718418957953696,0.0013052844054281,0.241067850200698,0.5528,2764,0.5528,0,2764,0,1,0,0.0472024859073878,0,-0.0853879991088781,0.0853879991088781,1,1
additive_bias,87,0.5,score_high_bias,0.965315681418172,0.856764407858689,0.965036667447632,0.108272259588942,0.164,0.9496,0.2294,0.172704296545914,0.827295703454086,0.714908456843941,0.285091543156059,0.25,0.00147661531541351,0.267770160046673,0.0013052844054281,0.491067850200698,0.7202,3601,0.7202,0,3601,0,1,0,0.108272259588942,0,-0.150336378212916,0.150336378212916,1,1
additive_bias,88,-0.5,score_low_bias,0.964362421718068,0.960655212041573,0.964324583993396,0.00366937195182271,0.1642,0,0.138,,,1,0,0.25,0.00157454260589842,0.250470159428758,0.00162343109506712,-0.496655534238355,0.138,690,0.138,0,690,0,1,0,0.0036693719518227,0,0.0265896518248022,0.0265896518248022,1,1
additive_bias,88,-0.25,score_low_bias,0.964362421718068,0.960655212041573,0.964324583993396,0.00366937195182271,0.1642,0,0.138,,,1,0,0.0625,0.00157454260589842,0.0629178907722095,0.00162343109506712,-0.246655534238355,0.138,690,0.138,0,690,0,1,0,0.0036693719518227,0,0.0265896518248022,0.0265896518248022,1,1
additive_bias,88,-0.1,score_low_bias,0.964362421718068,0.961032986312394,0.964324583993396,0.00329159768100173,0.1642,0.0032,0.138,1,0,1,0,0.01,0.00157454260589842,0.0103865295782803,0.00162343109506712,-0.0966555342383553,0.1348,674,0.1348,0,674,0,1,0,0.00329159768100179,0,0.024418380422862,0.024418380422862,1,1
additive_bias,88,0,no_bias,0.964362421718068,0.964362421718068,0.964324583993396,-3.78377246722517e-05,0.1642,0.1642,0.138,1,0,1,0,0,0.00157454260589842,0.0003656221156609,0.00162343109506712,0.00334446576164471,0.0262,131,0,0.0262,0,131,0,1,0,-3.78377246722731e-05,0.00144418796459058,0.00144418796459058,1,1
additive_bias,88,0.1,score_high_bias,0.964362421718068,0.948484194972083,0.964324583993396,0.0158403890213128,0.1642,0.6012,0.138,0.273120425815037,0.726879574184963,1,0,0.01,0.00157454260589842,0.0103447146530415,0.00162343109506712,0.103344465761645,0.4632,2316,0.437,0.0262,2185,131,0.943436960276338,0.0565630397236615,0.015878226745985,-3.78377246722731e-05,-0.0341977310477391,0.0343611063701583,1,1
additive_bias,88,0.25,score_high_bias,0.964362421718068,0.917664479395896,0.964324583993396,0.0466601045975005,0.1642,0.7866,0.138,0.208746503941012,0.791253496058988,1,0,0.0625,0.00157454260589842,0.0628133534591123,0.00162343109506712,0.253344465761645,0.6486,3243,0.6224,0.0262,3112,131,0.959605303731113,0.0403946962688868,0.0466979423221728,-3.78377246722731e-05,-0.0719397234004017,0.0720563984687713,1,1
additive_bias,88,0.5,score_high_bias,0.964362421718068,0.856778831054662,0.964324583993396,0.107545752938734,0.1642,0.9526,0.138,0.172370354818392,0.827629645181608,1,0,0.25,0.00157454260589842,0.250261084802564,0.00162343109506712,0.503344465761645,0.8146,4073,0.7884,0.0262,3942,131,0.967836975202553,0.0321630247974466,0.107583590663406,-3.78377246722731e-05,-0.132022775520174,0.132115674426809,1,1
additive_bias,89,-0.5,score_low_bias,0.965022507053698,0.96141563019417,0.964781810823348,0.00336618062917737,0.1588,0,0.2202,,,0.721162579473206,0.278837420526794,0.25,0.00168754954901292,0.239295668075932,0.00123735888811128,-0.508260897572819,0.2202,1101,0.1588,0.0614,794,307,0.721162579473206,0.278837420526794,0.00360687685952771,-0.000240696230350294,0.0152869238382262,0.017473083968565,1,1
additive_bias,89,-0.25,score_low_bias,0.965022507053698,0.96141563019417,0.964781810823348,0.00336618062917737,0.1588,0,0.2202,,,0.721162579473206,0.278837420526794,0.0625,0.00168754954901292,0.0573651975260039,0.00123735888811128,-0.258260897572819,0.2202,1101,0.1588,0.0614,794,307,0.721162579473206,0.278837420526794,0.00360687685952771,-0.000240696230350294,0.0152869238382262,0.017473083968565,1,1
additive_bias,89,-0.1,score_low_bias,0.965022507053698,0.961885926377556,0.964781810823348,0.00289588444579203,0.1588,0.004,0.2202,1,0,0.721162579473206,0.278837420526794,0.01,0.00168754954901292,0.0082069151960472,0.00123735888811128,-0.108260897572819,0.2162,1081,0.1548,0.0614,774,307,0.716003700277521,0.283996299722479,0.00313658067614235,-0.000240696230350294,0.0133944701470493,0.015621077273324,1,1
additive_bias,89,0,no_bias,0.965022507053698,0.965022507053698,0.964781810823348,-0.000240696230350279,0.1588,0.1588,0.2202,1,0,0.721162579473206,0.278837420526794,0,0.00168754954901292,0.000434726976076098,0.00123735888811128,-0.00826089757281912,0.0614,307,0,0.0614,0,307,0,1,0,-0.000240696230350294,-0.00392013404479306,0.00392013404479306,1,1
additive_bias,89,0.1,score_high_bias,0.965022507053698,0.948905118973503,0.964781810823348,0.0158766918498447,0.1588,0.595,0.2202,0.266890756302521,0.733109243697479,0.721162579473206,0.278837420526794,0.01,0.00168754954901292,0.012662538756105,0.00123735888811128,0.0917391024271809,0.3748,1874,0.3748,0,1874,0,1,0,0.0158766918498447,0,-0.0423604371660745,0.0423604371660745,1,1
additive_bias,89,0.25,score_high_bias,0.965022507053698,0.917036448477222,0.964781810823348,0.0477453623461263,0.1588,0.7886,0.2202,0.201369515597261,0.798630484402739,0.721162579473206,0.278837420526794,0.0625,0.00168754954901292,0.0685042564261483,0.00123735888811128,0.241739102427181,0.5684,2842,0.5684,0,2842,0,1,0,0.0477453623461263,0,-0.0839995818897366,0.0839995818897366,1,1
additive_bias,89,0.5,score_high_bias,0.965022507053698,0.859134289549563,0.964781810823348,0.105647521273785,0.1588,0.9522,0.2202,0.166771686620458,0.833228313379542,0.721162579473206,0.278837420526794,0.25,0.00168754954901292,0.261573785876221,0.00123735888811128,0.491739102427181,0.732,3660,0.732,0,3660,0,1,0,0.105647521273785,0,-0.144327214854897,0.144327214854897,1,1
additive_bias,90,-0.5,score_low_bias,0.965775803848294,0.962047988208302,0.965690833458755,0.00364284525045344,0.1622,0,0.127,,,1,0,0.25,0.000964964555176203,0.244895217235853,0.00111959420079235,-0.494917440929935,0.127,635,0.127,0,635,0,1,0,0.00364284525045345,0,0.0286838208697122,0.0286838208697122,1,1
additive_bias,90,-0.25,score_low_bias,0.965775803848294,0.962047988208302,0.965690833458755,0.00364284525045344,0.1622,0,0.127,,,1,0,0.0625,0.000964964555176203,0.0602942563066755,0.00111959420079235,-0.244917440929935,0.127,635,0.127,0,635,0,1,0,0.00364284525045345,0,0.0286838208697122,0.0286838208697122,1,1
additive_bias,90,-0.1,score_low_bias,0.965775803848294,0.962460097613374,0.965690833458755,0.00323073584538136,0.1622,0.0036,0.127,1,0,1,0,0.01,0.000964964555176203,0.00953367974916918,0.00111959420079235,-0.0949174409299345,0.1234,617,0.1234,0,617,0,1,0,0.00323073584538142,0,0.0261810036092497,0.0261810036092497,1,1
additive_bias,90,0,no_bias,0.965775803848294,0.965775803848294,0.965690833458755,-8.49703895392517e-05,0.1622,0.1622,0.127,1,0,1,0,0,0.000964964555176203,0.00069329537749828,0.00111959420079235,0.0050825590700655,0.0352,176,0,0.0352,0,176,0,1,0,-8.49703895392129e-05,0.00241393152100037,0.00241393152100037,1,1
additive_bias,90,0.1,score_high_bias,0.965775803848294,0.94937358026326,0.965690833458755,0.0163172531954948,0.1622,0.6142,0.127,0.264083360468903,0.735916639531097,1,0,0.01,0.000964964555176203,0.0118529110058274,0.00111959420079235,0.105082559070066,0.4872,2436,0.452,0.0352,2260,176,0.927750410509031,0.0722495894909688,0.0164022235850341,-8.49703895392129e-05,-0.0334918990055314,0.0338407101284345,1,1
additive_bias,90,0.25,score_high_bias,0.965775803848294,0.918963742106772,0.965690833458755,0.0467270913519827,0.1622,0.7996,0.127,0.202851425712856,0.797148574287144,1,0,0.0625,0.000964964555176203,0.066092334448321,0.00111959420079235,0.255082559070066,0.6726,3363,0.6374,0.0352,3187,176,0.947665774606006,0.0523342253939935,0.0468120617415219,-8.49703895392129e-05,-0.0694723332619428,0.0697249957345542,1,1
additive_bias,90,0.5,score_high_bias,0.965775803848294,0.862734006994637,0.965690833458755,0.102956826464118,0.1622,0.9548,0.127,0.169878508588186,0.830121491411814,1,0,0.25,0.000964964555176203,0.256491373519144,0.00111959420079235,0.505082559070066,0.8278,4139,0.7926,0.0352,3963,176,0.957477651606668,0.0425223483933317,0.103041796853657,-8.49703895392129e-05,-0.124374035351677,0.124579327425944,1,1
additive_bias,91,-0.5,score_low_bias,0.966500037082792,0.963069307295908,0.966494018014883,0.00342471071897521,0.1638,0,0.154,,,1,0,0.25,0.00138338257069938,0.253094437134505,0.000356297323442674,-0.498791054058608,0.154,770,0.154,0,770,0,1,0,0.00342471071897529,0,0.0222383812920473,0.0222383812920473,1,1
additive_bias,91,-0.25,score_low_bias,0.966500037082792,0.963069307295908,0.966494018014883,0.00342471071897521,0.1638,0,0.154,,,1,0,0.0625,0.00138338257069938,0.0641347531297715,0.000356297323442674,-0.248791054058608,0.154,770,0.154,0,770,0,1,0,0.00342471071897529,0,0.0222383812920473,0.0222383812920473,1,1
additive_bias,91,-0.1,score_low_bias,0.966500037082792,0.963338981018231,0.966494018014883,0.00315503699665265,0.1638,0.0024,0.154,1,0,1,0,0.01,0.00138338257069938,0.0107589427269316,0.000356297323442674,-0.0987910540586079,0.1516,758,0.1516,0,758,0,1,0,0.0031550369966527,0,0.0208115896876827,0.0208115896876827,1,1
additive_bias,91,0,no_bias,0.966500037082792,0.966500037082792,0.966494018014883,-6.01906790820284e-06,0.1638,0.1638,0.154,1,0,1,0,0,0.00138338257069938,0.00017506912503826,0.000356297323442674,0.00120894594139209,0.0098,49,0,0.0098,0,49,0,1,0,-6.01906790811138e-06,0.000614190602868508,0.000614190602868508,1,1
additive_bias,91,0.1,score_high_bias,0.966500037082792,0.950381532146961,0.966494018014883,0.0161124858679219,0.1638,0.6026,0.154,0.271822104215068,0.728177895784932,1,0,0.01,0.00138338257069938,0.00959119552314496,0.000356297323442674,0.101208945941392,0.4486,2243,0.4388,0.0098,2194,49,0.978154257690593,0.021845742309407,0.01611850493583,-6.01906790811138e-06,-0.0359172667586311,0.0359441016579094,1,1
additive_bias,91,0.25,score_high_bias,0.966500037082792,0.918586852916759,0.966494018014883,0.0479071650981248,0.1638,0.7938,0.154,0.206349206349206,0.793650793650794,1,0,0.0625,0.00138338257069938,0.061215385120305,0.000356297323442674,0.251208945941392,0.6398,3199,0.63,0.0098,3150,49,0.984682713347921,0.0153172866520788,0.0479131841660329,-6.01906790811138e-06,-0.0748783449486164,0.0748971604156627,1,1
additive_bias,91,0.5,score_high_bias,0.966500037082792,0.857397474774452,0.966494018014883,0.109096543240431,0.1638,0.9636,0.154,0.169987546699875,0.830012453300125,1,0,0.25,0.00138338257069938,0.247255701115572,0.000356297323442674,0.501208945941392,0.8096,4048,0.7998,0.0098,3999,49,0.987895256916996,0.012104743083004,0.10910256230834,-6.01906790811138e-06,-0.134753635425434,0.134768504664337,1,1
additive_bias,92,-0.5,score_low_bias,0.965712964924289,0.962002020077781,0.965219648358562,0.00321762828078065,0.1588,0,0.077,,,1,0,0.25,0.00119303151813411,0.254426869119825,0.000836015058399006,-0.485888291678622,0.077,385,0.077,0,385,0,1,0,0.00321762828078069,0,0.041787380269879,0.041787380269879,1,1
additive_bias,92,-0.25,score_low_bias,0.965712964924289,0.962002020077781,0.965219648358562,0.00321762828078065,0.1588,0,0.077,,,1,0,0.0625,0.00119303151813411,0.0648477857776764,0.000836015058399006,-0.235888291678622,0.077,385,0.077,0,385,0,1,0,0.00321762828078069,0,0.041787380269879,0.041787380269879,1,1
additive_bias,92,-0.1,score_low_bias,0.965712964924289,0.962475987485365,0.965219648358562,0.00274366087319677,0.1588,0.0038,0.077,1,0,1,0,0.01,0.00119303151813411,0.0111003357723872,0.000836015058399006,-0.0858882916786222,0.0732,366,0.0732,0,366,0,1,0,0.00274366087319683,0,0.0374817059179895,0.0374817059179895,1,1
additive_bias,92,0,no_bias,0.965712964924289,0.965712964924289,0.965219648358562,-0.000493316565727264,0.1588,0.1588,0.077,1,0,1,0,0,0.00119303151813411,0.00026870243552775,0.000836015058399006,0.0141117083213778,0.0818,409,0,0.0818,0,409,0,1,0,-0.000493316565727246,0.00603076486219127,0.00603076486219127,1,1
additive_bias,92,0.1,score_high_bias,0.965712964924289,0.949958593298783,0.965219648358562,0.0152610550597785,0.1588,0.5904,0.077,0.268970189701897,0.731029810298103,1,0,0.01,0.00119303151813411,0.00943706909866828,0.000836015058399006,0.114111708321378,0.5134,2567,0.4316,0.0818,2158,409,0.840670042851578,0.159329957148422,0.0157543716255057,-0.000493316565727246,-0.0297254675881933,0.0316472306023236,1,1
additive_bias,92,0.25,score_high_bias,0.965712964924289,0.917196361219419,0.965219648358562,0.0480232871391423,0.1588,0.7876,0.077,0.201625190452006,0.798374809547994,1,0,0.0625,0.00119303151813411,0.0606896190933791,0.000836015058399006,0.264111708321378,0.7106,3553,0.6288,0.0818,3144,409,0.884886011820996,0.115113988179004,0.0485166037048696,-0.000493316565727246,-0.0675813216143292,0.0689697724044425,1,1
additive_bias,92,0.5,score_high_bias,0.965712964924289,0.856843310029601,0.965219648358562,0.108376338328961,0.1588,0.9554,0.077,0.166213104458865,0.833786895541135,1,0,0.25,0.00119303151813411,0.24611053575123,0.000836015058399006,0.514111708321378,0.8784,4392,0.7966,0.0818,3983,409,0.906876138433515,0.0931238615664845,0.108869654894688,-0.000493316565727246,-0.123379255838981,0.124502472063315,1,1
additive_bias,93,-0.5,score_low_bias,0.966253987923585,0.962477631622223,0.965664622534991,0.00318699091276808,0.1602,0,0.0736,,,1,0,0.25,0.00129846600189092,0.263841616864826,0.00107856369547151,-0.485114823146666,0.0736,368,0.0736,0,368,0,1,0,0.00318699091276805,0,0.0433015069669572,0.0433015069669572,1,1
additive_bias,93,-0.25,score_low_bias,0.966253987923585,0.962477631622223,0.965664622534991,0.00318699091276808,0.1602,0,0.0736,,,1,0,0.0625,0.00129846600189092,0.0697671865170314,0.00107856369547151,-0.235114823146666,0.0736,368,0.0736,0,368,0,1,0,0.00318699091276805,0,0.0433015069669572,0.0433015069669572,1,1
additive_bias,93,-0.1,score_low_bias,0.966253987923585,0.96291517816695,0.965664622534991,0.00274944436804137,0.1602,0.0038,0.0736,1,0,1,0,0.01,0.00129846600189092,0.0133225283083548,0.00107856369547151,-0.0851148231466657,0.0698,349,0.0698,0,349,0,1,0,0.00274944436804139,0,0.0393903204590457,0.0393903204590457,1,1
additive_bias,93,0,no_bias,0.966253987923585,0.966253987923585,0.965664622534991,-0.000589365388594221,0.1602,0.1602,0.0736,1,0,1,0,0,0.00129846600189092,0.000692756169237028,0.00107856369547151,0.0148851768533343,0.0866,433,0,0.0866,0,433,0,1,0,-0.00058936538859419,0.00680560494912459,0.00680560494912459,1,1
additive_bias,93,0.1,score_high_bias,0.966253987923585,0.950644930482619,0.965664622534991,0.0150196920523723,0.1602,0.5892,0.0736,0.271894093686354,0.728105906313646,1,0,0.01,0.00129846600189092,0.00806298403011929,0.00107856369547151,0.114885176853334,0.5156,2578,0.429,0.0866,2145,433,0.832040341349884,0.167959658650116,0.0156090574409665,-0.00058936538859419,-0.0291305121264008,0.0314166462947258,1,1
additive_bias,93,0.25,score_high_bias,0.966253987923585,0.918925975489994,0.965664622534991,0.0467386470449969,0.1602,0.7782,0.0736,0.20585967617579,0.79414032382421,1,0,0.0625,0.00129846600189092,0.0566183258214427,0.00107856369547151,0.264885176853334,0.7046,3523,0.618,0.0866,3090,433,0.877093386318479,0.122906613681521,0.047328012433591,-0.00058936538859419,-0.0663335893343696,0.0680064970510718,1,1
additive_bias,93,0.5,score_high_bias,0.966253987923585,0.854764010124446,0.965664622534991,0.110900612410545,0.1602,0.9538,0.0736,0.167959739987419,0.832040260012581,1,0,0.25,0.00129846600189092,0.237543895473648,0.00107856369547151,0.514885176853334,0.8802,4401,0.7936,0.0866,3968,433,0.901613269711429,0.0983867302885708,0.111489977799139,-0.00058936538859419,-0.125994788014707,0.127333950451867,1,1
additive_bias,94,-0.5,score_low_bias,0.964648102275973,0.960893466177356,0.961973357900429,0.00107989172307321,0.1566,0,0.3658,,,0.428102788408967,0.571897211591033,0.25,0.00100924116515354,0.245280966107836,0.000886579579970812,-0.526440956470485,0.3658,1829,0.1566,0.2092,783,1046,0.428102788408967,0.571897211591033,0.0037546360986173,-0.00267474437554401,0.00295213702316371,0.0175762178079861,1,1
additive_bias,94,-0.25,score_low_bias,0.964648102275973,0.960893466177356,0.961973357900429,0.00107989172307321,0.1566,0,0.3658,,,0.428102788408967,0.571897211591033,0.0625,0.00100924116515354,0.0604728335409311,0.000886579579970812,-0.276440956470485,0.3658,1829,0.1566,0.2092,783,1046,0.428102788408967,0.571897211591033,0.0037546360986173,-0.00267474437554401,0.00295213702316371,0.0175762178079861,1,1
additive_bias,94,-0.1,score_low_bias,0.964648102275973,0.961353901812151,0.961973357900429,0.00061945608827807,0.1566,0.0038,0.3658,1,0,0.428102788408967,0.571897211591033,0.01,0.00100924116515354,0.00958795400078849,0.000886579579970812,-0.126440956470485,0.362,1810,0.1528,0.2092,764,1046,0.422099447513812,0.577900552486188,0.00329420046382208,-0.00267474437554401,0.00171120466375156,0.0164887978988013,1,1
additive_bias,94,0,no_bias,0.964648102275973,0.964648102275973,0.961973357900429,-0.00267474437554405,0.1566,0.1566,0.3658,1,0,0.428102788408967,0.571897211591033,0,0.00100924116515354,0.000664700974026728,0.000886579579970812,-0.0264409564704854,0.2092,1046,0,0.2092,0,1046,0,1,0,-0.00267474437554401,-0.0127855849691396,0.0127855849691396,1,1
additive_bias,94,0.1,score_high_bias,0.964648102275973,0.948849507303341,0.961973357900429,0.0131238505970874,0.1566,0.5978,0.3658,0.261960521913684,0.738039478086317,0.428102788408967,0.571897211591033,0.01,0.00100924116515354,0.011741447947265,0.000886579579970812,0.0735590435295146,0.232,1160,0.232,0,1160,0,1,0,0.0131238505970874,0,-0.05656832153917,0.05656832153917,1,1
additive_bias,94,0.25,score_high_bias,0.964648102275973,0.917328489943368,0.961973357900429,0.0446448679570606,0.1566,0.7892,0.3658,0.198428788646731,0.801571211353269,0.428102788408967,0.571897211591033,0.0625,0.00100924116515354,0.0658565684071223,0.000886579579970812,0.223559043529515,0.4234,2117,0.4234,0,2117,0,1,0,0.0446448679570606,0,-0.105443712699718,0.105443712699718,1,1
additive_bias,94,0.5,score_high_bias,0.964648102275973,0.857126954074892,0.961973357900429,0.104846403825537,0.1566,0.9558,0.3658,0.163841807909605,0.836158192090396,0.428102788408967,0.571897211591033,0.25,0.00100924116515354,0.256048435840218,0.000886579579970812,0.473559043529515,0.59,2950,0.59,0,2950,0,1,0,0.104846403825537,0,-0.177705769195826,0.177705769195826,1,1
additive_bias,95,-0.5,score_low_bias,0.965996194215995,0.962496203701361,0.965587212709667,0.00309100900830639,0.157,0,0.0806,,,1,0,0.25,0.00204924857752639,0.247433647003707,0.0010845278578406,-0.487061593067088,0.0806,403,0.0806,0,403,0,1,0,0.00309100900830637,0,0.0383499876961089,0.0383499876961089,1,1
additive_bias,95,-0.25,score_low_bias,0.965996194215995,0.962496203701361,0.965587212709667,0.00309100900830639,0.157,0,0.0806,,,1,0,0.0625,0.00204924857752639,0.061445800941745,0.0010845278578406,-0.237061593067088,0.0806,403,0.0806,0,403,0,1,0,0.00309100900830637,0,0.0383499876961089,0.0383499876961089,1,1
additive_bias,95,-0.1,score_low_bias,0.965996194215995,0.96281881778749,0.965587212709667,0.0027683949221774,0.157,0.0026,0.0806,1,0,1,0,0.01,0.00204924857752639,0.00985309330456775,0.0010845278578406,-0.0870615930670883,0.078,390,0.078,0,390,0,1,0,0.00276839492217742,0,0.0354922425920182,0.0354922425920182,1,1
additive_bias,95,0,no_bias,0.965996194215995,0.965996194215995,0.965587212709667,-0.000408981506327066,0.157,0.157,0.0806,1,0,1,0,0,0.00204924857752639,0.000457954879782891,0.0010845278578406,0.0129384069329117,0.0764,382,0,0.0764,0,382,0,1,0,-0.000408981506327055,0.00535316107757925,0.00535316107757925,1,1
additive_bias,95,0.1,score_high_bias,0.965996194215995,0.949948178485846,0.965587212709667,0.0156390342238212,0.157,0.5928,0.0806,0.264844804318489,0.735155195681512,1,0,0.01,0.00204924857752639,0.011062816454998,0.0010845278578406,0.112938406932912,0.5122,2561,0.4358,0.0764,2179,382,0.850839515814135,0.149160484185865,0.0160480157301482,-0.000408981506327055,-0.0305330617411581,0.0321300219376714,1,1
additive_bias,95,0.25,score_high_bias,0.965996194215995,0.917404965895777,0.965587212709667,0.0481822468138908,0.157,0.7898,0.0806,0.198784502405672,0.801215497594328,1,0,0.0625,0.00204924857752639,0.0644701088178208,0.0010845278578406,0.262938406932912,0.7092,3546,0.6328,0.0764,3164,382,0.892272983643542,0.107727016356458,0.0485912283202179,-0.000408981506327055,-0.0679388702959544,0.0690922304378807,1,1
additive_bias,95,0.5,score_high_bias,0.965996194215995,0.856758859031899,0.965587212709667,0.108828353677768,0.157,0.9568,0.0806,0.164088628762542,0.835911371237458,1,0,0.25,0.00204924857752639,0.253482262755859,0.0010845278578406,0.512938406932912,0.8762,4381,0.7998,0.0764,3999,382,0.912805295594613,0.0871947044053869,0.109237335184095,-0.000408981506327055,-0.12420492316568,0.125138457761267,1,1
additive_bias,96,-0.5,score_low_bias,0.964664854259536,0.960981588327808,0.96438735890076,0.00340577057295233,0.1626,0,0.0998,,,1,0,0.25,0.000918453046286993,0.24750108782591,0.00208207163551871,-0.489623889223458,0.0998,499,0.0998,0,499,0,1,0,0.00340577057295237,0,0.0341259576448133,0.0341259576448133,1,1
additive_bias,96,-0.25,score_low_bias,0.964664854259536,0.960981588327808,0.96438735890076,0.00340577057295233,0.1626,0,0.0998,,,1,0,0.0625,0.000918453046286993,0.0614427645930411,0.00208207163551871,-0.239623889223458,0.0998,499,0.0998,0,499,0,1,0,0.00340577057295237,0,0.0341259576448133,0.0341259576448133,1,1
additive_bias,96,-0.1,score_low_bias,0.964664854259536,0.961161163585538,0.96438735890076,0.0032261953152225,0.1626,0.0016,0.0998,1,0,1,0,0.01,0.000918453046286993,0.00980777065331958,0.00208207163551871,-0.0896238892234576,0.0982,491,0.0982,0,491,0,1,0,0.00322619531522259,0,0.0328533127823075,0.0328533127823075,1,1
additive_bias,96,0,no_bias,0.964664854259536,0.964664854259536,0.96438735890076,-0.000277495358775859,0.1626,0.1626,0.0998,1,0,1,0,0,0.000918453046286993,0.000384441360171862,0.00208207163551871,0.0103761107765424,0.0628,314,0,0.0628,0,314,0,1,0,-0.000277495358775807,0.00441871590407335,0.00441871590407335,1,1
additive_bias,96,0.1,score_high_bias,0.964664854259536,0.949476709286835,0.96438735890076,0.0149106496139254,0.1626,0.5898,0.0998,0.275686673448627,0.724313326551373,1,0,0.01,0.000918453046286993,0.0109611120670241,0.00208207163551871,0.110376110776542,0.49,2450,0.4272,0.0628,2136,314,0.871836734693878,0.128163265306122,0.0151881449727013,-0.000277495358775807,-0.0304298971712764,0.0315625312887287,1,1
additive_bias,96,0.25,score_high_bias,0.964664854259536,0.917434963323389,0.96438735890076,0.0469523955773713,0.1626,0.786,0.0998,0.206870229007634,0.793129770992366,1,0,0.0625,0.000918453046286993,0.0643261181273026,0.00208207163551871,0.260376110776542,0.6862,3431,0.6234,0.0628,3117,314,0.908481492276304,0.0915185077236957,0.0472298909361471,-0.000277495358775807,-0.068423776708498,0.0692325652796895,1,1
additive_bias,96,0.5,score_high_bias,0.964664854259536,0.855363840791793,0.96438735890076,0.109023518108967,0.1626,0.9568,0.0998,0.169941471571906,0.830058528428094,1,0,0.25,0.000918453046286993,0.253267794894433,0.00208207163551871,0.510376110776543,0.857,4285,0.7942,0.0628,3971,314,0.926721120186698,0.0732788798133022,0.109301013467743,-0.000277495358775807,-0.12721530701163,0.127862904114958,1,1
additive_bias,97,-0.5,score_low_bias,0.965313839353567,0.961765858733854,0.964179591516421,0.00241373278256707,0.15,0,0.2826,,,0.530785562632696,0.469214437367304,0.25,0.00157765069281227,0.255513274950481,0.00230507361037336,-0.516487522059578,0.2826,1413,0.15,0.1326,750,663,0.530785562632696,0.469214437367304,0.00354798061971375,-0.00113424783714665,0.00854116342026575,0.0165683951056631,1,1
additive_bias,97,-0.25,score_low_bias,0.965313839353567,0.961765858733854,0.964179591516421,0.00241373278256707,0.15,0,0.2826,,,0.530785562632696,0.469214437367304,0.0625,0.00157765069281227,0.0659558696914768,0.00230507361037336,-0.266487522059578,0.2826,1413,0.15,0.1326,750,663,0.530785562632696,0.469214437367304,0.00354798061971375,-0.00113424783714665,0.00854116342026575,0.0165683951056631,1,1
additive_bias,97,-0.1,score_low_bias,0.965313839353567,0.96209612810158,0.964179591516421,0.00208346341484111,0.15,0.0028,0.2826,1,0,0.530785562632696,0.469214437367304,0.01,0.00157765069281227,0.0122214265360746,0.00230507361037336,-0.116487522059578,0.2798,1399,0.1472,0.1326,736,663,0.526090064331666,0.473909935668335,0.00321771125198775,-0.00113424783714665,0.00744625952409257,0.0155538209046976,1,1
additive_bias,97,0,no_bias,0.965313839353567,0.965313839353567,0.964179591516421,-0.00113424783714666,0.15,0.15,0.2826,1,0,0.530785562632696,0.469214437367304,0,0.00157765069281227,0.00139846443247307,0.00230507361037336,-0.0164875220595782,0.1326,663,0,0.1326,0,663,0,1,0,-0.00113424783714665,-0.0085539052575162,0.0085539052575162,1,1
additive_bias,97,0.1,score_high_bias,0.965313839353567,0.94930330414952,0.964179591516421,0.0148762873669004,0.15,0.5928,0.2826,0.253036437246964,0.746963562753036,0.530785562632696,0.469214437367304,0.01,0.00157765069281227,0.0105755023288716,0.00230507361037336,0.0835124779404219,0.3102,1551,0.3102,0,1551,0,1,0,0.0148762873669004,0,-0.0479570837101882,0.0479570837101882,1,1
additive_bias,97,0.25,score_high_bias,0.965313839353567,0.915692026801348,0.964179591516421,0.0484875647150724,0.15,0.7956,0.2826,0.188536953242836,0.811463046757164,0.530785562632696,0.469214437367304,0.0625,0.00157765069281227,0.0618410591734694,0.00230507361037336,0.233512477940422,0.513,2565,0.513,0,2565,0,1,0,0.0484875647150725,0,-0.0945176700098879,0.0945176700098879,1,1
additive_bias,97,0.5,score_high_bias,0.965313839353567,0.855770293126354,0.964179591516421,0.108409298390067,0.15,0.9608,0.2826,0.156119900083264,0.843880099916736,0.530785562632696,0.469214437367304,0.25,0.00157765069281227,0.247283653914466,0.00230507361037336,0.483512477940422,0.6782,3391,0.6782,0,3391,0,1,0,0.108409298390067,0,-0.159848567369606,0.159848567369606,1,1
additive_bias,98,-0.5,score_low_bias,0.964609452575617,0.961200262008217,0.964600067061825,0.00339980505360815,0.1524,0,0.1642,,,0.928136419001218,0.071863580998782,0.25,0.00289340185720378,0.254500469638182,0.000868938532883969,-0.501417876520066,0.1642,821,0.1524,0.0118,762,59,0.928136419001218,0.071863580998782,0.00340919056739944,-9.38551379131878e-06,0.0207052682923759,0.0208195863653518,1,1
additive_bias,98,-0.25,score_low_bias,0.964609452575617,0.961200262008217,0.964600067061825,0.00339980505360815,0.1524,0,0.1642,,,0.928136419001218,0.071863580998782,0.0625,0.00289340185720378,0.0650904700556976,0.000868938532883969,-0.251417876520066,0.1642,821,0.1524,0.0118,762,59,0.928136419001218,0.071863580998782,0.00340919056739944,-9.38551379131878e-06,0.0207052682923759,0.0208195863653518,1,1
additive_bias,98,-0.1,score_low_bias,0.964609452575617,0.961579802319375,0.964600067061825,0.00302026474244999,0.1524,0.003,0.1642,1,0,0.928136419001218,0.071863580998782,0.01,0.00289340185720378,0.0114444703062073,0.000868938532883969,-0.101417876520066,0.1612,806,0.1494,0.0118,747,59,0.926799007444169,0.0732009925558313,0.00302965025624132,-9.38551379131878e-06,0.0187361336380273,0.0188525792185648,1,1
additive_bias,98,0,no_bias,0.964609452575617,0.964609452575617,0.964600067061825,-9.38551379126018e-06,0.1524,0.1524,0.1642,1,0,0.928136419001218,0.071863580998782,0,0.00289340185720378,0.000680470473213707,0.000868938532883969,-0.00141787652006597,0.0118,59,0,0.0118,0,59,0,1,0,-9.38551379131878e-06,-0.000795382524688032,0.000795382524688032,1,1
additive_bias,98,0.1,score_high_bias,0.964609452575617,0.948900958624581,0.964600067061825,0.0156991084372439,0.1524,0.586,0.1642,0.260068259385666,0.739931740614335,0.928136419001218,0.071863580998782,0.01,0.00289340185720378,0.00991647064022016,0.000868938532883969,0.098582123479934,0.4218,2109,0.4218,0,2109,0,1,0,0.0156991084372438,0,-0.0372193182485628,0.0372193182485628,1,1
additive_bias,98,0.25,score_high_bias,0.964609452575617,0.91659011461454,0.964600067061825,0.0480099524472855,0.1524,0.7816,0.1642,0.194984646878199,0.805015353121801,0.928136419001218,0.071863580998782,0.0625,0.00289340185720378,0.0612704708907298,0.000868938532883969,0.248582123479934,0.6174,3087,0.6174,0,3087,0,1,0,0.0480099524472854,0,-0.0777615038018877,0.0777615038018877,1,1
additive_bias,98,0.5,score_high_bias,0.964609452575617,0.853512540724651,0.964600067061825,0.111087526337175,0.1524,0.9574,0.1642,0.159181115521203,0.840818884478797,0.928136419001218,0.071863580998782,0.25,0.00289340185720378,0.246860471308246,0.000868938532883969,0.498582123479934,0.7932,3966,0.7932,0,3966,0,1,0,0.111087526337175,0,-0.140049831489126,0.140049831489126,1,1
additive_bias,99,-0.5,score_low_bias,0.965124076616478,0.961669937659572,0.965067008206459,0.00339707054688609,0.1542,0,0.188,,,0.820212765957447,0.179787234042553,0.25,0.000663686403580576,0.247623680433151,0.000645142675843478,-0.50379787506461,0.188,940,0.1542,0.0338,771,169,0.820212765957447,0.179787234042553,0.00345413895690558,-5.70684100194563e-05,0.0180695241855645,0.0186766349304523,1,1
additive_bias,99,-0.25,score_low_bias,0.965124076616478,0.961669937659572,0.965067008206459,0.00339707054688609,0.1542,0,0.188,,,0.820212765957447,0.179787234042553,0.0625,0.000663686403580576,0.0616261899870978,0.000645142675843478,-0.25379787506461,0.188,940,0.1542,0.0338,771,169,0.820212765957447,0.179787234042553,0.00345413895690558,-5.70684100194563e-05,0.0180695241855645,0.0186766349304523,1,1
additive_bias,99,-0.1,score_low_bias,0.965124076616478,0.961966434832948,0.965067008206459,0.00310057337351011,0.1542,0.0024,0.188,1,0,0.820212765957447,0.179787234042553,0.01,0.000663686403580576,0.0100276957194657,0.000645142675843478,-0.10379787506461,0.1856,928,0.1518,0.0338,759,169,0.817887931034483,0.182112068965517,0.00315764178352963,-5.70684100194563e-05,0.0167056755038264,0.0173206368186912,1,1
additive_bias,99,0,no_bias,0.965124076616478,0.965124076616478,0.965067008206459,-5.70684100195118e-05,0.1542,0.1542,0.188,1,0,0.820212765957447,0.179787234042553,0,0.000663686403580576,0.000628699541044264,0.000645142675843478,-0.00379787506461038,0.0338,169,0,0.0338,0,169,0,1,0,-5.70684100194563e-05,-0.00168841449761705,0.00168841449761705,1,1
additive_bias,99,0.1,score_high_bias,0.965124076616478,0.948961769599121,0.965067008206459,0.0161052386073378,0.1542,0.601,0.188,0.256572379367721,0.74342762063228,0.820212765957447,0.179787234042553,0.01,0.000663686403580576,0.0112297033626229,0.000645142675843478,0.0962021249353896,0.413,2065,0.413,0,2065,0,1,0,0.0161052386073378,0,-0.038995735126726,0.038995735126726,1,1
additive_bias,99,0.25,score_high_bias,0.965124076616478,0.918111862250414,0.965067008206459,0.0469551459560449,0.1542,0.787,0.188,0.195933926302414,0.804066073697586,0.820212765957447,0.179787234042553,0.0625,0.000663686403580576,0.0646312090949907,0.000645142675843478,0.24620212493539,0.599,2995,0.599,0,2995,0,1,0,0.046955145956045,0,-0.0783892253022454,0.0783892253022454,1,1
additive_bias,99,0.5,score_high_bias,0.965124076616478,0.857302435509807,0.965067008206459,0.107764572696652,0.1542,0.9532,0.188,0.161770877045741,0.838229122954259,0.820212765957447,0.179787234042553,0.25,0.000663686403580576,0.253633718648937,0.000645142675843478,0.49620212493539,0.7652,3826,0.7652,0,3826,0,1,0,0.107764572696652,0,-0.140831903680935,0.140831903680935,1,1
additive_bias,100,-0.5,score_low_bias,0.966255618093231,0.962327791166626,0.965542042308105,0.00321425114147922,0.1776,0,0.2728,,,0.651026392961877,0.348973607038123,0.25,0.00409273427306979,0.243363012850916,0.000808813246826103,-0.514453221604997,0.2728,1364,0.1776,0.0952,888,476,0.651026392961877,0.348973607038123,0.00392782692660565,-0.000713575785126465,0.0117824455332815,0.0170139395591353,1,1
additive_bias,100,-0.25,score_low_bias,0.966255618093231,0.962327791166626,0.965542042308105,0.00321425114147922,0.1776,0,0.2728,,,0.651026392961877,0.348973607038123,0.0625,0.00409273427306979,0.0595356114204637,0.000808813246826103,-0.264453221604997,0.2728,1364,0.1776,0.0952,888,476,0.651026392961877,0.348973607038123,0.00392782692660565,-0.000713575785126465,0.0117824455332815,0.0170139395591353,1,1
additive_bias,100,-0.1,score_low_bias,0.966255618093231,0.962754200411121,0.965542042308105,0.00278784189698422,0.1776,0.0034,0.2728,1,0,0.651026392961877,0.348973607038123,0.01,0.00409273427306979,0.00923917056219255,0.000808813246826103,-0.114453221604997,0.2694,1347,0.1742,0.0952,871,476,0.646622123236823,0.353377876763177,0.00350141768211062,-0.000713575785126465,0.0103483366628959,0.0156458554834339,1,1
additive_bias,100,0,no_bias,0.966255618093231,0.966255618093231,0.965542042308105,-0.00071357578512643,0.1776,0.1776,0.2728,1,0,0.651026392961877,0.348973607038123,0,0.00409273427306979,0.00070820999001177,0.000808813246826103,-0.0144532216049971,0.0952,476,0,0.0952,0,476,0,1,0,-0.000713575785126465,-0.00749554396141245,0.00749554396141245,1,1
additive_bias,100,0.1,score_high_bias,0.966255618093231,0.95079959186731,0.965542042308105,0.0147424504407948,0.1776,0.5946,0.2728,0.298688193743693,0.701311806256307,0.651026392961877,0.348973607038123,0.01,0.00409273427306979,0.012177249417831,0.000808813246826103,0.0855467783950029,0.3218,1609,0.3218,0,1609,0,1,0,0.0147424504407947,0,-0.0458124625257761,0.0458124625257761,1,1
additive_bias,100,0.25,score_high_bias,0.966255618093231,0.918920272267053,0.965542042308105,0.0466217700410518,0.1776,0.7854,0.2728,0.226126814362109,0.773873185637892,0.651026392961877,0.348973607038123,0.0625,0.00409273427306979,0.0668808085595598,0.000808813246826103,0.235546778395003,0.5126,2563,0.5126,0,2563,0,1,0,0.0466217700410518,0,-0.090951560751174,0.090951560751174,1,1
additive_bias,100,0.5,score_high_bias,0.966255618093231,0.860101355069776,0.965542042308105,0.105440687238329,0.1776,0.9476,0.2728,0.187420852680456,0.812579147319544,0.651026392961877,0.348973607038123,0.25,0.00409273427306979,0.258053407129108,0.000808813246826103,0.485546778395003,0.6748,3374,0.6748,0,3374,0,1,0,0.105440687238329,0,-0.156254723234039,0.156254723234039,1,1
additive_bias,101,-0.5,score_low_bias,0.965512414283502,0.961819975401854,0.965397477127881,0.00357750172602722,0.1628,0,0.2052,,,0.793372319688109,0.206627680311891,0.25,0.00443823923325026,0.259293736185809,0.00147389807180726,-0.50540485359532,0.2052,1026,0.1628,0.0424,814,212,0.793372319688109,0.206627680311891,0.00369243888164787,-0.000114937155620673,0.0174342189377544,0.0185544641192424,1,1
additive_bias,101,-0.25,score_low_bias,0.965512414283502,0.961819975401854,0.965397477127881,0.00357750172602722,0.1628,0,0.2052,,,0.793372319688109,0.206627680311891,0.0625,0.00443823923325026,0.0674747117172608,0.00147389807180726,-0.25540485359532,0.2052,1026,0.1628,0.0424,814,212,0.793372319688109,0.206627680311891,0.00369243888164787,-0.000114937155620673,0.0174342189377544,0.0185544641192424,1,1
additive_bias,101,-0.1,score_low_bias,0.965512414283502,0.962322988612127,0.965397477127881,0.00307448851575398,0.1628,0.004,0.2052,1,0,0.793372319688109,0.206627680311891,0.01,0.00443823923325026,0.0123832970361318,0.00147389807180726,-0.10540485359532,0.2012,1006,0.1588,0.0424,794,212,0.789264413518887,0.210735586481113,0.00318942567137466,-0.000114937155620673,0.0152807580305864,0.0164232744880484,1,1
additive_bias,101,0,no_bias,0.965512414283502,0.965512414283502,0.965397477127881,-0.00011493715562072,0.1628,0.1628,0.2052,1,0,0.793372319688109,0.206627680311891,0,0.00443823923325026,0.000655687248712437,0.00147389807180726,-0.00540485359531984,0.0424,212,0,0.0424,0,212,0,1,0,-0.000114937155620673,-0.00271078197218568,0.00271078197218568,1,1
additive_bias,101,0.1,score_high_bias,0.965512414283502,0.949235850900241,0.965397477127881,0.0161616262276403,0.1628,0.6038,0.2052,0.269625703875455,0.730374296124545,0.793372319688109,0.206627680311891,0.01,0.00443823923325026,0.0089280774612931,0.00147389807180726,0.0945951464046802,0.3986,1993,0.3986,0,1993,0,1,0,0.0161616262276403,0,-0.0405459764868047,0.0405459764868047,1,1
additive_bias,101,0.25,score_high_bias,0.965512414283502,0.917569345504697,0.965397477127881,0.0478281316231842,0.1628,0.7942,0.2052,0.204986149584488,0.795013850415512,0.793372319688109,0.206627680311891,0.0625,0.00443823923325026,0.0588366627801641,0.00147389807180726,0.24459514640468,0.589,2945,0.589,0,2945,0,1,0,0.0478281316231842,0,-0.0812022608203467,0.0812022608203467,1,1
additive_bias,101,0.5,score_high_bias,0.965512414283502,0.86029253869647,0.965397477127881,0.105104938431412,0.1628,0.9534,0.2052,0.170757289700021,0.829242710299979,0.793372319688109,0.206627680311891,0.25,0.00443823923325026,0.242017638311616,0.00147389807180726,0.49459514640468,0.7482,3741,0.7482,0,3741,0,1,0,0.105104938431412,0,-0.140477062859411,0.140477062859411,1,1
additive_bias,102,-0.5,score_low_bias,0.96505246186179,0.961630982652163,0.965052405407921,0.00342142275575863,0.1496,0,0.1486,,,1,0,0.25,0.00148859612542271,0.237967921055246,0.000828433837540864,-0.49983612855318,0.1486,743,0.1486,0,743,0,1,0,0.00342142275575853,0,0.0230243792446738,0.0230243792446738,1,1
additive_bias,102,-0.25,score_low_bias,0.96505246186179,0.961630982652163,0.965052405407921,0.00342142275575863,0.1496,0,0.1486,,,1,0,0.0625,0.00148859612542271,0.0568124312357794,0.000828433837540864,-0.24983612855318,0.1486,743,0.1486,0,743,0,1,0,0.00342142275575853,0,0.0230243792446738,0.0230243792446738,1,1
additive_bias,102,-0.1,score_low_bias,0.96505246186179,0.961900796358839,0.965052405407921,0.00315160904908296,0.1496,0.0024,0.1486,1,0,1,0,0.01,0.00148859612542271,0.00811913734409936,0.000828433837540864,-0.0998361285531801,0.1462,731,0.1462,0,731,0,1,0,0.00315160904908287,0,0.0215568334410593,0.0215568334410593,1,1
additive_bias,102,0,no_bias,0.96505246186179,0.96505246186179,0.965052405407921,-5.64538684688642e-08,0.1496,0.1496,0.1486,1,0,1,0,0,0.00148859612542271,0.000656941416312695,0.000828433837540864,0.000163871446819952,0.001,5,0,0.001,0,5,0,1,0,-5.64538685164484e-08,5.64538685164484e-05,5.64538685164484e-05,1,1
additive_bias,102,0.1,score_high_bias,0.96505246186179,0.949004273084038,0.965052405407921,0.0160481323238837,0.1496,0.5958,0.1486,0.251090970124203,0.748909029875797,1,0,0.01,0.00148859612542271,0.013194745488526,0.000828433837540864,0.10016387144682,0.4472,2236,0.4462,0.001,2231,5,0.997763864042934,0.00223613595706619,0.0160481887777521,-5.64538685164484e-08,-0.0358858057331923,0.0358860582102429,1,1
additive_bias,102,0.25,score_high_bias,0.96505246186179,0.916891056631408,0.965052405407921,0.0481613487765132,0.1496,0.79,0.1486,0.189367088607595,0.810632911392405,1,0,0.0625,0.00148859612542271,0.069501451596846,0.000828433837540864,0.25016387144682,0.6414,3207,0.6404,0.001,3202,5,0.998440910508263,0.00155908949173683,0.0481614052303818,-5.64538685164484e-08,-0.075087852785334,0.0750880288186004,1,1
additive_bias,102,0.5,score_high_bias,0.96505246186179,0.857920859911904,0.965052405407921,0.107131545496018,0.1496,0.9514,0.1486,0.157241959217995,0.842758040782005,1,0,0.25,0.00148859612542271,0.263345961777379,0.000828433837540864,0.50016387144682,0.8028,4014,0.8018,0.001,4009,5,0.998754359740907,0.00124564025909317,0.107131601949886,-5.64538685164484e-08,-0.133447366088712,0.133447506731135,1,1
additive_bias,103,-0.5,score_low_bias,0.964931573082403,0.961239198585483,0.963630629334236,0.00239143074875314,0.1592,0,0.0396,,,1,0,0.25,0.00129415887453802,0.264171096901375,0.0018521736615065,-0.470819916875992,0.0396,198,0.0396,0,198,0,1,0,0.0023914307487532,0,0.0603896653725556,0.0603896653725556,1,1
additive_bias,103,-0.25,score_low_bias,0.964931573082403,0.961239198585483,0.963630629334236,0.00239143074875314,0.1592,0,0.0396,,,1,0,0.0625,0.00129415887453802,0.0699111458850485,0.0018521736615065,-0.220819916875991,0.0396,198,0.0396,0,198,0,1,0,0.0023914307487532,0,0.0603896653725556,0.0603896653725556,1,1
additive_bias,103,-0.1,score_low_bias,0.964931573082403,0.96162482228145,0.963630629334236,0.0020058070527863,0.1592,0.0032,0.0396,1,0,1,0,0.01,0.00129415887453802,0.0133551752752526,0.0018521736615065,-0.0708199168759915,0.0364,182,0.0364,0,182,0,1,0,0.00200580705278631,0,0.0551045893622612,0.0551045893622612,1,1
additive_bias,103,0,no_bias,0.964931573082403,0.964931573082403,0.963630629334236,-0.00130094374816692,0.1592,0.1592,0.0396,1,0,1,0,0,0.00129415887453802,0.000651194868722052,0.0018521736615065,0.0291800831240086,0.1196,598,0,0.1196,0,598,0,1,0,-0.00130094374816688,0.0108774560883519,0.0108774560883519,1,1
additive_bias,103,0.1,score_high_bias,0.964931573082403,0.949120471907432,0.963630629334236,0.0145101574268042,0.1592,0.5836,0.0396,0.272789581905415,0.727210418094585,1,0,0.01,0.00129415887453802,0.00794721446219147,0.0018521736615065,0.129180083124009,0.544,2720,0.4244,0.1196,2122,598,0.780147058823529,0.219852941176471,0.0158111011749711,-0.00130094374816688,-0.0266730835051547,0.0314559649322389,1,1
additive_bias,103,0.25,score_high_bias,0.964931573082403,0.91796311899046,0.963630629334236,0.0456675103437763,0.1592,0.772,0.0396,0.206217616580311,0.793782383419689,1,0,0.0625,0.00129415887453802,0.0563912438523956,0.0018521736615065,0.279180083124009,0.7324,3662,0.6128,0.1196,3064,598,0.836701256144184,0.163298743855816,0.0469684540919432,-0.00130094374816688,-0.0623532364060299,0.0659057862371792,1,1
additive_bias,103,0.5,score_high_bias,0.964931573082403,0.853191790553593,0.963630629334236,0.110438838780643,0.1592,0.9494,0.0396,0.167684853591742,0.832315146408258,1,0,0.25,0.00129415887453802,0.237131292836069,0.0018521736615065,0.529180083124009,0.9098,4549,0.7902,0.1196,3951,598,0.868542536821279,0.131457463178721,0.11173978252881,-0.00130094374816688,-0.121388039987517,0.124247885553943,1,1
additive_bias,104,-0.5,score_low_bias,0.965393509133581,0.961749759951894,0.963965896486743,0.0022161365348492,0.1586,0,0.3072,,,0.516276041666667,0.483723958333333,0.25,0.0026345159183797,0.260744921374504,0.00121055431500831,-0.518553160986773,0.3072,1536,0.1586,0.1486,793,743,0.516276041666667,0.483723958333333,0.00364374918168772,-0.00142761264683845,0.00721398611604579,0.016508339285567,1,1
additive_bias,104,-0.25,score_low_bias,0.965393509133581,0.961749759951894,0.963965896486743,0.0022161365348492,0.1586,0,0.3072,,,0.516276041666667,0.483723958333333,0.0625,0.0026345159183797,0.0682684507107711,0.00121055431500831,-0.268553160986773,0.3072,1536,0.1586,0.1486,793,743,0.516276041666667,0.483723958333333,0.00364374918168772,-0.00142761264683845,0.00721398611604579,0.016508339285567,1,1
additive_bias,104,-0.1,score_low_bias,0.965393509133581,0.962061420980797,0.963965896486743,0.00190447550594641,0.1586,0.0026,0.3072,1,0,0.516276041666667,0.483723958333333,0.01,0.0026345159183797,0.0127825683125312,0.00121055431500831,-0.118553160986773,0.3046,1523,0.156,0.1486,780,743,0.512147078135259,0.487852921864741,0.00333208815278487,-0.00142761264683845,0.00625238183173479,0.0156260695982381,1,1
additive_bias,104,0,no_bias,0.965393509133581,0.965393509133581,0.963965896486743,-0.00142761264683844,0.1586,0.1586,0.3072,1,0,0.516276041666667,0.483723958333333,0,0.0026345159183797,0.000791980047037832,0.00121055431500831,-0.0185531609867726,0.1486,743,0,0.1486,0,743,0,1,0,-0.00142761264683845,-0.00960708376068945,0.00960708376068945,1,1
additive_bias,104,0.1,score_high_bias,0.965393509133581,0.949148298065604,0.963965896486743,0.0148175984211391,0.1586,0.5984,0.3072,0.265040106951872,0.734959893048128,0.516276041666667,0.483723958333333,0.01,0.0026345159183797,0.0088013917815445,0.00121055431500831,0.0814468390132274,0.2912,1456,0.2912,0,1456,0,1,0,0.0148175984211391,0,-0.0508846099627029,0.0508846099627029,1,1
additive_bias,104,0.25,score_high_bias,0.965393509133581,0.916736357077908,0.963965896486743,0.0472295394088349,0.1586,0.7966,0.3072,0.199096158674366,0.800903841325634,0.516276041666667,0.483723958333333,0.0625,0.0026345159183797,0.0583155093833045,0.00121055431500831,0.231446839013227,0.4894,2447,0.4894,0,2447,0,1,0,0.0472295394088349,0,-0.096504984488833,0.096504984488833,1,1
additive_bias,104,0.5,score_high_bias,0.965393509133581,0.858722983005175,0.963965896486743,0.105242913481568,0.1586,0.9562,0.3072,0.165864881823886,0.834135118176114,0.516276041666667,0.483723958333333,0.25,0.0026345159183797,0.240839038719571,0.00121055431500831,0.481446839013227,0.649,3245,0.649,0,3245,0,1,0,0.105242913481568,0,-0.162161654054804,0.162161654054804,1,1
additive_bias,105,-0.5,score_low_bias,0.965789540889082,0.96232448153286,0.965454047798378,0.00312956626551797,0.1578,0,0.2274,,,0.693931398416887,0.306068601583113,0.25,0.00110209606484003,0.242433426923908,0.000519453874013951,-0.509865632166752,0.2274,1137,0.1578,0.0696,789,348,0.693931398416887,0.306068601583113,0.00346505935622259,-0.000335493090704637,0.0137623846328846,0.0167130714464698,1,1
additive_bias,105,-0.25,score_low_bias,0.965789540889082,0.96232448153286,0.965454047798378,0.00312956626551797,0.1578,0,0.2274,,,0.693931398416887,0.306068601583113,0.0625,0.00110209606484003,0.0590105167328364,0.000519453874013951,-0.259865632166752,0.2274,1137,0.1578,0.0696,789,348,0.693931398416887,0.306068601583113,0.00346505935622259,-0.000335493090704637,0.0137623846328846,0.0167130714464698,1,1
additive_bias,105,-0.1,score_low_bias,0.965789540889082,0.962654363142236,0.965454047798378,0.00279968465614211,0.1578,0.0028,0.2274,1,0,0.693931398416887,0.306068601583113,0.01,0.00110209606484003,0.00895677061819334,0.000519453874013951,-0.109865632166752,0.2246,1123,0.155,0.0696,775,348,0.690115761353517,0.309884238646483,0.00313517774684675,-0.000335493090704637,0.0124652032775695,0.0154526751449305,1,1
additive_bias,105,0,no_bias,0.965789540889082,0.965789540889082,0.965454047798378,-0.000335493090704575,0.1578,0.1578,0.2274,1,0,0.693931398416887,0.306068601583113,0,0.00110209606484003,0.000587606541764675,0.000519453874013951,-0.00986563216675218,0.0696,348,0,0.0696,0,348,0,1,0,-0.000335493090704637,-0.00482030302736548,0.00482030302736548,1,1
additive_bias,105,0.1,score_high_bias,0.965789540889082,0.949520898484971,0.965454047798378,0.0159331493134066,0.1578,0.6006,0.2274,0.262737262737263,0.737262737262737,0.693931398416887,0.306068601583113,0.01,0.00110209606484003,0.012218442465336,0.000519453874013951,0.0901343678332478,0.3732,1866,0.3732,0,1866,0,1,0,0.0159331493134066,0,-0.04269332613453,0.04269332613453,1,1
additive_bias,105,0.25,score_high_bias,0.965789540889082,0.918235028340458,0.965454047798378,0.0472190194579202,0.1578,0.7916,0.2274,0.199343102577059,0.800656897422941,0.693931398416887,0.306068601583113,0.0625,0.00110209606484003,0.067164696350693,0.000519453874013951,0.240134367833248,0.5642,2821,0.5642,0,2821,0,1,0,0.0472190194579201,0,-0.083691987695711,0.083691987695711,1,1
additive_bias,105,0.5,score_high_bias,0.965789540889082,0.858325260207712,0.965454047798378,0.107128787590666,0.1578,0.956,0.2274,0.165062761506276,0.834937238493724,0.693931398416887,0.306068601583113,0.25,0.00110209606484003,0.258741786159621,0.000519453874013951,0.490134367833248,0.7286,3643,0.7286,0,3643,0,1,0,0.107128787590666,0,-0.147033746350077,0.147033746350077,1,1
additive_bias,106,-0.5,score_low_bias,0.965106353600218,0.961516063660535,0.964436178551452,0.00292011489091637,0.1552,0,0.064,,,1,0,0.25,0.00100639463627008,0.243916271973131,0.000655654196747781,-0.482049671618399,0.064,320,0.064,0,320,0,1,0,0.00292011489091638,0,0.0456267951705684,0.0456267951705684,1,1
additive_bias,106,-0.25,score_low_bias,0.965106353600218,0.961516063660535,0.964436178551452,0.00292011489091637,0.1552,0,0.064,,,1,0,0.0625,0.00100639463627008,0.0595696740817707,0.000655654196747781,-0.232049671618399,0.064,320,0.064,0,320,0,1,0,0.00292011489091638,0,0.0456267951705684,0.0456267951705684,1,1
additive_bias,106,-0.1,score_low_bias,0.965106353600218,0.961985029091479,0.964436178551452,0.00245114945997271,0.1552,0.0038,0.064,1,0,1,0,0.01,0.00100639463627008,0.0089617153469544,0.000655654196747781,-0.0820496716183986,0.0602,301,0.0602,0,301,0,1,0,0.00245114945997273,0,0.0407167684380852,0.0407167684380852,1,1
additive_bias,106,0,no_bias,0.965106353600218,0.965106353600218,0.964436178551452,-0.000670175048765986,0.1552,0.1552,0.064,1,0,1,0,0,0.00100639463627008,0.000223076190410228,0.000655654196747781,0.0179503283816014,0.0912,456,0,0.0912,0,456,0,1,0,-0.000670175048766001,0.00734841062243422,0.00734841062243422,1,1
additive_bias,106,0.1,score_high_bias,0.965106353600218,0.949716073188588,0.964436178551452,0.0147201053628636,0.1552,0.5914,0.064,0.262428136624958,0.737571863375042,1,0,0.01,0.00100639463627008,0.0114844370338661,0.000655654196747781,0.117950328381601,0.5274,2637,0.4362,0.0912,2181,456,0.82707622298066,0.17292377701934,0.0153902804116296,-0.000670175048766001,-0.0279107041389148,0.0304521339787555,1,1
additive_bias,106,0.25,score_high_bias,0.965106353600218,0.91679144719765,0.964436178551452,0.0476447313538019,0.1552,0.7874,0.064,0.197104394208788,0.802895605791212,1,0,0.0625,0.00100639463627008,0.0658764782990498,0.000655654196747781,0.267950328381601,0.7234,3617,0.6322,0.0912,3161,456,0.873928670168648,0.126071329831352,0.0483149064025678,-0.000670175048766001,-0.0658622219433257,0.06771506974196,1,1
additive_bias,106,0.5,score_high_bias,0.965106353600218,0.856884372366318,0.964436178551452,0.107551806185133,0.1552,0.9522,0.064,0.162990968283974,0.837009031716026,1,0,0.25,0.00100639463627008,0.256529880407689,0.000655654196747781,0.517950328381601,0.8882,4441,0.797,0.0912,3985,456,0.897320423328079,0.102679576671921,0.1082219812339,-0.000670175048766001,-0.12108962641875,0.122598689802596,1,1
additive_bias,107,-0.5,score_low_bias,0.966877486920064,0.963142954123749,0.966842088486654,0.00369913436290437,0.1596,0,0.1848,,,0.863636363636364,0.136363636363636,0.25,0.000679847476544941,0.24004301101498,0.00071347047017125,-0.502878602495413,0.1848,924,0.1596,0.0252,798,126,0.863636363636364,0.136363636363636,0.0037345327963145,-3.53984334101871e-05,0.0200169608382268,0.0204000607669085,1,1
additive_bias,107,-0.25,score_low_bias,0.966877486920064,0.963142954123749,0.966842088486654,0.00369913436290437,0.1596,0,0.1848,,,0.863636363636364,0.136363636363636,0.0625,0.000679847476544941,0.0577831777062213,0.00071347047017125,-0.252878602495413,0.1848,924,0.1596,0.0252,798,126,0.863636363636364,0.136363636363636,0.0037345327963145,-3.53984334101871e-05,0.0200169608382268,0.0204000607669085,1,1
additive_bias,107,-0.1,score_low_bias,0.966877486920064,0.963610374963855,0.966842088486654,0.00323171352279905,0.1596,0.004,0.1848,1,0,0.863636363636364,0.136363636363636,0.01,0.000679847476544941,0.00842727772096601,0.00071347047017125,-0.102878602495413,0.1808,904,0.1556,0.0252,778,126,0.860619469026549,0.139380530973451,0.00326711195620919,-3.53984334101871e-05,0.0178745216968971,0.0182660972877178,1,1
additive_bias,107,0,no_bias,0.966877486920064,0.966877486920064,0.966842088486654,-3.53984334101609e-05,0.1596,0.1596,0.1848,1,0,0.863636363636364,0.136363636363636,0,0.000679847476544941,0.000523344397462515,0.00071347047017125,-0.00287860249541272,0.0252,126,0,0.0252,0,126,0,1,0,-3.53984334101871e-05,-0.00140469973849949,0.00140469973849949,1,1
additive_bias,107,0.1,score_high_bias,0.966877486920064,0.950616346680613,0.966842088486654,0.016225741806041,0.1596,0.5982,0.1848,0.266800401203611,0.733199598796389,0.863636363636364,0.136363636363636,0.01,0.000679847476544941,0.012619411073959,0.00071347047017125,0.0971213975045873,0.4134,2067,0.4134,0,2067,0,1,0,0.0162257418060409,0,-0.0392494963861657,0.0392494963861657,1,1
additive_bias,107,0.25,score_high_bias,0.966877486920064,0.917475665259724,0.966842088486654,0.0493664232269294,0.1596,0.7968,0.1848,0.200301204819277,0.799698795180723,0.863636363636364,0.136363636363636,0.0625,0.000679847476544941,0.0682635110887038,0.00071347047017125,0.247121397504587,0.612,3060,0.612,0,3060,0,1,0,0.0493664232269294,0,-0.0806640902400807,0.0806640902400807,1,1
additive_bias,107,0.5,score_high_bias,0.966877486920064,0.860655095896724,0.966842088486654,0.10618699258993,0.1596,0.9526,0.1848,0.167541465462944,0.832458534537057,0.863636363636364,0.136363636363636,0.25,0.000679847476544941,0.261003677779945,0.00071347047017125,0.497121397504587,0.7678,3839,0.7678,0,3839,0,1,0,0.10618699258993,0,-0.13830032897881,0.13830032897881,1,1
additive_bias,108,-0.5,score_low_bias,0.965637797234646,0.961941167590842,0.965499640951121,0.00355847336027826,0.1588,0,0.1134,,,1,0,0.25,0.000627830677882513,0.248315752351707,0.000868025182290363,-0.493082613824092,0.1134,567,0.1134,0,567,0,1,0,0.00355847336027834,0,0.0313798356285568,0.0313798356285568,1,1
additive_bias,108,-0.25,score_low_bias,0.965637797234646,0.961941167590842,0.965499640951121,0.00355847336027826,0.1588,0,0.1134,,,1,0,0.0625,0.000627830677882513,0.062135341245671,0.000868025182290363,-0.243082613824092,0.1134,567,0.1134,0,567,0,1,0,0.00355847336027834,0,0.0313798356285568,0.0313798356285568,1,1
additive_bias,108,-0.1,score_low_bias,0.965637797234646,0.962392967062201,0.965499640951121,0.00310667388891994,0.1588,0.0036,0.1134,1,0,1,0,0.01,0.000627830677882513,0.0104270945820496,0.000868025182290363,-0.0930826138240924,0.1098,549,0.1098,0,549,0,1,0,0.00310667388892003,0,0.0282939334145722,0.0282939334145722,1,1
additive_bias,108,0,no_bias,0.965637797234646,0.965637797234646,0.965499640951121,-0.000138156283525093,0.1588,0.1588,0.1134,1,0,1,0,0,0.000627830677882513,0.000954930139635393,0.000868025182290363,0.00691738617590765,0.0454,227,0,0.0454,0,227,0,1,0,-0.000138156283525032,0.00304308994548529,0.00304308994548529,1,1
additive_bias,108,0.1,score_high_bias,0.965637797234646,0.949325478057009,0.965499640951121,0.0161741628941118,0.1588,0.5964,0.1134,0.266264252179745,0.733735747820255,1,0,0.01,0.000627830677882513,0.0114827656972212,0.000868025182290363,0.106917386175908,0.483,2415,0.4376,0.0454,2188,227,0.906004140786749,0.0939958592132505,0.0163123191776368,-0.000138156283525032,-0.033486879697954,0.0340589554061322,1,1
additive_bias,108,0.25,score_high_bias,0.965637797234646,0.917166561145701,0.965499640951121,0.0483330798054195,0.1588,0.793,0.1134,0.200252206809584,0.799747793190416,1,0,0.0625,0.000627830677882513,0.0647745190335998,0.000868025182290363,0.256917386175908,0.6796,3398,0.6342,0.0454,3171,227,0.933195997645674,0.0668040023543261,0.0484712360889446,-0.000138156283525032,-0.0711198937690105,0.0715264749447757,1,1
additive_bias,108,0.5,score_high_bias,0.965637797234646,0.856684471485282,0.965499640951121,0.108815169465839,0.1588,0.96,0.1134,0.165416666666667,0.834583333333333,1,0,0.25,0.000627830677882513,0.253594107927564,0.000868025182290363,0.506917386175908,0.8466,4233,0.8012,0.0454,4006,227,0.946373730214978,0.0536262697850224,0.108953325749364,-0.000138156283525032,-0.128531974327709,0.128858353452503,1,1
additive_bias,109,-0.5,score_low_bias,0.965785177999304,0.962083426460109,0.965726236997165,0.0036428105370564,0.1584,0,0.1914,,,0.827586206896552,0.172413793103448,0.25,0.000892438823949602,0.253371029302068,0.00031465942535826,-0.504140762287629,0.1914,957,0.1584,0.033,792,165,0.827586206896552,0.172413793103448,0.00370175153919557,-5.89410021391348e-05,0.0190324479470033,0.0196483413862837,1,1
additive_bias,109,-0.25,score_low_bias,0.965785177999304,0.962083426460109,0.965726236997165,0.0036428105370564,0.1584,0,0.1914,,,0.827586206896552,0.172413793103448,0.0625,0.000892438823949602,0.0642768318327829,0.00031465942535826,-0.254140762287629,0.1914,957,0.1584,0.033,792,165,0.827586206896552,0.172413793103448,0.00370175153919557,-5.89410021391348e-05,0.0190324479470033,0.0196483413862837,1,1
additive_bias,109,-0.1,score_low_bias,0.965785177999304,0.962480596139964,0.965726236997165,0.00324564085720058,0.1584,0.0032,0.1914,1,0,0.827586206896552,0.172413793103448,0.01,0.000892438823949602,0.0108203133512118,0.00031465942535826,-0.104140762287629,0.1882,941,0.1552,0.033,776,165,0.824654622741764,0.175345377258236,0.00330458185933972,-5.89410021391348e-05,0.0172457006227449,0.0178720662140216,1,1
additive_bias,109,0,no_bias,0.965785177999304,0.965785177999304,0.965726236997165,-5.89410021392123e-05,0.1584,0.1584,0.1914,1,0,0.827586206896552,0.172413793103448,0,0.000892438823949602,0.000182634363497826,0.00031465942535826,-0.00414076228762861,0.033,165,0,0.033,0,165,0,1,0,-5.89410021391348e-05,-0.00178609097391317,0.00178609097391317,1,1
additive_bias,109,0.1,score_high_bias,0.965785177999304,0.949653991351635,0.965726236997165,0.0160722456455302,0.1584,0.6074,0.1914,0.260783668093513,0.739216331906487,0.827586206896552,0.172413793103448,0.01,0.000892438823949602,0.00954495537578381,0.00031465942535826,0.0958592377123714,0.416,2080,0.416,0,2080,0,1,0,0.0160722456455302,0,-0.0386352058786784,0.0386352058786784,1,1
additive_bias,109,0.25,score_high_bias,0.965785177999304,0.918803597403111,0.965726236997165,0.0469226395940535,0.1584,0.795,0.1914,0.199245283018868,0.800754716981132,0.827586206896552,0.172413793103448,0.0625,0.000892438823949602,0.0610884368942128,0.00031465942535826,0.245859237712371,0.6036,3018,0.6036,0,3018,0,1,0,0.0469226395940536,0,-0.0777379714944559,0.0777379714944559,1,1
additive_bias,109,0.5,score_high_bias,0.965785177999304,0.859046091492138,0.965726236997165,0.106680145505027,0.1584,0.96,0.1914,0.165,0.835,0.827586206896552,0.172413793103448,0.25,0.000892438823949602,0.246994239424928,0.00031465942535826,0.495859237712371,0.7686,3843,0.7686,0,3843,0,1,0,0.106680145505027,0,-0.138798003519421,0.138798003519421,1,1
additive_bias,110,-0.5,score_low_bias,0.964897974558411,0.961029688145076,0.964164649050624,0.0031349609055471,0.1622,0,0.2636,,,0.615326251896813,0.384673748103187,0.25,0.000916728368251839,0.238319539731543,0.00176875385789452,-0.514167638383268,0.2636,1318,0.1622,0.1014,811,507,0.615326251896813,0.384673748103187,0.00386828641333487,-0.000733325507787847,0.0118928714170979,0.0174567978798282,1,1
additive_bias,110,-0.25,score_low_bias,0.964897974558411,0.961029688145076,0.964164649050624,0.0031349609055471,0.1622,0,0.2636,,,0.615326251896813,0.384673748103187,0.0625,0.000916728368251839,0.0576872242072415,0.00176875385789452,-0.264167638383268,0.2636,1318,0.1622,0.1014,811,507,0.615326251896813,0.384673748103187,0.00386828641333487,-0.000733325507787847,0.0118928714170979,0.0174567978798282,1,1
additive_bias,110,-0.1,score_low_bias,0.964897974558411,0.961496314031841,0.964164649050624,0.00266833501878294,0.1622,0.0038,0.2636,1,0,0.615326251896813,0.384673748103187,0.01,0.000916728368251839,0.00930783489266075,0.00176875385789452,-0.114167638383268,0.2598,1299,0.1584,0.1014,792,507,0.609699769053118,0.390300230946882,0.00340166052657073,-0.000733325507787847,0.0102707275549765,0.0159160355441054,1,1
additive_bias,110,0,no_bias,0.964897974558411,0.964897974558411,0.964164649050624,-0.000733325507787819,0.1622,0.1622,0.2636,1,0,0.615326251896813,0.384673748103187,0,0.000916728368251839,0.00205490868294024,0.00176875385789452,-0.014167638383268,0.1014,507,0,0.1014,0,507,0,1,0,-0.000733325507787847,-0.00723200698015629,0.00723200698015629,1,1
additive_bias,110,0.1,score_high_bias,0.964897974558411,0.947926668389477,0.964164649050624,0.0162379806611468,0.1622,0.6044,0.2636,0.268365320979484,0.731634679020516,0.615326251896813,0.384673748103187,0.01,0.000916728368251839,0.0148019824732197,0.00176875385789452,0.0858323616167321,0.3408,1704,0.3408,0,1704,0,1,0,0.0162379806611468,0,-0.0476466568695621,0.0476466568695621,1,1
additive_bias,110,0.25,score_high_bias,0.964897974558411,0.918278674820704,0.964164649050624,0.0458859742299195,0.1622,0.7858,0.2636,0.20641384576228,0.79358615423772,0.615326251896813,0.384673748103187,0.0625,0.000916728368251839,0.071422593158639,0.00176875385789452,0.235832361616732,0.5222,2611,0.5222,0,2611,0,1,0,0.0458859742299194,0,-0.0878704983338173,0.0878704983338173,1,1
additive_bias,110,0.5,score_high_bias,0.964897974558411,0.856011811445115,0.964164649050624,0.108152837605509,0.1622,0.9572,0.2636,0.169452569995821,0.830547430004179,0.615326251896813,0.384673748103187,0.25,0.000916728368251839,0.265790277634338,0.00176875385789452,0.485832361616732,0.6936,3468,0.6936,0,3468,0,1,0,0.108152837605509,0,-0.155929696663075,0.155929696663075,1,1
additive_bias,111,-0.5,score_low_bias,0.965091393535654,0.961974724587228,0.964736185535003,0.00276146094777552,0.15,0,0.0808,,,1,0,0.25,0.00112453408749919,0.254044001270811,0.000635269817684356,-0.488702843692204,0.0808,404,0.0808,0,404,0,1,0,0.0027614609477756,0,0.0341764968784108,0.0341764968784108,1,1
additive_bias,111,-0.25,score_low_bias,0.965091393535654,0.961974724587228,0.964736185535003,0.00276146094777552,0.15,0,0.0808,,,1,0,0.0625,0.00112453408749919,0.0649663818831199,0.000635269817684356,-0.238702843692204,0.0808,404,0.0808,0,404,0,1,0,0.0027614609477756,0,0.0341764968784108,0.0341764968784108,1,1
additive_bias,111,-0.1,score_low_bias,0.965091393535654,0.962226816060043,0.964736185535003,0.00250936947496083,0.15,0.0022,0.0808,1,0,1,0,0.01,0.00112453408749919,0.0115198102505055,0.000635269817684356,-0.0887028436922036,0.0786,393,0.0786,0,393,0,1,0,0.00250936947496091,0,0.0319258202921236,0.0319258202921236,1,1
additive_bias,111,0,no_bias,0.965091393535654,0.965091393535654,0.964736185535003,-0.000355208000650364,0.15,0.15,0.0808,1,0,1,0,0,0.00112453408749919,0.000888762495429129,0.000635269817684356,0.0112971563077964,0.0692,346,0,0.0692,0,346,0,1,0,-0.000355208000650371,0.00513306359321346,0.00513306359321346,1,1
additive_bias,111,0.1,score_high_bias,0.965091393535654,0.948793565986472,0.964736185535003,0.0159426195485316,0.15,0.5942,0.0808,0.252440255806126,0.747559744193874,1,0,0.01,0.00112453408749919,0.0102577147403528,0.000635269817684356,0.111297156307796,0.5134,2567,0.4442,0.0692,2221,346,0.865212310089599,0.134787689910401,0.016297827549182,-0.000355208000650371,-0.0310530182090604,0.0324367657768452,1,1
additive_bias,111,0.25,score_high_bias,0.965091393535654,0.91672147208137,0.964736185535003,0.0480147134536336,0.15,0.7866,0.0808,0.1906941266209,0.8093058733791,1,0,0.0625,0.00112453408749919,0.0618111431077383,0.000635269817684356,0.261297156307796,0.7058,3529,0.6366,0.0692,3183,346,0.901955228109946,0.0980447718900538,0.0483699214542841,-0.000355208000650371,-0.0680287807504019,0.0690353208485894,1,1
additive_bias,111,0.5,score_high_bias,0.965091393535654,0.85707552440281,0.964736185535003,0.107660661132193,0.15,0.9504,0.0808,0.157828282828283,0.842171717171717,1,0,0.25,0.00112453408749919,0.247733523720048,0.000635269817684356,0.511297156307796,0.8696,4348,0.8004,0.0692,4002,346,0.920423183072677,0.0795768169273229,0.108015869132844,-0.000355208000650371,-0.123804808109698,0.124621753833365,1,1
additive_bias,112,-0.5,score_low_bias,0.965952734899071,0.962087082804062,0.965312927498187,0.00322584469412512,0.166,0,0.2652,,,0.625942684766214,0.374057315233786,0.25,0.000813099826890391,0.250407546803078,0.00113215177212399,-0.512786270050717,0.2652,1326,0.166,0.0992,830,496,0.625942684766214,0.374057315233786,0.00386565209500872,-0.000639807400883617,0.0121638186052983,0.0169889121262909,1,1
additive_bias,112,-0.25,score_low_bias,0.965952734899071,0.962087082804062,0.965312927498187,0.00322584469412512,0.166,0,0.2652,,,0.625942684766214,0.374057315233786,0.0625,0.000813099826890391,0.0631602079296436,0.00113215177212399,-0.262786270050717,0.2652,1326,0.166,0.0992,830,496,0.625942684766214,0.374057315233786,0.00386565209500872,-0.000639807400883617,0.0121638186052983,0.0169889121262909,1,1
additive_bias,112,-0.1,score_low_bias,0.965952734899071,0.962309729017036,0.965312927498187,0.00300319848115127,0.166,0.0018,0.2652,1,0,0.625942684766214,0.374057315233786,0.01,0.000813099826890391,0.0108118046055828,0.00113215177212399,-0.112786270050717,0.2634,1317,0.1642,0.0992,821,496,0.62338648443432,0.37661351556568,0.0036430058820349,-0.000639807400883617,0.0114016646968538,0.01625973152209,1,1
additive_bias,112,0,no_bias,0.965952734899071,0.965952734899071,0.965312927498187,-0.000639807400883652,0.166,0.166,0.2652,1,0,0.625942684766214,0.374057315233786,0,0.000813099826890391,0.000912869056208932,0.00113215177212399,-0.0127862700507165,0.0992,496,0,0.0992,0,496,0,1,0,-0.000639807400883617,-0.00644967137987517,0.00644967137987517,1,1
additive_bias,112,0.1,score_high_bias,0.965952734899071,0.950359486331558,0.965312927498187,0.0149534411666294,0.166,0.5964,0.2652,0.278336686787391,0.721663313212609,0.625942684766214,0.374057315233786,0.01,0.000813099826890391,0.0110139335068351,0.00113215177212399,0.0872137299492835,0.3312,1656,0.3312,0,1656,0,1,0,0.0149534411666295,0,-0.0451492788847508,0.0451492788847508,1,1
additive_bias,112,0.25,score_high_bias,0.965952734899071,0.91779932886224,0.965312927498187,0.0475135986359472,0.166,0.793,0.2652,0.209331651954603,0.790668348045397,0.625942684766214,0.374057315233786,0.0625,0.000813099826890391,0.0636655301827743,0.00113215177212399,0.237213729949283,0.5278,2639,0.5278,0,2639,0,1,0,0.0475135986359472,0,-0.0900219754375658,0.0900219754375658,1,1
additive_bias,112,0.5,score_high_bias,0.965952734899071,0.858080100203792,0.965312927498187,0.107232827294395,0.166,0.958,0.2652,0.173277661795407,0.826722338204593,0.625942684766214,0.374057315233786,0.25,0.000813099826890391,0.25141819130934,0.00113215177212399,0.487213729949283,0.6928,3464,0.6928,0,3464,0,1,0,0.107232827294395,0,-0.154781794593527,0.154781794593527,1,1
additive_bias,113,-0.5,score_low_bias,0.965312344438559,0.961796138631918,0.964135911107303,0.00233977247538475,0.1552,0,0.2956,,,0.525033829499323,0.474966170500677,0.25,0.00104942615797584,0.249102522256781,0.000866428429155313,-0.51669543455098,0.2956,1478,0.1552,0.1404,776,702,0.525033829499323,0.474966170500677,0.00351620580664139,-0.00117643333125661,0.00791533313729628,0.0158749632540528,1,1
additive_bias,113,-0.25,score_low_bias,0.965312344438559,0.961796138631918,0.964135911107303,0.00233977247538475,0.1552,0,0.2956,,,0.525033829499323,0.474966170500677,0.0625,0.00104942615797584,0.062228373281328,0.000866428429155313,-0.26669543455098,0.2956,1478,0.1552,0.1404,776,702,0.525033829499323,0.474966170500677,0.00351620580664139,-0.00117643333125661,0.00791533313729628,0.0158749632540528,1,1
additive_bias,113,-0.1,score_low_bias,0.965312344438559,0.962177359512174,0.964135911107303,0.00195855159512848,0.1552,0.0032,0.2956,1,0,0.525033829499323,0.474966170500677,0.01,0.00104942615797584,0.0101038838960563,0.000866428429155313,-0.11669543455098,0.2924,1462,0.152,0.1404,760,702,0.51983584131327,0.480164158686731,0.00313498492638517,-0.00117643333125661,0.00669819286979672,0.014744932481675,1,1
additive_bias,113,0,no_bias,0.965312344438559,0.965312344438559,0.964135911107303,-0.00117643333125661,0.1552,0.1552,0.2956,1,0,0.525033829499323,0.474966170500677,0,0.00104942615797584,0.000354224305875212,0.000866428429155313,-0.0166954345509796,0.1404,702,0,0.1404,0,702,0,1,0,-0.00117643333125661,-0.00837915478102996,0.00837915478102996,1,1
additive_bias,113,0.1,score_high_bias,0.965312344438559,0.949331103537254,0.964135911107303,0.0148048075700488,0.1552,0.6006,0.2956,0.258408258408258,0.741591741591742,0.525033829499323,0.474966170500677,0.01,0.00104942615797584,0.0106045647156941,0.000866428429155313,0.0833045654490205,0.305,1525,0.305,0,1525,0,1,0,0.0148048075700488,0,-0.0485403526886846,0.0485403526886846,1,1
additive_bias,113,0.25,score_high_bias,0.965312344438559,0.918631606480107,0.964135911107303,0.0455043046271961,0.1552,0.7862,0.2956,0.197405240396846,0.802594759603155,0.525033829499323,0.474966170500677,0.0625,0.00104942615797584,0.0634800753304224,0.000866428429155313,0.23330456544902,0.4906,2453,0.4906,0,2453,0,1,0,0.0455043046271962,0,-0.0927523535001961,0.0927523535001961,1,1
additive_bias,113,0.5,score_high_bias,0.965312344438559,0.856861125402215,0.964135911107303,0.107274785705088,0.1552,0.9548,0.2956,0.162547130289066,0.837452869710934,0.525033829499323,0.474966170500677,0.25,0.00104942615797584,0.25160592635497,0.000866428429155313,0.483304565449021,0.6592,3296,0.6592,0,3296,0,1,0,0.107274785705088,0,-0.162734808411845,0.162734808411845,1,1
additive_bias,114,-0.5,score_low_bias,0.965996848363897,0.962413460727836,0.965044835375208,0.00263137464737162,0.1582,0,0.2796,,,0.565808297567954,0.434191702432046,0.25,0.0014400969032076,0.249167749937426,0.00150615404620225,-0.515418133580066,0.2796,1398,0.1582,0.1214,791,607,0.565808297567954,0.434191702432046,0.00358338763606043,-0.000952012988688882,0.00941121118516289,0.016221032277358,1,1
additive_bias,114,-0.25,score_low_bias,0.965996848363897,0.962413460727836,0.965044835375208,0.00263137464737162,0.1582,0,0.2796,,,0.565808297567954,0.434191702432046,0.0625,0.0014400969032076,0.0624150984071268,0.00150615404620225,-0.265418133580066,0.2796,1398,0.1582,0.1214,791,607,0.565808297567954,0.434191702432046,0.00358338763606043,-0.000952012988688882,0.00941121118516289,0.016221032277358,1,1
additive_bias,114,-0.1,score_low_bias,0.965996848363897,0.962944677542304,0.965044835375208,0.00210015783290385,0.1582,0.0044,0.2796,1,0,0.565808297567954,0.434191702432046,0.01,0.0014400969032076,0.0103635074889471,0.00150615404620225,-0.115418133580066,0.2752,1376,0.1538,0.1214,769,607,0.558866279069768,0.441133720930233,0.00305217082159267,-0.000952012988688882,0.00763138747421434,0.0145500865199184,1,1
additive_bias,114,0,no_bias,0.965996848363897,0.965996848363897,0.965044835375208,-0.000952012988688855,0.1582,0.1582,0.2796,1,0,0.565808297567954,0.434191702432046,0,0.0014400969032076,0.000662446876827337,0.00150615404620225,-0.0154181335800656,0.1214,607,0,0.1214,0,607,0,1,0,-0.000952012988688882,-0.00784195213088041,0.00784195213088041,1,1
additive_bias,114,0.1,score_high_bias,0.965996848363897,0.949973976570252,0.965044835375208,0.015070858804956,0.1582,0.596,0.2796,0.265436241610738,0.734563758389262,0.565808297567954,0.434191702432046,0.01,0.0014400969032076,0.0109613862647076,0.00150615404620225,0.0845818664199344,0.3164,1582,0.3164,0,1582,0,1,0,0.015070858804956,0,-0.0476322971079519,0.0476322971079519,1,1
additive_bias,114,0.25,score_high_bias,0.965996848363897,0.918992271327746,0.965044835375208,0.0460525640474625,0.1582,0.7818,0.2796,0.202353543105654,0.797646456894347,0.565808297567954,0.434191702432046,0.0625,0.0014400969032076,0.0639097953465279,0.00150615404620225,0.234581866419934,0.5022,2511,0.5022,0,2511,0,1,0,0.0460525640474625,0,-0.0917016408750747,0.0917016408750747,1,1
additive_bias,114,0.5,score_high_bias,0.965996848363897,0.856609455817278,0.965044835375208,0.10843537955793,0.1582,0.954,0.2796,0.165828092243187,0.834171907756813,0.565808297567954,0.434191702432046,0.25,0.0014400969032076,0.252157143816229,0.00150615404620225,0.484581866419934,0.6744,3372,0.6744,0,3372,0,1,0,0.10843537955793,0,-0.160787929356361,0.160787929356361,1,1
additive_bias,115,-0.5,score_low_bias,0.965878487671174,0.962565255434144,0.965154678775872,0.00258942334172729,0.1452,0,0.256,,,0.5671875,0.4328125,0.25,0.00147139374108172,0.259872753556561,0.00187155747071041,-0.513045345872674,0.256,1280,0.1452,0.1108,726,554,0.5671875,0.4328125,0.00331323223702931,-0.000723808895302034,0.0101149349286222,0.0157696919231693,1,1
additive_bias,115,-0.25,score_low_bias,0.965878487671174,0.962565255434144,0.965154678775872,0.00258942334172729,0.1452,0,0.256,,,0.5671875,0.4328125,0.0625,0.00147139374108172,0.0678370336046416,0.00187155747071041,-0.263045345872674,0.256,1280,0.1452,0.1108,726,554,0.5671875,0.4328125,0.00331323223702931,-0.000723808895302034,0.0101149349286222,0.0157696919231693,1,1
additive_bias,115,-0.1,score_low_bias,0.965878487671174,0.962888447293762,0.965154678775872,0.00226623148211003,0.1452,0.0026,0.256,1,0,0.5671875,0.4328125,0.01,0.00147139374108172,0.0126156016334898,0.00187155747071041,-0.113045345872674,0.2534,1267,0.1426,0.1108,713,554,0.562746645619574,0.437253354380426,0.00299004037741204,-0.000723808895302034,0.00894329708804264,0.0146560744779561,1,1
additive_bias,115,0,no_bias,0.965878487671174,0.965878487671174,0.965154678775872,-0.000723808895301992,0.1452,0.1452,0.256,1,0,0.5671875,0.4328125,0,0.00147139374108172,0.000801313652721943,0.00187155747071041,-0.0130453458726744,0.1108,554,0,0.1108,0,554,0,1,0,-0.000723808895302034,-0.00653257125723857,0.00653257125723857,1,1
additive_bias,115,0.1,score_high_bias,0.965878487671174,0.949800784355332,0.965154678775872,0.0153538944205398,0.1452,0.5954,0.256,0.243869667450453,0.756130332549547,0.5671875,0.4328125,0.01,0.00147139374108172,0.00898702567195409,0.00187155747071041,0.0869546541273257,0.3394,1697,0.3394,0,1697,0,1,0,0.0153538944205398,0,-0.0452383453757803,0.0452383453757803,1,1
additive_bias,115,0.25,score_high_bias,0.965878487671174,0.916851651591508,0.965154678775872,0.0483030271843639,0.1452,0.7926,0.256,0.183194549583649,0.816805450416351,0.5671875,0.4328125,0.0625,0.00147139374108172,0.0587655937008023,0.00187155747071041,0.236954654127326,0.5366,2683,0.5366,0,2683,0,1,0,0.0483030271843638,0,-0.0900168229302345,0.0900168229302345,1,1
additive_bias,115,0.5,score_high_bias,0.965878487671174,0.85674734421228,0.965154678775872,0.108407334563592,0.1452,0.9576,0.256,0.151629072681704,0.848370927318296,0.5671875,0.4328125,0.25,0.00147139374108172,0.241729873748883,0.00187155747071041,0.486954654127326,0.7016,3508,0.7016,0,3508,0,1,0,0.108407334563592,0,-0.154514444931003,0.154514444931003,1,1
additive_bias,116,-0.5,score_low_bias,0.964579890762012,0.961153277568969,0.96417765293496,0.00302437536599076,0.1622,0,0.0862,,,1,0,0.25,0.0019328352072471,0.243124333226932,0.00181405481529456,-0.487865104539341,0.0862,431,0.0862,0,431,0,1,0,0.00302437536599076,0,0.0350855610903801,0.0350855610903801,1,1
additive_bias,116,-0.25,score_low_bias,0.964579890762012,0.961153277568969,0.96417765293496,0.00302437536599076,0.1622,0,0.0862,,,1,0,0.0625,0.0019328352072471,0.0593951413387758,0.00181405481529456,-0.237865104539341,0.0862,431,0.0862,0,431,0,1,0,0.00302437536599076,0,0.0350855610903801,0.0350855610903801,1,1
additive_bias,116,-0.1,score_low_bias,0.964579890762012,0.961418575614807,0.96417765293496,0.00275907732015213,0.1622,0.0022,0.0862,1,0,1,0,0.01,0.0019328352072471,0.00915762620588207,0.00181405481529456,-0.0878651045393409,0.084,420,0.084,0,420,0,1,0,0.00275907732015214,0,0.0328461585732397,0.0328461585732397,1,1
additive_bias,116,0,no_bias,0.964579890762012,0.964579890762012,0.96417765293496,-0.000402237827052843,0.1622,0.1622,0.0862,1,0,1,0,0,0.0019328352072471,0.000665949450619589,0.00181405481529456,0.0121348954606592,0.076,380,0,0.076,0,380,0,1,0,-0.000402237827052814,0.00529260298753702,0.00529260298753702,1,1
additive_bias,116,0.1,score_high_bias,0.964579890762012,0.948688022050549,0.96417765293496,0.0154896308844105,0.1622,0.5988,0.0862,0.270875083500334,0.729124916499666,1,0,0.01,0.0019328352072471,0.0121742726953571,0.00181405481529456,0.112134895460659,0.5126,2563,0.4366,0.076,2183,380,0.851736246586032,0.148263753413968,0.0158918687114633,-0.000402237827052814,-0.0302177738673635,0.0317871762358879,1,1
additive_bias,116,0.25,score_high_bias,0.964579890762012,0.918254885573261,0.96417765293496,0.0459227673616982,0.1622,0.7822,0.0862,0.207363845563794,0.792636154436206,1,0,0.0625,0.0019328352072471,0.0669367575624634,0.00181405481529456,0.262134895460659,0.696,3480,0.62,0.076,3100,380,0.890804597701149,0.109195402298851,0.046325005188751,-0.000402237827052814,-0.0659809875886468,0.0671368434135112,1,1
additive_bias,116,0.5,score_high_bias,0.964579890762012,0.85503264145654,0.96417765293496,0.10914501147842,0.1622,0.9562,0.0862,0.169629784563899,0.830370215436101,1,0,0.25,0.0019328352072471,0.258207565674307,0.00181405481529456,0.512134895460659,0.87,4350,0.794,0.076,3970,380,0.91264367816092,0.0873563218390805,0.109547249305473,-0.000402237827052814,-0.125454036182092,0.126378720841983,1,1
additive_bias,117,-0.5,score_low_bias,0.964979088157153,0.961565298085696,0.96465826887195,0.00309297078625415,0.1526,0,0.2222,,,0.686768676867687,0.313231323132313,0.25,0.00109328831807571,0.258311578894208,0.00114983318157626,-0.509769046057047,0.2222,1111,0.1526,0.0696,763,348,0.686768676867687,0.313231323132313,0.00341379007145724,-0.000320819285203115,0.013919760514195,0.0168074228472563,1,1
additive_bias,117,-0.25,score_low_bias,0.964979088157153,0.961565298085696,0.96465826887195,0.00309297078625415,0.1526,0,0.2222,,,0.686768676867687,0.313231323132313,0.0625,0.00109328831807571,0.0667971984403706,0.00114983318157626,-0.259769046057047,0.2222,1111,0.1526,0.0696,763,348,0.686768676867687,0.313231323132313,0.00341379007145724,-0.000320819285203115,0.013919760514195,0.0168074228472563,1,1
additive_bias,117,-0.1,score_low_bias,0.964979088157153,0.961818395434916,0.96465826887195,0.00283987343703396,0.1526,0.002,0.2222,1,0,0.686768676867687,0.313231323132313,0.01,0.00109328831807571,0.0118885701680683,0.00114983318157626,-0.109769046057047,0.2202,1101,0.1506,0.0696,753,348,0.683923705722071,0.316076294277929,0.00316069272223707,-0.000320819285203115,0.0128967912671842,0.0158106812326984,1,1
additive_bias,117,0,no_bias,0.964979088157153,0.964979088157153,0.96465826887195,-0.000320819285203111,0.1526,0.1526,0.2222,1,0,0.686768676867687,0.313231323132313,0,0.00109328831807571,0.000282817986533444,0.00114983318157626,-0.00976904605704676,0.0696,348,0,0.0696,0,348,0,1,0,-0.000320819285203115,-0.0046094724885505,0.0046094724885505,1,1
additive_bias,117,0.1,score_high_bias,0.964979088157153,0.949104894896241,0.96465826887195,0.0155533739757092,0.1526,0.5932,0.2222,0.257248819959541,0.742751180040458,0.686768676867687,0.313231323132313,0.01,0.00109328831807571,0.00867706580499861,0.00114983318157626,0.0902309539429532,0.371,1855,0.371,0,1855,0,1,0,0.0155533739757092,0,-0.0419228409048767,0.0419228409048767,1,1
additive_bias,117,0.25,score_high_bias,0.964979088157153,0.917080257386992,0.96465826887195,0.0475780114849582,0.1526,0.7896,0.2222,0.193262411347518,0.806737588652482,0.686768676867687,0.313231323132313,0.0625,0.00109328831807571,0.0587684375326964,0.00114983318157626,0.240230953942953,0.5674,2837,0.5674,0,2837,0,1,0,0.0475780114849583,0,-0.0838526815032751,0.0838526815032751,1,1
additive_bias,117,0.5,score_high_bias,0.964979088157153,0.856607715999952,0.96465826887195,0.108050552871998,0.1526,0.9564,0.2222,0.159556670849017,0.840443329150983,0.686768676867687,0.313231323132313,0.25,0.00109328831807571,0.242254057078859,0.00114983318157626,0.490230953942953,0.7342,3671,0.7342,0,3671,0,1,0,0.108050552871998,0,-0.147167737499317,0.147167737499317,1,1
additive_bias,118,-0.5,score_low_bias,0.96490387713013,0.961607175611899,0.964287497933504,0.00268032232160509,0.1548,0,0.0634,,,1,0,0.25,0.00244392250288492,0.250627971646835,0.000988051999965786,-0.483258380686224,0.0634,317,0.0634,0,317,0,1,0,0.00268032232160517,0,0.0422763773123844,0.0422763773123844,1,1
additive_bias,118,-0.25,score_low_bias,0.96490387713013,0.961607175611899,0.964287497933504,0.00268032232160509,0.1548,0,0.0634,,,1,0,0.0625,0.00244392250288492,0.0632130330206874,0.000988051999965786,-0.233258380686224,0.0634,317,0.0634,0,317,0,1,0,0.00268032232160517,0,0.0422763773123844,0.0422763773123844,1,1
additive_bias,118,-0.1,score_low_bias,0.96490387713013,0.96188351083579,0.964287497933504,0.00240398709771439,0.1548,0.0022,0.0634,1,0,1,0,0.01,0.00244392250288492,0.0107640698449988,0.000988051999965786,-0.0832583806862241,0.0612,306,0.0612,0,306,0,1,0,0.00240398709771446,0,0.0392808349299749,0.0392808349299749,1,1
additive_bias,118,0,no_bias,0.96490387713013,0.96490387713013,0.964287497933504,-0.00061637919662616,0.1548,0.1548,0.0634,1,0,1,0,0,0.00244392250288492,0.000798094394539783,0.000988051999965786,0.0167416193137759,0.0914,457,0,0.0914,0,457,0,1,0,-0.000616379196626117,0.00674375488650019,0.00674375488650019,1,1
additive_bias,118,0.1,score_high_bias,0.96490387713013,0.948969690198928,0.964287497933504,0.0153178077345758,0.1548,0.5964,0.0634,0.259557344064386,0.740442655935614,1,0,0.01,0.00244392250288492,0.0108321189440807,0.000988051999965786,0.116741619313776,0.533,2665,0.4416,0.0914,2208,457,0.828517823639775,0.171482176360225,0.015934186931202,-0.000616379196626117,-0.0287388512843825,0.0310517188139364,1,1
additive_bias,118,0.25,score_high_bias,0.96490387713013,0.918038162657403,0.964287497933504,0.0462493352761013,0.1548,0.781,0.0634,0.19820742637644,0.80179257362356,1,0,0.0625,0.00244392250288492,0.0633831557683921,0.000988051999965786,0.266741619313776,0.7176,3588,0.6262,0.0914,3131,457,0.87263099219621,0.12736900780379,0.0468657144727275,-0.000616379196626117,-0.0644500212877667,0.0661679120252977,1,1
additive_bias,118,0.5,score_high_bias,0.96490387713013,0.85509658767454,0.964287497933504,0.109190910258964,0.1548,0.953,0.0634,0.162434417628541,0.837565582371459,1,0,0.25,0.00244392250288492,0.250968217142245,0.000988051999965786,0.516741619313776,0.8896,4448,0.7982,0.0914,3991,457,0.897257194244604,0.102742805755396,0.10980728945559,-0.000616379196626117,-0.122741580776713,0.124127325373445,1,1
additive_bias,119,-0.5,score_low_bias,0.963660874990753,0.960287721459564,0.960550590409922,0.000262868950357986,0.1474,0,0.002,,,1,0,0.25,0.0025641020312851,0.256049958600726,0.0020897435522869,-0.384309708977211,0.002,10,0.002,0,10,0,1,0,0.00026286895035803,0,0.131434475179015,0.131434475179015,1,1
additive_bias,119,-0.25,score_low_bias,0.963660874990753,0.960287721459564,0.960550590409922,0.000262868950357986,0.1474,0,0.002,,,1,0,0.0625,0.0025641020312851,0.0658315082988287,0.0020897435522869,-0.134309708977211,0.002,10,0.002,0,10,0,1,0,0.00026286895035803,0,0.131434475179015,0.131434475179015,1,1
additive_bias,119,-0.1,score_low_bias,0.963660874990753,0.960658029869158,0.960550590409922,-0.000107439459235859,0.1474,0.003,0.002,1,0,1,0,0.01,0.0025641020312851,0.0117004381176904,0.0020897435522869,0.0156902910227886,0.001,5,0,0.001,0,5,0,1,0,-0.000107439459235858,0.107439459235858,0.107439459235858,1,1
additive_bias,119,0,no_bias,0.963660874990753,0.963660874990753,0.960550590409922,-0.00311028458083185,0.1474,0.1474,0.002,1,0,1,0,0,0.0025641020312851,0.000613057996931461,0.0020897435522869,0.115690291022789,0.1454,727,0,0.1454,0,727,0,1,0,-0.00311028458083185,0.0213912282037954,0.0213912282037954,1,1
additive_bias,119,0.1,score_high_bias,0.963660874990753,0.947223942533912,0.960550590409922,0.0133266478760097,0.1474,0.5894,0.002,0.250084832032576,0.749915167967425,1,0,0.01,0.0025641020312851,0.00952567787617257,0.0020897435522869,0.215690291022789,0.5874,2937,0.442,0.1454,2210,727,0.752468505277494,0.247531494722506,0.0164369324568416,-0.00311028458083185,-0.0226875176642998,0.0332775230467712,1,1
additive_bias,119,0.25,score_high_bias,0.963660874990753,0.916160796245771,0.960550590409922,0.0443897941641509,0.1474,0.7788,0.002,0.189265536723164,0.810734463276836,1,0,0.0625,0.0025641020312851,0.0603946076950343,0.0020897435522869,0.365690291022789,0.7768,3884,0.6314,0.1454,3157,727,0.812821833161689,0.187178166838311,0.0475000787449829,-0.00311028458083185,-0.0571444312102871,0.0651523729734999,1,1
additive_bias,119,0.5,score_high_bias,0.963660874990753,0.851634802795038,0.960550590409922,0.108915787614884,0.1474,0.9558,0.002,0.154216363255911,0.845783636744089,1,0,0.25,0.0025641020312851,0.245176157393137,0.0020897435522869,0.615690291022789,0.9538,4769,0.8084,0.1454,4042,727,0.847557139861606,0.152442860138394,0.112026072195716,-0.00311028458083185,-0.114191431762302,0.120713311780822,1,1
additive_bias,120,-0.5,score_low_bias,0.964632382407909,0.960927419150034,0.962767465168245,0.00184004601821131,0.1608,0,0.3342,,,0.481149012567325,0.518850987432675,0.25,0.00181038750215265,0.250592464072405,0.00245647894533796,-0.521668984108945,0.3342,1671,0.1608,0.1734,804,867,0.481149012567325,0.518850987432675,0.00370496325787535,-0.00186491723966405,0.00550582291505474,0.0166663090889868,1,1
additive_bias,120,-0.25,score_low_bias,0.964632382407909,0.960927419150034,0.962767465168245,0.00184004601821131,0.1608,0,0.3342,,,0.481149012567325,0.518850987432675,0.0625,0.00181038750215265,0.0631780653992923,0.00245647894533796,-0.271668984108945,0.3342,1671,0.1608,0.1734,804,867,0.481149012567325,0.518850987432675,0.00370496325787535,-0.00186491723966405,0.00550582291505474,0.0166663090889868,1,1
additive_bias,120,-0.1,score_low_bias,0.964632382407909,0.961315563022348,0.962767465168245,0.00145190214589697,0.1608,0.0032,0.3342,1,0,0.481149012567325,0.518850987432675,0.01,0.00181038750215265,0.0107294261954249,0.00245647894533796,-0.121668984108945,0.331,1655,0.1576,0.1734,788,867,0.476132930513595,0.523867069486405,0.00331681938556104,-0.00186491723966405,0.00438641131690933,0.0156547934296831,1,1
additive_bias,120,0,no_bias,0.964632382407909,0.964632382407909,0.962767465168245,-0.00186491723966409,0.1608,0.1608,0.3342,1,0,0.481149012567325,0.518850987432675,0,0.00181038750215265,0.000763666726180027,0.00245647894533796,-0.0216689841089446,0.1734,867,0,0.1734,0,867,0,1,0,-0.00186491723966405,-0.0107550013821456,0.0107550013821456,1,1
additive_bias,120,0.1,score_high_bias,0.964632382407909,0.948751390111712,0.962767465168245,0.0140160750565336,0.1608,0.6002,0.3342,0.267910696434522,0.732089303565478,0.481149012567325,0.518850987432675,0.01,0.00181038750215265,0.0107979072569351,0.00245647894533796,0.0783310158910554,0.266,1330,0.266,0,1330,0,1,0,0.0140160750565336,0,-0.0526920114907278,0.0526920114907278,1,1
additive_bias,120,0.25,score_high_bias,0.964632382407909,0.918068542496972,0.962767465168245,0.0446989226712727,0.1608,0.7866,0.3342,0.204424103737605,0.795575896262395,0.481149012567325,0.518850987432675,0.0625,0.00181038750215265,0.0633492680530677,0.00245647894533796,0.228331015891055,0.4524,2262,0.4524,0,2262,0,1,0,0.0446989226712728,0,-0.098803984684511,0.098803984684511,1,1
additive_bias,120,0.5,score_high_bias,0.964632382407909,0.856256339313919,0.962767465168245,0.106511125854326,0.1608,0.9544,0.3342,0.16848281642917,0.83151718357083,0.481149012567325,0.518850987432675,0.25,0.00181038750215265,0.250934869379956,0.00245647894533796,0.478331015891055,0.6202,3101,0.6202,0,3101,0,1,0,0.106511125854326,0,-0.171736739526485,0.171736739526485,1,1
additive_bias,121,-0.5,score_low_bias,0.965413670929708,0.961694332641967,0.965150519646637,0.00345618700467043,0.1556,0,0.2176,,,0.715073529411765,0.284926470588235,0.25,0.00172012512613035,0.251988832633151,0.00098365064690574,-0.508835560180398,0.2176,1088,0.1556,0.062,778,310,0.715073529411765,0.284926470588235,0.00371933828774089,-0.000263151283070532,0.0158832123376395,0.0183018822188025,1,1
additive_bias,121,-0.25,score_low_bias,0.965413670929708,0.961694332641967,0.965150519646637,0.00345618700467043,0.1556,0,0.2176,,,0.715073529411765,0.284926470588235,0.0625,0.00172012512613035,0.0636106294221968,0.00098365064690574,-0.258835560180398,0.2176,1088,0.1556,0.062,778,310,0.715073529411765,0.284926470588235,0.00371933828774089,-0.000263151283070532,0.0158832123376395,0.0183018822188025,1,1
additive_bias,121,-0.1,score_low_bias,0.965413670929708,0.9622062933138,0.965150519646637,0.00294422633283697,0.1556,0.004,0.2176,1,0,0.715073529411765,0.284926470588235,0.01,0.00172012512613035,0.0105837074956244,0.00098365064690574,-0.108835560180398,0.2136,1068,0.1516,0.062,758,310,0.709737827715356,0.290262172284644,0.00320737761590744,-0.000263151283070532,0.0137838311462402,0.0162477944708707,1,1
additive_bias,121,0,no_bias,0.965413670929708,0.965413670929708,0.965150519646637,-0.000263151283070529,0.1556,0.1556,0.2176,1,0,0.715073529411765,0.284926470588235,0,0.00172012512613035,0.000232426211242764,0.00098365064690574,-0.00883556018039777,0.062,310,0,0.062,0,310,0,1,0,-0.000263151283070532,-0.00424437553339568,0.00424437553339568,1,1
additive_bias,121,0.1,score_high_bias,0.965413670929708,0.948297027296689,0.965150519646637,0.0168534923499486,0.1556,0.6002,0.2176,0.259246917694102,0.740753082305898,0.715073529411765,0.284926470588235,0.01,0.00172012512613035,0.00988114492686114,0.00098365064690574,0.0911644398196022,0.3826,1913,0.3826,0,1913,0,1,0,0.0168534923499486,0,-0.04404990159422,0.04404990159422,1,1
additive_bias,121,0.25,score_high_bias,0.965413670929708,0.918117333016871,0.965150519646637,0.0470331866297663,0.1556,0.7844,0.2176,0.198368179500255,0.801631820499745,0.715073529411765,0.284926470588235,0.0625,0.00172012512613035,0.0618542230002887,0.00098365064690574,0.241164439819602,0.5668,2834,0.5668,0,2834,0,1,0,0.0470331866297663,0,-0.082980216354563,0.082980216354563,1,1
additive_bias,121,0.5,score_high_bias,0.965413670929708,0.856974178059966,0.965150519646637,0.108176341586672,0.1556,0.9516,0.2176,0.163514081546868,0.836485918453132,0.715073529411765,0.284926470588235,0.25,0.00172012512613035,0.248476019789335,0.00098365064690574,0.491164439819602,0.734,3670,0.734,0,3670,0,1,0,0.108176341586672,0,-0.147379211970942,0.147379211970942,1,1
additive_bias,122,-0.5,score_low_bias,0.966109360945938,0.962418974443941,0.966080693625303,0.00366171918136216,0.1648,0,0.187,,,0.881283422459893,0.118716577540107,0.25,0.000757589301076209,0.260864062393622,0.000995105133257827,-0.502833056325776,0.187,935,0.1648,0.0222,824,111,0.881283422459893,0.118716577540107,0.00369038650199727,-2.86673206351188e-05,0.0195813859965891,0.0198879883563229,1,1
additive_bias,122,-0.25,score_low_bias,0.966109360945938,0.962418974443941,0.966080693625303,0.00366171918136216,0.1648,0,0.187,,,0.881283422459893,0.118716577540107,0.0625,0.000757589301076209,0.068126345693577,0.000995105133257827,-0.252833056325776,0.187,935,0.1648,0.0222,824,111,0.881283422459893,0.118716577540107,0.00369038650199727,-2.86673206351188e-05,0.0195813859965891,0.0198879883563229,1,1
additive_bias,122,-0.1,score_low_bias,0.966109360945938,0.962784674705377,0.966080693625303,0.0032960189199257,0.1648,0.0032,0.187,1,0,0.881283422459893,0.118716577540107,0.01,0.000757589301076209,0.0124837156735499,0.000995105133257827,-0.102833056325776,0.1838,919,0.1616,0.0222,808,111,0.879216539717084,0.120783460282916,0.00332468624056087,-2.86673206351188e-05,0.0179326383020988,0.0182445786789771,1,1
additive_bias,122,0,no_bias,0.966109360945938,0.966109360945938,0.966080693625303,-2.86673206351118e-05,0.1648,0.1648,0.187,1,0,0.881283422459893,0.118716577540107,0,0.000757589301076209,0.000388628993531881,0.000995105133257827,-0.0028330563257758,0.0222,111,0,0.0222,0,111,0,1,0,-2.86673206351188e-05,-0.00129132074932968,0.00129132074932968,1,1
additive_bias,122,0.1,score_high_bias,0.966109360945938,0.950114405006814,0.966080693625303,0.0159662886184888,0.1648,0.6002,0.187,0.27457514161946,0.72542485838054,0.881283422459893,0.118716577540107,0.01,0.000757589301076209,0.00829354231351386,0.000995105133257827,0.0971669436742242,0.4132,2066,0.4132,0,2066,0,1,0,0.0159662886184889,0,-0.0386405823293535,0.0386405823293535,1,1
additive_bias,122,0.25,score_high_bias,0.966109360945938,0.91945552631477,0.966080693625303,0.0466251673105332,0.1648,0.7894,0.187,0.208766151507474,0.791233848492526,0.881283422459893,0.118716577540107,0.0625,0.000757589301076209,0.0576509122934868,0.000995105133257827,0.247166943674224,0.6024,3012,0.6024,0,3012,0,1,0,0.0466251673105333,0,-0.0773990161197432,0.0773990161197432,1,1
additive_bias,122,0.5,score_high_bias,0.966109360945938,0.859162515645747,0.966080693625303,0.106918177979556,0.1648,0.955,0.187,0.172565445026178,0.827434554973822,0.881283422459893,0.118716577540107,0.25,0.000757589301076209,0.239913195593442,0.000995105133257827,0.497166943674224,0.768,3840,0.768,0,3840,0,1,0,0.106918177979556,0,-0.139216377577547,0.139216377577547,1,1
additive_bias,123,-0.5,score_low_bias,0.964990619109888,0.96118741400021,0.964942676461543,0.00375526246133273,0.1706,0,0.1402,,,1,0,0.25,0.00123083972305534,0.254341299005409,0.000802427175317928,-0.496740277549487,0.1402,701,0.1402,0,701,0,1,0,0.00375526246133269,0,0.0267850389538708,0.0267850389538708,1,1
additive_bias,123,-0.25,score_low_bias,0.964990619109888,0.96118741400021,0.964942676461543,0.00375526246133273,0.1706,0,0.1402,,,1,0,0.0625,0.00123083972305534,0.0649955607699257,0.000802427175317928,-0.246740277549487,0.1402,701,0.1402,0,701,0,1,0,0.00375526246133269,0,0.0267850389538708,0.0267850389538708,1,1
additive_bias,123,-0.1,score_low_bias,0.964990619109888,0.961550848991047,0.964942676461543,0.00339182747049571,0.1706,0.0028,0.1402,1,0,1,0,0.01,0.00123083972305534,0.011388117828636,0.000802427175317928,-0.0967402775494868,0.1374,687,0.1374,0,687,0,1,0,0.00339182747049567,0,0.0246857894504779,0.0246857894504779,1,1
additive_bias,123,0,no_bias,0.964990619109888,0.964990619109888,0.964942676461543,-4.79426483454004e-05,0.1706,0.1706,0.1402,1,0,1,0,0,0.00123083972305534,0.000649822534442885,0.000802427175317928,0.0032597224505132,0.0304,152,0,0.0304,0,152,0,1,0,-4.79426483453918e-05,0.00157706080083526,0.00157706080083526,1,1
additive_bias,123,0.1,score_high_bias,0.964990619109888,0.948884501675563,0.964942676461543,0.0160581747859797,0.1706,0.6048,0.1402,0.28207671957672,0.717923280423281,1,0,0.01,0.00123083972305534,0.00991152724024978,0.000802427175317928,0.103259722450513,0.4646,2323,0.4342,0.0304,2171,152,0.934567369780456,0.0654326302195437,0.016106117434325,-4.79426483453918e-05,-0.0345634412095989,0.0347698236820284,1,1
additive_bias,123,0.25,score_high_bias,0.964990619109888,0.917511495428435,0.964942676461543,0.0474311810331077,0.1706,0.7932,0.1402,0.215078164397378,0.784921835602622,1,0,0.0625,0.00123083972305534,0.0613040842989601,0.000802427175317928,0.253259722450513,0.653,3265,0.6226,0.0304,3113,152,0.953445635528331,0.0465543644716692,0.0474791236814531,-4.79426483453918e-05,-0.0726358055637177,0.0727826436903498,1,1
additive_bias,123,0.5,score_high_bias,0.964990619109888,0.857443782443584,0.964942676461543,0.107498894017959,0.1706,0.9576,0.1402,0.178153717627402,0.821846282372598,1,0,0.25,0.00123083972305534,0.246958346063477,0.000802427175317928,0.503259722450513,0.8174,4087,0.787,0.0304,3935,152,0.962808906288231,0.037191093711769,0.107546836666304,-4.79426483453918e-05,-0.131513205307021,0.131630510539087,1,1
additive_bias,124,-0.5,score_low_bias,0.966256038933407,0.962493478085411,0.966243205026925,0.00374972694151399,0.1648,0,0.1782,,,0.924803591470258,0.0751964085297419,0.25,0.00105009678617394,0.261927333777626,0.00100721065204069,-0.50184848864858,0.1782,891,0.1648,0.0134,824,67,0.924803591470258,0.0751964085297419,0.00376256084799569,-1.28339064816507e-05,0.021042238729035,0.0211862780834868,1,1
additive_bias,124,-0.25,score_low_bias,0.966256038933407,0.962493478085411,0.966243205026925,0.00374972694151399,0.1648,0,0.1782,,,0.924803591470258,0.0751964085297419,0.0625,0.00105009678617394,0.0690104497988807,0.00100721065204069,-0.25184848864858,0.1782,891,0.1648,0.0134,824,67,0.924803591470258,0.0751964085297419,0.00376256084799569,-1.28339064816507e-05,0.021042238729035,0.0211862780834868,1,1
additive_bias,124,-0.1,score_low_bias,0.966256038933407,0.962752256619791,0.966243205026925,0.00349094840713393,0.1648,0.0022,0.1782,1,0,0.924803591470258,0.0751964085297419,0.01,0.00105009678617394,0.0132603194116333,0.00100721065204069,-0.10184848864858,0.176,880,0.1626,0.0134,813,67,0.923863636363636,0.0761363636363636,0.00350378231361565,-1.28339064816507e-05,0.0198349341314432,0.0199807739778256,1,1
additive_bias,124,0,no_bias,0.966256038933407,0.966256038933407,0.966243205026925,-1.28339064816574e-05,0.1648,0.1648,0.1782,1,0,0.924803591470258,0.0751964085297419,0,0.00105009678617394,0.00109356582013502,0.00100721065204069,-0.00184848864857956,0.0134,67,0,0.0134,0,67,0,1,0,-1.28339064816507e-05,-0.000957754215048562,0.000957754215048562,1,1
additive_bias,124,0.1,score_high_bias,0.966256038933407,0.951001109883132,0.966243205026925,0.0152420951437938,0.1648,0.5856,0.1782,0.281420765027322,0.718579234972678,0.924803591470258,0.0751964085297419,0.01,0.00105009678617394,0.00892681222863678,0.00100721065204069,0.0981515113514205,0.4074,2037,0.4074,0,2037,0,1,0,0.0152420951437938,0,-0.0374130955910502,0.0374130955910502,1,1
additive_bias,124,0.25,score_high_bias,0.966256038933407,0.918008022827759,0.966243205026925,0.0482351821991662,0.1648,0.7852,0.1782,0.209882832399389,0.790117167600611,0.924803591470258,0.0751964085297419,0.0625,0.00105009678617394,0.0581766818413894,0.00100721065204069,0.24815151135142,0.607,3035,0.607,0,3035,0,1,0,0.0482351821991663,0,-0.0794648800645244,0.0794648800645244,1,1
additive_bias,124,0.5,score_high_bias,0.966256038933407,0.857019868567427,0.966243205026925,0.109223336459498,0.1648,0.9556,0.1782,0.172457095018836,0.827542904981164,0.924803591470258,0.0751964085297419,0.25,0.00105009678617394,0.240259797862644,0.00100721065204069,0.49815151135142,0.7774,3887,0.7774,0,3887,0,1,0,0.109223336459498,0,-0.140498246024567,0.140498246024567,1,1
additive_bias,125,-0.5,score_low_bias,0.963716565247647,0.960015735947195,0.963280871372141,0.003265135424946,0.1604,0,0.0848,,,1,0,0.25,0.0014640210901435,0.249121756273569,0.000403876376396778,-0.487210295798651,0.0848,424,0.0848,0,424,0,1,0,0.00326513542494599,0,0.0385039554828536,0.0385039554828536,1,1
additive_bias,125,-0.25,score_low_bias,0.963716565247647,0.960015735947195,0.963280871372141,0.003265135424946,0.1604,0,0.0848,,,1,0,0.0625,0.0014640210901435,0.06226314745446,0.000403876376396778,-0.237210295798651,0.0848,424,0.0848,0,424,0,1,0,0.00326513542494599,0,0.0385039554828536,0.0385039554828536,1,1
additive_bias,125,-0.1,score_low_bias,0.963716565247647,0.960463352996005,0.963280871372141,0.0028175183761362,0.1604,0.0036,0.0848,1,0,1,0,0.01,0.0014640210901435,0.0101479821629949,0.000403876376396778,-0.0872102957986513,0.0812,406,0.0812,0,406,0,1,0,0.00281751837613617,0,0.0346985021691647,0.0346985021691647,1,1
additive_bias,125,0,no_bias,0.963716565247647,0.963716565247647,0.963280871372141,-0.000435693875505905,0.1604,0.1604,0.0848,1,0,1,0,0,0.0014640210901435,0.000404538635351411,0.000403876376396778,0.0127897042013487,0.0756,378,0,0.0756,0,378,0,1,0,-0.000435693875505938,0.0057631465014013,0.0057631465014013,1,1
additive_bias,125,0.1,score_high_bias,0.963716565247647,0.948159653367615,0.963280871372141,0.0151212180045264,0.1604,0.5956,0.0848,0.269308260577569,0.730691739422431,1,0,0.01,0.0014640210901435,0.010661095107708,0.000403876376396778,0.112789704201349,0.5108,2554,0.4352,0.0756,2176,378,0.851996867658575,0.148003132341425,0.0155569118800323,-0.000435693875505938,-0.0296030109720564,0.0313089384407562,1,1
additive_bias,125,0.25,score_high_bias,0.963716565247647,0.916347617870067,0.963280871372141,0.0469332535020747,0.1604,0.7864,0.0848,0.203967446592065,0.796032553407935,1,0,0.0625,0.0014640210901435,0.0635459298162428,0.000403876376396778,0.262789704201349,0.7016,3508,0.626,0.0756,3130,378,0.892246294184721,0.107753705815279,0.0473689473775807,-0.000435693875505938,-0.0668946030531282,0.0681366038384929,1,1
additive_bias,125,0.5,score_high_bias,0.963716565247647,0.85589424394735,0.963280871372141,0.107386627424792,0.1604,0.9542,0.0848,0.16809893104171,0.83190106895829,1,0,0.25,0.0014640210901435,0.251687320997134,0.000403876376396778,0.512789704201349,0.8694,4347,0.7938,0.0756,3969,378,0.91304347826087,0.0869565217391304,0.107822321300297,-0.000435693875505938,-0.123518089975606,0.124520376323675,1,1
additive_bias,126,-0.5,score_low_bias,0.964404158346774,0.960926134415292,0.961937571356347,0.00101143694105477,0.1552,0,0.3484,,,0.445464982778416,0.554535017221584,0.25,0.00105222047439707,0.236120722146775,0.00122403280803037,-0.525249938428711,0.3484,1742,0.1552,0.1932,776,966,0.445464982778416,0.554535017221584,0.00347802393148222,-0.00246658699042741,0.00290309110520898,0.0170626031053664,1,1
additive_bias,126,-0.25,score_low_bias,0.964404158346774,0.960926134415292,0.961937571356347,0.00101143694105477,0.1552,0,0.3484,,,0.445464982778416,0.554535017221584,0.0625,0.00105222047439707,0.0559934756187829,0.00122403280803037,-0.275249938428711,0.3484,1742,0.1552,0.1932,776,966,0.445464982778416,0.554535017221584,0.00347802393148222,-0.00246658699042741,0.00290309110520898,0.0170626031053664,1,1
additive_bias,126,-0.1,score_low_bias,0.964404158346774,0.961236930013649,0.961937571356347,0.000700641342697206,0.1552,0.0026,0.3484,1,0,0.445464982778416,0.554535017221584,0.01,0.00105222047439707,0.00791712770198775,0.00122403280803037,-0.125249938428711,0.3458,1729,0.1526,0.1932,763,966,0.441295546558704,0.558704453441296,0.00316722833312464,-0.00246658699042741,0.00202614616164612,0.0162921206580453,1,1
additive_bias,126,0,no_bias,0.964404158346774,0.964404158346774,0.961937571356347,-0.00246658699042746,0.1552,0.1552,0.3484,1,0,0.445464982778416,0.554535017221584,0,0.00105222047439707,0.00086622909079102,0.00122403280803037,-0.0252499384287107,0.1932,966,0,0.1932,0,966,0,1,0,-0.00246658699042741,-0.0127670134080094,0.0127670134080094,1,1
additive_bias,126,0.1,score_high_bias,0.964404158346774,0.948424083617578,0.961937571356347,0.0135134877387693,0.1552,0.592,0.3484,0.262162162162162,0.737837837837838,0.445464982778416,0.554535017221584,0.01,0.00105222047439707,0.0138153304795943,0.00122403280803037,0.0747500615712893,0.2436,1218,0.2436,0,1218,0,1,0,0.0135134877387693,0,-0.055474087597575,0.055474087597575,1,1
additive_bias,126,0.25,score_high_bias,0.964404158346774,0.916454543174953,0.961937571356347,0.0454830281813933,0.1552,0.7864,0.3484,0.19735503560529,0.80264496439471,0.445464982778416,0.554535017221584,0.0625,0.00105222047439707,0.0707389825627992,0.00122403280803037,0.224750061571289,0.438,2190,0.438,0,2190,0,1,0,0.0454830281813933,0,-0.103842530094505,0.103842530094505,1,1
additive_bias,126,0.5,score_high_bias,0.964404158346774,0.85567844146655,0.961937571356347,0.106259129889797,0.1552,0.953,0.3484,0.162854144805876,0.837145855194124,0.445464982778416,0.554535017221584,0.25,0.00105222047439707,0.265611736034807,0.00122403280803037,0.474750061571289,0.6046,3023,0.6046,0,3023,0,1,0,0.106259129889797,0,-0.175751124528278,0.175751124528278,1,1
additive_bias,127,-0.5,score_low_bias,0.965205368508336,0.961673055882472,0.964483167898228,0.00281011201575632,0.1578,0,0.2668,,,0.591454272863568,0.408545727136432,0.25,0.00202592857149825,0.252649028643034,0.00138356363312377,-0.513909189414734,0.2668,1334,0.1578,0.109,789,545,0.591454272863568,0.408545727136432,0.00353231262586342,-0.000722200610107009,0.0105326537322204,0.0159464514091845,1,1
additive_bias,127,-0.25,score_low_bias,0.965205368508336,0.961673055882472,0.964483167898228,0.00281011201575632,0.1578,0,0.2668,,,0.591454272863568,0.408545727136432,0.0625,0.00202592857149825,0.0638960002742139,0.00138356363312377,-0.263909189414734,0.2668,1334,0.1578,0.109,789,545,0.591454272863568,0.408545727136432,0.00353231262586342,-0.000722200610107009,0.0105326537322204,0.0159464514091845,1,1
additive_bias,127,-0.1,score_low_bias,0.965205368508336,0.962182234638533,0.964483167898228,0.00230093325969494,0.1578,0.0044,0.2668,1,0,0.591454272863568,0.408545727136432,0.01,0.00202592857149825,0.0106441832529219,0.00138356363312377,-0.113909189414734,0.2624,1312,0.1534,0.109,767,545,0.584603658536585,0.415396341463415,0.00302313386980194,-0.000722200610107009,0.00876880053237396,0.0142733783533115,1,1
additive_bias,127,0,no_bias,0.965205368508336,0.965205368508336,0.964483167898228,-0.000722200610107082,0.1578,0.1578,0.2668,1,0,0.591454272863568,0.408545727136432,0,0.00202592857149825,0.000142971905393894,0.00138356363312377,-0.0139091894147337,0.109,545,0,0.109,0,545,0,1,0,-0.000722200610107009,-0.0066256936707065,0.0066256936707065,1,1
additive_bias,127,0.1,score_high_bias,0.965205368508336,0.949138439005494,0.964483167898228,0.0153447288927345,0.1578,0.605,0.2668,0.260826446280992,0.739173553719008,0.591454272863568,0.408545727136432,0.01,0.00202592857149825,0.00964176055786589,0.00138356363312377,0.0860908105852663,0.3382,1691,0.3382,0,1691,0,1,0,0.0153447288927345,0,-0.0453717589968495,0.0453717589968495,1,1
additive_bias,127,0.25,score_high_bias,0.965205368508336,0.918121247249616,0.964483167898228,0.0463619206486128,0.1578,0.7926,0.2668,0.199091597274792,0.800908402725208,0.591454272863568,0.408545727136432,0.0625,0.00202592857149825,0.0613899435365739,0.00138356363312377,0.236090810585266,0.5258,2629,0.5258,0,2629,0,1,0,0.0463619206486128,0,-0.0881740598109792,0.0881740598109792,1,1
additive_bias,127,0.5,score_high_bias,0.965205368508336,0.85877513589369,0.964483167898228,0.105708032004538,0.1578,0.9564,0.2668,0.164993726474279,0.835006273525722,0.591454272863568,0.408545727136432,0.25,0.00202592857149825,0.247636915167754,0.00138356363312377,0.486090810585266,0.6896,3448,0.6896,0,3448,0,1,0,0.105708032004539,0,-0.153288909519342,0.153288909519342,1,1
additive_bias,128,-0.5,score_low_bias,0.967004478140901,0.963471506099455,0.966480873457271,0.00300936735781587,0.1544,0,0.2436,,,0.633825944170772,0.366174055829228,0.25,0.000992843298669103,0.243116185366842,0.00102487171213494,-0.511669387975674,0.2436,1218,0.1544,0.0892,772,446,0.633825944170772,0.366174055829228,0.00353297204144642,-0.000523604683630564,0.0123537247857794,0.0166526138139449,1,1
additive_bias,128,-0.25,score_low_bias,0.967004478140901,0.963471506099455,0.966480873457271,0.00300936735781587,0.1544,0,0.2436,,,0.633825944170772,0.366174055829228,0.0625,0.000992843298669103,0.0594164370426059,0.00102487171213494,-0.261669387975674,0.2436,1218,0.1544,0.0892,772,446,0.633825944170772,0.366174055829228,0.00353297204144642,-0.000523604683630564,0.0123537247857794,0.0166526138139449,1,1
additive_bias,128,-0.1,score_low_bias,0.967004478140901,0.963814507182397,0.966480873457271,0.0026663662748736,0.1544,0.0028,0.2436,1,0,0.633825944170772,0.366174055829228,0.01,0.000992843298669103,0.00919658804806442,0.00102487171213494,-0.111669387975674,0.2408,1204,0.1516,0.0892,758,446,0.629568106312292,0.370431893687708,0.00318997095850416,-0.000523604683630564,0.011072949646485,0.0154218257563734,1,1
additive_bias,128,0,no_bias,0.967004478140901,0.967004478140901,0.966480873457271,-0.000523604683630552,0.1544,0.1544,0.2436,1,0,0.633825944170772,0.366174055829228,0,0.000992843298669103,0.000716688718370129,0.00102487171213494,-0.011669387975674,0.0892,446,0,0.0892,0,446,0,1,0,-0.000523604683630564,-0.00587000766401978,0.00587000766401978,1,1
additive_bias,128,0.1,score_high_bias,0.967004478140901,0.950415068228877,0.966480873457271,0.0160658052283942,0.1544,0.6006,0.2436,0.257076257076257,0.742923742923743,0.633825944170772,0.366174055829228,0.01,0.000992843298669103,0.0122367893886758,0.00102487171213494,0.0883306120243261,0.357,1785,0.357,0,1785,0,1,0,0.0160658052283942,0,-0.0450022555417204,0.0450022555417204,1,1
additive_bias,128,0.25,score_high_bias,0.967004478140901,0.917966357370543,0.966480873457271,0.0485145160867274,0.1544,0.7948,0.2436,0.194262707599396,0.805737292400604,0.633825944170772,0.366174055829228,0.0625,0.000992843298669103,0.0670169403941344,0.00102487171213494,0.238330612024326,0.5512,2756,0.5512,0,2756,0,1,0,0.0485145160867273,0,-0.0880161757741788,0.0880161757741788,1,1
additive_bias,128,0.5,score_high_bias,0.967004478140901,0.859390976827797,0.966480873457271,0.107089896629474,0.1544,0.9578,0.2436,0.161202756316559,0.838797243683441,0.633825944170772,0.366174055829228,0.25,0.000992843298669103,0.258317192069899,0.00102487171213494,0.488330612024326,0.7142,3571,0.7142,0,3571,0,1,0,0.107089896629474,0,-0.149943848543089,0.149943848543089,1,1
additive_bias,129,-0.5,score_low_bias,0.965575571033817,0.961937667481399,0.96538242632498,0.0034447588435802,0.1592,0,0.1076,,,1,0,0.25,0.0012178810411224,0.252966512419443,0.00237479162693706,-0.491898870067959,0.1076,538,0.1076,0,538,0,1,0,0.0034447588435802,0,0.032014487393868,0.032014487393868,1,1
additive_bias,129,-0.25,score_low_bias,0.965575571033817,0.961937667481399,0.96538242632498,0.0034447588435802,0.1592,0,0.1076,,,1,0,0.0625,0.0012178810411224,0.0645499257371464,0.00237479162693706,-0.241898870067959,0.1076,538,0.1076,0,538,0,1,0,0.0034447588435802,0,0.032014487393868,0.032014487393868,1,1
additive_bias,129,-0.1,score_low_bias,0.965575571033817,0.962263822882233,0.96538242632498,0.00311860344274661,0.1592,0.0026,0.1076,1,0,1,0,0.01,0.0012178810411224,0.0114999737277683,0.00237479162693706,-0.0918988700679591,0.105,525,0.105,0,525,0,1,0,0.00311860344274671,0,0.0297009851690162,0.0297009851690162,1,1
additive_bias,129,0,no_bias,0.965575571033817,0.965575571033817,0.96538242632498,-0.000193144708837578,0.1592,0.1592,0.1076,1,0,1,0,0,0.0012178810411224,0.00113333905484959,0.00237479162693706,0.00810112993204093,0.0516,258,0,0.0516,0,258,0,1,0,-0.000193144708837555,0.00374311451235571,0.00374311451235571,1,1
additive_bias,129,0.1,score_high_bias,0.965575571033817,0.950031548446325,0.96538242632498,0.0153508778786545,0.1592,0.5894,0.1076,0.270105191720394,0.729894808279606,1,0,0.01,0.0012178810411224,0.0107667043819309,0.00237479162693706,0.108101129932041,0.4818,2409,0.4302,0.0516,2151,258,0.892901618929016,0.107098381070984,0.0155440225874922,-0.000193144708837555,-0.0318615148996567,0.0326632779085299,1,1
additive_bias,129,0.25,score_high_bias,0.965575571033817,0.918848627859862,0.96538242632498,0.0465337984651173,0.1592,0.779,0.1076,0.204364569961489,0.795635430038511,1,0,0.0625,0.0012178810411224,0.0627167523725528,0.00237479162693706,0.258101129932041,0.6714,3357,0.6198,0.0516,3099,258,0.923145665773012,0.0768543342269884,0.0467269431739549,-0.000193144708837555,-0.0693086065908807,0.0698839557384457,1,1
additive_bias,129,0.5,score_high_bias,0.965575571033817,0.853639553689564,0.96538242632498,0.111742872635415,0.1592,0.9572,0.1076,0.166318428750522,0.833681571249478,1,0,0.25,0.0012178810411224,0.249300165690256,0.00237479162693706,0.508101129932041,0.8496,4248,0.798,0.0516,3990,258,0.939265536723164,0.0607344632768362,0.111936017344253,-0.000193144708837555,-0.131524096793097,0.131978768894881,1,1
additive_bias,130,-0.5,score_low_bias,0.965281203130771,0.961396819252215,0.964681188185749,0.00328436893353401,0.1612,0,0.26,,,0.62,0.38,0.25,0.000758711316709362,0.241334319638123,0.000324469311512838,-0.512764624533055,0.26,1300,0.1612,0.0988,806,494,0.62,0.38,0.00388438387855556,-0.000600014945021639,0.0126321882058997,0.0172476877829892,1,1
additive_bias,130,-0.25,score_low_bias,0.965281203130771,0.961396819252215,0.964681188185749,0.00328436893353401,0.1612,0,0.26,,,0.62,0.38,0.0625,0.000758711316709362,0.058531630725011,0.000324469311512838,-0.262764624533056,0.26,1300,0.1612,0.0988,806,494,0.62,0.38,0.00388438387855556,-0.000600014945021639,0.0126321882058997,0.0172476877829892,1,1
additive_bias,130,-0.1,score_low_bias,0.965281203130771,0.961889917367791,0.964681188185749,0.00279127081795783,0.1612,0.004,0.26,1,0,0.62,0.38,0.01,0.000758711316709362,0.00885001737714357,0.000324469311512838,-0.112764624533056,0.256,1280,0.1572,0.0988,786,494,0.6140625,0.3859375,0.0033912857629794,-0.000600014945021639,0.0109034016326475,0.015591018390629,1,1
additive_bias,130,0,no_bias,0.965281203130771,0.965281203130771,0.964681188185749,-0.000600014945021599,0.1612,0.1612,0.26,1,0,0.62,0.38,0,0.000758711316709362,0.000728941811898593,0.000324469311512838,-0.0127646245330555,0.0988,494,0,0.0988,0,494,0,1,0,-0.000600014945021639,-0.00607302575932833,0.00607302575932833,1,1
additive_bias,130,0.1,score_high_bias,0.965281203130771,0.949474373067034,0.964681188185749,0.0152068151187148,0.1612,0.5948,0.26,0.271015467383995,0.728984532616005,0.62,0.38,0.01,0.000758711316709362,0.0126078662466536,0.000324469311512838,0.0872353754669445,0.3348,1674,0.3348,0,1674,0,1,0,0.0152068151187147,0,-0.0454205947392913,0.0454205947392913,1,1
additive_bias,130,0.25,score_high_bias,0.965281203130771,0.91879041551774,0.964681188185749,0.0458907726680088,0.1612,0.7798,0.26,0.206719671710695,0.793280328289305,0.62,0.38,0.0625,0.000758711316709362,0.0679262528987862,0.000324469311512838,0.237235375466945,0.5198,2599,0.5198,0,2599,0,1,0,0.0458907726680088,0,-0.0882854418391858,0.0882854418391858,1,1
additive_bias,130,0.5,score_high_bias,0.965281203130771,0.856021329592331,0.964681188185749,0.108659858593418,0.1612,0.9526,0.26,0.169221079151795,0.830778920848205,0.62,0.38,0.25,0.000758711316709362,0.260123563985674,0.000324469311512838,0.487235375466945,0.6926,3463,0.6926,0,3463,0,1,0,0.108659858593418,0,-0.156886887948915,0.156886887948915,1,1
additive_bias,131,-0.5,score_low_bias,0.966066952905753,0.96230511347501,0.96581469623721,0.00350958276220015,0.1644,0,0.1032,,,1,0,0.25,0.00230299145252282,0.243900976279978,0.00101800116197411,-0.490639276448854,0.1032,516,0.1032,0,516,0,1,0,0.0035095827622001,0,0.0340075849050397,0.0340075849050397,1,1
additive_bias,131,-0.25,score_low_bias,0.966066952905753,0.96230511347501,0.96581469623721,0.00350958276220015,0.1644,0,0.1032,,,1,0,0.0625,0.00230299145252282,0.0595972401408918,0.00101800116197411,-0.240639276448854,0.1032,516,0.1032,0,516,0,1,0,0.0035095827622001,0,0.0340075849050397,0.0340075849050397,1,1
additive_bias,131,-0.1,score_low_bias,0.966066952905753,0.962672174784703,0.96581469623721,0.00314252145250671,0.1644,0.0032,0.1032,1,0,1,0,0.01,0.00230299145252282,0.00901499845743988,0.00101800116197411,-0.0906392764488536,0.1,500,0.1,0,500,0,1,0,0.00314252145250666,0,0.0314252145250666,0.0314252145250666,1,1
additive_bias,131,0,no_bias,0.966066952905753,0.966066952905753,0.96581469623721,-0.000252256668542672,0.1644,0.1644,0.1032,1,0,1,0,0,0.00230299145252282,0.000293504001805307,0.00101800116197411,0.00936072355114637,0.0612,306,0,0.0612,0,306,0,1,0,-0.000252256668542715,0.00412184098926004,0.00412184098926004,1,1
additive_bias,131,0.1,score_high_bias,0.966066952905753,0.950389350492672,0.96581469623721,0.0154253457445387,0.1644,0.5988,0.1032,0.274549098196393,0.725450901803607,1,0,0.01,0.00230299145252282,0.0115720095461707,0.00101800116197411,0.109360723551146,0.4956,2478,0.4344,0.0612,2172,306,0.876513317191283,0.123486682808717,0.0156776024130814,-0.000252256668542715,-0.0311245878622652,0.0321425728039227,1,1
additive_bias,131,0.25,score_high_bias,0.966066952905753,0.919209109725691,0.96581469623721,0.0466055865115195,0.1644,0.789,0.1032,0.208365019011407,0.791634980988593,1,0,0.0625,0.00230299145252282,0.0659897678627189,0.00101800116197411,0.259360723551146,0.6858,3429,0.6246,0.0612,3123,306,0.910761154855643,0.089238845144357,0.0468578431800622,-0.000252256668542715,-0.0679579855811016,0.0686936422406021,1,1
additive_bias,131,0.5,score_high_bias,0.966066952905753,0.859809875867356,0.96581469623721,0.106004820369854,0.1644,0.9526,0.1032,0.172580306529498,0.827419693470502,1,0,0.25,0.00230299145252282,0.256686031723632,0.00101800116197411,0.509360723551146,0.8494,4247,0.7882,0.0612,3941,306,0.927949140569814,0.072050859430186,0.106257077038397,-0.000252256668542715,-0.124799647244943,0.125393611616364,1,1
additive_bias,132,-0.5,score_low_bias,0.965008635598654,0.961281126438446,0.964805816886698,0.00352469044825243,0.1596,0,0.1048,,,1,0,0.25,0.000905570598436381,0.247112380454938,0.00099259227929409,-0.492184188245033,0.1048,524,0.1048,0,524,0,1,0,0.00352469044825245,0,0.033632542445157,0.033632542445157,1,1
additive_bias,132,-0.25,score_low_bias,0.965008635598654,0.961281126438446,0.964805816886698,0.00352469044825243,0.1596,0,0.1048,,,1,0,0.0625,0.000905570598436381,0.0612620637900576,0.00099259227929409,-0.242184188245033,0.1048,524,0.1048,0,524,0,1,0,0.00352469044825245,0,0.033632542445157,0.033632542445157,1,1
additive_bias,132,-0.1,score_low_bias,0.965008635598654,0.961640203296818,0.964805816886698,0.00316561358988043,0.1596,0.003,0.1048,1,0,1,0,0.01,0.000905570598436381,0.00975187379112965,0.00099259227929409,-0.0921841882450328,0.1018,509,0.1018,0,509,0,1,0,0.00316561358988043,0,0.0310964006864483,0.0310964006864483,1,1
additive_bias,132,0,no_bias,0.965008635598654,0.965008635598654,0.964805816886698,-0.000202818711955821,0.1596,0.1596,0.1048,1,0,1,0,0,0.000905570598436381,0.000411747125177665,0.00099259227929409,0.00781581175496715,0.0548,274,0,0.0548,0,274,0,1,0,-0.000202818711955826,0.00370107138605522,0.00370107138605522,1,1
additive_bias,132,0.1,score_high_bias,0.965008635598654,0.948901631559408,0.964805816886698,0.0159041853272902,0.1596,0.5984,0.1048,0.266711229946524,0.733288770053476,1,0,0.01,0.000905570598436381,0.0110716204592257,0.00099259227929409,0.107815811754967,0.4936,2468,0.4388,0.0548,2194,274,0.888978930307942,0.111021069692058,0.0161070040392461,-0.000202818711955826,-0.0322207968543157,0.0330425906628887,1,1
additive_bias,132,0.25,score_high_bias,0.965008635598654,0.917793195150819,0.964805816886698,0.0470126217358789,0.1596,0.7884,0.1048,0.202435312024353,0.797564687975647,1,0,0.0625,0.000905570598436381,0.0645614304602977,0.00099259227929409,0.257815811754967,0.6836,3418,0.6288,0.0548,3144,274,0.919836161497952,0.080163838502048,0.0472154404478348,-0.000202818711955826,-0.0687721207370962,0.0693655049148487,1,1
additive_bias,132,0.5,score_high_bias,0.965008635598654,0.857642599300318,0.964805816886698,0.10716321758638,0.1596,0.9548,0.1048,0.167155425219941,0.832844574780059,1,0,0.25,0.000905570598436381,0.253711113795418,0.00099259227929409,0.507815811754967,0.85,4250,0.7952,0.0548,3976,274,0.935529411764706,0.0644705882352941,0.107366036298336,-0.000202818711955826,-0.126074373631035,0.126551594129755,1,1
additive_bias,133,-0.5,score_low_bias,0.966176734682438,0.962318692604996,0.966025478557682,0.00370678595268559,0.1644,0,0.1154,,,1,0,0.25,0.00175813949642395,0.25350230035117,0.00137983955797464,-0.493126567347243,0.1154,577,0.1154,0,577,0,1,0,0.00370678595268566,0,0.0321211954305517,0.0321211954305517,1,1
additive_bias,133,-0.25,score_low_bias,0.966176734682438,0.962318692604996,0.966025478557682,0.00370678595268559,0.1644,0,0.1154,,,1,0,0.0625,0.00175813949642395,0.0647444703128171,0.00137983955797464,-0.243126567347243,0.1154,577,0.1154,0,577,0,1,0,0.00370678595268566,0,0.0321211954305517,0.0321211954305517,1,1
additive_bias,133,-0.1,score_low_bias,0.966176734682438,0.962785754415247,0.966025478557682,0.00323972414243445,0.1644,0.004,0.1154,1,0,1,0,0.01,0.00175813949642395,0.0114897722898054,0.00137983955797464,-0.0931265673472426,0.1114,557,0.1114,0,557,0,1,0,0.00323972414243451,0,0.0290819043306509,0.0290819043306509,1,1
additive_bias,133,0,no_bias,0.966176734682438,0.966176734682438,0.966025478557682,-0.000151256124756416,0.1644,0.1644,0.1154,1,0,1,0,0,0.00175813949642395,0.000986640274464219,0.00137983955797464,0.00687343265275742,0.049,245,0,0.049,0,245,0,1,0,-0.000151256124756363,0.00308685968890538,0.00308685968890538,1,1
additive_bias,133,0.1,score_high_bias,0.966176734682438,0.949963837303598,0.966025478557682,0.0160616412540837,0.1644,0.6036,0.1154,0.272365805168986,0.727634194831014,1,0,0.01,0.00175813949642395,0.0104835082591231,0.00137983955797464,0.106873432652757,0.4882,2441,0.4392,0.049,2196,245,0.899631298648095,0.100368701351905,0.0162128973788401,-0.000151256124756363,-0.0328997158010727,0.0335193639975347,1,1
additive_bias,133,0.25,score_high_bias,0.966176734682438,0.91969516085078,0.966025478557682,0.0463303177069015,0.1644,0.7876,0.1154,0.208735398679533,0.791264601320467,1,0,0.0625,0.00175813949642395,0.0622288102361113,0.00137983955797464,0.256873432652757,0.6722,3361,0.6232,0.049,3116,245,0.927105028265397,0.0728949717346028,0.046481573831658,-0.000151256124756363,-0.0689234122387706,0.0693734453383135,1,1
additive_bias,133,0.5,score_high_bias,0.966176734682438,0.860072979372525,0.966025478557682,0.105952499185156,0.1644,0.9512,0.1154,0.172834314550042,0.827165685449958,1,0,0.25,0.00175813949642395,0.248470980197758,0.00137983955797464,0.506873432652757,0.8358,4179,0.7868,0.049,3934,245,0.941373534338359,0.0586264656616415,0.106103755309913,-0.000151256124756363,-0.126767766433545,0.127129709780652,1,1
additive_bias,134,-0.5,score_low_bias,0.965922657025181,0.962112833760374,0.965117932761658,0.00300509900128465,0.1578,0,0.2716,,,0.58100147275405,0.41899852724595,0.25,0.00180725867297192,0.242752387676148,0.00137625619847371,-0.513984807477436,0.2716,1358,0.1578,0.1138,789,569,0.58100147275405,0.41899852724595,0.00380982326480776,-0.000804724263523123,0.0110644293125355,0.0169902339040165,1,1
additive_bias,134,-0.25,score_low_bias,0.965922657025181,0.962112833760374,0.965117932761658,0.00300509900128465,0.1578,0,0.2716,,,0.58100147275405,0.41899852724595,0.0625,0.00180725867297192,0.059315538054217,0.00137625619847371,-0.263984807477436,0.2716,1358,0.1578,0.1138,789,569,0.58100147275405,0.41899852724595,0.00380982326480776,-0.000804724263523123,0.0110644293125355,0.0169902339040165,1,1
additive_bias,134,-0.1,score_low_bias,0.965922657025181,0.962577525800292,0.965117932761658,0.0025404069613657,0.1578,0.0038,0.2716,1,0,0.58100147275405,0.41899852724595,0.01,0.00180725867297192,0.00925342828105861,0.00137625619847371,-0.113984807477436,0.2678,1339,0.154,0.1138,770,569,0.575056011949216,0.424943988050784,0.00334513122488875,-0.000804724263523123,0.00948620971383728,0.015496099657998,1,1
additive_bias,134,0,no_bias,0.965922657025181,0.965922657025181,0.965117932761658,-0.000804724263523071,0.1578,0.1578,0.2716,1,0,0.58100147275405,0.41899852724595,0,0.00180725867297192,0.000878688432286326,0.00137625619847371,-0.0139848074774362,0.1138,569,0,0.1138,0,569,0,1,0,-0.000804724263523123,-0.00707139071637191,0.00707139071637191,1,1
additive_bias,134,0.1,score_high_bias,0.965922657025181,0.950148807766955,0.965117932761658,0.0149691249947032,0.1578,0.5996,0.2716,0.2631754503002,0.7368245496998,0.58100147275405,0.41899852724595,0.01,0.00180725867297192,0.012503948583514,0.00137625619847371,0.0860151925225638,0.328,1640,0.328,0,1640,0,1,0,0.0149691249947031,0,-0.0456375762033631,0.0456375762033631,1,1
additive_bias,134,0.25,score_high_bias,0.965922657025181,0.916880319938892,0.965117932761658,0.0482376128227666,0.1578,0.799,0.2716,0.197496871088861,0.802503128911139,0.58100147275405,0.41899852724595,0.0625,0.00180725867297192,0.0674418388103556,0.00137625619847371,0.236015192522564,0.5274,2637,0.5274,0,2637,0,1,0,0.0482376128227665,0,-0.0914630504792691,0.0914630504792691,1,1
additive_bias,134,0.5,score_high_bias,0.965922657025181,0.858917331219263,0.965117932761658,0.106200601542395,0.1578,0.956,0.2716,0.165062761506276,0.834937238493724,0.58100147275405,0.41899852724595,0.25,0.00180725867297192,0.259004989188425,0.00137625619847371,0.486015192522564,0.6844,3422,0.6844,0,3422,0,1,0,0.106200601542395,0,-0.155173292727053,0.155173292727053,1,1
additive_bias,135,-0.5,score_low_bias,0.966295337348935,0.962486948135538,0.966145849830872,0.00365890169533356,0.1644,0,0.2116,,,0.776937618147448,0.223062381852552,0.25,0.000795600522074043,0.248324997359783,0.000272380447793838,-0.506361733464613,0.2116,1058,0.1644,0.0472,822,236,0.776937618147448,0.223062381852552,0.00380838921339629,-0.000149487518062693,0.0172915959136749,0.0187045214152126,1,1
additive_bias,135,-0.25,score_low_bias,0.966295337348935,0.962486948135538,0.966145849830872,0.00365890169533356,0.1644,0,0.2116,,,0.776937618147448,0.223062381852552,0.0625,0.000795600522074043,0.0618898512031424,0.000272380447793838,-0.256361733464613,0.2116,1058,0.1644,0.0472,822,236,0.776937618147448,0.223062381852552,0.00380838921339629,-0.000149487518062693,0.0172915959136749,0.0187045214152126,1,1
additive_bias,135,-0.1,score_low_bias,0.966295337348935,0.963014855207685,0.966145849830872,0.00313099462318733,0.1644,0.0046,0.2116,1,0,0.776937618147448,0.223062381852552,0.01,0.000795600522074043,0.0100287635091581,0.000272380447793838,-0.106361733464613,0.207,1035,0.1598,0.0472,799,236,0.771980676328503,0.228019323671498,0.00328048214125001,-0.000149487518062693,0.0151255778897938,0.0165699017358102,1,1
additive_bias,135,0,no_bias,0.966295337348935,0.966295337348935,0.966145849830872,-0.000149487518062763,0.1644,0.1644,0.2116,1,0,0.776937618147448,0.223062381852552,0,0.000795600522074043,0.000454705046501925,0.000272380447793838,-0.00636173346461311,0.0472,236,0,0.0472,0,236,0,1,0,-0.000149487518062693,-0.00316710843353163,0.00316710843353163,1,1
additive_bias,135,0.1,score_high_bias,0.966295337348935,0.950329763417684,0.966145849830872,0.0158160864131879,0.1644,0.6076,0.2116,0.270572745227123,0.729427254772877,0.776937618147448,0.223062381852552,0.01,0.000795600522074043,0.0108806465838457,0.000272380447793838,0.0936382665353869,0.396,1980,0.396,0,1980,0,1,0,0.0158160864131879,0,-0.0399396121545149,0.0399396121545149,1,1
additive_bias,135,0.25,score_high_bias,0.966295337348935,0.918632806250509,0.966145849830872,0.0475130435803625,0.1644,0.8004,0.2116,0.205397301349325,0.794602698650675,0.776937618147448,0.223062381852552,0.0625,0.000795600522074043,0.0640195588898615,0.000272380447793838,0.243638266535387,0.5888,2944,0.5888,0,2944,0,1,0,0.0475130435803625,0,-0.0806947071677351,0.0806947071677351,1,1
additive_bias,135,0.5,score_high_bias,0.966295337348935,0.861840105716489,0.966145849830872,0.104305744114383,0.1644,0.957,0.2116,0.171786833855799,0.828213166144201,0.776937618147448,0.223062381852552,0.25,0.000795600522074043,0.252584412733221,0.000272380447793838,0.493638266535387,0.7454,3727,0.7454,0,3727,0,1,0,0.104305744114383,0,-0.139932578634804,0.139932578634804,1,1
additive_bias,136,-0.5,score_low_bias,0.965327002236382,0.961637961025522,0.965206941324837,0.00356898029931507,0.1666,0,0.211,,,0.78957345971564,0.21042654028436,0.25,0.00224607188699181,0.23999702047473,0.00298143486924398,-0.505534413114858,0.211,1055,0.1666,0.0444,833,222,0.78957345971564,0.21042654028436,0.00368904121085995,-0.000120060911544798,0.0169145985749533,0.0180526166938614,1,1
additive_bias,136,-0.25,score_low_bias,0.965327002236382,0.961637961025522,0.965206941324837,0.00356898029931507,0.1666,0,0.211,,,0.78957345971564,0.21042654028436,0.0625,0.00224607188699181,0.0579175957924917,0.00298143486924398,-0.255534413114858,0.211,1055,0.1666,0.0444,833,222,0.78957345971564,0.21042654028436,0.00368904121085995,-0.000120060911544798,0.0169145985749533,0.0180526166938614,1,1
additive_bias,136,-0.1,score_low_bias,0.965327002236382,0.962013917413025,0.965206941324837,0.00319302391181242,0.1666,0.003,0.211,1,0,0.78957345971564,0.21042654028436,0.01,0.00224607188699181,0.00866994098314887,0.00298143486924398,-0.105534413114858,0.208,1040,0.1636,0.0444,818,222,0.786538461538462,0.213461538461538,0.00331308482335721,-0.000120060911544798,0.0153510764990982,0.0165055083408751,1,1
additive_bias,136,0,no_bias,0.965327002236382,0.965327002236382,0.965206941324837,-0.000120060911544817,0.1666,0.1666,0.211,1,0,0.78957345971564,0.21042654028436,0,0.00224607188699181,0.000838171110253672,0.00298143486924398,-0.00553441311485792,0.0444,222,0,0.0444,0,222,0,1,0,-0.000120060911544798,-0.00270407458434229,0.00270407458434229,1,1
additive_bias,136,0.1,score_high_bias,0.965327002236382,0.949728043799179,0.965206941324837,0.0154788975256589,0.1666,0.5914,0.211,0.281704430165709,0.718295569834292,0.78957345971564,0.21042654028436,0.01,0.00224607188699181,0.0130064012373585,0.00298143486924398,0.0944655868851421,0.3804,1902,0.3804,0,1902,0,1,0,0.0154788975256589,0,-0.0406911081116164,0.0406911081116164,1,1
additive_bias,136,0.25,score_high_bias,0.965327002236382,0.917399991768839,0.965206941324837,0.0478069495559985,0.1666,0.7874,0.211,0.211582423164846,0.788417576835154,0.78957345971564,0.21042654028436,0.0625,0.00224607188699181,0.0687587464280157,0.00298143486924398,0.244465586885142,0.5764,2882,0.5764,0,2882,0,1,0,0.0478069495559985,0,-0.0829405786884083,0.0829405786884083,1,1
additive_bias,136,0.5,score_high_bias,0.965327002236382,0.85666979501504,0.965206941324837,0.108537146309798,0.1666,0.9542,0.211,0.174596520645567,0.825403479354433,0.78957345971564,0.21042654028436,0.25,0.00224607188699181,0.261679321745778,0.00298143486924398,0.494465586885142,0.7432,3716,0.7432,0,3716,0,1,0,0.108537146309798,0,-0.146040293743,0.146040293743,1,1
additive_bias,137,-0.5,score_low_bias,0.964670344300714,0.961001272343976,0.964125684856188,0.00312441251221163,0.1662,0,0.2616,,,0.635321100917431,0.364678899082569,0.25,0.00264988095402765,0.25211186223263,0.000450909088706341,-0.512116806908924,0.2616,1308,0.1662,0.0954,831,477,0.635321100917431,0.364678899082569,0.00366907195673783,-0.0005446594445262,0.0119434729060077,0.0161075359375536,1,1
additive_bias,137,-0.25,score_low_bias,0.964670344300714,0.961001272343976,0.964125684856188,0.00312441251221163,0.1662,0,0.2616,,,0.635321100917431,0.364678899082569,0.0625,0.00264988095402765,0.0639975474325253,0.000450909088706341,-0.262116806908924,0.2616,1308,0.1662,0.0954,831,477,0.635321100917431,0.364678899082569,0.00366907195673783,-0.0005446594445262,0.0119434729060077,0.0161075359375536,1,1
additive_bias,137,-0.1,score_low_bias,0.964670344300714,0.96152382747236,0.964125684856188,0.00260185738382757,0.1662,0.0044,0.2616,1,0,0.635321100917431,0.364678899082569,0.01,0.00264988095402765,0.0111289585524627,0.000450909088706341,-0.112116806908924,0.2572,1286,0.1618,0.0954,809,477,0.629082426127527,0.370917573872473,0.0031465168283538,-0.0005446594445262,0.0101160862512737,0.0143513851978227,1,1
additive_bias,137,0,no_bias,0.964670344300714,0.964670344300714,0.964125684856188,-0.000544659444526197,0.1662,0.1662,0.2616,1,0,0.635321100917431,0.364678899082569,0,0.00264988095402765,0.000883232632420981,0.000450909088706341,-0.0121168069089238,0.0954,477,0,0.0954,0,477,0,1,0,-0.0005446594445262,-0.00570921849608176,0.00570921849608176,1,1
additive_bias,137,0.1,score_high_bias,0.964670344300714,0.948376522237771,0.964125684856188,0.0157491626184163,0.1662,0.6068,0.2616,0.273895847066579,0.726104152933421,0.635321100917431,0.364678899082569,0.01,0.00264988095402765,0.0106375067123793,0.000450909088706341,0.0878831930910762,0.3452,1726,0.3452,0,1726,0,1,0,0.0157491626184163,0,-0.0456232984311016,0.0456232984311016,1,1
additive_bias,137,0.25,score_high_bias,0.964670344300714,0.917874209873587,0.964125684856188,0.0462514749826011,0.1662,0.7904,0.2616,0.210273279352227,0.789726720647773,0.635321100917431,0.364678899082569,0.0625,0.00264988095402765,0.0627689178323167,0.000450909088706341,0.237883193091076,0.5288,2644,0.5288,0,2644,0,1,0,0.0462514749826011,0,-0.0874649678188372,0.0874649678188372,1,1
additive_bias,137,0.5,score_high_bias,0.964670344300714,0.85817605200768,0.964125684856188,0.105949632848507,0.1662,0.955,0.2616,0.174031413612565,0.825968586387435,0.635321100917431,0.364678899082569,0.25,0.00264988095402765,0.249654603032212,0.000450909088706341,0.487883193091076,0.6934,3467,0.6934,0,3467,0,1,0,0.105949632848507,0,-0.152797278408577,0.152797278408577,1,1
additive_bias,138,-0.5,score_low_bias,0.965330009295852,0.961452509496785,0.964869129184411,0.00341661968762663,0.1618,0,0.2464,,,0.656655844155844,0.343344155844156,0.25,0.00080692283429361,0.242152096868157,0.00142035361305283,-0.510643513312057,0.2464,1232,0.1618,0.0846,809,423,0.656655844155844,0.343344155844156,0.00387749979906793,-0.000460880111441332,0.0138661513296534,0.0176070613251188,1,1
additive_bias,138,-0.25,score_low_bias,0.965330009295852,0.961452509496785,0.964869129184411,0.00341661968762663,0.1618,0,0.2464,,,0.656655844155844,0.343344155844156,0.0625,0.00080692283429361,0.0588594484503578,0.00142035361305283,-0.260643513312057,0.2464,1232,0.1618,0.0846,809,423,0.656655844155844,0.343344155844156,0.00387749979906793,-0.000460880111441332,0.0138661513296534,0.0176070613251188,1,1
additive_bias,138,-0.1,score_low_bias,0.965330009295852,0.961924428752695,0.964869129184411,0.00294470043171646,0.1618,0.0042,0.2464,1,0,0.656655844155844,0.343344155844156,0.01,0.00080692283429361,0.00888385939967855,0.00142035361305283,-0.110643513312057,0.2422,1211,0.1576,0.0846,788,423,0.650701899256813,0.349298100743187,0.00340558054315772,-0.000460880111441332,0.0121581355562196,0.0159639168232826,1,1
additive_bias,138,0,no_bias,0.965330009295852,0.965330009295852,0.964869129184411,-0.000460880111441298,0.1618,0.1618,0.2464,1,0,0.656655844155844,0.343344155844156,0,0.00080692283429361,0.000566800032559048,0.00142035361305283,-0.0106435133120567,0.0846,423,0,0.0846,0,423,0,1,0,-0.000460880111441332,-0.00544775545438926,0.00544775545438926,1,1
additive_bias,138,0.1,score_high_bias,0.965330009295852,0.94883012339435,0.964869129184411,0.0160390057900611,0.1618,0.6128,0.2464,0.264033942558747,0.735966057441253,0.656655844155844,0.343344155844156,0.01,0.00080692283429361,0.0122497406654395,0.00142035361305283,0.0893564866879433,0.3664,1832,0.3664,0,1832,0,1,0,0.016039005790061,0,-0.0437745791213457,0.0437745791213457,1,1
additive_bias,138,0.25,score_high_bias,0.965330009295852,0.918795534728932,0.964869129184411,0.0460735944554787,0.1618,0.7952,0.2464,0.203470824949698,0.796529175050302,0.656655844155844,0.343344155844156,0.0625,0.00080692283429361,0.0672741516147603,0.00142035361305283,0.239356486687943,0.5488,2744,0.5488,0,2744,0,1,0,0.0460735944554786,0,-0.0839533426666884,0.0839533426666884,1,1
additive_bias,138,0.5,score_high_bias,0.965330009295852,0.861751863787138,0.964869129184411,0.103117265397273,0.1618,0.9522,0.2464,0.169922285234195,0.830077714765806,0.656655844155844,0.343344155844156,0.25,0.00080692283429361,0.258981503196962,0.00142035361305283,0.489356486687943,0.7058,3529,0.7058,0,3529,0,1,0,0.103117265397273,0,-0.146099837627193,0.146099837627193,1,1
additive_bias,139,-0.5,score_low_bias,0.967398124035423,0.963657134249402,0.966407289720959,0.00275015547155721,0.1612,0,0.0538,,,1,0,0.25,0.00127202894827313,0.251272140496546,0.000882334353961233,-0.476290531317674,0.0538,269,0.0538,0,269,0,1,0,0.00275015547155711,0,0.0511181314415819,0.0511181314415819,1,1
additive_bias,139,-0.25,score_low_bias,0.967398124035423,0.963657134249402,0.966407289720959,0.00275015547155721,0.1612,0,0.0538,,,1,0,0.0625,0.00127202894827313,0.0633788139899326,0.000882334353961233,-0.226290531317674,0.0538,269,0.0538,0,269,0,1,0,0.00275015547155711,0,0.0511181314415819,0.0511181314415819,1,1
additive_bias,139,-0.1,score_low_bias,0.967398124035423,0.964117800033736,0.966407289720959,0.00228948968722309,0.1612,0.0038,0.0538,1,0,1,0,0.01,0.00127202894827313,0.0106428180859647,0.000882334353961233,-0.0762905313176736,0.05,250,0.05,0,250,0,1,0,0.00228948968722304,0,0.0457897937444608,0.0457897937444608,1,1
additive_bias,139,0,no_bias,0.967398124035423,0.967398124035423,0.966407289720959,-0.000990834314464228,0.1612,0.1612,0.0538,1,0,1,0,0,0.00127202894827313,0.000485487483319506,0.000882334353961233,0.0237094686823264,0.1074,537,0,0.1074,0,537,0,1,0,-0.00099083431446423,0.00922564538607291,0.00922564538607291,1,1
additive_bias,139,0.1,score_high_bias,0.967398124035423,0.951692296496003,0.966407289720959,0.0147149932249567,0.1612,0.602,0.0538,0.267774086378738,0.732225913621262,1,0,0.01,0.00127202894827313,0.0103281568806743,0.000882334353961233,0.123709468682326,0.5482,2741,0.4408,0.1074,2204,537,0.804086099963517,0.195913900036483,0.0157058275394209,-0.00099083431446423,-0.0268423809284141,0.0304572452642924,1,1
additive_bias,139,0.25,score_high_bias,0.967398124035423,0.920189412765261,0.966407289720959,0.0462178769556982,0.1612,0.7926,0.0538,0.203381276810497,0.796618723189503,1,0,0.0625,0.00127202894827313,0.0625921609767065,0.000882334353961233,0.273709468682326,0.7388,3694,0.6314,0.1074,3157,537,0.854629128316189,0.145370871683812,0.0472087112701624,-0.00099083431446423,-0.0625580359443668,0.0652403161676051,1,1
additive_bias,139,0.5,score_high_bias,0.967398124035423,0.859825485345209,0.966407289720959,0.10658180437575,0.1612,0.9618,0.0538,0.167602412143897,0.832397587856103,1,0,0.25,0.00127202894827313,0.249698834470093,0.000882334353961233,0.523709468682326,0.908,4540,0.8006,0.1074,4003,537,0.881718061674009,0.118281938325991,0.107572638690214,-0.00099083431446423,-0.117380841823513,0.119563296260659,1,1
additive_bias,140,-0.5,score_low_bias,0.96571073346165,0.9619905680865,0.965676023871085,0.00368545578458446,0.1654,0,0.1904,,,0.868697478991597,0.131302521008403,0.25,0.00106775080723211,0.245543973538048,0.00164495815361922,-0.502801686168808,0.1904,952,0.1654,0.025,827,125,0.868697478991597,0.131302521008403,0.00372016537514952,-3.47095905650249e-05,0.0193563854232379,0.0197209819627865,1,1
additive_bias,140,-0.25,score_low_bias,0.96571073346165,0.9619905680865,0.965676023871085,0.00368545578458446,0.1654,0,0.1904,,,0.868697478991597,0.131302521008403,0.0625,0.00106775080723211,0.060581071557632,0.00164495815361922,-0.252801686168808,0.1904,952,0.1654,0.025,827,125,0.868697478991597,0.131302521008403,0.00372016537514952,-3.47095905650249e-05,0.0193563854232379,0.0197209819627865,1,1
additive_bias,140,-0.1,score_low_bias,0.96571073346165,0.962496993554385,0.965676023871085,0.00317903031669975,0.1654,0.0042,0.1904,1,0,0.868697478991597,0.131302521008403,0.01,0.00106775080723211,0.00960333036938261,0.00164495815361922,-0.102801686168808,0.1862,931,0.1612,0.025,806,125,0.865735767991407,0.134264232008593,0.00321373990726481,-3.47095905650249e-05,0.0170732025601492,0.0174460230817929,1,1
additive_bias,140,0,no_bias,0.96571073346165,0.96571073346165,0.965676023871085,-3.4709590565063e-05,0.1654,0.1654,0.1904,1,0,0.868697478991597,0.131302521008403,0,0.00106775080723211,0.000618169577216373,0.00164495815361922,-0.00280168616880805,0.025,125,0,0.025,0,125,0,1,0,-3.47095905650249e-05,-0.00138838362260099,0.00138838362260099,1,1
additive_bias,140,0.1,score_high_bias,0.96571073346165,0.949421948683175,0.965676023871085,0.0162540751879094,0.1654,0.6136,0.1904,0.269556714471969,0.730443285528031,0.868697478991597,0.131302521008403,0.01,0.00106775080723211,0.0116330087850501,0.00164495815361922,0.097198313831192,0.4232,2116,0.4232,0,2116,0,1,0,0.0162540751879095,0,-0.0384075500659486,0.0384075500659486,1,1
additive_bias,140,0.25,score_high_bias,0.96571073346165,0.919909382988441,0.965676023871085,0.0457666408826438,0.1654,0.792,0.1904,0.208838383838384,0.791161616161616,0.868697478991597,0.131302521008403,0.0625,0.00106775080723211,0.0656552675968008,0.00164495815361922,0.247198313831192,0.6016,3008,0.6016,0,3008,0,1,0,0.0457666408826438,0,-0.0760748684884372,0.0760748684884372,1,1
additive_bias,140,0.5,score_high_bias,0.96571073346165,0.858133417373348,0.965676023871085,0.107542606497737,0.1654,0.9628,0.1904,0.171790610718737,0.828209389281263,0.868697478991597,0.131302521008403,0.25,0.00106775080723211,0.255692365616385,0.00164495815361922,0.497198313831192,0.7724,3862,0.7724,0,3862,0,1,0,0.107542606497737,0,-0.139231753622135,0.139231753622135,1,1
additive_bias,141,-0.5,score_low_bias,0.96468047801569,0.960856151653855,0.964602505786109,0.00374635413225399,0.1614,0,0.1266,,,1,0,0.25,0.00122833823355728,0.249215357284101,0.0010395922961429,-0.494828938758053,0.1266,633,0.1266,0,633,0,1,0,0.00374635413225402,0,0.0295920547571408,0.0295920547571408,1,1
additive_bias,141,-0.25,score_low_bias,0.96468047801569,0.960856151653855,0.964602505786109,0.00374635413225399,0.1614,0,0.1266,,,1,0,0.0625,0.00122833823355728,0.0623834194861092,0.0010395922961429,-0.244828938758053,0.1266,633,0.1266,0,633,0,1,0,0.00374635413225402,0,0.0295920547571408,0.0295920547571408,1,1
additive_bias,141,-0.1,score_low_bias,0.96468047801569,0.961405798267763,0.964602505786109,0.00319670751834611,0.1614,0.0048,0.1266,1,0,1,0,0.01,0.00122833823355728,0.0102842568073144,0.0010395922961429,-0.0948289387580529,0.1218,609,0.1218,0,609,0,1,0,0.00319670751834616,0,0.0262455461276368,0.0262455461276368,1,1
additive_bias,141,0,no_bias,0.96468047801569,0.96468047801569,0.964602505786109,-7.7972229580725e-05,0.1614,0.1614,0.1266,1,0,1,0,0,0.00122833823355728,0.000551481688117875,0.0010395922961429,0.00517106124194711,0.0348,174,0,0.0348,0,174,0,1,0,-7.79722295807705e-05,0.00224058130979225,0.00224058130979225,1,1
additive_bias,141,0.1,score_high_bias,0.96468047801569,0.949063741715305,0.964602505786109,0.0155387640708042,0.1614,0.5936,0.1266,0.271900269541779,0.728099730458221,1,0,0.01,0.00122833823355728,0.0108187065689214,0.0010395922961429,0.105171061241947,0.467,2335,0.4322,0.0348,2161,174,0.925481798715203,0.0745182012847966,0.0156167363003851,-7.79722295807705e-05,-0.0332735847340563,0.0336075129121324,1,1
additive_bias,141,0.25,score_high_bias,0.96468047801569,0.917598991020524,0.964602505786109,0.0470035147655843,0.1614,0.7852,0.1266,0.205552725420275,0.794447274579725,1,0,0.0625,0.00122833823355728,0.0637195438901266,0.0010395922961429,0.255171061241947,0.6586,3293,0.6238,0.0348,3119,174,0.947160643789857,0.0528393562101427,0.047081486995165,-7.79722295807705e-05,-0.0713688350525118,0.0716056168004036,1,1
additive_bias,141,0.5,score_high_bias,0.96468047801569,0.856916828066581,0.964602505786109,0.107685677719528,0.1614,0.952,0.1266,0.16953781512605,0.83046218487395,1,0,0.25,0.00122833823355728,0.251887606092135,0.0010395922961429,0.505171061241947,0.8254,4127,0.7906,0.0348,3953,174,0.957838623697601,0.0421613763023988,0.107763649949109,-7.79722295807705e-05,-0.130464838526203,0.13065377050968,1,1
additive_bias,142,-0.5,score_low_bias,0.965009642274147,0.96135954282994,0.963884153961753,0.00252461113181257,0.1626,0,0.0494,,,1,0,0.25,0.00105929720918773,0.246553567612254,0.000441701981383993,-0.47455329885888,0.0494,247,0.0494,0,247,0,1,0,0.00252461113181258,0,0.0511054884982303,0.0511054884982303,1,1
additive_bias,142,-0.25,score_low_bias,0.965009642274147,0.96135954282994,0.963884153961753,0.00252461113181257,0.1626,0,0.0494,,,1,0,0.0625,0.00105929720918773,0.0608904783506042,0.000441701981383993,-0.22455329885888,0.0494,247,0.0494,0,247,0,1,0,0.00252461113181258,0,0.0511054884982303,0.0511054884982303,1,1
additive_bias,142,-0.1,score_low_bias,0.965009642274147,0.961653955646035,0.963884153961753,0.00223019831571758,0.1626,0.0024,0.0494,1,0,1,0,0.01,0.00105929720918773,0.00949262479361433,0.000441701981383993,-0.0745532988588799,0.047,235,0.047,0,235,0,1,0,0.00223019831571754,0,0.0474510279939903,0.0474510279939903,1,1
additive_bias,142,0,no_bias,0.965009642274147,0.965009642274147,0.963884153961753,-0.00112548831239445,0.1626,0.1626,0.0494,1,0,1,0,0,0.00105929720918773,0.000227389088954391,0.000441701981383993,0.0254467011411201,0.1132,566,0,0.1132,0,566,0,1,0,-0.00112548831239454,0.00994247625790225,0.00994247625790225,1,1
additive_bias,142,0.1,score_high_bias,0.965009642274147,0.949124679586995,0.963884153961753,0.0147594743747583,0.1626,0.602,0.0494,0.270099667774086,0.729900332225914,1,0,0.01,0.00105929720918773,0.0109621533842945,0.000441701981383993,0.12544670114112,0.5526,2763,0.4394,0.1132,2197,566,0.795150199058994,0.204849800941006,0.0158849626871529,-0.00112548831239454,-0.0267091465341266,0.0307825750987105,1,1
additive_bias,142,0.25,score_high_bias,0.965009642274147,0.918754499970541,0.963884153961753,0.0451296539912117,0.1626,0.7862,0.0494,0.20681760366319,0.79318239633681,1,0,0.0625,0.00105929720918773,0.0645642998273046,0.000441701981383993,0.27544670114112,0.7368,3684,0.6236,0.1132,3118,566,0.846362649294246,0.153637350705755,0.0462551423036062,-0.00112548831239454,-0.0612508876102222,0.0643059590336601,1,1
additive_bias,142,0.5,score_high_bias,0.965009642274147,0.85806439510583,0.963884153961753,0.105819758855923,0.1626,0.9538,0.0494,0.170475990773747,0.829524009226253,1,0,0.25,0.00105929720918773,0.253901210565655,0.000441701981383993,0.52544670114112,0.9044,4522,0.7912,0.1132,3956,566,0.874834144183989,0.125165855816011,0.106945247168317,-0.00112548831239454,-0.11700548303397,0.119494400133472,1,1
additive_bias,143,-0.5,score_low_bias,0.965365992287212,0.961499276335709,0.963149117029898,0.00164984069418972,0.1606,0,0.3474,,,0.462291306850892,0.537708693149108,0.25,0.000945990033569612,0.24100554354778,0.00183757707366161,-0.523922101143991,0.3474,1737,0.1606,0.1868,803,934,0.462291306850892,0.537708693149108,0.00386671595150308,-0.00221687525731339,0.00474910965512288,0.0175117766517458,1,1
additive_bias,143,-0.25,score_low_bias,0.965365992287212,0.961499276335709,0.963149117029898,0.00164984069418972,0.1606,0,0.3474,,,0.462291306850892,0.537708693149108,0.0625,0.000945990033569612,0.0584033019111662,0.00183757707366161,-0.273922101143991,0.3474,1737,0.1606,0.1868,803,934,0.462291306850892,0.537708693149108,0.00386671595150308,-0.00221687525731339,0.00474910965512288,0.0175117766517458,1,1
additive_bias,143,-0.1,score_low_bias,0.965365992287212,0.96197527808859,0.963149117029898,0.00117383894130862,0.1606,0.0042,0.3474,1,0,0.462291306850892,0.537708693149108,0.01,0.000945990033569612,0.00884195692919796,0.00183757707366161,-0.123922101143991,0.3432,1716,0.1564,0.1868,782,934,0.455710955710956,0.544289044289044,0.00339071419862201,-0.00221687525731339,0.00342027663551462,0.0163391301163619,1,1
additive_bias,143,0,no_bias,0.965365992287212,0.965365992287212,0.963149117029898,-0.0022168752573134,0.1606,0.1606,0.3474,1,0,0.462291306850892,0.537708693149108,0,0.000945990033569612,0.00080106027455248,0.00183757707366161,-0.0239221011439907,0.1868,934,0,0.1868,0,934,0,1,0,-0.00221687525731339,-0.0118676405637762,0.0118676405637762,1,1
additive_bias,143,0.1,score_high_bias,0.965365992287212,0.94955314150926,0.963149117029898,0.0135959755206386,0.1606,0.5968,0.3474,0.269101876675603,0.730898123324397,0.462291306850892,0.537708693149108,0.01,0.000945990033569612,0.012760163619907,0.00183757707366161,0.0760778988560093,0.2494,1247,0.2494,0,1247,0,1,0,0.0135959755206386,0,-0.0545147374524403,0.0545147374524403,1,1
additive_bias,143,0.25,score_high_bias,0.965365992287212,0.918727994291921,0.963149117029898,0.0444211227379774,0.1606,0.787,0.3474,0.204066073697586,0.795933926302414,0.462291306850892,0.537708693149108,0.0625,0.000945990033569612,0.0681988186379388,0.00183757707366161,0.226077898856009,0.4396,2198,0.4396,0,2198,0,1,0,0.0444211227379774,0,-0.101048959822515,0.101048959822515,1,1
additive_bias,143,0.5,score_high_bias,0.965365992287212,0.858021327109956,0.963149117029898,0.105127789919943,0.1606,0.9522,0.3474,0.1686620457887,0.8313379542113,0.462291306850892,0.537708693149108,0.25,0.000945990033569612,0.260596577001325,0.00183757707366161,0.476077898856009,0.6048,3024,0.6048,0,3024,0,1,0,0.105127789919943,0,-0.173822403968159,0.173822403968159,1,1
additive_bias,144,-0.5,score_low_bias,0.965780359836794,0.961775328100577,0.965570969883507,0.00379564178292935,0.1632,0,0.223,,,0.731838565022422,0.268161434977579,0.25,0.000953753495369012,0.248417319654221,0.00106102943873916,-0.507383823137116,0.223,1115,0.1632,0.0598,816,299,0.731838565022422,0.268161434977579,0.00400503173621665,-0.000209389953287292,0.0170208151700868,0.0188987519708697,1,1
additive_bias,144,-0.25,score_low_bias,0.965780359836794,0.961775328100577,0.965570969883507,0.00379564178292935,0.1632,0,0.223,,,0.731838565022422,0.268161434977579,0.0625,0.000953753495369012,0.0619387633016121,0.00106102943873916,-0.257383823137116,0.223,1115,0.1632,0.0598,816,299,0.731838565022422,0.268161434977579,0.00400503173621665,-0.000209389953287292,0.0170208151700868,0.0188987519708697,1,1
additive_bias,144,-0.1,score_low_bias,0.965780359836794,0.962350283467998,0.965570969883507,0.00322068641550921,0.1632,0.0046,0.223,1,0,0.731838565022422,0.268161434977579,0.01,0.000953753495369012,0.0100516294900465,0.00106102943873916,-0.107383823137116,0.2184,1092,0.1586,0.0598,793,299,0.726190476190476,0.273809523809524,0.00343007636879655,-0.000209389953287292,0.0147467326717457,0.0166642230864645,1,1
additive_bias,144,0,no_bias,0.965780359836794,0.965780359836794,0.965570969883507,-0.000209389953287342,0.1632,0.1632,0.223,1,0,0.731838565022422,0.268161434977579,0,0.000953753495369012,0.000460206949002697,0.00106102943873916,-0.00738382313711561,0.0598,299,0,0.0598,0,299,0,1,0,-0.000209389953287292,-0.00350150423557345,0.00350150423557345,1,1
additive_bias,144,0.1,score_high_bias,0.965780359836794,0.950129633075704,0.965570969883507,0.0154413368078025,0.1632,0.6018,0.223,0.271186440677966,0.728813559322034,0.731838565022422,0.268161434977579,0.01,0.000953753495369012,0.0108687844079589,0.00106102943873916,0.0926161768628844,0.3788,1894,0.3788,0,1894,0,1,0,0.0154413368078025,0,-0.0407638247302072,0.0407638247302072,1,1
additive_bias,144,0.25,score_high_bias,0.965780359836794,0.919372272112004,0.965570969883507,0.0461986977715023,0.1632,0.7858,0.223,0.207686434207177,0.792313565792823,0.731838565022422,0.268161434977579,0.0625,0.000953753495369012,0.0639816505963933,0.00106102943873916,0.242616176862884,0.5628,2814,0.5628,0,2814,0,1,0,0.0461986977715023,0,-0.0820872383999686,0.0820872383999686,1,1
additive_bias,144,0.5,score_high_bias,0.965780359836794,0.858865997836006,0.965570969883507,0.106704972047501,0.1632,0.9532,0.223,0.171212757028955,0.828787242971045,0.731838565022422,0.268161434977579,0.25,0.000953753495369012,0.252503094243784,0.00106102943873916,0.492616176862884,0.7302,3651,0.7302,0,3651,0,1,0,0.106704972047501,0,-0.14613115865174,0.14613115865174,1,1
additive_bias,145,-0.5,score_low_bias,0.965413065630721,0.96180650689221,0.965412640786883,0.00360613389467324,0.157,0,0.1542,,,1,0,0.25,0.000938430223381225,0.251256831725891,0.00141487114180269,-0.499719910155222,0.1542,771,0.1542,0,771,0,1,0,0.00360613389467325,0,0.0233860823260262,0.0233860823260262,1,1
additive_bias,145,-0.25,score_low_bias,0.965413065630721,0.96180650689221,0.965412640786883,0.00360613389467324,0.157,0,0.1542,,,1,0,0.0625,0.000938430223381225,0.0635464132421445,0.00141487114180269,-0.249719910155222,0.1542,771,0.1542,0,771,0,1,0,0.00360613389467325,0,0.0233860823260262,0.0233860823260262,1,1
additive_bias,145,-0.1,score_low_bias,0.965413065630721,0.962197194730391,0.965412640786883,0.00321544605649149,0.157,0.0032,0.1542,1,0,1,0,0.01,0.000938430223381225,0.0109201621518966,0.00141487114180269,-0.0997199101552222,0.151,755,0.151,0,755,0,1,0,0.00321544605649149,0,0.0212943447449768,0.0212943447449768,1,1
additive_bias,145,0,no_bias,0.965413065630721,0.965413065630721,0.965412640786883,-4.24843838442435e-07,0.157,0.157,0.1542,1,0,1,0,0,0.000938430223381225,0.00083599475839799,0.00141487114180269,0.000280089844777787,0.0028,14,0,0.0028,0,14,0,1,0,-4.24843838533806e-07,0.000151729942333502,0.000151729942333502,1,1
additive_bias,145,0.1,score_high_bias,0.965413065630721,0.949448819379919,0.965412640786883,0.0159638214069637,0.157,0.599,0.1542,0.262103505843072,0.737896494156928,1,0,0.01,0.000938430223381225,0.0107518273648994,0.00141487114180269,0.100280089844778,0.4448,2224,0.442,0.0028,2210,14,0.993705035971223,0.00629496402877698,0.0159642462508022,-4.24843838533806e-07,-0.0358898862566628,0.035891796525721,1,1
additive_bias,145,0.25,score_high_bias,0.965413065630721,0.919001787627852,0.965412640786883,0.0464108531590307,0.157,0.7864,0.1542,0.199643947100712,0.800356052899288,1,0,0.0625,0.000938430223381225,0.0631255762746515,0.00141487114180269,0.250280089844778,0.6322,3161,0.6294,0.0028,3147,14,0.995571021828535,0.00442897817146473,0.0464112780028693,-4.24843838533806e-07,-0.0734116627001435,0.0734130067173486,1,1
additive_bias,145,0.5,score_high_bias,0.965413065630721,0.857873590761222,0.965412640786883,0.107539050025661,0.157,0.9542,0.1542,0.164535736742821,0.835464263257179,1,0,0.25,0.000938430223381225,0.250415157790905,0.00141487114180269,0.500280089844778,0.8,4000,0.7972,0.0028,3986,14,0.9965,0.0035,0.1075394748695,-4.24843838533806e-07,-0.134423812532077,0.134424874641673,1,1
additive_bias,146,-0.5,score_low_bias,0.964585844198595,0.961276508154394,0.964568521647468,0.00329201349307384,0.1606,0,0.1428,,,1,0,0.25,0.00068782058315685,0.251001499920758,0.000401592558363339,-0.498039930291913,0.1428,714,0.1428,0,714,0,1,0,0.00329201349307376,0,0.0230533157778275,0.0230533157778275,1,1
additive_bias,146,-0.25,score_low_bias,0.964585844198595,0.961276508154394,0.964568521647468,0.00329201349307384,0.1606,0,0.1428,,,1,0,0.0625,0.00068782058315685,0.0634488242824322,0.000401592558363339,-0.248039930291913,0.1428,714,0.1428,0,714,0,1,0,0.00329201349307376,0,0.0230533157778275,0.0230533157778275,1,1
additive_bias,146,-0.1,score_low_bias,0.964585844198595,0.961630272157529,0.964568521647468,0.00293824948993915,0.1606,0.003,0.1428,1,0,1,0,0.01,0.00068782058315685,0.0109172188994368,0.000401592558363339,-0.0980399302919133,0.1398,699,0.1398,0,699,0,1,0,0.00293824948993906,0,0.0210175213872608,0.0210175213872608,1,1
additive_bias,146,0,no_bias,0.964585844198595,0.964585844198595,0.964568521647468,-1.73225511271857e-05,0.1606,0.1606,0.1428,1,0,1,0,0,0.00068782058315685,0.000896148644106514,0.000401592558363339,0.00196006970808671,0.0178,89,0,0.0178,0,89,0,1,0,-1.73225511272658e-05,0.000973177029621676,0.000973177029621676,1,1
additive_bias,146,0.1,score_high_bias,0.964585844198595,0.948552949645395,0.964568521647468,0.0160155720020729,0.1606,0.5966,0.1428,0.269192088501509,0.730807911498491,1,0,0.01,0.00068782058315685,0.0108750783887762,0.000401592558363339,0.101960069708087,0.4538,2269,0.436,0.0178,2180,89,0.960775672102248,0.0392243278977523,0.0160328945532002,-1.73225511272658e-05,-0.0352921375100769,0.0353684819399018,1,1
additive_bias,146,0.25,score_high_bias,0.964585844198595,0.915677106326882,0.964568521647468,0.0488914153205863,0.1606,0.7946,0.1428,0.202114271331488,0.797885728668513,1,0,0.0625,0.00068782058315685,0.0633434730057808,0.000401592558363339,0.251960069708087,0.6518,3259,0.634,0.0178,3170,89,0.97269100951212,0.0273089904878797,0.0489087378717135,-1.73225511272658e-05,-0.0750098424679138,0.0750629954324037,1,1
additive_bias,146,0.5,score_high_bias,0.964585844198595,0.85724939424577,0.964568521647468,0.107319127401698,0.1606,0.9554,0.1428,0.168097132091271,0.831902867908729,1,0,0.25,0.00068782058315685,0.250790797367455,0.000401592558363339,0.501960069708087,0.8126,4063,0.7948,0.0178,3974,89,0.978095003691853,0.0219049963081467,0.107336449952825,-1.73225511272658e-05,-0.132068825254366,0.132111460132848,1,1
additive_bias,147,-0.5,score_low_bias,0.965252091697183,0.96143846605855,0.965218860319894,0.00378039426134413,0.1588,0,0.1834,,,0.865866957470011,0.134133042529989,0.25,0.00123254031630685,0.265031831979034,0.00219250583845048,-0.502840097222266,0.1834,917,0.1588,0.0246,794,123,0.865866957470011,0.134133042529989,0.00381362563863364,-3.32313772894924e-05,0.0206128367576017,0.0209752290944554,1,1
additive_bias,147,-0.25,score_low_bias,0.965252091697183,0.96143846605855,0.965218860319894,0.00378039426134413,0.1588,0,0.1834,,,0.865866957470011,0.134133042529989,0.0625,0.00123254031630685,0.0708261893813613,0.00219250583845048,-0.252840097222266,0.1834,917,0.1588,0.0246,794,123,0.865866957470011,0.134133042529989,0.00381362563863364,-3.32313772894924e-05,0.0206128367576017,0.0209752290944554,1,1
additive_bias,147,-0.1,score_low_bias,0.965252091697183,0.961910008051777,0.965218860319894,0.00330885226811672,0.1588,0.004,0.1834,1,0,0.865866957470011,0.134133042529989,0.01,0.00123254031630685,0.0143028038227578,0.00219250583845048,-0.102840097222266,0.1794,897,0.1548,0.0246,774,123,0.862876254180602,0.137123745819398,0.00334208364540625,-3.32313772894924e-05,0.0184439925759017,0.0188144650094523,1,1
additive_bias,147,0,no_bias,0.965252091697183,0.965252091697183,0.965218860319894,-3.32313772894999e-05,0.1588,0.1588,0.1834,1,0,0.865866957470011,0.134133042529989,0,0.00123254031630685,0.00162054678368877,0.00219250583845048,-0.00284009722226586,0.0246,123,0,0.0246,0,123,0,1,0,-3.32313772894924e-05,-0.00135086899550782,0.00135086899550782,1,1
additive_bias,147,0.1,score_high_bias,0.965252091697183,0.948742488071261,0.965218860319894,0.0164763722486333,0.1588,0.5956,0.1834,0.266621893888516,0.733378106111484,0.865866957470011,0.134133042529989,0.01,0.00123254031630685,0.00893828974461978,0.00219250583845048,0.0971599027777341,0.4122,2061,0.4122,0,2061,0,1,0,0.0164763722486333,0,-0.0399717909961991,0.0399717909961991,1,1
additive_bias,147,0.25,score_high_bias,0.965252091697183,0.916742146102122,0.965218860319894,0.0484767142177721,0.1588,0.7876,0.1834,0.201625190452006,0.798374809547994,0.865866957470011,0.134133042529989,0.0625,0.00123254031630685,0.0574149041860163,0.00219250583845048,0.247159902777734,0.6042,3021,0.6042,0,3021,0,1,0,0.0484767142177721,0,-0.0802328934421915,0.0802328934421915,1,1
additive_bias,147,0.5,score_high_bias,0.965252091697183,0.855728905977909,0.965218860319894,0.109489954341986,0.1588,0.9558,0.1834,0.166143544674618,0.833856455325382,0.865866957470011,0.134133042529989,0.25,0.00123254031630685,0.238209261588344,0.00219250583845048,0.497159902777734,0.7724,3862,0.7724,0,3862,0,1,0,0.109489954341985,0,-0.141752918619867,0.141752918619867,1,1
additive_bias,148,-0.5,score_low_bias,0.966359960508431,0.962724224220495,0.961229727228471,-0.00149449699202375,0.1532,0,0.4366,,,0.350893266147503,0.649106733852497,0.25,0.00321010870851447,0.257844323341314,0.00168842995186698,-0.541026971410932,0.4366,2183,0.1532,0.2834,766,1417,0.350893266147503,0.649106733852497,0.00363573628793641,-0.00513023327996014,-0.00342303479620644,0.0200778047821726,1,1
additive_bias,148,-0.25,score_low_bias,0.966359960508431,0.962724224220495,0.961229727228471,-0.00149449699202375,0.1532,0,0.4366,,,0.350893266147503,0.649106733852497,0.0625,0.00321010870851447,0.0669349075076641,0.00168842995186698,-0.291026971410932,0.4366,2183,0.1532,0.2834,766,1417,0.350893266147503,0.649106733852497,0.00363573628793641,-0.00513023327996014,-0.00342303479620644,0.0200778047821726,1,1
additive_bias,148,-0.1,score_low_bias,0.966359960508431,0.963205558985381,0.961229727228471,-0.00197583175690996,0.1532,0.0038,0.4366,1,0,0.350893266147503,0.649106733852497,0.01,0.00321010870851447,0.0123892580074743,0.00168842995186698,-0.141026971410932,0.4328,2164,0.1494,0.2834,747,1417,0.345194085027726,0.654805914972274,0.00315440152305013,-0.00513023327996014,-0.00456523049193624,0.0191419473267335,1,1
additive_bias,148,0,no_bias,0.966359960508431,0.966359960508431,0.961229727228471,-0.0051302332799601,0.1532,0.1532,0.4366,1,0,0.350893266147503,0.649106733852497,0,0.00321010870851447,0.00102549167401442,0.00168842995186698,-0.0410269714109323,0.2834,1417,0,0.2834,0,1417,0,1,0,-0.00513023327996014,-0.0181024462948488,0.0181024462948488,1,1
additive_bias,148,0.1,score_high_bias,0.966359960508431,0.950520283541601,0.961229727228471,0.0107094436868704,0.1532,0.599,0.4366,0.25575959933222,0.74424040066778,0.350893266147503,0.649106733852497,0.01,0.00321010870851447,0.00966172534055454,0.00168842995186698,0.0589730285890678,0.1624,812,0.1624,0,812,0,1,0,0.0107094436868704,0,-0.0659448502886108,0.0659448502886108,1,1
additive_bias,148,0.25,score_high_bias,0.966359960508431,0.919227580915306,0.961229727228471,0.0420021463131653,0.1532,0.7904,0.4366,0.193825910931174,0.806174089068826,0.350893266147503,0.649106733852497,0.0625,0.00321010870851447,0.0601160758403647,0.00168842995186698,0.208973028589068,0.3538,1769,0.3538,0,1769,0,1,0,0.0420021463131653,0,-0.118717202694079,0.118717202694079,1,1
additive_bias,148,0.5,score_high_bias,0.966359960508431,0.860005230211066,0.961229727228471,0.101224497017405,0.1532,0.9536,0.4366,0.160654362416107,0.839345637583893,0.350893266147503,0.649106733852497,0.25,0.00321010870851447,0.244206660006715,0.00168842995186698,0.458973028589068,0.517,2585,0.517,0,2585,0,1,0,0.101224497017405,0,-0.195792063863453,0.195792063863453,1,1
additive_bias,149,-0.5,score_low_bias,0.96459471506485,0.961047852649779,0.964049083559975,0.00300123091019566,0.161,0,0.0746,,,1,0,0.25,0.0023969807649851,0.250988109747824,0.000693541076192612,-0.485040496642999,0.0746,373,0.0746,0,373,0,1,0,0.00300123091019566,0,0.0402309773484673,0.0402309773484673,1,1
additive_bias,149,-0.25,score_low_bias,0.96459471506485,0.961047852649779,0.964049083559975,0.00300123091019566,0.161,0,0.0746,,,1,0,0.0625,0.0023969807649851,0.0631440043288971,0.000693541076192612,-0.235040496642999,0.0746,373,0.0746,0,373,0,1,0,0.00300123091019566,0,0.0402309773484673,0.0402309773484673,1,1
additive_bias,149,-0.1,score_low_bias,0.96459471506485,0.961396929978939,0.964049083559975,0.00265215358103543,0.161,0.0028,0.0746,1,0,1,0,0.01,0.0023969807649851,0.0104375410775412,0.000693541076192612,-0.0850404966429994,0.0718,359,0.0718,0,359,0,1,0,0.00265215358103541,0,0.0369380721592676,0.0369380721592676,1,1
additive_bias,149,0,no_bias,0.96459471506485,0.96459471506485,0.964049083559975,-0.000545631504875188,0.161,0.161,0.0746,1,0,1,0,0,0.0023969807649851,0.000299898909970595,0.000693541076192612,0.0149595033570006,0.0864,432,0,0.0864,0,432,0,1,0,-0.000545631504875203,0.00631517945457411,0.00631517945457411,1,1
additive_bias,149,0.1,score_high_bias,0.96459471506485,0.948651849122511,0.964049083559975,0.0153972344374638,0.161,0.594,0.0746,0.271043771043771,0.728956228956229,1,0,0.01,0.0023969807649851,0.0101622567424,0.000693541076192612,0.114959503357001,0.5194,2597,0.433,0.0864,2165,432,0.833654216403543,0.166345783596457,0.0159428659423389,-0.000545631504875203,-0.0296442711541466,0.0317452781039934,1,1
additive_bias,149,0.25,score_high_bias,0.96459471506485,0.91656392264825,0.964049083559975,0.0474851609117243,0.161,0.7884,0.0746,0.204211060375444,0.795788939624556,1,0,0.0625,0.0023969807649851,0.0624557934910441,0.000693541076192612,0.264959503357001,0.7138,3569,0.6274,0.0864,3137,432,0.878957691230036,0.121042308769964,0.0480307924165994,-0.000545631504875203,-0.0665244619105131,0.0680532697134697,1,1
additive_bias,149,0.5,score_high_bias,0.96459471506485,0.857188444269328,0.964049083559975,0.106860639290646,0.161,0.9526,0.0746,0.169011127440689,0.830988872559311,1,0,0.25,0.0023969807649851,0.249611688072118,0.000693541076192612,0.514959503357001,0.878,4390,0.7916,0.0864,3958,432,0.901594533029613,0.0984054669703872,0.107406270795521,-0.000545631504875203,-0.121709156367479,0.122952052733937,1,1
additive_bias,150,-0.5,score_low_bias,0.96500027497796,0.961457211921021,0.964993766300036,0.00353655437901423,0.1654,0,0.1536,,,1,0,0.25,0.00179617480496898,0.247953413533163,0.00176824192509464,-0.498787643938124,0.1536,768,0.1536,0,768,0,1,0,0.00353655437901419,0,0.023024442571707,0.023024442571707,1,1
additive_bias,150,-0.25,score_low_bias,0.96500027497796,0.961457211921021,0.964993766300036,0.00353655437901423,0.1654,0,0.1536,,,1,0,0.0625,0.00179617480496898,0.0618872819182231,0.00176824192509464,-0.248787643938124,0.1536,768,0.1536,0,768,0,1,0,0.00353655437901419,0,0.023024442571707,0.023024442571707,1,1
additive_bias,150,-0.1,score_low_bias,0.96500027497796,0.961760853740099,0.964993766300036,0.00323291255993707,0.1654,0.0026,0.1536,1,0,1,0,0.01,0.00179617480496898,0.0102476029492591,0.00176824192509464,-0.098787643938124,0.151,755,0.151,0,755,0,1,0,0.00323291255993703,0,0.0214100169532254,0.0214100169532254,1,1
additive_bias,150,0,no_bias,0.96500027497796,0.96500027497796,0.964993766300036,-6.50867792384435e-06,0.1654,0.1654,0.1536,1,0,1,0,0,0.00179617480496898,0.00082115030328312,0.00176824192509464,0.00121235606187597,0.0118,59,0,0.0118,0,59,0,1,0,-6.5086779238352e-06,0.000551582874901289,0.000551582874901289,1,1
additive_bias,150,0.1,score_high_bias,0.96500027497796,0.949155530379138,0.964993766300036,0.0158382359208974,0.1654,0.5976,0.1536,0.276773761713521,0.723226238286479,1,0,0.01,0.00179617480496898,0.0113946976573071,0.00176824192509464,0.101212356061876,0.444,2220,0.4322,0.0118,2161,59,0.973423423423423,0.0265765765765766,0.0158447445988212,-6.5086779238352e-06,-0.0356717025245436,0.0357010208935699,1,1
additive_bias,150,0.25,score_high_bias,0.96500027497796,0.91864951415158,0.964993766300036,0.0463442521484556,0.1654,0.7818,0.1536,0.211563059606037,0.788436940393963,1,0,0.0625,0.00179617480496898,0.0647550186883432,0.00176824192509464,0.251212356061876,0.6282,3141,0.6164,0.0118,3082,59,0.981216173193251,0.0187838268067494,0.0463507608263794,-6.5086779238352e-06,-0.0737730852410945,0.0737938069154779,1,1
additive_bias,150,0.5,score_high_bias,0.96500027497796,0.856903456317247,0.964993766300036,0.108090309982789,0.1654,0.951,0.1536,0.173922187171399,0.826077812828602,1,0,0.25,0.00179617480496898,0.253688887073403,0.00176824192509464,0.501212356061876,0.7974,3987,0.7856,0.0118,3928,59,0.985201906195134,0.0147980938048658,0.108096818660713,-6.5086779238352e-06,-0.13555343614596,0.135569760896208,1,1
additive_bias,151,-0.5,score_low_bias,0.964816329755612,0.961378616836276,0.964069653243121,0.00269103640684454,0.1582,0,0.262,,,0.60381679389313,0.39618320610687,0.25,0.000744579373957631,0.260114230689177,0.00159351293050518,-0.514121237834269,0.262,1310,0.1582,0.1038,791,519,0.60381679389313,0.39618320610687,0.00343771291933601,-0.000746676512491515,0.0102711313238339,0.015970952029876,1,1
additive_bias,151,-0.25,score_low_bias,0.964816329755612,0.961378616836276,0.964069653243121,0.00269103640684454,0.1582,0,0.262,,,0.60381679389313,0.39618320610687,0.0625,0.000744579373957631,0.0679209108772751,0.00159351293050518,-0.264121237834269,0.262,1310,0.1582,0.1038,791,519,0.60381679389313,0.39618320610687,0.00343771291933601,-0.000746676512491515,0.0102711313238339,0.015970952029876,1,1
additive_bias,151,-0.1,score_low_bias,0.964816329755612,0.961902732603859,0.964069653243121,0.00216692063926216,0.1582,0.0046,0.262,1,0,0.60381679389313,0.39618320610687,0.01,0.000744579373957631,0.0126049189901338,0.00159351293050518,-0.114121237834269,0.2574,1287,0.1536,0.1038,768,519,0.596736596736597,0.403263403263403,0.00291359715175362,-0.000746676512491515,0.0084184951020284,0.0142201774057698,1,1
additive_bias,151,0,no_bias,0.964816329755612,0.964816329755612,0.964069653243121,-0.000746676512491495,0.1582,0.1582,0.262,1,0,0.60381679389313,0.39618320610687,0,0.000744579373957631,0.000727591065372887,0.00159351293050518,-0.0141212378342691,0.1038,519,0,0.1038,0,519,0,1,0,-0.000746676512491515,-0.00719341534192211,0.00719341534192211,1,1
additive_bias,151,0.1,score_high_bias,0.964816329755612,0.948546574431705,0.964069653243121,0.0155230788114161,0.1582,0.5972,0.262,0.264902880107167,0.735097119892833,0.60381679389313,0.39618320610687,0.01,0.000744579373957631,0.008850263140612,0.00159351293050518,0.0858787621657309,0.3352,1676,0.3352,0,1676,0,1,0,0.0155230788114161,0,-0.0463099009887115,0.0463099009887115,1,1
additive_bias,151,0.25,score_high_bias,0.964816329755612,0.917800027787503,0.964069653243121,0.0462696254556184,0.1582,0.7832,0.262,0.201991828396323,0.798008171603677,0.60381679389313,0.39618320610687,0.0625,0.000744579373957631,0.0585342712534707,0.00159351293050518,0.235878762165731,0.5212,2606,0.5212,0,2606,0,1,0,0.0462696254556183,0,-0.0887751831458525,0.0887751831458525,1,1
additive_bias,151,0.5,score_high_bias,0.964816329755612,0.855879542119582,0.964069653243121,0.108190111123539,0.1582,0.954,0.262,0.165828092243187,0.834171907756813,0.60381679389313,0.39618320610687,0.25,0.000744579373957631,0.241340951441569,0.00159351293050518,0.485878762165731,0.692,3460,0.692,0,3460,0,1,0,0.108190111123539,0,-0.156344091218987,0.156344091218987,1,1
additive_bias,152,-0.5,score_low_bias,0.964482926658461,0.960634307242628,0.964479731571873,0.0038454243292454,0.1636,0,0.171,,,0.95672514619883,0.0432748538011696,0.25,0.00166792304289152,0.246182842632099,0.00110011455051638,-0.500780278486519,0.171,855,0.1636,0.0074,818,37,0.95672514619883,0.0432748538011696,0.00384861941583318,-3.19508658777794e-06,0.0224878615745345,0.0225252310083097,1,1
additive_bias,152,-0.25,score_low_bias,0.964482926658461,0.960634307242628,0.964479731571873,0.0038454243292454,0.1636,0,0.171,,,0.95672514619883,0.0432748538011696,0.0625,0.00166792304289152,0.0607520635245994,0.00110011455051638,-0.250780278486519,0.171,855,0.1636,0.0074,818,37,0.95672514619883,0.0432748538011696,0.00384861941583318,-3.19508658777794e-06,0.0224878615745345,0.0225252310083097,1,1
additive_bias,152,-0.1,score_low_bias,0.964482926658461,0.961024125985244,0.964479731571873,0.00345560558662905,0.1636,0.0034,0.171,1,0,0.95672514619883,0.0432748538011696,0.01,0.00166792304289152,0.00949359606009937,0.00110011455051638,-0.100780278486519,0.1676,838,0.1602,0.0074,801,37,0.955847255369928,0.0441527446300716,0.00345880067321686,-3.19508658777794e-06,0.0206181717579301,0.0206562992828439,1,1
additive_bias,152,0,no_bias,0.964482926658461,0.964482926658461,0.964479731571873,-3.19508658774836e-06,0.1636,0.1636,0.171,1,0,0.95672514619883,0.0432748538011696,0,0.00166792304289152,0.000321284417099368,0.00110011455051638,-0.00078027848651907,0.0074,37,0,0.0074,0,37,0,1,0,-3.19508658777794e-06,-0.00043176845780783,0.00043176845780783,1,1
additive_bias,152,0.1,score_high_bias,0.964482926658461,0.949114060627157,0.964479731571873,0.0153656709447156,0.1636,0.5874,0.171,0.278515491998638,0.721484508001362,0.95672514619883,0.0432748538011696,0.01,0.00166792304289152,0.0111489727740994,0.00110011455051638,0.0992197215134809,0.4164,2082,0.4164,0,2082,0,1,0,0.0153656709447156,0,-0.0369012270526312,0.0369012270526312,1,1
additive_bias,152,0.25,score_high_bias,0.964482926658461,0.917260016881789,0.964479731571873,0.0472197146900837,0.1636,0.7804,0.171,0.209636084059457,0.790363915940543,0.95672514619883,0.0432748538011696,0.0625,0.00166792304289152,0.0648905053095993,0.00110011455051638,0.249219721513481,0.6094,3047,0.6094,0,3047,0,1,0,0.0472197146900837,0,-0.077485583672602,0.077485583672602,1,1
additive_bias,152,0.5,score_high_bias,0.964482926658461,0.855537110418833,0.964479731571873,0.10894262115304,0.1636,0.9516,0.171,0.171920975199664,0.828079024800336,0.95672514619883,0.0432748538011696,0.25,0.00166792304289152,0.254459726202099,0.00110011455051638,0.499219721513481,0.7806,3903,0.7806,0,3903,0,1,0,0.10894262115304,0,-0.139562671218344,0.139562671218344,1,1
additive_bias,153,-0.5,score_low_bias,0.965574997594212,0.961760939635907,0.965203596173441,0.00344265653753428,0.1624,0,0.2374,,,0.68407750631845,0.31592249368155,0.25,0.000860710286652148,0.260192486278083,0.00162556335859095,-0.509690554253662,0.2374,1187,0.1624,0.075,812,375,0.68407750631845,0.31592249368155,0.00381405795830515,-0.000371401420770871,0.0145015018430256,0.0176304101898737,1,1
additive_bias,153,-0.25,score_low_bias,0.965574997594212,0.961760939635907,0.965203596173441,0.00344265653753428,0.1624,0,0.2374,,,0.68407750631845,0.31592249368155,0.0625,0.000860710286652148,0.0680235197737738,0.00162556335859095,-0.259690554253662,0.2374,1187,0.1624,0.075,812,375,0.68407750631845,0.31592249368155,0.00381405795830515,-0.000371401420770871,0.0145015018430256,0.0176304101898737,1,1
additive_bias,153,-0.1,score_low_bias,0.965574997594212,0.962038601823932,0.965203596173441,0.00316499434950934,0.1624,0.0022,0.2374,1,0,0.68407750631845,0.31592249368155,0.01,0.000860710286652148,0.012722139871188,0.00162556335859095,-0.109690554253662,0.2352,1176,0.1602,0.075,801,375,0.681122448979592,0.318877551020408,0.00353639577028022,-0.000371401420770871,0.0134566086288663,0.0166147839755574,1,1
additive_bias,153,0,no_bias,0.965574997594212,0.965574997594212,0.965203596173441,-0.000371401420770856,0.1624,0.1624,0.2374,1,0,0.68407750631845,0.31592249368155,0,0.000860710286652148,0.000854553269464095,0.00162556335859095,-0.00969055425366161,0.075,375,0,0.075,0,375,0,1,0,-0.000371401420770871,-0.00495201894361161,0.00495201894361161,1,1
additive_bias,153,0.1,score_high_bias,0.965574997594212,0.949791975670428,0.965203596173441,0.0154116205030137,0.1624,0.602,0.2374,0.269767441860465,0.730232558139535,0.68407750631845,0.31592249368155,0.01,0.000860710286652148,0.00898696666774024,0.00162556335859095,0.0903094457463384,0.3646,1823,0.3646,0,1823,0,1,0,0.0154116205030137,0,-0.042269941039533,0.042269941039533,1,1
additive_bias,153,0.25,score_high_bias,0.965574997594212,0.917798286099755,0.965203596173441,0.0474053100736861,0.1624,0.7964,0.2374,0.203917629331994,0.796082370668006,0.68407750631845,0.31592249368155,0.0625,0.000860710286652148,0.0586855867651545,0.00162556335859095,0.240309445746338,0.559,2795,0.559,0,2795,0,1,0,0.0474053100736861,0,-0.0848037747293133,0.0848037747293133,1,1
additive_bias,153,0.5,score_high_bias,0.965574997594212,0.859387771971449,0.965203596173441,0.105815824201992,0.1624,0.9576,0.2374,0.169590643274854,0.830409356725146,0.68407750631845,0.31592249368155,0.25,0.000860710286652148,0.241516620260845,0.00162556335859095,0.490309445746338,0.7202,3601,0.7202,0,3601,0,1,0,0.105815824201992,0,-0.146925609833369,0.146925609833369,1,1
additive_bias,154,-0.5,score_low_bias,0.965738151117986,0.96216359515056,0.964390865766823,0.00222727061626371,0.1602,0,0.3092,,,0.518111254851229,0.481888745148771,0.25,0.00161382815370123,0.260046912016385,0.000712836266004623,-0.518634006683981,0.3092,1546,0.1602,0.149,801,745,0.518111254851229,0.481888745148771,0.00357455596742689,-0.00134728535116311,0.00720333317032268,0.0159179861532665,1,1
additive_bias,154,-0.25,score_low_bias,0.965738151117986,0.96216359515056,0.964390865766823,0.00222727061626371,0.1602,0,0.3092,,,0.518111254851229,0.481888745148771,0.0625,0.00161382815370123,0.0677298237637361,0.000712836266004623,-0.268634006683981,0.3092,1546,0.1602,0.149,801,745,0.518111254851229,0.481888745148771,0.00357455596742689,-0.00134728535116311,0.00720333317032268,0.0159179861532665,1,1
additive_bias,154,-0.1,score_low_bias,0.965738151117986,0.962655402312346,0.964390865766823,0.00173546345447717,0.1602,0.0042,0.3092,1,0,0.518111254851229,0.481888745148771,0.01,0.00161382815370123,0.0123395708121467,0.000712836266004623,-0.118634006683981,0.305,1525,0.156,0.149,780,745,0.511475409836066,0.488524590163934,0.00308274880564031,-0.00134728535116311,0.00569004411304,0.0145247021534539,1,1
additive_bias,154,0,no_bias,0.965738151117986,0.965738151117986,0.964390865766823,-0.00134728535116313,0.1602,0.1602,0.3092,1,0,0.518111254851229,0.481888745148771,0,0.00161382815370123,0.000412735511087024,0.000712836266004623,-0.0186340066839806,0.149,745,0,0.149,0,745,0,1,0,-0.00134728535116311,-0.00904218356485311,0.00904218356485311,1,1
additive_bias,154,0.1,score_high_bias,0.965738151117986,0.949830082711084,0.964390865766823,0.0145607830557394,0.1602,0.6018,0.3092,0.266201395812562,0.733798604187438,0.518111254851229,0.481888745148771,0.01,0.00161382815370123,0.0084859002100274,0.000712836266004623,0.0813659933160194,0.2926,1463,0.2926,0,1463,0,1,0,0.0145607830557394,0,-0.0497634417489385,0.0497634417489385,1,1
additive_bias,154,0.25,score_high_bias,0.965738151117986,0.918509042682458,0.964390865766823,0.0458818230843652,0.1602,0.7914,0.3092,0.202426080363912,0.797573919636088,0.518111254851229,0.481888745148771,0.0625,0.00161382815370123,0.058095647258438,0.000712836266004623,0.231365993316019,0.4822,2411,0.4822,0,2411,0,1,0,0.0458818230843652,0,-0.0951510225723045,0.0951510225723045,1,1
additive_bias,154,0.5,score_high_bias,0.965738151117986,0.858937639880288,0.964390865766823,0.105453225886536,0.1602,0.9568,0.3092,0.167433110367893,0.832566889632107,0.518111254851229,0.481888745148771,0.25,0.00161382815370123,0.240778559005789,0.000712836266004623,0.481365993316019,0.6476,3238,0.6476,0,3238,0,1,0,0.105453225886536,0,-0.162836976353514,0.162836976353514,1,1
additive_bias,155,-0.5,score_low_bias,0.965155571919042,0.961855810543691,0.964949677855095,0.00309386731140426,0.1526,0,0.2114,,,0.721854304635762,0.278145695364238,0.25,0.00204367265379803,0.244396823925975,0.000514225396229853,-0.507023748959074,0.2114,1057,0.1526,0.0588,763,294,0.721854304635762,0.278145695364238,0.00329976137535146,-0.000205894063947249,0.014635133923388,0.0165830437052919,1,1
additive_bias,155,-0.25,score_low_bias,0.965155571919042,0.961855810543691,0.964949677855095,0.00309386731140426,0.1526,0,0.2114,,,0.721854304635762,0.278145695364238,0.0625,0.00204367265379803,0.0601891842289578,0.000514225396229853,-0.257023748959074,0.2114,1057,0.1526,0.0588,763,294,0.721854304635762,0.278145695364238,0.00329976137535146,-0.000205894063947249,0.014635133923388,0.0165830437052919,1,1
additive_bias,155,-0.1,score_low_bias,0.965155571919042,0.962130437743523,0.964949677855095,0.0028192401115722,0.1526,0.0024,0.2114,1,0,0.721854304635762,0.278145695364238,0.01,0.00204367265379803,0.00966460041074773,0.000514225396229853,-0.107023748959074,0.209,1045,0.1502,0.0588,751,294,0.71866028708134,0.28133971291866,0.00302513417551941,-0.000205894063947249,0.0134891871367089,0.015459465260606,1,1
additive_bias,155,0,no_bias,0.965155571919042,0.965155571919042,0.964949677855095,-0.000205894063947221,0.1526,0.1526,0.2114,1,0,0.721854304635762,0.278145695364238,0,0.00204367265379803,0.000981544531941026,0.000514225396229853,-0.00702374895907421,0.0588,294,0,0.0588,0,294,0,1,0,-0.000205894063947249,-0.00350159972699403,0.00350159972699403,1,1
additive_bias,155,0.1,score_high_bias,0.965155571919042,0.949643346674008,0.964949677855095,0.0153063311810866,0.1526,0.5882,0.2114,0.259435566133968,0.740564433866032,0.721854304635762,0.278145695364238,0.01,0.00204367265379803,0.0122984886531343,0.000514225396229853,0.0929762510409258,0.3768,1884,0.3768,0,1884,0,1,0,0.0153063311810866,0,-0.0406218980389771,0.0406218980389771,1,1
additive_bias,155,0.25,score_high_bias,0.965155571919042,0.916888751251389,0.964949677855095,0.0480609266037063,0.1526,0.7866,0.2114,0.193999491482329,0.806000508517671,0.721854304635762,0.278145695364238,0.0625,0.00204367265379803,0.0667739048349243,0.000514225396229853,0.242976251040926,0.5752,2876,0.5752,0,2876,0,1,0,0.0480609266037063,0,-0.0835551575168746,0.0835551575168746,1,1
additive_bias,155,0.5,score_high_bias,0.965155571919042,0.856490772360921,0.964949677855095,0.108458905494174,0.1526,0.9514,0.2114,0.160395207063275,0.839604792936725,0.721854304635762,0.278145695364238,0.25,0.00204367265379803,0.257566265137908,0.000514225396229853,0.492976251040926,0.74,3700,0.74,0,3700,0,1,0,0.108458905494174,0,-0.14656608850564,0.14656608850564,1,1
additive_bias,156,-0.5,score_low_bias,0.964964410535337,0.961451339421387,0.964751446557128,0.00330010713574158,0.1594,0,0.2168,,,0.735239852398524,0.264760147601476,0.25,0.000774754241173953,0.238356859440473,0.00100412627870468,-0.507691596949456,0.2168,1084,0.1594,0.0574,797,287,0.735239852398524,0.264760147601476,0.0035130711139505,-0.000212963978208918,0.0152218963825719,0.0171865087276726,1,1
additive_bias,156,-0.25,score_low_bias,0.964964410535337,0.961451339421387,0.964751446557128,0.00330010713574158,0.1594,0,0.2168,,,0.735239852398524,0.264760147601476,0.0625,0.000774754241173953,0.0569739542049008,0.00100412627870468,-0.257691596949456,0.2168,1084,0.1594,0.0574,797,287,0.735239852398524,0.264760147601476,0.0035130711139505,-0.000212963978208918,0.0152218963825719,0.0171865087276726,1,1
additive_bias,156,-0.1,score_low_bias,0.964964410535337,0.961790593494738,0.964751446557128,0.00296085306239069,0.1594,0.0028,0.2168,1,0,0.735239852398524,0.264760147601476,0.01,0.000774754241173953,0.00814421106355731,0.00100412627870468,-0.107691596949456,0.214,1070,0.1566,0.0574,783,287,0.73177570093458,0.268224299065421,0.00317381704059967,-0.000212963978208918,0.0138357619737886,0.0158260795271429,1,1
additive_bias,156,0,no_bias,0.964964410535337,0.964964410535337,0.964751446557128,-0.000212963978208913,0.1594,0.1594,0.2168,1,0,0.735239852398524,0.264760147601476,0,0.000774754241173953,0.000591048969328347,0.00100412627870468,-0.00769159694945643,0.0574,287,0,0.0574,0,287,0,1,0,-0.000212963978208918,-0.0037101738363923,0.0037101738363923,1,1
additive_bias,156,0.1,score_high_bias,0.964964410535337,0.949154469235537,0.964751446557128,0.0155969773215919,0.1594,0.5986,0.2168,0.266288005345807,0.733711994654193,0.735239852398524,0.264760147601476,0.01,0.000774754241173953,0.0130378868750994,0.00100412627870468,0.0923084030505436,0.3818,1909,0.3818,0,1909,0,1,0,0.0155969773215919,0,-0.0408511716123413,0.0408511716123413,1,1
additive_bias,156,0.25,score_high_bias,0.964964410535337,0.917723084458823,0.964751446557128,0.0470283620983054,0.1594,0.7888,0.2168,0.202079107505071,0.797920892494929,0.735239852398524,0.264760147601476,0.0625,0.000774754241173953,0.069208143733756,0.00100412627870468,0.242308403050544,0.572,2860,0.572,0,2860,0,1,0,0.0470283620983055,0,-0.0822174162557788,0.0822174162557788,1,1
additive_bias,156,0.5,score_high_bias,0.964964410535337,0.858077316520996,0.964751446557128,0.106674130036133,0.1594,0.9546,0.2168,0.166980934422795,0.833019065577205,0.735239852398524,0.264760147601476,0.25,0.000774754241173953,0.262825238498184,0.00100412627870468,0.492308403050544,0.7378,3689,0.7378,0,3689,0,1,0,0.106674130036133,0,-0.144584074323845,0.144584074323845,1,1
additive_bias,157,-0.5,score_low_bias,0.965092737091463,0.961737702753873,0.964800758251604,0.00306305549773145,0.1472,0,0.2134,,,0.689784442361762,0.310215557638238,0.25,0.00117427329926423,0.252043009135809,0.000428801003860423,-0.509084522152336,0.2134,1067,0.1472,0.0662,736,331,0.689784442361762,0.310215557638238,0.00335503433758974,-0.000291978839858305,0.0143535871496319,0.0170900336337772,1,1
additive_bias,157,-0.25,score_low_bias,0.965092737091463,0.961737702753873,0.964800758251604,0.00306305549773145,0.1472,0,0.2134,,,0.689784442361762,0.310215557638238,0.0625,0.00117427329926423,0.0638642128248575,0.000428801003860423,-0.259084522152336,0.2134,1067,0.1472,0.0662,736,331,0.689784442361762,0.310215557638238,0.00335503433758974,-0.000291978839858305,0.0143535871496319,0.0170900336337772,1,1
additive_bias,157,-0.1,score_low_bias,0.965092737091463,0.962143583747475,0.964800758251604,0.00265717450412906,0.1472,0.0034,0.2134,1,0,0.689784442361762,0.310215557638238,0.01,0.00117427329926423,0.0109569350382864,0.000428801003860423,-0.109084522152336,0.21,1050,0.1438,0.0662,719,331,0.684761904761905,0.315238095238095,0.00294915334398727,-0.000291978839858305,0.0126532119244237,0.015433962780217,1,1
additive_bias,157,0,no_bias,0.965092737091463,0.965092737091463,0.964800758251604,-0.00029197883985832,0.1472,0.1472,0.2134,1,0,0.689784442361762,0.310215557638238,0,0.00117427329926423,0.00068541651390571,0.000428801003860423,-0.00908452215233591,0.0662,331,0,0.0662,0,331,0,1,0,-0.000291978839858305,-0.00441055649332787,0.00441055649332787,1,1
additive_bias,157,0.1,score_high_bias,0.965092737091463,0.949321190065584,0.964800758251604,0.0154795681860205,0.1472,0.5804,0.2134,0.253618194348725,0.746381805651275,0.689784442361762,0.310215557638238,0.01,0.00117427329926423,0.010413897989525,0.000428801003860423,0.0909154778476641,0.367,1835,0.367,0,1835,0,1,0,0.0154795681860205,0,-0.0421786599074127,0.0421786599074127,1,1
additive_bias,157,0.25,score_high_bias,0.965092737091463,0.915384066153651,0.964800758251604,0.0494166920979531,0.1472,0.786,0.2134,0.187277353689567,0.812722646310433,0.689784442361762,0.310215557638238,0.0625,0.00117427329926423,0.062506620202954,0.000428801003860423,0.240915477847664,0.5726,2863,0.5726,0,2863,0,1,0,0.0494166920979531,0,-0.0863022914738964,0.0863022914738964,1,1
additive_bias,157,0.5,score_high_bias,0.965092737091463,0.851723757124521,0.964800758251604,0.113077001127083,0.1472,0.96,0.2134,0.153333333333333,0.846666666666667,0.689784442361762,0.310215557638238,0.25,0.00117427329926423,0.249327823892002,0.000428801003860423,0.490915477847664,0.7466,3733,0.7466,0,3733,0,1,0,0.113077001127083,0,-0.151455935075118,0.151455935075118,1,1
additive_bias,158,-0.5,score_low_bias,0.964785195575953,0.961375047367198,0.964433391258873,0.00305834389167536,0.1522,0,0.2298,,,0.662315056570931,0.337684943429069,0.25,0.00187076704155618,0.253663948746408,0.00115391906719658,-0.509572713532279,0.2298,1149,0.1522,0.0776,761,388,0.662315056570931,0.337684943429069,0.00341014820875459,-0.000351804317079269,0.0133087201552451,0.016370550591096,1,1
additive_bias,158,-0.25,score_low_bias,0.964785195575953,0.961375047367198,0.964433391258873,0.00305834389167536,0.1522,0,0.2298,,,0.662315056570931,0.337684943429069,0.0625,0.00187076704155618,0.0647245756122726,0.00115391906719658,-0.259572713532279,0.2298,1149,0.1522,0.0776,761,388,0.662315056570931,0.337684943429069,0.00341014820875459,-0.000351804317079269,0.0133087201552451,0.016370550591096,1,1
additive_bias,158,-0.1,score_low_bias,0.964785195575953,0.961725020047928,0.964433391258873,0.00270837121094569,0.1522,0.0028,0.2298,1,0,0.662315056570931,0.337684943429069,0.01,0.00187076704155618,0.0113609517317913,0.00115391906719658,-0.109572713532279,0.227,1135,0.1494,0.0776,747,388,0.658149779735683,0.341850220264317,0.00306017552802496,-0.000351804317079269,0.0119311507090118,0.0150307482163182,1,1
additive_bias,158,0,no_bias,0.964785195575953,0.964785195575953,0.964433391258873,-0.000351804317079263,0.1522,0.1522,0.2298,1,0,0.662315056570931,0.337684943429069,0,0.00187076704155618,0.000785202478137032,0.00115391906719658,-0.00957271353227918,0.0776,388,0,0.0776,0,388,0,1,0,-0.000351804317079269,-0.00453356078710398,0.00453356078710398,1,1
additive_bias,158,0.1,score_high_bias,0.964785195575953,0.948656075709502,0.964433391258873,0.0157773155493711,0.1522,0.5892,0.2298,0.258316361167685,0.741683638832315,0.662315056570931,0.337684943429069,0.01,0.00187076704155618,0.0102094532244828,0.00115391906719658,0.0904272864677208,0.3594,1797,0.3594,0,1797,0,1,0,0.0157773155493711,0,-0.0438990415953563,0.0438990415953563,1,1
additive_bias,158,0.25,score_high_bias,0.964785195575953,0.917326483959254,0.964433391258873,0.0471069072996199,0.1522,0.7768,0.2298,0.195932028836251,0.804067971163749,0.662315056570931,0.337684943429069,0.0625,0.00187076704155618,0.0618458293440015,0.00115391906719658,0.240427286467721,0.547,2735,0.547,0,2735,0,1,0,0.0471069072996199,0,-0.0861186605111881,0.0861186605111881,1,1
additive_bias,158,0.5,score_high_bias,0.964785195575953,0.855041037054021,0.964433391258873,0.109392354204852,0.1522,0.949,0.2298,0.160379346680717,0.839620653319284,0.662315056570931,0.337684943429069,0.25,0.00187076704155618,0.247906456209866,0.00115391906719658,0.490427286467721,0.7192,3596,0.7192,0,3596,0,1,0,0.109392354204852,0,-0.152102828427214,0.152102828427214,1,1
additive_bias,159,-0.5,score_low_bias,0.965688829077907,0.961980033129339,0.965649036714312,0.00366900358497357,0.16,0,0.1344,,,1,0,0.25,0.00202000326922132,0.229206031936779,0.00102249706860754,-0.496493994920386,0.1344,672,0.1344,0,672,0,1,0,0.00366900358497352,0,0.0272991338167673,0.0272991338167673,1,1
additive_bias,159,-0.25,score_low_bias,0.965688829077907,0.961980033129339,0.965649036714312,0.00366900358497357,0.16,0,0.1344,,,1,0,0.0625,0.00202000326922132,0.0525012571963723,0.00102249706860754,-0.246493994920386,0.1344,672,0.1344,0,672,0,1,0,0.00366900358497352,0,0.0272991338167673,0.0272991338167673,1,1
additive_bias,159,-0.1,score_low_bias,0.965688829077907,0.962399184656397,0.965649036714312,0.00324985205791573,0.16,0.0036,0.1344,1,0,1,0,0.01,0.00202000326922132,0.00647839235212841,0.00102249706860754,-0.0964939949203858,0.1308,654,0.1308,0,654,0,1,0,0.00324985205791568,0,0.0248459637455327,0.0248459637455327,1,1
additive_bias,159,0,no_bias,0.965688829077907,0.965688829077907,0.965649036714312,-3.97923635946373e-05,0.16,0.16,0.1344,1,0,1,0,0,0.00202000326922132,0.000796482455965851,0.00102249706860754,0.00350600507961418,0.0256,128,0,0.0256,0,128,0,1,0,-3.97923635946942e-05,0.00155438920291774,0.00155438920291774,1,1
additive_bias,159,0.1,score_high_bias,0.965688829077907,0.949453367052515,0.965649036714312,0.0161956696617974,0.16,0.6046,0.1344,0.264637777042673,0.735362222957327,1,0,0.01,0.00202000326922132,0.0151145725598033,0.00102249706860754,0.103506005079614,0.4702,2351,0.4446,0.0256,2223,128,0.945555082943428,0.0544449170565717,0.0162354620253921,-3.97923635946942e-05,-0.0344442145082888,0.0346134716907418,1,1
additive_bias,159,0.25,score_high_bias,0.965688829077907,0.919940913324514,0.965649036714312,0.045708123389798,0.16,0.7816,0.1344,0.204708290685773,0.795291709314227,1,0,0.0625,0.00202000326922132,0.0740917077155595,0.00102249706860754,0.253506005079614,0.6472,3236,0.6216,0.0256,3108,128,0.96044499381953,0.0395550061804697,0.0457479157533927,-3.97923635946942e-05,-0.0706244180930129,0.0707473858420695,1,1
additive_bias,159,0.5,score_high_bias,0.965688829077907,0.855749741536609,0.965649036714312,0.109899295177703,0.16,0.9578,0.1344,0.167049488410942,0.832950511589058,1,0,0.25,0.00202000326922132,0.272386932975153,0.00102249706860754,0.503506005079614,0.8234,4117,0.7978,0.0256,3989,128,0.968909400048579,0.0310905999514209,0.109939087541298,-3.97923635946942e-05,-0.133470118020043,0.133566771805796,1,1
additive_bias,160,-0.5,score_low_bias,0.964851907056505,0.961387660400329,0.964188788707298,0.00280112830696866,0.162,0,0.262,,,0.618320610687023,0.381679389312977,0.25,0.00217364159296441,0.246325909364917,0.00128061330746243,-0.513141154599506,0.262,1310,0.162,0.1,810,500,0.618320610687023,0.381679389312977,0.00346424665617584,-0.000663118349207162,0.010691329415911,0.0157533015472634,1,1
additive_bias,160,-0.25,score_low_bias,0.964851907056505,0.961387660400329,0.964188788707298,0.00280112830696866,0.162,0,0.262,,,0.618320610687023,0.381679389312977,0.0625,0.00217364159296441,0.0608497351416596,0.00128061330746243,-0.263141154599506,0.262,1310,0.162,0.1,810,500,0.618320610687023,0.381679389312977,0.00346424665617584,-0.000663118349207162,0.010691329415911,0.0157533015472634,1,1
additive_bias,160,-0.1,score_low_bias,0.964851907056505,0.961687129118658,0.964188788707298,0.0025016595886399,0.162,0.0024,0.262,1,0,0.618320610687023,0.381679389312977,0.01,0.00217364159296441,0.00956403060770535,0.00128061330746243,-0.113141154599506,0.2596,1298,0.1596,0.1,798,500,0.614791987673344,0.385208012326656,0.00316477793784703,-0.000663118349207162,0.00963659317657885,0.0147453632012873,1,1
additive_bias,160,0,no_bias,0.964851907056505,0.964851907056505,0.964188788707298,-0.000663118349207181,0.162,0.162,0.262,1,0,0.618320610687023,0.381679389312977,0,0.00217364159296441,0.000373560918402516,0.00128061330746243,-0.0131411545995057,0.1,500,0,0.1,0,500,0,1,0,-0.000663118349207162,-0.00663118349207162,0.00663118349207162,1,1
additive_bias,160,0.1,score_high_bias,0.964851907056505,0.948420229278383,0.964188788707298,0.015768559428915,0.162,0.6074,0.262,0.266710569641093,0.733289430358907,0.618320610687023,0.381679389312977,0.01,0.00217364159296441,0.0111830912290997,0.00128061330746243,0.0868588454004943,0.3454,1727,0.3454,0,1727,0,1,0,0.015768559428915,0,-0.0456530383002751,0.0456530383002751,1,1
additive_bias,160,0.25,score_high_bias,0.964851907056505,0.91706141038981,0.964188788707298,0.0471273783174877,0.162,0.7954,0.262,0.203671108876037,0.796328891123963,0.618320610687023,0.381679389312977,0.0625,0.00217364159296441,0.0648973866951454,0.00128061330746243,0.236858845400494,0.5334,2667,0.5334,0,2667,0,1,0,0.0471273783174877,0,-0.0883527902465087,0.0883527902465087,1,1
additive_bias,160,0.5,score_high_bias,0.964851907056505,0.859603551036002,0.964188788707298,0.104585237671295,0.162,0.957,0.262,0.169278996865204,0.830721003134796,0.618320610687023,0.381679389312977,0.25,0.00217364159296441,0.254421212471888,0.00128061330746243,0.486858845400494,0.695,3475,0.695,0,3475,0,1,0,0.104585237671296,0,-0.150482356361576,0.150482356361576,1,1
additive_bias,161,-0.5,score_low_bias,0.965045678147064,0.961233625649521,0.964982037945595,0.0037484122960737,0.1712,0,0.206,,,0.831067961165049,0.168932038834951,0.25,0.00105235072943368,0.254748985852632,0.000810088366786055,-0.503808183673989,0.206,1030,0.1712,0.0348,856,174,0.831067961165049,0.168932038834951,0.00381205249754316,-6.36402014694649e-05,0.0181961761945325,0.0188140422282166,1,1
additive_bias,161,-0.25,score_low_bias,0.965045678147064,0.961233625649521,0.964982037945595,0.0037484122960737,0.1712,0,0.206,,,0.831067961165049,0.168932038834951,0.0625,0.00105235072943368,0.0652153713671592,0.000810088366786055,-0.253808183673989,0.206,1030,0.1712,0.0348,856,174,0.831067961165049,0.168932038834951,0.00381205249754316,-6.36402014694649e-05,0.0181961761945325,0.0188140422282166,1,1
additive_bias,161,-0.1,score_low_bias,0.965045678147064,0.961762461630791,0.964982037945595,0.00321957631480374,0.1712,0.0044,0.206,1,0,0.831067961165049,0.168932038834951,0.01,0.00105235072943368,0.0114952026758753,0.000810088366786055,-0.103808183673989,0.2016,1008,0.1668,0.0348,834,174,0.827380952380952,0.172619047619048,0.0032832165162732,-6.36402014694649e-05,0.0159701206091455,0.0166014718141997,1,1
additive_bias,161,0,no_bias,0.965045678147064,0.965045678147064,0.964982037945595,-6.36402014694282e-05,0.1712,0.1712,0.206,1,0,0.831067961165049,0.168932038834951,0,0.00105235072943368,0.000681756881686067,0.000810088366786055,-0.00380818367398883,0.0348,174,0,0.0348,0,174,0,1,0,-6.36402014694649e-05,-0.00182874142153635,0.00182874142153635,1,1
additive_bias,161,0.1,score_high_bias,0.965045678147064,0.948620274671988,0.964982037945595,0.0163617632736072,0.1712,0.6178,0.206,0.277112334088702,0.722887665911298,0.831067961165049,0.168932038834951,0.01,0.00105235072943368,0.00986831108749683,0.000810088366786055,0.0961918163260112,0.4118,2059,0.4118,0,2059,0,1,0,0.0163617632736072,0,-0.0397323051811733,0.0397323051811733,1,1
additive_bias,161,0.25,score_high_bias,0.965045678147064,0.918553719974767,0.964982037945595,0.0464283179708277,0.1712,0.7994,0.206,0.214160620465349,0.785839379534651,0.831067961165049,0.168932038834951,0.0625,0.00105235072943368,0.061148142396213,0.000810088366786055,0.246191816326011,0.5934,2967,0.5934,0,2967,0,1,0,0.0464283179708277,0,-0.0782411829639833,0.0782411829639833,1,1
additive_bias,161,0.5,score_high_bias,0.965045678147064,0.860894136832175,0.964982037945595,0.10408790111342,0.1712,0.959,0.206,0.17851929092805,0.82148070907195,0.831067961165049,0.168932038834951,0.25,0.00105235072943368,0.24661452791074,0.000810088366786055,0.496191816326011,0.753,3765,0.753,0,3765,0,1,0,0.10408790111342,0,-0.138230944373732,0.138230944373732,1,1
additive_bias,162,-0.5,score_low_bias,0.964417627768983,0.960710996443879,0.962679948693043,0.00196895224916427,0.1654,0,0.3298,,,0.501516070345664,0.498483929654336,0.25,0.000827209250453085,0.252339438207596,0.000313204911764785,-0.520953926651374,0.3298,1649,0.1654,0.1644,827,822,0.501516070345664,0.498483929654336,0.00370663132510407,-0.00173767907593981,0.00597014023397292,0.0165079151032258,1,1
additive_bias,162,-0.25,score_low_bias,0.964417627768983,0.960710996443879,0.962679948693043,0.00196895224916427,0.1654,0,0.3298,,,0.501516070345664,0.498483929654336,0.0625,0.000827209250453085,0.063924512676437,0.000313204911764785,-0.270953926651374,0.3298,1649,0.1654,0.1644,827,822,0.501516070345664,0.498483929654336,0.00370663132510407,-0.00173767907593981,0.00597014023397292,0.0165079151032258,1,1
additive_bias,162,-0.1,score_low_bias,0.964417627768983,0.961038651075484,0.962679948693043,0.00164129761755882,0.1654,0.0028,0.3298,1,0,0.501516070345664,0.498483929654336,0.01,0.000827209250453085,0.0108755573577415,0.000313204911764785,-0.120953926651374,0.327,1635,0.1626,0.1644,813,822,0.497247706422018,0.502752293577982,0.00337897669349865,-0.00173767907593981,0.00501925876929311,0.0156472653499647,1,1
additive_bias,162,0,no_bias,0.964417627768983,0.964417627768983,0.962679948693043,-0.0017376790759398,0.1654,0.1654,0.3298,1,0,0.501516070345664,0.498483929654336,0,0.000827209250453085,0.000509587145277893,0.000313204911764785,-0.0209539266513743,0.1644,822,0,0.1644,0,822,0,1,0,-0.00173767907593981,-0.0105698240628942,0.0105698240628942,1,1
additive_bias,162,0.1,score_high_bias,0.964417627768983,0.948745922650622,0.962679948693043,0.0139340260424209,0.1654,0.5966,0.3298,0.277237680187731,0.72276231981227,0.501516070345664,0.498483929654336,0.01,0.000827209250453085,0.0101436169328143,0.000313204911764785,0.0790460733486257,0.2668,1334,0.2668,0,1334,0,1,0,0.0139340260424209,0,-0.05222648441687,0.05222648441687,1,1
additive_bias,162,0.25,score_high_bias,0.964417627768983,0.91821071567001,0.962679948693043,0.0444692330230328,0.1654,0.7846,0.3298,0.210808055059903,0.789191944940097,0.501516070345664,0.498483929654336,0.0625,0.000827209250453085,0.0620946616141188,0.000313204911764785,0.229046073348626,0.4548,2274,0.4548,0,2274,0,1,0,0.0444692330230328,0,-0.0977775572186298,0.0977775572186298,1,1
additive_bias,162,0.5,score_high_bias,0.964417627768983,0.855305376686085,0.962679948693043,0.107374572006958,0.1654,0.9538,0.3298,0.17341161669113,0.82658838330887,0.501516070345664,0.498483929654336,0.25,0.000827209250453085,0.24867973608296,0.000313204911764785,0.479046073348626,0.624,3120,0.624,0,3120,0,1,0,0.107374572006958,0,-0.172074634626536,0.172074634626536,1,1
additive_bias,163,-0.5,score_low_bias,0.965690504138138,0.96196613999659,0.965621512701176,0.00365537270458594,0.157,0,0.1256,,,1,0,0.25,0.000946972499609987,0.244440322934422,0.00164308275093107,-0.495369958341148,0.1256,628,0.1256,0,628,0,1,0,0.00365537270458593,0,0.0291032858645377,0.0291032858645377,1,1
additive_bias,163,-0.25,score_low_bias,0.965690504138138,0.96196613999659,0.965621512701176,0.00365537270458594,0.157,0,0.1256,,,1,0,0.0625,0.000946972499609987,0.0601929255956442,0.00164308275093107,-0.245369958341148,0.1256,628,0.1256,0,628,0,1,0,0.00365537270458593,0,0.0291032858645377,0.0291032858645377,1,1
additive_bias,163,-0.1,score_low_bias,0.965690504138138,0.962225320680373,0.965621512701176,0.00339619202080355,0.157,0.0022,0.1256,1,0,1,0,0.01,0.000946972499609987,0.00964448719237775,0.00164308275093107,-0.0953699583411483,0.1234,617,0.1234,0,617,0,1,0,0.0033961920208035,0,0.027521815403594,0.027521815403594,1,1
additive_bias,163,0,no_bias,0.965690504138138,0.965690504138138,0.965621512701176,-6.89914369614852e-05,0.157,0.157,0.1256,1,0,1,0,0,0.000946972499609987,0.000945528256866768,0.00164308275093107,0.00463004165885173,0.0314,157,0,0.0314,0,157,0,1,0,-6.89914369614649e-05,0.00219717952106576,0.00219717952106576,1,1
additive_bias,163,0.1,score_high_bias,0.965690504138138,0.94971151240207,0.965621512701176,0.0159100002991059,0.157,0.5808,0.1256,0.270316804407714,0.729683195592286,1,0,0.01,0.000946972499609987,0.0122465693213558,0.00164308275093107,0.104630041658852,0.4552,2276,0.4238,0.0314,2119,157,0.931019332161687,0.0689806678383128,0.0159789917360674,-6.89914369614649e-05,-0.034951670252869,0.0352547960743165,1,1
additive_bias,163,0.25,score_high_bias,0.965690504138138,0.915222228630857,0.965621512701176,0.0503992840703192,0.157,0.7882,0.1256,0.199188023344329,0.800811976655671,1,0,0.0625,0.000946972499609987,0.0666981309180893,0.00164308275093107,0.254630041658852,0.6626,3313,0.6312,0.0314,3156,157,0.952610926652581,0.0473890733474193,0.0504682755072807,-6.89914369614649e-05,-0.076062909855598,0.0762711544585604,1,1
additive_bias,163,0.5,score_high_bias,0.965690504138138,0.857717392523206,0.965621512701176,0.10790412017797,0.157,0.9486,0.1256,0.16550706304027,0.83449293695973,1,0,0.25,0.000946972499609987,0.257450733579312,0.00164308275093107,0.504630041658852,0.823,4115,0.7916,0.0314,3958,157,0.961846901579587,0.0381530984204131,0.107973111614931,-6.89914369614649e-05,-0.131110717105674,0.131278375518703,1,1
additive_bias,164,-0.5,score_low_bias,0.965596432325921,0.961810014115878,0.965469472885492,0.00365945876961404,0.1696,0,0.1238,,,1,0,0.25,0.00198927965251458,0.250910341887451,0.0020993866983613,-0.493606409323131,0.1238,619,0.1238,0,619,0,1,0,0.00365945876961407,0,0.029559440788482,0.029559440788482,1,1
additive_bias,164,-0.25,score_low_bias,0.965596432325921,0.961810014115878,0.965469472885492,0.00365945876961404,0.1696,0,0.1238,,,1,0,0.0625,0.00198927965251458,0.0631597199470805,0.0020993866983613,-0.243606409323131,0.1238,619,0.1238,0,619,0,1,0,0.00365945876961407,0,0.029559440788482,0.029559440788482,1,1
additive_bias,164,-0.1,score_low_bias,0.965596432325921,0.962250573118426,0.965469472885492,0.00321889976706558,0.1696,0.0036,0.1238,1,0,1,0,0.01,0.00198927965251458,0.010509346782858,0.0020993866983613,-0.0936064093231311,0.1202,601,0.1202,0,601,0,1,0,0.00321889976706564,0,0.0267795321719271,0.0267795321719271,1,1
additive_bias,164,0,no_bias,0.965596432325921,0.965596432325921,0.965469472885492,-0.000126959440429397,0.1696,0.1696,0.1238,1,0,1,0,0,0.00198927965251458,0.000409098006709664,0.0020993866983613,0.00639359067686895,0.0458,229,0,0.0458,0,229,0,1,0,-0.000126959440429295,0.00277204018404575,0.00277204018404575,1,1
additive_bias,164,0.1,score_high_bias,0.965596432325921,0.949949054138275,0.965469472885492,0.0155204187472164,0.1696,0.6046,0.1238,0.280516043665233,0.719483956334767,1,0,0.01,0.00198927965251458,0.0103088492305613,0.0020993866983613,0.106393590676869,0.4808,2404,0.435,0.0458,2175,229,0.904742096505824,0.0952579034941764,0.0156473781876458,-0.000126959440429295,-0.0322804050482872,0.0328085225209549,1,1
additive_bias,164,0.25,score_high_bias,0.965596432325921,0.918020666439244,0.965469472885492,0.0474488064462478,0.1696,0.7992,0.1238,0.212212212212212,0.787787787787788,1,0,0.0625,0.00198927965251458,0.0626584760663388,0.0020993866983613,0.256393590676869,0.6754,3377,0.6296,0.0458,3148,229,0.932188332839799,0.0678116671602014,0.0475757658866772,-0.000126959440429295,-0.0702528967223096,0.07062885005494,1,1
additive_bias,164,0.5,score_high_bias,0.965596432325921,0.859647509245467,0.965469472885492,0.105821963640025,0.1696,0.9606,0.1238,0.176556318967312,0.823443681032688,1,0,0.25,0.00198927965251458,0.249907854125968,0.0020993866983613,0.506393590676869,0.8368,4184,0.791,0.0458,3955,229,0.945267686424474,0.0547323135755258,0.105948923080454,-0.000126959440429295,-0.126460281596588,0.126763721941783,1,1
additive_bias,165,-0.5,score_low_bias,0.964918142571413,0.961236617840776,0.964234943958899,0.00299832611812301,0.1664,0,0.0702,,,1,0,0.25,0.00165055900796599,0.242360689669201,0.00122682374152381,-0.4823038405389,0.0702,351,0.0702,0,351,0,1,0,0.00299832611812301,0,0.0427111982638605,0.0427111982638605,1,1
additive_bias,165,-0.25,score_low_bias,0.964918142571413,0.961236617840776,0.964234943958899,0.00299832611812301,0.1664,0,0.0702,,,1,0,0.0625,0.00165055900796599,0.0588008865270971,0.00122682374152381,-0.2323038405389,0.0702,351,0.0702,0,351,0,1,0,0.00299832611812301,0,0.0427111982638605,0.0427111982638605,1,1
additive_bias,165,-0.1,score_low_bias,0.964918142571413,0.961523448968201,0.964234943958899,0.00271149499069756,0.1664,0.0024,0.0702,1,0,1,0,0.01,0.00165055900796599,0.00866500464183463,0.00122682374152381,-0.0823038405389003,0.0678,339,0.0678,0,339,0,1,0,0.00271149499069747,0,0.0399925514852135,0.0399925514852135,1,1
additive_bias,165,0,no_bias,0.964918142571413,0.964918142571413,0.964234943958899,-0.000683198612514424,0.1664,0.1664,0.0702,1,0,1,0,0,0.00165055900796599,0.000241083384992971,0.00122682374152381,0.0176961594610997,0.0962,481,0,0.0962,0,481,0,1,0,-0.00068319861251446,0.00710185667894449,0.00710185667894449,1,1
additive_bias,165,0.1,score_high_bias,0.964918142571413,0.94932520459969,0.964234943958899,0.0149097393592091,0.1664,0.6002,0.0702,0.277240919693436,0.722759080306564,1,0,0.01,0.00165055900796599,0.0118171621281513,0.00122682374152381,0.1176961594611,0.53,2650,0.4338,0.0962,2169,481,0.818490566037736,0.181509433962264,0.0155929379717236,-0.00068319861251446,-0.028131583696621,0.0307096916683737,1,1
additive_bias,165,0.25,score_high_bias,0.964918142571413,0.918005305042141,0.964234943958899,0.0462296389167574,0.1664,0.7904,0.0702,0.210526315789474,0.789473684210526,1,0,0.0625,0.00165055900796599,0.0666812802428888,0.00122682374152381,0.2676961594611,0.7202,3601,0.624,0.0962,3120,481,0.866425992779783,0.133574007220217,0.0469128375292718,-0.00068319861251446,-0.0641900012729205,0.066087248183541,1,1
additive_bias,165,0.5,score_high_bias,0.964918142571413,0.857295787205748,0.964234943958899,0.106939156753151,0.1664,0.9572,0.0702,0.173840367739239,0.826159632260761,1,0,0.25,0.00165055900796599,0.258121477100785,0.00122682374152381,0.5176961594611,0.887,4435,0.7908,0.0962,3954,481,0.891544532130778,0.108455467869222,0.107622355365665,-0.00068319861251446,-0.120562747185063,0.122103217562773,1,1
additive_bias,166,-0.5,score_low_bias,0.965080967192621,0.961768433610485,0.964753114161591,0.00298468055110568,0.1522,0,0.2254,,,0.675244010647737,0.324755989352263,0.25,0.00130261590374137,0.254113513682318,0.00128491625970834,-0.509567087727713,0.2254,1127,0.1522,0.0732,761,366,0.675244010647737,0.324755989352263,0.00331253358213564,-0.000327853031029967,0.0132417060829888,0.0161507835544171,1,1
additive_bias,166,-0.25,score_low_bias,0.965080967192621,0.961768433610485,0.964753114161591,0.00298468055110568,0.1522,0,0.2254,,,0.675244010647737,0.324755989352263,0.0625,0.00130261590374137,0.0646356562498385,0.00128491625970834,-0.259567087727713,0.2254,1127,0.1522,0.0732,761,366,0.675244010647737,0.324755989352263,0.00331253358213564,-0.000327853031029967,0.0132417060829888,0.0161507835544171,1,1
additive_bias,166,-0.1,score_low_bias,0.965080967192621,0.962123624889447,0.964753114161591,0.00262948927214379,0.1522,0.003,0.2254,1,0,0.675244010647737,0.324755989352263,0.01,0.00130261590374137,0.0109489417903511,0.00128491625970834,-0.109567087727713,0.2224,1112,0.1492,0.0732,746,366,0.670863309352518,0.329136690647482,0.0029573423031737,-0.000327853031029967,0.0118232431301427,0.0147715617545129,1,1
additive_bias,166,0,no_bias,0.965080967192621,0.965080967192621,0.964753114161591,-0.00032785303102989,0.1522,0.1522,0.2254,1,0,0.675244010647737,0.324755989352263,0,0.00130261590374137,0.00015779881735945,0.00128491625970834,-0.00956708772771253,0.0732,366,0,0.0732,0,366,0,1,0,-0.000327853031029967,-0.00447886654412523,0.00447886654412523,1,1
additive_bias,166,0.1,score_high_bias,0.965080967192621,0.949429978051489,0.964753114161591,0.0153231361101019,0.1522,0.5912,0.2254,0.25744248985115,0.74255751014885,0.675244010647737,0.324755989352263,0.01,0.00130261590374137,0.00936665584436783,0.00128491625970834,0.0904329122722875,0.3658,1829,0.3658,0,1829,0,1,0,0.0153231361101019,0,-0.0418893824770418,0.0418893824770418,1,1
additive_bias,166,0.25,score_high_bias,0.965080967192621,0.916685867132808,0.964753114161591,0.0480672470287831,0.1522,0.788,0.2254,0.193147208121827,0.806852791878173,0.675244010647737,0.324755989352263,0.0625,0.00130261590374137,0.0606799413848804,0.00128491625970834,0.240432912272287,0.5626,2813,0.5626,0,2813,0,1,0,0.0480672470287831,0,-0.0854376946832262,0.0854376946832262,1,1
additive_bias,166,0.5,score_high_bias,0.965080967192621,0.856829546871598,0.964753114161591,0.107923567289993,0.1522,0.954,0.2254,0.159538784067086,0.840461215932914,0.675244010647737,0.324755989352263,0.25,0.00130261590374137,0.246202083952401,0.00128491625970834,0.490432912272287,0.7286,3643,0.7286,0,3643,0,1,0,0.107923567289993,0,-0.148124577669493,0.148124577669493,1,1
additive_bias,167,-0.5,score_low_bias,0.96609727099105,0.962665712451011,0.966092880030975,0.00342716757996353,0.1574,0,0.1488,,,1,0,0.25,0.000600775664363991,0.252945028419976,0.000199939807863791,-0.498989853183714,0.1488,744,0.1488,0,744,0,1,0,0.00342716757996349,0,0.0230320401879267,0.0230320401879267,1,1
additive_bias,167,-0.25,score_low_bias,0.96609727099105,0.962665712451011,0.966092880030975,0.00342716757996353,0.1574,0,0.1488,,,1,0,0.0625,0.000600775664363991,0.0642760281392115,0.000199939807863791,-0.248989853183714,0.1488,744,0.1488,0,744,0,1,0,0.00342716757996349,0,0.0230320401879267,0.0230320401879267,1,1
additive_bias,167,-0.1,score_low_bias,0.96609727099105,0.962951509224329,0.966092880030975,0.00314137080664623,0.1574,0.0024,0.1488,1,0,1,0,0.01,0.000600775664363991,0.0110746279707527,0.000199939807863791,-0.0989898531837141,0.1464,732,0.1464,0,732,0,1,0,0.0031413708066462,0,0.0214574508650697,0.0214574508650697,1,1
additive_bias,167,0,no_bias,0.96609727099105,0.96609727099105,0.966092880030975,-4.39096007509576e-06,0.1574,0.1574,0.1488,1,0,1,0,0,0.000600775664363991,0.000607027858446851,0.000199939807863791,0.00101014681628586,0.0086,43,0,0.0086,0,43,0,1,0,-4.39096007507966e-06,0.00051057675291624,0.00051057675291624,1,1
additive_bias,167,0.1,score_high_bias,0.96609727099105,0.949976244906184,0.966092880030975,0.0161166351247908,0.1574,0.594,0.1488,0.264983164983165,0.735016835016835,1,0,0.01,0.000600775664363991,0.010139427746141,0.000199939807863791,0.101010146816286,0.4452,2226,0.4366,0.0086,2183,43,0.980682839173405,0.0193171608265948,0.0161210260848659,-4.39096007507966e-06,-0.036200887521992,0.0362206133084928,1,1
additive_bias,167,0.25,score_high_bias,0.96609727099105,0.917023136994023,0.966092880030975,0.0490697430369514,0.1574,0.7926,0.1488,0.198586929094121,0.801413070905879,1,0,0.0625,0.000600775664363991,0.0619380275776822,0.000199939807863791,0.251010146816286,0.6438,3219,0.6352,0.0086,3176,43,0.986641814228021,0.0133581857719789,0.0490741339970265,-4.39096007507966e-06,-0.076218923636147,0.0762325643943796,1,1
additive_bias,167,0.5,score_high_bias,0.96609727099105,0.857358480983763,0.966092880030975,0.108734399047211,0.1574,0.9564,0.1488,0.164575491426182,0.835424508573819,1,0,0.25,0.000600775664363991,0.248269027296918,0.000199939807863791,0.501010146816286,0.8076,4038,0.799,0.0086,3995,43,0.989351163942546,0.0106488360574542,0.108738790007286,-4.39096007507966e-06,-0.134638928983669,0.134649803079942,1,1
additive_bias,168,-0.5,score_low_bias,0.965659040644751,0.962141856870633,0.965608401014883,0.00346654414425018,0.1572,0,0.1288,,,1,0,0.25,0.000995183676296112,0.253927744350418,0.00213779352802538,-0.496027785240569,0.1288,644,0.1288,0,644,0,1,0,0.00346654414425021,0,0.0269141626106383,0.0269141626106383,1,1
additive_bias,168,-0.25,score_low_bias,0.965659040644751,0.962141856870633,0.965608401014883,0.00346654414425018,0.1572,0,0.1288,,,1,0,0.0625,0.000995183676296112,0.065026343455204,0.00213779352802538,-0.246027785240569,0.1288,644,0.1288,0,644,0,1,0,0.00346654414425021,0,0.0269141626106383,0.0269141626106383,1,1
additive_bias,168,-0.1,score_low_bias,0.965659040644751,0.962321888239667,0.965608401014883,0.0032865127752163,0.1572,0.0016,0.1288,1,0,1,0,0.01,0.000995183676296112,0.0116855029180757,0.00213779352802538,-0.0960277852405687,0.1272,636,0.1272,0,636,0,1,0,0.00328651277521626,0,0.0258373645850335,0.0258373645850335,1,1
additive_bias,168,0,no_bias,0.965659040644751,0.965659040644751,0.965608401014883,-5.06396298675105e-05,0.1572,0.1572,0.1288,1,0,1,0,0,0.000995183676296112,0.00112494255999013,0.00213779352802538,0.00397221475943133,0.0284,142,0,0.0284,0,142,0,1,0,-5.06396298674828e-05,0.00178308555871418,0.00178308555871418,1,1
additive_bias,168,0.1,score_high_bias,0.965659040644751,0.949556267413106,0.965608401014883,0.0160521336017773,0.1572,0.5918,0.1288,0.265630280500169,0.734369719499831,1,0,0.01,0.000995183676296112,0.0105643822019046,0.00213779352802538,0.103972214759431,0.463,2315,0.4346,0.0284,2173,142,0.93866090712743,0.0613390928725702,0.0161027732316447,-5.06396298674828e-05,-0.0346698349930394,0.0348885806944109,1,1
additive_bias,168,0.25,score_high_bias,0.965659040644751,0.916911714138262,0.965608401014883,0.0486966868766214,0.1572,0.7854,0.1288,0.200152788388083,0.799847211611918,1,0,0.0625,0.000995183676296112,0.0622235416647763,0.00213779352802538,0.253972214759431,0.6566,3283,0.6282,0.0284,3141,142,0.95674687785562,0.0432531221443801,0.0487473265064889,-5.06396298674828e-05,-0.0741649206162373,0.0743191686511672,1,1
additive_bias,168,0.5,score_high_bias,0.965659040644751,0.854978036292775,0.965608401014883,0.110630364722109,0.1572,0.9586,0.1288,0.163989150844982,0.836010849155018,1,0,0.25,0.000995183676296112,0.248322140769563,0.00213779352802538,0.503972214759431,0.8298,4149,0.8014,0.0284,4007,142,0.965774885514582,0.0342251144854182,0.110681004351976,-5.06396298674828e-05,-0.133321721766822,0.13344377438159,1,1
additive_bias,169,-0.5,score_low_bias,0.965435204663368,0.961704067730628,0.965383867985702,0.00367980025507397,0.159,0,0.1888,,,0.842161016949153,0.157838983050847,0.25,0.00111864098778015,0.25602191083588,0.00160387255484645,-0.503530728293659,0.1888,944,0.159,0.0298,795,149,0.842161016949153,0.157838983050847,0.00373113693274048,-5.13366776664744e-05,0.0194904674527225,0.0200342881907148,1,1
additive_bias,169,-0.25,score_low_bias,0.965435204663368,0.961704067730628,0.965383867985702,0.00367980025507397,0.159,0,0.1888,,,0.842161016949153,0.157838983050847,0.0625,0.00111864098778015,0.0659332202880937,0.00160387255484645,-0.253530728293659,0.1888,944,0.159,0.0298,795,149,0.842161016949153,0.157838983050847,0.00373113693274048,-5.13366776664744e-05,0.0194904674527225,0.0200342881907148,1,1
additive_bias,169,-0.1,score_low_bias,0.965435204663368,0.962171545568797,0.965383867985702,0.0032123224169045,0.159,0.0038,0.1888,1,0,0.842161016949153,0.157838983050847,0.01,0.00111864098778015,0.011880005959422,0.00160387255484645,-0.103530728293659,0.185,925,0.1552,0.0298,776,149,0.838918918918919,0.161081081081081,0.00326365909457094,-5.13366776664744e-05,0.0173639049562404,0.0179188960661482,1,1
additive_bias,169,0,no_bias,0.965435204663368,0.965435204663368,0.965383867985702,-5.13366776664359e-05,0.159,0.159,0.1888,1,0,0.842161016949153,0.157838983050847,0,0.00111864098778015,0.000844529740307441,0.00160387255484645,-0.00353072829365908,0.0298,149,0,0.0298,0,149,0,1,0,-5.13366776664744e-05,-0.00172270730424411,0.00172270730424411,1,1
additive_bias,169,0.1,score_high_bias,0.965435204663368,0.949582886897434,0.965383867985702,0.0158009810882679,0.159,0.6024,0.1888,0.26394422310757,0.73605577689243,0.842161016949153,0.157838983050847,0.01,0.00111864098778015,0.00980905352119293,0.00160387255484645,0.0964692717063409,0.4136,2068,0.4136,0,2068,0,1,0,0.0158009810882679,0,-0.0382035326118663,0.0382035326118663,1,1
additive_bias,169,0.25,score_high_bias,0.965435204663368,0.916968186186075,0.965383867985702,0.0484156817996268,0.159,0.7974,0.1888,0.199398043641836,0.800601956358164,0.842161016949153,0.157838983050847,0.0625,0.00111864098778015,0.0607558391925212,0.00160387255484645,0.246469271706341,0.6086,3043,0.6086,0,3043,0,1,0,0.0484156817996268,0,-0.0795525497857817,0.0795525497857817,1,1
additive_bias,169,0.5,score_high_bias,0.965435204663368,0.860452931254151,0.965383867985702,0.104930936731551,0.159,0.9542,0.1888,0.166631733389227,0.833368266610773,0.842161016949153,0.157838983050847,0.25,0.00111864098778015,0.245667148644735,0.00160387255484645,0.496469271706341,0.7654,3827,0.7654,0,3827,0,1,0,0.104930936731551,0,-0.137092940595181,0.137092940595181,1,1
additive_bias,170,-0.5,score_low_bias,0.96504893377071,0.961150904758886,0.964308736097971,0.00315783133908465,0.1622,0,0.274,,,0.591970802919708,0.408029197080292,0.25,0.000722631874688683,0.244125943811354,0.000938434063457099,-0.513611667178326,0.274,1370,0.1622,0.1118,811,559,0.591970802919708,0.408029197080292,0.00389802901182421,-0.000740197672739579,0.0115249318944694,0.0169278346151963,1,1
additive_bias,170,-0.25,score_low_bias,0.96504893377071,0.961150904758886,0.964308736097971,0.00315783133908465,0.1622,0,0.274,,,0.591970802919708,0.408029197080292,0.0625,0.000722631874688683,0.0596810655142442,0.000938434063457099,-0.263611667178326,0.274,1370,0.1622,0.1118,811,559,0.591970802919708,0.408029197080292,0.00389802901182421,-0.000740197672739579,0.0115249318944694,0.0169278346151963,1,1
additive_bias,170,-0.1,score_low_bias,0.96504893377071,0.961638956814856,0.964308736097971,0.00266977928311474,0.1622,0.004,0.274,1,0,0.591970802919708,0.408029197080292,0.01,0.000722631874688683,0.00901413853597854,0.000938434063457099,-0.113611667178326,0.27,1350,0.1582,0.1118,791,559,0.585925925925926,0.414074074074074,0.00340997695585435,-0.000740197672739579,0.00988807141894358,0.0153710171429405,1,1
additive_bias,170,0,no_bias,0.96504893377071,0.96504893377071,0.964308736097971,-0.000740197672739584,0.1622,0.1622,0.274,1,0,0.591970802919708,0.408029197080292,0,0.000722631874688683,0.000236187217134789,0.000938434063457099,-0.0136116671783264,0.1118,559,0,0.1118,0,559,0,1,0,-0.000740197672739579,-0.00662073052539874,0.00662073052539874,1,1
additive_bias,170,0.1,score_high_bias,0.96504893377071,0.949033507254428,0.964308736097971,0.0152752288435429,0.1622,0.6046,0.274,0.26827654647701,0.73172345352299,0.591970802919708,0.408029197080292,0.01,0.000722631874688683,0.011458235898291,0.000938434063457099,0.0863883328216736,0.3306,1653,0.3306,0,1653,0,1,0,0.015275228843543,0,-0.0462045639550605,0.0462045639550605,1,1
additive_bias,170,0.25,score_high_bias,0.96504893377071,0.917749196867235,0.964308736097971,0.0465595392307356,0.1622,0.7946,0.274,0.204127863075761,0.795872136924239,0.591970802919708,0.408029197080292,0.0625,0.000722631874688683,0.0657913089200254,0.000938434063457099,0.236388332821674,0.5206,2603,0.5206,0,2603,0,1,0,0.0465595392307356,0,-0.0894343819261153,0.0894343819261153,1,1
additive_bias,170,0.5,score_high_bias,0.96504893377071,0.858393495751551,0.964308736097971,0.10591524034642,0.1622,0.9586,0.274,0.169205090757354,0.830794909242646,0.591970802919708,0.408029197080292,0.25,0.000722631874688683,0.256346430622916,0.000938434063457099,0.486388332821674,0.6846,3423,0.6846,0,3423,0,1,0,0.10591524034642,0,-0.154711131093222,0.154711131093222,1,1
additive_bias,171,-0.5,score_low_bias,0.966529398517353,0.962576266300478,0.96651575798596,0.00393949168548213,0.1572,0,0.142,,,1,0,0.25,0.00195467938890575,0.250740839167199,0.000386782315787135,-0.49797205442154,0.142,710,0.142,0,710,0,1,0,0.00393949168548203,0,0.0277428991935354,0.0277428991935354,1,1
additive_bias,171,-0.25,score_low_bias,0.966529398517353,0.962576266300478,0.96651575798596,0.00393949168548213,0.1572,0,0.142,,,1,0,0.0625,0.00195467938890575,0.0629644567544595,0.000386782315787135,-0.24797205442154,0.142,710,0.142,0,710,0,1,0,0.00393949168548203,0,0.0277428991935354,0.0277428991935354,1,1
additive_bias,171,-0.1,score_low_bias,0.966529398517353,0.963237358589062,0.96651575798596,0.00327839939689789,0.1572,0.0056,0.142,1,0,1,0,0.01,0.00195467938890575,0.0102986273068158,0.000386782315787135,-0.0979720544215396,0.1364,682,0.1364,0,682,0,1,0,0.00327839939689787,0,0.0240351861942659,0.0240351861942659,1,1
additive_bias,171,0,no_bias,0.966529398517353,0.966529398517353,0.96651575798596,-1.36405313928556e-05,0.1572,0.1572,0.142,1,0,1,0,0,0.00195467938890575,0.000188074341719996,0.000386782315787135,0.00202794557846042,0.0152,76,0,0.0152,0,76,0,1,0,-1.36405313928959e-05,0.000897403381111572,0.000897403381111572,1,1
additive_bias,171,0.1,score_high_bias,0.966529398517353,0.949898007469682,0.96651575798596,0.0166177505162782,0.1572,0.5954,0.142,0.264024185421565,0.735975814578435,1,0,0.01,0.00195467938890575,0.0100775213766242,0.000386782315787135,0.10202794557846,0.4534,2267,0.4382,0.0152,2191,76,0.966475518306131,0.0335244816938685,0.016631391047671,-1.36405313928959e-05,-0.0366514126958053,0.0367115826622495,1,1
additive_bias,171,0.25,score_high_bias,0.966529398517353,0.917422249310477,0.96651575798596,0.0490935086754833,0.1572,0.7928,0.142,0.198284561049445,0.801715438950555,1,0,0.0625,0.00195467938890575,0.0624116919289805,0.000386782315787135,0.25202794557846,0.6508,3254,0.6356,0.0152,3178,76,0.976644130301168,0.0233558696988322,0.0491071492068762,-1.36405313928959e-05,-0.0754356310317814,0.0754775503046545,1,1
additive_bias,171,0.5,score_high_bias,0.966529398517353,0.858144078445295,0.96651575798596,0.108371679540665,0.1572,0.9556,0.142,0.16450397655923,0.83549602344077,1,0,0.25,0.00195467938890575,0.249635309516241,0.000386782315787135,0.50202794557846,0.8136,4068,0.7984,0.0152,3992,76,0.981317600786627,0.0186823992133727,0.108385320072058,-1.36405313928959e-05,-0.133200196092263,0.133233727388705,1,1
additive_bias,172,-0.5,score_low_bias,0.967181287709052,0.963354669941518,0.966873851677206,0.00351918173568766,0.1646,0,0.0998,,,1,0,0.25,0.00149662029805021,0.245436323500536,0.00133813883014769,-0.488873568233877,0.0998,499,0.0998,0,499,0,1,0,0.00351918173568774,0,0.0352623420409593,0.0352623420409593,1,1
additive_bias,172,-0.25,score_low_bias,0.967181287709052,0.963354669941518,0.966873851677206,0.00351918173568766,0.1646,0,0.0998,,,1,0,0.0625,0.00149662029805021,0.0607393295376527,0.00133813883014769,-0.238873568233877,0.0998,499,0.0998,0,499,0,1,0,0.00351918173568774,0,0.0352623420409593,0.0352623420409593,1,1
additive_bias,172,-0.1,score_low_bias,0.967181287709052,0.963737894093333,0.966873851677206,0.00313595758387297,0.1646,0.0032,0.0998,1,0,1,0,0.01,0.00149662029805021,0.00992113315992282,0.00133813883014769,-0.0888735682338773,0.0966,483,0.0966,0,483,0,1,0,0.00313595758387295,0,0.0324633290255999,0.0324633290255999,1,1
additive_bias,172,0,no_bias,0.967181287709052,0.967181287709052,0.966873851677206,-0.00030743603184602,0.1646,0.1646,0.0998,1,0,1,0,0,0.00149662029805021,0.00104233557476959,0.00133813883014769,0.0111264317661227,0.0648,324,0,0.0648,0,324,0,1,0,-0.000307436031846012,0.00474438320750018,0.00474438320750018,1,1
additive_bias,172,0.1,score_high_bias,0.967181287709052,0.950715692666711,0.966873851677206,0.0161581590104953,0.1646,0.612,0.0998,0.268954248366013,0.731045751633987,1,0,0.01,0.00149662029805021,0.0121635379896164,0.00133813883014769,0.111126431766123,0.5122,2561,0.4474,0.0648,2237,324,0.873486919172198,0.126513080827802,0.0164655950423414,-0.000307436031846012,-0.0315465814340012,0.0327470345064182,1,1
additive_bias,172,0.25,score_high_bias,0.967181287709052,0.921076889019063,0.966873851677206,0.0457969626581426,0.1646,0.7942,0.0998,0.2072525812138,0.7927474187862,1,0,0.0625,0.00149662029805021,0.0663453416118865,0.00133813883014769,0.261126431766123,0.6944,3472,0.6296,0.0648,3148,324,0.90668202764977,0.0933179723502304,0.0461043986899887,-0.000307436031846012,-0.0659518471459428,0.0668373195878956,1,1
additive_bias,172,0.5,score_high_bias,0.967181287709052,0.862273161014527,0.966873851677206,0.104600690662679,0.1646,0.956,0.0998,0.172175732217573,0.827824267782427,1,0,0.25,0.00149662029805021,0.256648347649004,0.00133813883014769,0.511126431766123,0.8562,4281,0.7914,0.0648,3957,324,0.924316748423266,0.0756832515767344,0.104908126694525,-0.000307436031846012,-0.122168524483391,0.12288666517913,1,1
additive_bias,173,-0.5,score_low_bias,0.965155743413243,0.961603187061509,0.964979172869112,0.00337598580760234,0.1614,0,0.2146,,,0.752096924510718,0.247903075489282,0.25,0.000960677960435533,0.25987375064637,0.000616067232901609,-0.506557087356361,0.2146,1073,0.1614,0.0532,807,266,0.752096924510718,0.247903075489282,0.00355255635173394,-0.000176570544131577,0.015731527528436,0.017377105758926,1,1
additive_bias,173,-0.25,score_low_bias,0.965155743413243,0.961603187061509,0.964979172869112,0.00337598580760234,0.1614,0,0.2146,,,0.752096924510718,0.247903075489282,0.0625,0.000960677960435533,0.0676277229807725,0.000616067232901609,-0.256557087356361,0.2146,1073,0.1614,0.0532,807,266,0.752096924510718,0.247903075489282,0.00355255635173394,-0.000176570544131577,0.015731527528436,0.017377105758926,1,1
additive_bias,173,-0.1,score_low_bias,0.965155743413243,0.961965152894497,0.964979172869112,0.00301401997461459,0.1614,0.0032,0.2146,1,0,0.752096924510718,0.247903075489282,0.01,0.000960677960435533,0.0122801063814137,0.000616067232901609,-0.106557087356361,0.2114,1057,0.1582,0.0532,791,266,0.748344370860927,0.251655629139073,0.00319059051874621,-0.000176570544131577,0.0142574265591988,0.0159279142047199,1,1
additive_bias,173,0,no_bias,0.965155743413243,0.965155743413243,0.964979172869112,-0.00017657054413156,0.1614,0.1614,0.2146,1,0,0.752096924510718,0.247903075489282,0,0.000960677960435533,0.00038169531517448,0.000616067232901609,-0.00655708735636118,0.0532,266,0,0.0532,0,266,0,1,0,-0.000176570544131577,-0.00331899519044318,0.00331899519044318,1,1
additive_bias,173,0.1,score_high_bias,0.965155743413243,0.949211547245056,0.964979172869112,0.0157676256240555,0.1614,0.5978,0.2146,0.269989963198394,0.730010036801606,0.752096924510718,0.247903075489282,0.01,0.000960677960435533,0.00848328424893529,0.000616067232901609,0.0934429126436388,0.3832,1916,0.3832,0,1916,0,1,0,0.0157676256240555,0,-0.0411472484970134,0.0411472484970134,1,1
additive_bias,173,0.25,score_high_bias,0.965155743413243,0.918497234916598,0.964979172869112,0.0464819379525139,0.1614,0.7846,0.2146,0.205709915880704,0.794290084119297,0.752096924510718,0.247903075489282,0.0625,0.000960677960435533,0.0581356676495765,0.000616067232901609,0.243442912643639,0.57,2850,0.57,0,2850,0,1,0,0.046481937952514,0,-0.081547259565814,0.081547259565814,1,1
additive_bias,173,0.5,score_high_bias,0.965155743413243,0.855728406499843,0.964979172869112,0.109250766369269,0.1614,0.9566,0.2146,0.168722559063349,0.831277440936651,0.752096924510718,0.247903075489282,0.25,0.000960677960435533,0.240889639983979,0.000616067232901609,0.493442912643639,0.742,3710,0.742,0,3710,0,1,0,0.109250766369269,0,-0.147238229608179,0.147238229608179,1,1
additive_bias,174,-0.5,score_low_bias,0.965104036006708,0.961681752896994,0.964852341631519,0.00317058873452525,0.1592,0,0.1,,,1,0,0.25,0.00239772546125184,0.240563483960289,0.000491110413419897,-0.490736554604485,0.1,500,0.1,0,500,0,1,0,0.00317058873452524,0,0.0317058873452524,0.0317058873452524,1,1
additive_bias,174,-0.25,score_low_bias,0.965104036006708,0.961681752896994,0.964852341631519,0.00317058873452525,0.1592,0,0.1,,,1,0,0.0625,0.00239772546125184,0.0579705703723951,0.000491110413419897,-0.240736554604485,0.1,500,0.1,0,500,0,1,0,0.00317058873452524,0,0.0317058873452524,0.0317058873452524,1,1
additive_bias,174,-0.1,score_low_bias,0.965104036006708,0.961998079055471,0.964852341631519,0.00285426257604826,0.1592,0.0028,0.1,1,0,1,0,0.01,0.00239772546125184,0.00841482221965855,0.000491110413419897,-0.090736554604485,0.0972,486,0.0972,0,486,0,1,0,0.00285426257604822,0,0.0293648413173685,0.0293648413173685,1,1
additive_bias,174,0,no_bias,0.965104036006708,0.965104036006708,0.964852341631519,-0.000251694375189238,0.1592,0.1592,0.1,1,0,1,0,0,0.00239772546125184,0.000377656784500875,0.000491110413419897,0.00926344539551505,0.0592,296,0,0.0592,0,296,0,1,0,-0.00025169437518928,0.00425159417549459,0.00425159417549459,1,1
additive_bias,174,0.1,score_high_bias,0.965104036006708,0.949648458773375,0.964852341631519,0.0152038828581438,0.1592,0.5952,0.1,0.26747311827957,0.73252688172043,1,0,0.01,0.00239772546125184,0.0123404913493432,0.000491110413419897,0.109263445395515,0.4952,2476,0.436,0.0592,2180,296,0.880452342487884,0.119547657512116,0.0154555772333331,-0.00025169437518928,-0.0307025098104681,0.0317190460592132,1,1
additive_bias,174,0.25,score_high_bias,0.965104036006708,0.918054696811005,0.964852341631519,0.0467976448205137,0.1592,0.7854,0.1,0.202699261522791,0.797300738477209,1,0,0.0625,0.00239772546125184,0.0677847431966067,0.000491110413419897,0.259263445395515,0.6854,3427,0.6262,0.0592,3131,296,0.913627079077911,0.0863729209220893,0.047049339195703,-0.00025169437518928,-0.0682778593821327,0.0690123045971583,1,1
additive_bias,174,0.5,score_high_bias,0.965104036006708,0.8586015872832,0.964852341631519,0.106250754348319,0.1592,0.952,0.1,0.167226890756303,0.832773109243698,1,0,0.25,0.00239772546125184,0.260191829608713,0.000491110413419897,0.509263445395515,0.852,4260,0.7928,0.0592,3964,296,0.930516431924883,0.0694835680751174,0.106502448723508,-0.00025169437518928,-0.124707458155304,0.125298290021946,1,1
additive_bias,175,-0.5,score_low_bias,0.964983322530075,0.961323942057583,0.964948566060548,0.00362462400296471,0.1546,0,0.179,,,0.863687150837989,0.136312849162011,0.25,0.00266353039159578,0.25669481368281,0.00077018757971813,-0.502979017405138,0.179,895,0.1546,0.0244,773,122,0.863687150837989,0.136312849162011,0.00365938047249176,-3.47564695271334e-05,0.0202492961059476,0.0206376365475916,1,1
additive_bias,175,-0.25,score_low_bias,0.964983322530075,0.961323942057583,0.964948566060548,0.00362462400296471,0.1546,0,0.179,,,0.863687150837989,0.136312849162011,0.0625,0.00266353039159578,0.0660967958745452,0.00077018757971813,-0.252979017405138,0.179,895,0.1546,0.0244,773,122,0.863687150837989,0.136312849162011,0.00365938047249176,-3.47564695271334e-05,0.0202492961059476,0.0206376365475916,1,1
additive_bias,175,-0.1,score_low_bias,0.964983322530075,0.961697222898505,0.964948566060548,0.00325134316204301,0.1546,0.003,0.179,1,0,0.863687150837989,0.136312849162011,0.01,0.00266353039159578,0.0117379851895864,0.00077018757971813,-0.102979017405138,0.176,880,0.1516,0.0244,758,122,0.861363636363636,0.138636363636364,0.00328609963157005,-3.47564695271334e-05,0.0184735406934257,0.0188685005744158,1,1
additive_bias,175,0,no_bias,0.964983322530075,0.964983322530075,0.964948566060548,-3.47564695271085e-05,0.1546,0.1546,0.179,1,0,0.863687150837989,0.136312849162011,0,0.00266353039159578,0.000498778066280493,0.00077018757971813,-0.00297901740513806,0.0244,122,0,0.0244,0,122,0,1,0,-3.47564695271334e-05,-0.0014244454724235,0.0014244454724235,1,1
additive_bias,175,0.1,score_high_bias,0.964983322530075,0.948906996767272,0.964948566060548,0.0160415692932757,0.1546,0.595,0.179,0.259831932773109,0.740168067226891,0.863687150837989,0.136312849162011,0.01,0.00266353039159578,0.00925957094297461,0.00077018757971813,0.0970209825948619,0.416,2080,0.416,0,2080,0,1,0,0.0160415692932757,0,-0.0385614646472974,0.0385614646472974,1,1
additive_bias,175,0.25,score_high_bias,0.964983322530075,0.917171891489716,0.964948566060548,0.0477766745708323,0.1546,0.7864,0.179,0.196592065106816,0.803407934893184,0.863687150837989,0.136312849162011,0.0625,0.00266353039159578,0.0599007602580158,0.00077018757971813,0.247020982594862,0.6074,3037,0.6074,0,3037,0,1,0,0.0477766745708323,0,-0.0786576795700235,0.0786576795700235,1,1
additive_bias,175,0.5,score_high_bias,0.964983322530075,0.856284018590108,0.964948566060548,0.10866454747044,0.1546,0.9556,0.179,0.16178317287568,0.83821682712432,0.863687150837989,0.136312849162011,0.25,0.00266353039159578,0.244302742449751,0.00077018757971813,0.497020982594862,0.7766,3883,0.7766,0,3883,0,1,0,0.10866454747044,0,-0.139923445107442,0.139923445107442,1,1
additive_bias,176,-0.5,score_low_bias,0.964382130364778,0.960959027171352,0.964333934043938,0.00337490687258657,0.1598,0,0.133,,,1,0,0.25,0.00109719357699996,0.255387187060917,0.000885378067425737,-0.496666663964483,0.133,665,0.133,0,665,0,1,0,0.00337490687258663,0,0.0253752396435085,0.0253752396435085,1,1
additive_bias,176,-0.25,score_low_bias,0.964382130364778,0.960959027171352,0.964333934043938,0.00337490687258657,0.1598,0,0.133,,,1,0,0.0625,0.00109719357699996,0.0653587258286981,0.000885378067425737,-0.246666663964483,0.133,665,0.133,0,665,0,1,0,0.00337490687258663,0,0.0253752396435085,0.0253752396435085,1,1
additive_bias,176,-0.1,score_low_bias,0.964382130364778,0.961254961926942,0.964333934043938,0.00307897211699593,0.1598,0.0024,0.133,1,0,1,0,0.01,0.00109719357699996,0.0113416490893664,0.000885378067425737,-0.0966666639644832,0.1306,653,0.1306,0,653,0,1,0,0.00307897211699592,0,0.0235755904823577,0.0235755904823577,1,1
additive_bias,176,0,no_bias,0.964382130364778,0.964382130364778,0.964333934043938,-4.81963208399661e-05,0.1598,0.1598,0.133,1,0,1,0,0,0.00109719357699996,0.00033026459647863,0.000885378067425737,0.00333333603551678,0.0268,134,0,0.0268,0,134,0,1,0,-4.81963208399426e-05,0.00179837018059487,0.00179837018059487,1,1
additive_bias,176,0.1,score_high_bias,0.964382130364778,0.948372416017122,0.964333934043938,0.0159615180268162,0.1598,0.5932,0.133,0.269386378961564,0.730613621038436,1,0,0.01,0.00109719357699996,0.00931888010359086,0.000885378067425737,0.103333336035517,0.4602,2301,0.4334,0.0268,2167,134,0.941764450239027,0.0582355497609735,0.0160097143476562,-4.81963208399426e-05,-0.0346838722877364,0.0348933304400178,1,1
additive_bias,176,0.25,score_high_bias,0.964382130364778,0.916974133967294,0.964333934043938,0.047359800076644,0.1598,0.7848,0.133,0.20361875637105,0.79638124362895,1,0,0.0625,0.00109719357699996,0.0603018033642592,0.000885378067425737,0.253333336035517,0.6518,3259,0.625,0.0268,3125,134,0.958883092973305,0.0411169070266953,0.0474079963974839,-4.81963208399426e-05,-0.0726600185281436,0.0728079053671738,1,1
additive_bias,176,0.5,score_high_bias,0.964382130364778,0.854999576608282,0.964333934043938,0.109334357435657,0.1598,0.9556,0.133,0.167224780242779,0.832775219757221,1,0,0.25,0.00109719357699996,0.24527334213204,0.000885378067425737,0.503333336035517,0.8226,4113,0.7958,0.0268,3979,134,0.967420374422563,0.0325796255774374,0.109382553756497,-4.81963208399426e-05,-0.132913150298634,0.133030330752901,1,1
additive_bias,177,-0.5,score_low_bias,0.966139771134639,0.962358683707402,0.966132981622864,0.00377429791546169,0.167,0,0.1764,,,0.94671201814059,0.0532879818594104,0.25,0.00158038732169881,0.257556135321412,0.00039009127595397,-0.501210104191168,0.1764,882,0.167,0.0094,835,47,0.94671201814059,0.0532879818594104,0.00378108742723724,-6.78951177555465e-06,0.0213962466862908,0.0214732252778503,1,1
additive_bias,177,-0.25,score_low_bias,0.966139771134639,0.962358683707402,0.966132981622864,0.00377429791546169,0.167,0,0.1764,,,0.94671201814059,0.0532879818594104,0.0625,0.00158038732169881,0.0664013628940102,0.00039009127595397,-0.251210104191168,0.1764,882,0.167,0.0094,835,47,0.94671201814059,0.0532879818594104,0.00378108742723724,-6.78951177555465e-06,0.0213962466862908,0.0214732252778503,1,1
additive_bias,177,-0.1,score_low_bias,0.966139771134639,0.962765349457435,0.966132981622864,0.00336763216542846,0.167,0.0032,0.1764,1,0,0.94671201814059,0.0532879818594104,0.01,0.00158038732169881,0.0117084994375693,0.00039009127595397,-0.101210104191168,0.1732,866,0.1638,0.0094,819,47,0.945727482678984,0.0542725173210162,0.00337442167720402,-6.78951177555465e-06,0.0194436037264923,0.0195220045553093,1,1
additive_bias,177,0,no_bias,0.966139771134639,0.966139771134639,0.966132981622864,-6.78951177557341e-06,0.167,0.167,0.1764,1,0,0.94671201814059,0.0532879818594104,0,0.00158038732169881,0.000246590466608759,0.00039009127595397,-0.00121010419116807,0.0094,47,0,0.0094,0,47,0,1,0,-6.78951177555465e-06,-0.000722288486761133,0.000722288486761133,1,1
additive_bias,177,0.1,score_high_bias,0.966139771134639,0.950363099284832,0.966132981622864,0.0157698823380321,0.167,0.6002,0.1764,0.278240586471176,0.721759413528824,0.94671201814059,0.0532879818594104,0.01,0.00158038732169881,0.00878468149564821,0.00039009127595397,0.0987898958088319,0.4238,2119,0.4238,0,2119,0,1,0,0.0157698823380321,0,-0.0372106709250404,0.0372106709250404,1,1
additive_bias,177,0.25,score_high_bias,0.966139771134639,0.919863841105162,0.966132981622864,0.0462691405177019,0.167,0.7868,0.1764,0.212252160650737,0.787747839349263,0.94671201814059,0.0532879818594104,0.0625,0.00158038732169881,0.0590918180392074,0.00039009127595397,0.248789895808832,0.6104,3052,0.6104,0,3052,0,1,0,0.046269140517702,0,-0.0758013442295249,0.0758013442295249,1,1
additive_bias,177,0.5,score_high_bias,0.966139771134639,0.860758050568361,0.966132981622864,0.105374931054502,0.167,0.9508,0.1764,0.175641564997897,0.824358435002104,0.94671201814059,0.0532879818594104,0.25,0.00158038732169881,0.242937045611806,0.00039009127595397,0.498789895808832,0.7744,3872,0.7744,0,3872,0,1,0,0.105374931054503,0,-0.136072999812116,0.136072999812116,1,1
additive_bias,178,-0.5,score_low_bias,0.963721803206784,0.960296262634848,0.963306904578645,0.00301064194379741,0.1588,0,0.2392,,,0.663879598662207,0.336120401337793,0.25,0.00243952429023665,0.244644531969383,0.00135632616554243,-0.510311318316823,0.2392,1196,0.1588,0.0804,794,402,0.663879598662207,0.336120401337793,0.003425540571937,-0.000414898628139683,0.012586295751661,0.0160553478264075,1,1
additive_bias,178,-0.25,score_low_bias,0.963721803206784,0.960296262634848,0.963306904578645,0.00301064194379741,0.1588,0,0.2392,,,0.663879598662207,0.336120401337793,0.0625,0.00243952429023665,0.060043404068673,0.00135632616554243,-0.260311318316823,0.2392,1196,0.1588,0.0804,794,402,0.663879598662207,0.336120401337793,0.003425540571937,-0.000414898628139683,0.012586295751661,0.0160553478264075,1,1
additive_bias,178,-0.1,score_low_bias,0.963721803206784,0.960614092983141,0.963306904578645,0.00269281159550394,0.1588,0.0026,0.2392,1,0,0.663879598662207,0.336120401337793,0.01,0.00243952429023665,0.0092827273282471,0.00135632616554243,-0.110311318316823,0.2366,1183,0.1562,0.0804,781,402,0.660185967878276,0.339814032121724,0.00310771022364358,-0.000414898628139683,0.0113812831593571,0.0148884566854745,1,1
additive_bias,178,0,no_bias,0.963721803206784,0.963721803206784,0.963306904578645,-0.000414898628139593,0.1588,0.1588,0.2392,1,0,0.663879598662207,0.336120401337793,0,0.00243952429023665,0.000442276167963155,0.00135632616554243,-0.0103113183168227,0.0804,402,0,0.0804,0,402,0,1,0,-0.000414898628139683,-0.00516043069825477,0.00516043069825477,1,1
additive_bias,178,0.1,score_high_bias,0.963721803206784,0.948536466463462,0.963306904578645,0.0147704381151828,0.1588,0.5848,0.2392,0.271545827633379,0.728454172366621,0.663879598662207,0.336120401337793,0.01,0.00243952429023665,0.0116018250076792,0.00135632616554243,0.0896886816831773,0.3456,1728,0.3456,0,1728,0,1,0,0.0147704381151827,0,-0.0427385362129128,0.0427385362129128,1,1
additive_bias,178,0.25,score_high_bias,0.963721803206784,0.916422247367832,0.963306904578645,0.0468846572108127,0.1588,0.7808,0.2392,0.203381147540984,0.796618852459016,0.663879598662207,0.336120401337793,0.0625,0.00243952429023665,0.0658411482672533,0.00135632616554243,0.239688681683177,0.5416,2708,0.5416,0,2708,0,1,0,0.0468846572108127,0,-0.0865669446285315,0.0865669446285315,1,1
additive_bias,178,0.5,score_high_bias,0.963721803206784,0.854102510292018,0.963306904578645,0.109204394286627,0.1588,0.9538,0.2392,0.166491927028727,0.833508072971273,0.663879598662207,0.336120401337793,0.25,0.00243952429023665,0.256240020366543,0.00135632616554243,0.489688681683177,0.7146,3573,0.7146,0,3573,0,1,0,0.109204394286627,0,-0.152818911680139,0.152818911680139,1,1
additive_bias,179,-0.5,score_low_bias,0.965573344740232,0.96168404319427,0.96552979830453,0.00384575511026075,0.177,0,0.2038,,,0.868498527968597,0.131501472031403,0.25,0.000988917696808923,0.247035450048525,0.000403405074199017,-0.503093972707714,0.2038,1019,0.177,0.0268,885,134,0.868498527968597,0.131501472031403,0.00388930154596207,-4.35464357013176e-05,0.0188702409728202,0.019297585778525,1,1
additive_bias,179,-0.25,score_low_bias,0.965573344740232,0.96168404319427,0.96552979830453,0.00384575511026075,0.177,0,0.2038,,,0.868498527968597,0.131501472031403,0.0625,0.000988917696808923,0.0611065987339965,0.000403405074199017,-0.253093972707714,0.2038,1019,0.177,0.0268,885,134,0.868498527968597,0.131501472031403,0.00388930154596207,-4.35464357013176e-05,0.0188702409728202,0.019297585778525,1,1
additive_bias,179,-0.1,score_low_bias,0.965573344740232,0.962172137036599,0.96552979830453,0.00335766126793113,0.177,0.004,0.2038,1,0,0.868498527968597,0.131501472031403,0.01,0.000988917696808923,0.00954928794527952,0.000403405074199017,-0.103093972707714,0.1998,999,0.173,0.0268,865,134,0.865865865865866,0.134134134134134,0.00340120770363242,-4.35464357013176e-05,0.0168051114511066,0.0172410117083771,1,1
additive_bias,179,0,no_bias,0.965573344740232,0.965573344740232,0.96552979830453,-4.35464357012583e-05,0.177,0.177,0.2038,1,0,0.868498527968597,0.131501472031403,0,0.000988917696808923,0.000177747419468193,0.000403405074199017,-0.0030939727077135,0.0268,134,0,0.0268,0,134,0,1,0,-4.35464357013176e-05,-0.00162486700378051,0.00162486700378051,1,1
additive_bias,179,0.1,score_high_bias,0.965573344740232,0.949965174382223,0.96552979830453,0.015564623922308,0.177,0.608,0.2038,0.291118421052632,0.708881578947369,0.868498527968597,0.131501472031403,0.01,0.000988917696808923,0.0108062068936569,0.000403405074199017,0.0969060272922865,0.4042,2021,0.4042,0,2021,0,1,0,0.015564623922308,0,-0.0385072338503414,0.0385072338503414,1,1
additive_bias,179,0.25,score_high_bias,0.965573344740232,0.918499744180257,0.96552979830453,0.0470300541242736,0.177,0.7994,0.2038,0.221416062046535,0.778583937953465,0.868498527968597,0.131501472031403,0.0625,0.000988917696808923,0.0642488961049399,0.000403405074199017,0.246906027292287,0.5956,2978,0.5956,0,2978,0,1,0,0.0470300541242737,0,-0.0789624817398819,0.0789624817398819,1,1
additive_bias,179,0.5,score_high_bias,0.965573344740232,0.862167616290727,0.96552979830453,0.103362182013804,0.177,0.9556,0.2038,0.185223943072415,0.814776056927585,0.868498527968597,0.131501472031403,0.25,0.000988917696808923,0.253320044790412,0.000403405074199017,0.496906027292287,0.7518,3759,0.7518,0,3759,0,1,0,0.103362182013804,0,-0.137486275623575,0.137486275623575,1,1
additive_bias,180,-0.5,score_low_bias,0.965885653974538,0.962051220430682,0.96573416191772,0.00368294148703807,0.16,0,0.1138,,,1,0,0.25,0.000891594245362117,0.241800788891364,0.00187263807969758,-0.492794732932782,0.1138,569,0.1138,0,569,0,1,0,0.00368294148703802,0,0.0323632819599123,0.0323632819599123,1,1
additive_bias,180,-0.25,score_low_bias,0.965885653974538,0.962051220430682,0.96573416191772,0.00368294148703807,0.16,0,0.1138,,,1,0,0.0625,0.000891594245362117,0.0587902032262428,0.00187263807969758,-0.242794732932782,0.1138,569,0.1138,0,569,0,1,0,0.00368294148703802,0,0.0323632819599123,0.0323632819599123,1,1
additive_bias,180,-0.1,score_low_bias,0.965885653974538,0.96249240388978,0.96573416191772,0.00324175802793958,0.16,0.0036,0.1138,1,0,1,0,0.01,0.000891594245362117,0.00898385182716977,0.00187263807969758,-0.0927947329327815,0.1102,551,0.1102,0,551,0,1,0,0.00324175802793958,0,0.029417041995822,0.029417041995822,1,1
additive_bias,180,0,no_bias,0.965885653974538,0.965885653974538,0.96573416191772,-0.00015149205681797,0.16,0.16,0.1138,1,0,1,0,0,0.000891594245362117,0.000779617561121118,0.00187263807969758,0.00720526706721847,0.0462,231,0,0.0462,0,231,0,1,0,-0.000151492056818054,0.00327904884887562,0.00327904884887562,1,1
additive_bias,180,0.1,score_high_bias,0.965885653974538,0.949713788039627,0.96573416191772,0.0160203738780926,0.16,0.6032,0.1138,0.26525198938992,0.73474801061008,1,0,0.01,0.000891594245362117,0.0125753832950725,0.00187263807969758,0.107205267067218,0.4894,2447,0.4432,0.0462,2216,231,0.905598692276257,0.0944013077237434,0.0161718659349107,-0.000151492056818054,-0.0327347239029273,0.0333538169017751,1,1
additive_bias,180,0.25,score_high_bias,0.965885653974538,0.917789525139303,0.96573416191772,0.047944636778417,0.16,0.796,0.1138,0.201005025125628,0.798994974874372,1,0,0.0625,0.000891594245362117,0.0677690318959995,0.00187263807969758,0.257205267067218,0.6822,3411,0.636,0.0462,3180,231,0.932277924362357,0.0677220756376429,0.0480961288352349,-0.000151492056818054,-0.0702794441196378,0.0707235721079639,1,1
additive_bias,180,0.5,score_high_bias,0.965885653974538,0.8593691968705,0.96573416191772,0.10636496504722,0.16,0.9572,0.1138,0.167154199749269,0.832845800250731,1,0,0.25,0.000891594245362117,0.259758446230878,0.00187263807969758,0.507205267067219,0.8434,4217,0.7972,0.0462,3986,231,0.945221721603035,0.0547782783969647,0.106516457104038,-0.000151492056818054,-0.126114494957576,0.126473736259018,1,1
additive_bias,181,-0.5,score_low_bias,0.964571580106841,0.961029787808625,0.964520875229731,0.00349108742110538,0.1578,0,0.1864,,,0.84656652360515,0.15343347639485,0.25,0.000753563182603452,0.256723873550982,0.000510712348655429,-0.503461498973436,0.1864,932,0.1578,0.0286,789,143,0.84656652360515,0.15343347639485,0.00354179229821576,-5.07048771103742e-05,0.0187290097698787,0.0192730535156981,1,1
additive_bias,181,-0.25,score_low_bias,0.964571580106841,0.961029787808625,0.964520875229731,0.00349108742110538,0.1578,0,0.1864,,,0.84656652360515,0.15343347639485,0.0625,0.000753563182603452,0.0660579023703726,0.000510712348655429,-0.253461498973436,0.1864,932,0.1578,0.0286,789,143,0.84656652360515,0.15343347639485,0.00354179229821576,-5.07048771103742e-05,0.0187290097698787,0.0192730535156981,1,1
additive_bias,181,-0.1,score_low_bias,0.964571580106841,0.961259613983173,0.964520875229731,0.00326126124655768,0.1578,0.002,0.1864,1,0,0.84656652360515,0.15343347639485,0.01,0.000753563182603452,0.0116583196620069,0.000510712348655429,-0.103461498973436,0.1844,922,0.1558,0.0286,779,143,0.844902386117137,0.155097613882863,0.00331196612366801,-5.07048771103742e-05,0.0176857985171239,0.0182357429543296,1,1
additive_bias,181,0,no_bias,0.964571580106841,0.964571580106841,0.964520875229731,-5.07048771103413e-05,0.1578,0.1578,0.1864,1,0,0.84656652360515,0.15343347639485,0,0.000753563182603452,0.000391931189763093,0.000510712348655429,-0.00346149897343606,0.0286,143,0,0.0286,0,143,0,1,0,-5.07048771103742e-05,-0.00177289780106203,0.00177289780106203,1,1
additive_bias,181,0.1,score_high_bias,0.964571580106841,0.948781465883025,0.964520875229731,0.0157394093467051,0.1578,0.5904,0.1864,0.267276422764228,0.732723577235772,0.84656652360515,0.15343347639485,0.01,0.000753563182603452,0.00912554271751931,0.000510712348655429,0.0965385010265639,0.404,2020,0.404,0,2020,0,1,0,0.0157394093467052,0,-0.038958934026498,0.038958934026498,1,1
additive_bias,181,0.25,score_high_bias,0.964571580106841,0.917552574516178,0.964520875229731,0.0469683007135529,0.1578,0.7812,0.1864,0.201996927803379,0.798003072196621,0.84656652360515,0.15343347639485,0.0625,0.000753563182603452,0.0597259600091536,0.000510712348655429,0.246538501026564,0.5948,2974,0.5948,0,2974,0,1,0,0.0469683007135529,0,-0.0789648633381857,0.0789648633381857,1,1
additive_bias,181,0.5,score_high_bias,0.964571580106841,0.854502008542948,0.964520875229731,0.110018866686783,0.1578,0.9546,0.1864,0.165304839723444,0.834695160276556,0.84656652360515,0.15343347639485,0.25,0.000753563182603452,0.244059988828544,0.000510712348655429,0.496538501026564,0.7682,3841,0.7682,0,3841,0,1,0,0.110018866686783,0,-0.14321643671802,0.14321643671802,1,1
additive_bias,182,-0.5,score_low_bias,0.967451348561539,0.963130294036218,0.967423103862255,0.00429280982603741,0.1712,0,0.1948,,,0.878850102669405,0.121149897330596,0.25,0.000908719199412151,0.244552179965737,0.000351275970818895,-0.502557380228787,0.1948,974,0.1712,0.0236,856,118,0.878850102669405,0.121149897330596,0.00432105452532077,-2.82446992833743e-05,0.0220370114272967,0.0223269980729165,1,1
additive_bias,182,-0.25,score_low_bias,0.967451348561539,0.963130294036218,0.967423103862255,0.00429280982603741,0.1712,0,0.1948,,,0.878850102669405,0.121149897330596,0.0625,0.000908719199412151,0.0599495635273683,0.000351275970818895,-0.252557380228787,0.1948,974,0.1712,0.0236,856,118,0.878850102669405,0.121149897330596,0.00432105452532077,-2.82446992833743e-05,0.0220370114272967,0.0223269980729165,1,1
additive_bias,182,-0.1,score_low_bias,0.967451348561539,0.963831976635116,0.967423103862255,0.00359112722713895,0.1712,0.0058,0.1948,1,0,0.878850102669405,0.121149897330596,0.01,0.000908719199412151,0.0091879936643473,0.000351275970818895,-0.102557380228787,0.189,945,0.1654,0.0236,827,118,0.875132275132275,0.124867724867725,0.00361937192642238,-2.82446992833743e-05,0.0190006731594656,0.019299558866168,1,1
additive_bias,182,0,no_bias,0.967451348561539,0.967451348561539,0.967423103862255,-2.82446992834196e-05,0.1712,0.1712,0.1948,1,0,0.878850102669405,0.121149897330596,0,0.000908719199412151,0.000346947088999948,0.000351275970818895,-0.00255738022878671,0.0236,118,0,0.0236,0,118,0,1,0,-2.82446992833743e-05,-0.0011968092916684,0.0011968092916684,1,1
additive_bias,182,0.1,score_high_bias,0.967451348561539,0.950948245651612,0.967423103862255,0.0164748582106434,0.1712,0.6124,0.1948,0.279555845852384,0.720444154147616,0.878850102669405,0.121149897330596,0.01,0.000908719199412151,0.0115059005136526,0.000351275970818895,0.0974426197712133,0.4176,2088,0.4176,0,2088,0,1,0,0.0164748582106434,0,-0.0394512888185905,0.0394512888185905,1,1
additive_bias,182,0.25,score_high_bias,0.967451348561539,0.92105395849716,0.967423103862255,0.0463691453650952,0.1712,0.7942,0.1948,0.215562830521279,0.784437169478721,0.878850102669405,0.121149897330596,0.0625,0.000908719199412151,0.0657443306506316,0.000351275970818895,0.247442619771213,0.5994,2997,0.5994,0,2997,0,1,0,0.0463691453650952,0,-0.0773592682100353,0.0773592682100353,1,1
additive_bias,182,0.5,score_high_bias,0.967451348561539,0.860933081306798,0.967423103862255,0.106490022555457,0.1712,0.9584,0.1948,0.178631051752922,0.821368948247079,0.878850102669405,0.121149897330596,0.25,0.000908719199412151,0.256141714212263,0.000351275970818895,0.497442619771213,0.7636,3818,0.7636,0,3818,0,1,0,0.106490022555457,0,-0.139457860863616,0.139457860863616,1,1
additive_bias,183,-0.5,score_low_bias,0.966507449225317,0.962598934104319,0.966372491718439,0.00377355761412068,0.163,0,0.2106,,,0.773979107312441,0.226020892687559,0.25,0.00170111893846124,0.242719360262429,0.00206585219616385,-0.505868154170585,0.2106,1053,0.163,0.0476,815,238,0.773979107312441,0.226020892687559,0.00390851512099865,-0.000134957506877911,0.0179181273225106,0.0191997750611423,1,1
additive_bias,183,-0.25,score_low_bias,0.966507449225317,0.962598934104319,0.966372491718439,0.00377355761412068,0.163,0,0.2106,,,0.773979107312441,0.226020892687559,0.0625,0.00170111893846124,0.0592750708759597,0.00206585219616385,-0.255868154170585,0.2106,1053,0.163,0.0476,815,238,0.773979107312441,0.226020892687559,0.00390851512099865,-0.000134957506877911,0.0179181273225106,0.0191997750611423,1,1
additive_bias,183,-0.1,score_low_bias,0.966507449225317,0.963057044339603,0.966372491718439,0.00331544737883616,0.163,0.0038,0.2106,1,0,0.773979107312441,0.226020892687559,0.01,0.00170111893846124,0.00920849724407778,0.00206585219616385,-0.105868154170585,0.2068,1034,0.1592,0.0476,796,238,0.769825918762089,0.230174081237911,0.00345040488571413,-0.000134957506877911,0.0160321439982409,0.017337342323946,1,1
additive_bias,183,0,no_bias,0.966507449225317,0.966507449225317,0.966372491718439,-0.000134957506877975,0.163,0.163,0.2106,1,0,0.773979107312441,0.226020892687559,0,0.00170111893846124,0.000830781489489872,0.00206585219616385,-0.00586815417058495,0.0476,238,0,0.0476,0,238,0,1,0,-0.000134957506877911,-0.00283524174113258,0.00283524174113258,1,1
additive_bias,183,0.1,score_high_bias,0.966507449225317,0.950471981482245,0.966372491718439,0.0159005102361943,0.163,0.6036,0.2106,0.270046388336647,0.729953611663353,0.773979107312441,0.226020892687559,0.01,0.00170111893846124,0.012453065734902,0.00206585219616385,0.0941318458294151,0.393,1965,0.393,0,1965,0,1,0,0.0159005102361943,0,-0.0404593135781026,0.0404593135781026,1,1
additive_bias,183,0.25,score_high_bias,0.966507449225317,0.9197980666966,0.966372491718439,0.0465744250218398,0.163,0.7906,0.2106,0.206172527194536,0.793827472805464,0.773979107312441,0.226020892687559,0.0625,0.00170111893846124,0.0673864921030201,0.00206585219616385,0.244131845829415,0.58,2900,0.58,0,2900,0,1,0,0.0465744250218399,0,-0.0803007327962757,0.0803007327962757,1,1
additive_bias,183,0.5,score_high_bias,0.966507449225317,0.860268863633659,0.966372491718439,0.106103628084781,0.163,0.9536,0.2106,0.170931208053691,0.829068791946309,0.773979107312441,0.226020892687559,0.25,0.00170111893846124,0.25894220271655,0.00206585219616385,0.494131845829415,0.743,3715,0.743,0,3715,0,1,0,0.106103628084781,0,-0.142804344663231,0.142804344663231,1,1
additive_bias,184,-0.5,score_low_bias,0.965122417309634,0.961606029597297,0.963966397315487,0.00236036771818993,0.1578,0,0.2926,,,0.539302802460697,0.460697197539303,0.25,0.00110813661371137,0.250664277672781,0.00121679879184303,-0.516873268740111,0.2926,1463,0.1578,0.1348,789,674,0.539302802460697,0.460697197539303,0.00351638771233703,-0.00115601999414704,0.0080668753184894,0.0159685840959811,1,1
additive_bias,184,-0.25,score_low_bias,0.965122417309634,0.961606029597297,0.963966397315487,0.00236036771818993,0.1578,0,0.2926,,,0.539302802460697,0.460697197539303,0.0625,0.00110813661371137,0.0629528097626688,0.00121679879184303,-0.266873268740111,0.2926,1463,0.1578,0.1348,789,674,0.539302802460697,0.460697197539303,0.00351638771233703,-0.00115601999414704,0.0080668753184894,0.0159685840959811,1,1
additive_bias,184,-0.1,score_low_bias,0.965122417309634,0.961989892421075,0.963966397315487,0.00197650489441126,0.1578,0.0032,0.2926,1,0,0.539302802460697,0.460697197539303,0.01,0.00110813661371137,0.0103259290166014,0.00121679879184303,-0.116873268740111,0.2894,1447,0.1546,0.1348,773,674,0.534208707671044,0.465791292328956,0.0031325248885583,-0.00115601999414704,0.00682966445891935,0.0148187452754158,1,1
additive_bias,184,0,no_bias,0.965122417309634,0.965122417309634,0.963966397315487,-0.00115601999414705,0.1578,0.1578,0.2926,1,0,0.539302802460697,0.460697197539303,0,0.00110813661371137,0.000241341852556418,0.00121679879184303,-0.0168732687401114,0.1348,674,0,0.1348,0,674,0,1,0,-0.00115601999414704,-0.00857581598031926,0.00857581598031926,1,1
additive_bias,184,0.1,score_high_bias,0.965122417309634,0.949066827597025,0.963966397315487,0.0148995697184612,0.1578,0.5986,0.2926,0.263615101904444,0.736384898095556,0.539302802460697,0.460697197539303,0.01,0.00110813661371137,0.0101567546885115,0.00121679879184303,0.0831267312598886,0.306,1530,0.306,0,1530,0,1,0,0.0148995697184612,0,-0.0486914043086966,0.0486914043086966,1,1
additive_bias,184,0.25,score_high_bias,0.965122417309634,0.917488125064143,0.963966397315487,0.0464782722513433,0.1578,0.79,0.2926,0.199746835443038,0.800253164556962,0.539302802460697,0.460697197539303,0.0625,0.00110813661371137,0.062529873942444,0.00121679879184303,0.233126731259889,0.4974,2487,0.4974,0,2487,0,1,0,0.0464782722513433,0,-0.0934424452178193,0.0934424452178193,1,1
additive_bias,184,0.5,score_high_bias,0.965122417309634,0.856353883900344,0.963966397315487,0.107612513415143,0.1578,0.9568,0.2926,0.16492474916388,0.83507525083612,0.539302802460697,0.460697197539303,0.25,0.00110813661371137,0.249818406032332,0.00121679879184303,0.483126731259889,0.6642,3321,0.6642,0,3321,0,1,0,0.107612513415143,0,-0.162018237601841,0.162018237601841,1,1
additive_bias,185,-0.5,score_low_bias,0.965009699103795,0.961188672184179,0.964883061021722,0.00369438883754292,0.162,0,0.1182,,,1,0,0.25,0.0184769084131766,0.256178183442336,0.00111865213345229,-0.493869321391791,0.1182,591,0.1182,0,591,0,1,0,0.00369438883754291,0,0.0312554047169451,0.0312554047169451,1,1
additive_bias,185,-0.25,score_low_bias,0.965009699103795,0.961188672184179,0.964883061021722,0.00369438883754292,0.162,0,0.1182,,,1,0,0.0625,0.0184769084131766,0.0658846751515691,0.00111865213345229,-0.243869321391791,0.1182,591,0.1182,0,591,0,1,0,0.00369438883754291,0,0.0312554047169451,0.0312554047169451,1,1
additive_bias,185,-0.1,score_low_bias,0.965009699103795,0.961738434732486,0.964883061021722,0.00314462628923651,0.162,0.0044,0.1182,1,0,1,0,0.01,0.0184769084131766,0.0117085701771088,0.00111865213345229,-0.0938693213917914,0.1138,569,0.1138,0,569,0,1,0,0.00314462628923644,0,0.0276329199405663,0.0276329199405663,1,1
additive_bias,185,0,no_bias,0.965009699103795,0.965009699103795,0.964883061021722,-0.000126638082072916,0.162,0.162,0.1182,1,0,1,0,0,0.0184769084131766,0.000591166860801988,0.00111865213345229,0.0061306786082086,0.0438,219,0,0.0438,0,219,0,1,0,-0.000126638082072927,0.0028912804126239,0.0028912804126239,1,1
additive_bias,185,0.1,score_high_bias,0.965009699103795,0.94882956923048,0.964883061021722,0.0160534917912418,0.162,0.5934,0.1182,0.273003033367037,0.726996966632963,1,0,0.01,0.0184769084131766,0.00947376354449517,0.00111865213345229,0.106130678608209,0.4752,2376,0.4314,0.0438,2157,219,0.907828282828283,0.0921717171717172,0.0161801298733147,-0.000126638082072927,-0.033782600570795,0.034315589131708,1,1
additive_bias,185,0.25,score_high_bias,0.965009699103795,0.917423983691865,0.964883061021722,0.0474590773298573,0.162,0.781,0.1182,0.207426376440461,0.792573623559539,1,0,0.0625,0.0184769084131766,0.0602976585700349,0.00111865213345229,0.256130678608209,0.6628,3314,0.619,0.0438,3095,219,0.933916716958358,0.0660832830416415,0.0475857154119303,-0.000126638082072927,-0.0716039187233816,0.071986049327102,1,1
additive_bias,185,0.5,score_high_bias,0.965009699103795,0.85547160445415,0.964883061021722,0.109411456567572,0.162,0.9518,0.1182,0.170203824332843,0.829796175667157,1,0,0.25,0.0184769084131766,0.245004150279268,0.00111865213345229,0.506130678608209,0.8336,4168,0.7898,0.0438,3949,219,0.947456813819578,0.0525431861804223,0.109538094649645,-0.000126638082072927,-0.131251747321944,0.131555581491984,1,1
additive_bias,186,-0.5,score_low_bias,0.965274610676326,0.961345052115322,0.964943760698066,0.00359870858274358,0.1624,0,0.096,,,1,0,0.25,0.00183283644280788,0.257868597038796,0.000735311609458113,-0.489467986145194,0.096,480,0.096,0,480,0,1,0,0.0035987085827436,0,0.0374865477369125,0.0374865477369125,1,1
additive_bias,186,-0.25,score_low_bias,0.965274610676326,0.961345052115322,0.964943760698066,0.00359870858274358,0.1624,0,0.096,,,1,0,0.0625,0.00183283644280788,0.0668922276264478,0.000735311609458113,-0.239467986145194,0.096,480,0.096,0,480,0,1,0,0.0035987085827436,0,0.0374865477369125,0.0374865477369125,1,1
additive_bias,186,-0.1,score_low_bias,0.965274610676326,0.961757591283549,0.964943760698066,0.00318616941451722,0.1624,0.0036,0.096,1,0,1,0,0.01,0.00183283644280788,0.0123064059790392,0.000735311609458113,-0.0894679861451943,0.0924,462,0.0924,0,462,0,1,0,0.00318616941451724,0,0.0344823529709658,0.0344823529709658,1,1
additive_bias,186,0,no_bias,0.965274610676326,0.965274610676326,0.964943760698066,-0.000330849978260384,0.1624,0.1624,0.096,1,0,1,0,0,0.00183283644280788,0.000915858214100068,0.000735311609458113,0.0105320138548057,0.0664,332,0,0.0664,0,332,0,1,0,-0.000330849978260318,0.00498268039548672,0.00498268039548672,1,1
additive_bias,186,0.1,score_high_bias,0.965274610676326,0.949841508477656,0.964943760698066,0.0151022522204104,0.1624,0.5956,0.096,0.272666218938885,0.727333781061115,1,0,0.01,0.00183283644280788,0.00952531044916096,0.000735311609458113,0.110532013854806,0.4996,2498,0.4332,0.0664,2166,332,0.867093674939952,0.132906325060048,0.0154331021986708,-0.000330849978260318,-0.0302286873907335,0.0315531468713593,1,1
additive_bias,186,0.25,score_high_bias,0.965274610676326,0.918738264002051,0.964943760698066,0.0462054966960148,0.1624,0.7852,0.096,0.206826286296485,0.793173713703515,1,0,0.0625,0.00183283644280788,0.0599394888017523,0.000735311609458113,0.260532013854806,0.6892,3446,0.6228,0.0664,3114,332,0.903656413232734,0.0963435867672664,0.0465363466742752,-0.000330849978260318,-0.0670422180731498,0.0680023166751821,1,1
additive_bias,186,0.5,score_high_bias,0.965274610676326,0.855847435205931,0.964943760698066,0.109096325492135,0.1624,0.9592,0.096,0.16930775646372,0.83069224353628,1,0,0.25,0.00183283644280788,0.243963119389405,0.000735311609458113,0.510532013854806,0.8632,4316,0.7968,0.0664,3984,332,0.923076923076923,0.0769230769230769,0.109427175470396,-0.000330849978260318,-0.126385919244828,0.127152485459518,1,1
additive_bias,187,-0.5,score_low_bias,0.964234126542699,0.960444614216746,0.964125174532712,0.00368056031596553,0.1552,0,0.1966,,,0.78942014242116,0.21057985757884,0.25,0.0015624996328941,0.257782275269261,0.000964451881340048,-0.5053148916606,0.1966,983,0.1552,0.0414,776,207,0.78942014242116,0.21057985757884,0.00378951232595243,-0.000108952009986855,0.0187210595929073,0.0198294218511662,1,1
additive_bias,187,-0.25,score_low_bias,0.964234126542699,0.960444614216746,0.964125174532712,0.00368056031596553,0.1552,0,0.1966,,,0.78942014242116,0.21057985757884,0.0625,0.0015624996328941,0.0665007428594082,0.000964451881340048,-0.2553148916606,0.1966,983,0.1552,0.0414,776,207,0.78942014242116,0.21057985757884,0.00378951232595243,-0.000108952009986855,0.0187210595929073,0.0198294218511662,1,1
additive_bias,187,-0.1,score_low_bias,0.964234126542699,0.960930407903405,0.964125174532712,0.00319476662930696,0.1552,0.004,0.1966,1,0,0.78942014242116,0.21057985757884,0.01,0.0015624996328941,0.0117318234134967,0.000964451881340048,-0.1053148916606,0.1926,963,0.1512,0.0414,756,207,0.785046728971963,0.214953271028037,0.00330371863929386,-0.000108952009986855,0.0165875733608879,0.0177189545653204,1,1
additive_bias,187,0,no_bias,0.964234126542699,0.964234126542699,0.964125174532712,-0.00010895200998684,0.1552,0.1552,0.1966,1,0,0.78942014242116,0.21057985757884,0,0.0015624996328941,0.000219210449555709,0.000964451881340048,-0.00531489166060006,0.0414,207,0,0.0414,0,207,0,1,0,-0.000108952009986855,-0.00263169106248443,0.00263169106248443,1,1
additive_bias,187,0.1,score_high_bias,0.964234126542699,0.948709580070881,0.964125174532712,0.0154155944618307,0.1552,0.5862,0.1966,0.2647560559536,0.735243944046401,0.78942014242116,0.21057985757884,0.01,0.0015624996328941,0.00870659748561471,0.000964451881340048,0.0946851083393999,0.3896,1948,0.3896,0,1948,0,1,0,0.0154155944618308,0,-0.0395677475919681,0.0395677475919681,1,1
additive_bias,187,0.25,score_high_bias,0.964234126542699,0.917374513105723,0.964125174532712,0.0467506614269887,0.1552,0.7768,0.1966,0.199794026776519,0.800205973223481,0.78942014242116,0.21057985757884,0.0625,0.0015624996328941,0.0589376780397032,0.000964451881340048,0.2446851083394,0.5802,2901,0.5802,0,2901,0,1,0,0.0467506614269887,0,-0.0805768035625452,0.0805768035625452,1,1
additive_bias,187,0.5,score_high_bias,0.964234126542699,0.855756012205974,0.964125174532712,0.108369162326738,0.1552,0.9486,0.1966,0.163609529833439,0.836390470166561,0.78942014242116,0.21057985757884,0.25,0.0015624996328941,0.242656145629851,0.000964451881340048,0.4946851083394,0.752,3760,0.752,0,3760,0,1,0,0.108369162326738,0,-0.144107928625982,0.144107928625982,1,1
additive_bias,188,-0.5,score_low_bias,0.966285507198112,0.962473011539644,0.966270736928639,0.0037977253889947,0.1634,0,0.1474,,,1,0,0.25,0.000914647449105515,0.262353190913129,0.00181944411226167,-0.498298911704166,0.1474,737,0.1474,0,737,0,1,0,0.0037977253889947,0,0.0257647584056628,0.0257647584056628,1,1
additive_bias,188,-0.25,score_low_bias,0.966285507198112,0.962473011539644,0.966270736928639,0.0037977253889947,0.1634,0,0.1474,,,1,0,0.0625,0.000914647449105515,0.0689962404595217,0.00181944411226167,-0.248298911704166,0.1474,737,0.1474,0,737,0,1,0,0.0037977253889947,0,0.0257647584056628,0.0257647584056628,1,1
additive_bias,188,-0.1,score_low_bias,0.966285507198112,0.962804277014047,0.966270736928639,0.00346645991459171,0.1634,0.0028,0.1474,1,0,1,0,0.01,0.000914647449105515,0.0129820701873575,0.00181944411226167,-0.0982989117041662,0.1446,723,0.1446,0,723,0,1,0,0.00346645991459174,0,0.0239727518298184,0.0239727518298184,1,1
additive_bias,188,0,no_bias,0.966285507198112,0.966285507198112,0.966270736928639,-1.47702694730523e-05,0.1634,0.1634,0.1474,1,0,1,0,0,0.000914647449105515,0.000639290005914724,0.00181944411226167,0.00170108829583382,0.016,80,0,0.016,0,80,0,1,0,-1.47702694730736e-05,0.000923141842067098,0.000923141842067098,1,1
additive_bias,188,0.1,score_high_bias,0.966285507198112,0.950785632668375,0.966270736928639,0.0154851042602641,0.1634,0.6016,0.1474,0.271609042553192,0.728390957446809,1,0,0.01,0.000914647449105515,0.00829650982447193,0.00181944411226167,0.101701088295834,0.4542,2271,0.4382,0.016,2191,80,0.964773227653016,0.0352267723469837,0.0154998745297372,-1.47702694730736e-05,-0.0340931401591019,0.0341581787741309,1,1
additive_bias,188,0.25,score_high_bias,0.966285507198112,0.918851880352506,0.966270736928639,0.0474188565761325,0.1634,0.7934,0.1474,0.205949079909251,0.794050920090749,1,0,0.0625,0.000914647449105515,0.0572823395523077,0.00181944411226167,0.251701088295834,0.646,3230,0.63,0.016,3150,80,0.975232198142415,0.0247678018575851,0.0474336268456056,-1.47702694730736e-05,-0.0734038027494312,0.0734495311378927,1,1
additive_bias,188,0.5,score_high_bias,0.966285507198112,0.86137899702413,0.966270736928639,0.104891739904508,0.1634,0.9536,0.1474,0.17135067114094,0.82864932885906,1,0,0.25,0.000914647449105515,0.238925389098701,0.00181944411226167,0.501701088295834,0.8062,4031,0.7902,0.016,3951,80,0.980153807988092,0.0198461920119077,0.104906510173981,-1.47702694730736e-05,-0.130106350662997,0.130142992363501,1,1
additive_bias,189,-0.5,score_low_bias,0.963870348566799,0.959912562614141,0.963684564475277,0.00377200186113602,0.1656,0,0.2218,,,0.746618575293057,0.253381424706943,0.25,0.000877468708674109,0.262461890460563,0.00030669392078652,-0.506729856091202,0.2218,1109,0.1656,0.0562,828,281,0.746618575293057,0.253381424706943,0.00395778595265843,-0.000185784091522511,0.0170063203838409,0.0186815601631242,1,1
additive_bias,189,-0.25,score_low_bias,0.963870348566799,0.959912562614141,0.963684564475277,0.00377200186113602,0.1656,0,0.2218,,,0.746618575293057,0.253381424706943,0.0625,0.000877468708674109,0.0689456364685656,0.00030669392078652,-0.256729856091202,0.2218,1109,0.1656,0.0562,828,281,0.746618575293057,0.253381424706943,0.00395778595265843,-0.000185784091522511,0.0170063203838409,0.0186815601631242,1,1
additive_bias,189,-0.1,score_low_bias,0.963870348566799,0.960357605030514,0.963684564475277,0.00332695944476313,0.1656,0.0036,0.2218,1,0,0.746618575293057,0.253381424706943,0.01,0.000877468708674109,0.0128358840733673,0.00030669392078652,-0.106729856091202,0.2182,1091,0.162,0.0562,810,281,0.74243813015582,0.25756186984418,0.00351274353628555,-0.000185784091522511,0.0152472935140378,0.0169501724464164,1,1
additive_bias,189,0,no_bias,0.963870348566799,0.963870348566799,0.963684564475277,-0.000185784091522478,0.1656,0.1656,0.2218,1,0,0.746618575293057,0.253381424706943,0,0.000877468708674109,0.000429382476568518,0.00030669392078652,-0.00672985609120236,0.0562,281,0,0.0562,0,281,0,1,0,-0.000185784091522511,-0.00330576675306958,0.00330576675306958,1,1
additive_bias,189,0.1,score_high_bias,0.963870348566799,0.947877686710521,0.963684564475277,0.0158068777647559,0.1656,0.6044,0.2218,0.273990734612839,0.726009265387161,0.746618575293057,0.253381424706943,0.01,0.000877468708674109,0.0080228808797697,0.00030669392078652,0.0932701439087976,0.3826,1913,0.3826,0,1913,0,1,0,0.0158068777647558,0,-0.0413143694844636,0.0413143694844636,1,1
additive_bias,189,0.25,score_high_bias,0.963870348566799,0.917162989084151,0.963684564475277,0.0465215753911256,0.1656,0.789,0.2218,0.209885931558935,0.790114068441065,0.746618575293057,0.253381424706943,0.0625,0.000877468708674109,0.0569131284845715,0.00030669392078652,0.243270143908798,0.5672,2836,0.5672,0,2836,0,1,0,0.0465215753911255,0,-0.0820197027347065,0.0820197027347065,1,1
additive_bias,189,0.5,score_high_bias,0.963870348566799,0.856923902670235,0.963684564475277,0.106760661805042,0.1656,0.956,0.2218,0.173221757322176,0.826778242677824,0.746618575293057,0.253381424706943,0.25,0.000877468708674109,0.238396874492574,0.00030669392078652,0.493270143908798,0.7342,3671,0.7342,0,3671,0,1,0,0.106760661805042,0,-0.145410871431547,0.145410871431547,1,1
additive_bias,190,-0.5,score_low_bias,0.964053521390324,0.960290107165623,0.963970233433913,0.00368012626829084,0.1578,0,0.124,,,1,0,0.25,0.00103571180344428,0.249915924756649,0.000709099478118511,-0.494832830401523,0.124,620,0.124,0,620,0,1,0,0.00368012626829078,0,0.0296784376475063,0.0296784376475063,1,1
additive_bias,190,-0.25,score_low_bias,0.964053521390324,0.960290107165623,0.963970233433913,0.00368012626829084,0.1578,0,0.124,,,1,0,0.0625,0.00103571180344428,0.0626856667005877,0.000709099478118511,-0.244832830401523,0.124,620,0.124,0,620,0,1,0,0.00368012626829078,0,0.0296784376475063,0.0296784376475063,1,1
additive_bias,190,-0.1,score_low_bias,0.964053521390324,0.960776997256279,0.963970233433913,0.00319323617763412,0.1578,0.0042,0.124,1,0,1,0,0.01,0.00103571180344428,0.0103475118669508,0.000709099478118511,-0.0948328304015232,0.1198,599,0.1198,0,599,0,1,0,0.00319323617763409,0,0.0266547260236568,0.0266547260236568,1,1
additive_bias,190,0,no_bias,0.964053521390324,0.964053521390324,0.963970233433913,-8.32879564111044e-05,0.1578,0.1578,0.124,1,0,1,0,0,0.00103571180344428,0.00045540864452625,0.000709099478118511,0.00516716959847685,0.0338,169,0,0.0338,0,169,0,1,0,-8.32879564111731e-05,0.00246414072222405,0.00246414072222405,1,1
additive_bias,190,0.1,score_high_bias,0.964053521390324,0.948022402981979,0.963970233433913,0.0159478304519338,0.1578,0.5974,0.124,0.264144626715768,0.735855373284232,1,0,0.01,0.00103571180344428,0.0105633054221017,0.000709099478118511,0.105167169598477,0.4734,2367,0.4396,0.0338,2198,169,0.928601605407689,0.0713983945923109,0.016031118408345,-8.32879564111731e-05,-0.0336878547780604,0.0340397261612931,1,1
additive_bias,190,0.25,score_high_bias,0.964053521390324,0.916660387918346,0.963970233433913,0.0473098455155672,0.1578,0.7842,0.124,0.201224177505738,0.798775822494262,1,0,0.0625,0.00103571180344428,0.0632251505884648,0.000709099478118511,0.255167169598477,0.6602,3301,0.6264,0.0338,3132,169,0.948803392911239,0.051196607088761,0.0473931334719783,-8.32879564111731e-05,-0.0716598690026767,0.0719121802914109,1,1
additive_bias,190,0.5,score_high_bias,0.964053521390324,0.85507136988363,0.963970233433913,0.108898863550283,0.1578,0.9548,0.124,0.16527021365731,0.83472978634269,1,0,0.25,0.00103571180344428,0.250994892532403,0.000709099478118511,0.505167169598477,0.8308,4154,0.797,0.0338,3985,169,0.959316321617718,0.0406836783822821,0.108982151506694,-8.32879564111731e-05,-0.131077110676797,0.13127761129406,1,1
additive_bias,191,-0.5,score_low_bias,0.965483046745879,0.961763604920989,0.965467316299527,0.00370371137853887,0.1628,0,0.1456,,,1,0,0.25,0.00113115603766216,0.246677101765414,0.000417479296966387,-0.498076652138038,0.1456,728,0.1456,0,728,0,1,0,0.00370371137853889,0,0.0254375781493056,0.0254375781493056,1,1
additive_bias,191,-0.25,score_low_bias,0.965483046745879,0.961763604920989,0.965467316299527,0.00370371137853887,0.1628,0,0.1456,,,1,0,0.0625,0.00113115603766216,0.0611960149205279,0.000417479296966387,-0.248076652138038,0.1456,728,0.1456,0,728,0,1,0,0.00370371137853889,0,0.0254375781493056,0.0254375781493056,1,1
additive_bias,191,-0.1,score_low_bias,0.965483046745879,0.962157582671054,0.965467316299527,0.00330973362847342,0.1628,0.0032,0.1456,1,0,1,0,0.01,0.00113115603766216,0.00990736281359652,0.000417479296966387,-0.0980766521380379,0.1424,712,0.1424,0,712,0,1,0,0.00330973362847344,0,0.023242511435909,0.023242511435909,1,1
additive_bias,191,0,no_bias,0.965483046745879,0.965483046745879,0.965467316299527,-1.57304463516139e-05,0.1628,0.1628,0.1456,1,0,1,0,0,0.00113115603766216,0.000714928075642274,0.000417479296966387,0.00192334786196213,0.0172,86,0,0.0172,0,86,0,1,0,-1.5730446351645e-05,0.000914560834397965,0.000914560834397965,1,1
additive_bias,191,0.1,score_high_bias,0.965483046745879,0.94962613330287,0.965467316299527,0.0158411829966575,0.1628,0.602,0.1456,0.270431893687708,0.729568106312292,1,0,0.01,0.00113115603766216,0.011522493337688,0.000417479296966387,0.101923347861962,0.4564,2282,0.4392,0.0172,2196,86,0.962313759859772,0.0376862401402279,0.0158569134430091,-1.5730446351645e-05,-0.0347089899137981,0.0347779226322541,1,1
additive_bias,191,0.25,score_high_bias,0.965483046745879,0.917283671727423,0.965467316299527,0.0481836445721041,0.1628,0.8004,0.1456,0.203398300849575,0.796601699150425,1,0,0.0625,0.00113115603766216,0.0652338412307567,0.000417479296966387,0.251923347861962,0.6548,3274,0.6376,0.0172,3188,86,0.973732437385461,0.0262675626145388,0.0481993750184558,-1.5730446351645e-05,-0.0735852849299086,0.0736333314978733,1,1
additive_bias,191,0.5,score_high_bias,0.965483046745879,0.858790604782563,0.965467316299527,0.106676711516964,0.1628,0.9612,0.1456,0.169371618809821,0.830628381190179,1,0,0.25,0.00113115603766216,0.254752754385871,0.000417479296966387,0.501923347861962,0.8156,4078,0.7984,0.0172,3992,86,0.978911230995586,0.0210887690044139,0.106692441963316,-1.5730446351645e-05,-0.130795379496033,0.130833953420387,1,1
additive_bias,192,-0.5,score_low_bias,0.965413349122402,0.961673892760641,0.965336138750881,0.00366224599023934,0.1564,0,0.1946,,,0.803699897225077,0.196300102774923,0.25,0.0102350428672465,0.237898246070291,0.000433316315542624,-0.504551842850065,0.1946,973,0.1564,0.0382,782,191,0.803699897225077,0.196300102774923,0.00373945636176078,-7.72103715214421e-05,0.0188193524678281,0.0196128814659929,1,1
additive_bias,192,-0.25,score_low_bias,0.965413349122402,0.961673892760641,0.965336138750881,0.00366224599023934,0.1564,0,0.1946,,,0.803699897225077,0.196300102774923,0.0625,0.0102350428672465,0.0567584216469528,0.000433316315542624,-0.254551842850065,0.1946,973,0.1564,0.0382,782,191,0.803699897225077,0.196300102774923,0.00373945636176078,-7.72103715214421e-05,0.0188193524678281,0.0196128814659929,1,1
additive_bias,192,-0.1,score_low_bias,0.965413349122402,0.962076336939453,0.965336138750881,0.00325980181142727,0.1564,0.0032,0.1946,1,0,0.803699897225077,0.196300102774923,0.01,0.0102350428672465,0.00807452699295002,0.000433316315542624,-0.104551842850065,0.1914,957,0.1532,0.0382,766,191,0.800417972831766,0.199582027168234,0.00333701218294871,-7.72103715214421e-05,0.0170313574264748,0.0178381533671377,1,1
additive_bias,192,0,no_bias,0.965413349122402,0.965413349122402,0.965336138750881,-7.721037152153e-05,0.1564,0.1564,0.1946,1,0,0.803699897225077,0.196300102774923,0,0.0102350428672465,0.00061859722361484,0.000433316315542624,-0.00455184285006505,0.0382,191,0,0.0382,0,191,0,1,0,-7.72103715214421e-05,-0.00202121391417388,0.00202121391417388,1,1
additive_bias,192,0.1,score_high_bias,0.965413349122402,0.949105066034391,0.965336138750881,0.0162310727164903,0.1564,0.6102,0.1946,0.256309406751885,0.743690593248115,0.803699897225077,0.196300102774923,0.01,0.0102350428672465,0.0131626674542797,0.000433316315542624,0.095448157149935,0.4156,2078,0.4156,0,2078,0,1,0,0.0162310727164903,0,-0.0390545541782731,0.0390545541782731,1,1
additive_bias,192,0.25,score_high_bias,0.965413349122402,0.917593966894898,0.965336138750881,0.0477421718559826,0.1564,0.801,0.1946,0.195255930087391,0.804744069912609,0.803699897225077,0.196300102774923,0.0625,0.0102350428672465,0.0694787728002769,0.000433316315542624,0.245448157149935,0.6064,3032,0.6064,0,3032,0,1,0,0.0477421718559826,0,-0.0787304944854595,0.0787304944854595,1,1
additive_bias,192,0.5,score_high_bias,0.965413349122402,0.860906981365281,0.965336138750881,0.1044291573856,0.1564,0.9566,0.1946,0.163495713987037,0.836504286012963,0.803699897225077,0.196300102774923,0.25,0.0102350428672465,0.263338948376939,0.000433316315542624,0.495448157149935,0.762,3810,0.762,0,3810,0,1,0,0.1044291573856,0,-0.137046138301312,0.137046138301312,1,1
additive_bias,193,-0.5,score_low_bias,0.965366770736302,0.961639461625695,0.965282542336015,0.00364308071031982,0.1694,0,0.1308,,,1,0,0.25,0.000812790026337585,0.253130370831412,0.00082870428022077,-0.495154581781932,0.1308,654,0.1308,0,654,0,1,0,0.00364308071031974,0,0.0278522990085607,0.0278522990085607,1,1
additive_bias,193,-0.25,score_low_bias,0.965366770736302,0.961639461625695,0.965282542336015,0.00364308071031982,0.1694,0,0.1308,,,1,0,0.0625,0.000812790026337585,0.0642279267753038,0.00082870428022077,-0.245154581781932,0.1308,654,0.1308,0,654,0,1,0,0.00364308071031974,0,0.0278522990085607,0.0278522990085607,1,1
additive_bias,193,-0.1,score_low_bias,0.965366770736302,0.96187809435095,0.965282542336015,0.0034044479850649,0.1694,0.002,0.1308,1,0,1,0,0.01,0.000812790026337585,0.0108864603416392,0.00082870428022077,-0.0951545817819321,0.1288,644,0.1288,0,644,0,1,0,0.00340444798506489,0,0.0264320495734852,0.0264320495734852,1,1
additive_bias,193,0,no_bias,0.965366770736302,0.965366770736302,0.965282542336015,-8.42284002868787e-05,0.1694,0.1694,0.1308,1,0,1,0,0,0.000812790026337585,0.000325482719196136,0.00082870428022077,0.00484541821806794,0.0386,193,0,0.0386,0,193,0,1,0,-8.42284002868806e-05,0.00218208290898654,0.00218208290898654,1,1
additive_bias,193,0.1,score_high_bias,0.965366770736302,0.9498396930494,0.965282542336015,0.015442849286615,0.1694,0.606,0.1308,0.27953795379538,0.720462046204621,1,0,0.01,0.000812790026337585,0.00976450509675306,0.00082870428022077,0.104845418218068,0.4752,2376,0.4366,0.0386,2183,193,0.918771043771044,0.0812289562289562,0.0155270776869018,-8.42284002868806e-05,-0.0324975784650987,0.0328520750993027,1,1
additive_bias,193,0.25,score_high_bias,0.965366770736302,0.919202666119829,0.965282542336015,0.0460798762161864,0.1694,0.7922,0.1308,0.213834890179248,0.786165109820752,1,0,0.0625,0.000812790026337585,0.0614230386630884,0.00082870428022077,0.254845418218068,0.6614,3307,0.6228,0.0386,3114,193,0.941638947686725,0.0583610523132749,0.0461641046164732,-8.42284002868806e-05,-0.0696702089751834,0.0699249062847899,1,1
additive_bias,193,0.5,score_high_bias,0.965366770736302,0.860625709645442,0.965282542336015,0.104656832690573,0.1694,0.9548,0.1308,0.17741935483871,0.82258064516129,1,0,0.25,0.000812790026337585,0.247520594606981,0.00082870428022077,0.504845418218068,0.824,4120,0.7854,0.0386,3927,193,0.953155339805825,0.0468446601941748,0.104741061090859,-8.42284002868806e-05,-0.127010719284676,0.127215157149449,1,1
additive_bias,194,-0.5,score_low_bias,0.964622133406903,0.961088237636572,0.964297442609918,0.00320920497334642,0.1532,0,0.2232,,,0.686379928315412,0.313620071684588,0.25,0.0010733812365094,0.247086964599836,0.000817434756672238,-0.509613763923279,0.2232,1116,0.1532,0.07,766,350,0.686379928315412,0.313620071684588,0.00353389577033134,-0.000324690796984894,0.014378158482735,0.0172875742263272,1,1
additive_bias,194,-0.25,score_low_bias,0.964622133406903,0.961088237636572,0.964297442609918,0.00320920497334642,0.1532,0,0.2232,,,0.686379928315412,0.313620071684588,0.0625,0.0010733812365094,0.0612242382790222,0.000817434756672238,-0.259613763923279,0.2232,1116,0.1532,0.07,766,350,0.686379928315412,0.313620071684588,0.00353389577033134,-0.000324690796984894,0.014378158482735,0.0172875742263272,1,1
additive_bias,194,-0.1,score_low_bias,0.964622133406903,0.961526294602051,0.964297442609918,0.00277114800786704,0.1532,0.0038,0.2232,1,0,0.686379928315412,0.313620071684588,0.01,0.0010733812365094,0.009706602486534,0.000817434756672238,-0.109613763923279,0.2194,1097,0.1494,0.07,747,350,0.680948040109389,0.319051959890611,0.0030958388048519,-0.000324690796984894,0.0126305743293847,0.0155903810475697,1,1
additive_bias,194,0,no_bias,0.964622133406903,0.964622133406903,0.964297442609918,-0.000324690796984939,0.1532,0.1532,0.2232,1,0,0.686379928315412,0.313620071684588,0,0.0010733812365094,0.000361511958208523,0.000817434756672238,-0.00961376392327939,0.07,350,0,0.07,0,350,0,1,0,-0.000324690796984894,-0.00463843995692705,0.00463843995692705,1,1
additive_bias,194,0.1,score_high_bias,0.964622133406903,0.948717219638059,0.964297442609918,0.015580222971859,0.1532,0.5942,0.2232,0.25782564792999,0.74217435207001,0.686379928315412,0.313620071684588,0.01,0.0010733812365094,0.011016421429883,0.000817434756672238,0.0903862360767206,0.371,1855,0.371,0,1855,0,1,0,0.0155802229718591,0,-0.041995210166736,0.041995210166736,1,1
additive_bias,194,0.25,score_high_bias,0.964622133406903,0.91754972676392,0.964297442609918,0.0467477158459982,0.1532,0.7796,0.2232,0.196511031298102,0.803488968701899,0.686379928315412,0.313620071684588,0.0625,0.0010733812365094,0.0644987856373948,0.000817434756672238,0.240386236076721,0.5564,2782,0.5564,0,2782,0,1,0,0.0467477158459982,0,-0.0840181808878472,0.0840181808878472,1,1
additive_bias,194,0.5,score_high_bias,0.964622133406903,0.855581051562062,0.964297442609918,0.108716391047856,0.1532,0.9502,0.2232,0.161229214902126,0.838770785097874,0.686379928315412,0.313620071684588,0.25,0.0010733812365094,0.253636059316581,0.000817434756672238,0.490386236076721,0.727,3635,0.727,0,3635,0,1,0,0.108716391047856,0,-0.149541115609156,0.149541115609156,1,1
additive_bias,195,-0.5,score_low_bias,0.964840690393314,0.961222681424611,0.963074419754548,0.00185173832993735,0.1584,0,0.026,,,1,0,0.25,0.0019140216612831,0.250360435804183,0.000413213928677023,-0.455876220773505,0.026,130,0.026,0,130,0,1,0,0.00185173832993727,0,0.0712207049975872,0.0712207049975872,1,1
additive_bias,195,-0.25,score_low_bias,0.964840690393314,0.961222681424611,0.963074419754548,0.00185173832993735,0.1584,0,0.026,,,1,0,0.0625,0.0019140216612831,0.0629879754385389,0.000413213928677023,-0.205876220773505,0.026,130,0.026,0,130,0,1,0,0.00185173832993727,0,0.0712207049975872,0.0712207049975872,1,1
additive_bias,195,-0.1,score_low_bias,0.964840690393314,0.961569287615357,0.963074419754548,0.00150513213919112,0.1584,0.0028,0.026,1,0,1,0,0.01,0.0019140216612831,0.0105644992191523,0.000413213928677023,-0.0558762207735048,0.0232,116,0.0232,0,116,0,1,0,0.00150513213919104,0,0.0648763853099584,0.0648763853099584,1,1
additive_bias,195,0,no_bias,0.964840690393314,0.964840690393314,0.963074419754548,-0.001766270638766,0.1584,0.1584,0.026,1,0,1,0,0,0.0019140216612831,0.000615515072894539,0.000413213928677023,0.0441237792264952,0.1324,662,0,0.1324,0,662,0,1,0,-0.001766270638766,0.0133404126795015,0.0133404126795015,1,1
additive_bias,195,0.1,score_high_bias,0.964840690393314,0.949004302276372,0.963074419754548,0.0140701174781758,0.1584,0.5866,0.026,0.270030685305148,0.729969314694852,1,0,0.01,0.0019140216612831,0.0106665309266368,0.000413213928677023,0.144123779226495,0.5606,2803,0.4282,0.1324,2141,662,0.763824473778095,0.236175526221905,0.0158363881169417,-0.001766270638766,-0.0250983187266781,0.0313996766958754,1,1
additive_bias,195,0.25,score_high_bias,0.964840690393314,0.915631188065555,0.963074419754548,0.0474432316889926,0.1584,0.7916,0.026,0.200101061141991,0.799898938858009,1,0,0.0625,0.0019140216612831,0.0632430547072501,0.000413213928677023,0.294123779226495,0.7656,3828,0.6332,0.1324,3166,662,0.827063740856844,0.172936259143156,0.0492095023277585,-0.001766270638766,-0.0619686934286736,0.0665827755571114,1,1
additive_bias,195,0.5,score_high_bias,0.964840690393314,0.857182268727559,0.963074419754548,0.105892151026989,0.1584,0.9522,0.026,0.166351606805293,0.833648393194707,1,0,0.25,0.0019140216612831,0.250870594341606,0.000413213928677023,0.544123779226495,0.9262,4631,0.7938,0.1324,3969,662,0.85705031310732,0.14294968689268,0.107658421665755,-0.001766270638766,-0.114329681523417,0.118143697154525,1,1
additive_bias,196,-0.5,score_low_bias,0.964286570531622,0.960963898629889,0.963972674775584,0.00300877614569495,0.15,0,0.0866,,,1,0,0.25,0.00226986416857629,0.252383945385297,0.000583328761393002,-0.488421116916232,0.0866,433,0.0866,0,433,0,1,0,0.003008776145695,0,0.0347433735068706,0.0347433735068706,1,1
additive_bias,196,-0.25,score_low_bias,0.964286570531622,0.960963898629889,0.963972674775584,0.00300877614569495,0.15,0,0.0866,,,1,0,0.0625,0.00226986416857629,0.0639823686455142,0.000583328761393002,-0.238421116916232,0.0866,433,0.0866,0,433,0,1,0,0.003008776145695,0,0.0347433735068706,0.0347433735068706,1,1
additive_bias,196,-0.1,score_low_bias,0.964286570531622,0.96119254400633,0.963972674775584,0.00278013076925399,0.15,0.002,0.0866,1,0,1,0,0.01,0.00226986416857629,0.0109414226016445,0.000583328761393002,-0.0884211169162323,0.0846,423,0.0846,0,423,0,1,0,0.00278013076925405,0,0.0328620658304261,0.0328620658304261,1,1
additive_bias,196,0,no_bias,0.964286570531622,0.964286570531622,0.963972674775584,-0.000313895756038241,0.15,0.15,0.0866,1,0,1,0,0,0.00226986416857629,0.000580791905731458,0.000583328761393002,0.0115788830837678,0.0634,317,0,0.0634,0,317,0,1,0,-0.00031389575603824,0.00495103716148643,0.00495103716148643,1,1
additive_bias,196,0.1,score_high_bias,0.964286570531622,0.94835830388186,0.963972674775584,0.0156143708937238,0.15,0.5914,0.0866,0.253635441325668,0.746364558674332,1,0,0.01,0.00226986416857629,0.0102201612098184,0.000583328761393002,0.111578883083768,0.5048,2524,0.4414,0.0634,2207,317,0.874405705229794,0.125594294770206,0.015928266649762,-0.00031389575603824,-0.0309317965406572,0.0321754405820132,1,1
additive_bias,196,0.25,score_high_bias,0.964286570531622,0.914685485620898,0.963972674775584,0.0492871891546861,0.15,0.7952,0.0866,0.188631790744467,0.811368209255533,1,0,0.0625,0.00226986416857629,0.0621792151659487,0.000583328761393002,0.261578883083768,0.7086,3543,0.6452,0.0634,3226,317,0.910527801298335,0.0894721987016653,0.0496010849107244,-0.00031389575603824,-0.069555728414742,0.0704416887761256,1,1
additive_bias,196,0.5,score_high_bias,0.964286570531622,0.855942465938665,0.963972674775584,0.108030208836919,0.15,0.9578,0.0866,0.156608895385258,0.843391104614742,1,0,0.25,0.00226986416857629,0.248777638426166,0.000583328761393002,0.511578883083768,0.8712,4356,0.8078,0.0634,4039,317,0.92722681359045,0.0727731864095501,0.108344104592957,-0.00031389575603824,-0.124001617122267,0.124722222622814,1,1
additive_bias,197,-0.5,score_low_bias,0.965627777633532,0.962051014788657,0.964488658491031,0.00243764370237476,0.1612,0,0.0444,,,1,0,0.25,0.00107517018562949,0.246499491352625,0.000188258241456887,-0.472506108769317,0.0444,222,0.0444,0,222,0,1,0,0.00243764370237482,0,0.054901885188622,0.054901885188622,1,1
additive_bias,197,-0.25,score_low_bias,0.965627777633532,0.962051014788657,0.964488658491031,0.00243764370237476,0.1612,0,0.0444,,,1,0,0.0625,0.00107517018562949,0.0611018629896035,0.000188258241456887,-0.222506108769317,0.0444,222,0.0444,0,222,0,1,0,0.00243764370237482,0,0.054901885188622,0.054901885188622,1,1
additive_bias,197,-0.1,score_low_bias,0.965627777633532,0.962363877473737,0.964488658491031,0.00212478101729485,0.1612,0.0028,0.0444,1,0,1,0,0.01,0.00107517018562949,0.0098632859717906,0.000188258241456887,-0.0725061087693171,0.0416,208,0.0416,0,208,0,1,0,0.00212478101729487,0,0.051076466761896,0.051076466761896,1,1
additive_bias,197,0,no_bias,0.965627777633532,0.965627777633532,0.964488658491031,-0.00113911914250076,0.1612,0.1612,0.0444,1,0,1,0,0,0.00107517018562949,0.000704234626582013,0.000188258241456887,0.0274938912306829,0.1168,584,0,0.1168,0,584,0,1,0,-0.00113911914250075,0.0097527323844242,0.0097527323844242,1,1
additive_bias,197,0.1,score_high_bias,0.965627777633532,0.949255001754864,0.964488658491031,0.0152336567361674,0.1612,0.598,0.0444,0.269565217391304,0.730434782608696,1,0,0.01,0.00107517018562949,0.0115451832813734,0.000188258241456887,0.127493891230683,0.5536,2768,0.4368,0.1168,2184,584,0.789017341040462,0.210982658959538,0.0163727758786682,-0.00113911914250075,-0.027517443526314,0.0316327583474872,1,1
additive_bias,197,0.25,score_high_bias,0.965627777633532,0.918652571808012,0.964488658491031,0.045836086683019,0.1612,0.784,0.0444,0.205612244897959,0.794387755102041,1,0,0.0625,0.00107517018562949,0.0653066062635606,0.000188258241456887,0.277493891230683,0.7396,3698,0.6228,0.1168,3114,584,0.842076798269335,0.157923201730665,0.0469752058255198,-0.00113911914250075,-0.061974157224201,0.0650545226717422,1,1
additive_bias,197,0.5,score_high_bias,0.965627777633532,0.855690341790402,0.964488658491031,0.10879831670063,0.1612,0.9562,0.0444,0.168583978247229,0.831416021752771,1,0,0.25,0.00107517018562949,0.254908977900539,0.000188258241456887,0.527493891230683,0.9118,4559,0.795,0.1168,3975,584,0.871901732836148,0.128098267163852,0.10993743584313,-0.00113911914250075,-0.119322567120673,0.121821183357788,1,1
additive_bias,198,-0.5,score_low_bias,0.964525132658604,0.960850516929951,0.964331123187615,0.00348060625766422,0.1548,0,0.1046,,,1,0,0.25,0.000962993339933035,0.253983185111708,0.000814373320517195,-0.491482872951606,0.1046,523,0.1046,0,523,0,1,0,0.00348060625766427,0,0.0332753944327368,0.0332753944327368,1,1
additive_bias,198,-0.25,score_low_bias,0.964525132658604,0.960850516929951,0.964331123187615,0.00348060625766422,0.1548,0,0.1046,,,1,0,0.0625,0.000962993339933035,0.0656828413309263,0.000814373320517195,-0.241482872951606,0.1046,523,0.1046,0,523,0,1,0,0.00348060625766427,0,0.0332753944327368,0.0332753944327368,1,1
additive_bias,198,-0.1,score_low_bias,0.964525132658604,0.961217222840391,0.964331123187615,0.00311390034722425,0.1548,0.003,0.1046,1,0,1,0,0.01,0.000962993339933035,0.0127026350624571,0.000814373320517195,-0.0914828729516055,0.1016,508,0.1016,0,508,0,1,0,0.00311390034722425,0,0.0306486254648056,0.0306486254648056,1,1
additive_bias,198,0,no_bias,0.964525132658604,0.964525132658604,0.964331123187615,-0.000194009470989465,0.1548,0.1548,0.1046,1,0,1,0,0,0.000962993339933035,0.00238249755014432,0.000814373320517195,0.00851712704839447,0.0502,251,0,0.0502,0,251,0,1,0,-0.000194009470989465,0.00386473049779811,0.00386473049779811,1,1
additive_bias,198,0.1,score_high_bias,0.964525132658604,0.948786345463688,0.964331123187615,0.0155447777239265,0.1548,0.5868,0.1046,0.263803680981595,0.736196319018405,1,0,0.01,0.000962993339933035,0.0120623600378316,0.000814373320517195,0.108517127048394,0.4822,2411,0.432,0.0502,2160,251,0.895893819991705,0.104106180008295,0.0157387871949159,-0.000194009470989465,-0.0322371997592835,0.0330418844170581,1,1
additive_bias,198,0.25,score_high_bias,0.964525132658604,0.915739372775946,0.964331123187615,0.0485917504116685,0.1548,0.784,0.1046,0.197448979591837,0.802551020408163,1,0,0.0625,0.000962993339933035,0.0640821537693624,0.000814373320517195,0.258517127048394,0.6794,3397,0.6292,0.0502,3146,251,0.926111274654107,0.0738887253458934,0.048785759882658,-0.000194009470989465,-0.07152156374988,0.0720926837704554,1,1
additive_bias,198,0.5,score_high_bias,0.964525132658604,0.855095284539165,0.964331123187615,0.10923583864845,0.1548,0.9502,0.1046,0.162913070932435,0.837086929067565,1,0,0.25,0.000962993339933035,0.250781809988581,0.000814373320517195,0.508517127048394,0.8456,4228,0.7954,0.0502,3977,251,0.940633869441817,0.0593661305581835,0.10942984811944,-0.000194009470989465,-0.12918145535531,0.129640323545919,1,1
additive_bias,199,-0.5,score_low_bias,0.965930499728035,0.962445473714345,0.96511623058553,0.00267075687118556,0.1554,0,0.0582,,,1,0,0.25,0.00121440018715183,0.259067096764958,0.000398991903360876,-0.47986027513165,0.0582,291,0.0582,0,291,0,1,0,0.00267075687118558,0,0.0458892933193398,0.0458892933193398,1,1
additive_bias,199,-0.25,score_low_bias,0.965930499728035,0.962445473714345,0.96511623058553,0.00267075687118556,0.1554,0,0.0582,,,1,0,0.0625,0.00121440018715183,0.0671931935656966,0.000398991903360876,-0.22986027513165,0.0582,291,0.0582,0,291,0,1,0,0.00267075687118558,0,0.0458892933193398,0.0458892933193398,1,1
additive_bias,199,-0.1,score_low_bias,0.965930499728035,0.962770062180535,0.96511623058553,0.00234616840499546,0.1554,0.0026,0.0582,1,0,1,0,0.01,0.00121440018715183,0.0120688516461397,0.000398991903360876,-0.07986027513165,0.0556,278,0.0556,0,278,0,1,0,0.00234616840499547,0,0.0421972734711415,0.0421972734711415,1,1
additive_bias,199,0,no_bias,0.965930499728035,0.965930499728035,0.96511623058553,-0.000814269142504376,0.1554,0.1554,0.0582,1,0,1,0,0,0.00121440018715183,0.000319290366435119,0.000398991903360876,0.02013972486835,0.0972,486,0,0.0972,0,486,0,1,0,-0.000814269142504421,0.00837725455251462,0.00837725455251462,1,1
additive_bias,199,0.1,score_high_bias,0.965930499728035,0.949926378029269,0.96511623058553,0.0151898525562618,0.1554,0.595,0.0582,0.261176470588235,0.738823529411765,1,0,0.01,0.00121440018715183,0.00856972908673051,0.000398991903360876,0.12013972486835,0.5368,2684,0.4396,0.0972,2198,486,0.81892697466468,0.18107302533532,0.0160041216987662,-0.000814269142504421,-0.0282970427650182,0.031330832416674,1,1
additive_bias,199,0.25,score_high_bias,0.965930499728035,0.916820350075579,0.96511623058553,0.0482958805099514,0.1554,0.7948,0.0582,0.195520885757423,0.804479114242577,1,0,0.0625,0.00121440018715183,0.0584453871671736,0.000398991903360876,0.27013972486835,0.7366,3683,0.6394,0.0972,3197,486,0.868042356774369,0.131957643225631,0.0491101496524558,-0.000814269142504421,-0.0655659523621387,0.0677768378970407,1,1
additive_bias,199,0.5,score_high_bias,0.965930499728035,0.857217259540715,0.96511623058553,0.107898971044815,0.1554,0.9594,0.0582,0.161976235146967,0.838023764853033,1,0,0.25,0.00121440018715183,0.241571483967912,0.000398991903360876,0.52013972486835,0.9012,4506,0.804,0.0972,4020,486,0.892143808255659,0.107856191744341,0.10871324018732,-0.000814269142504421,-0.119728108127846,0.121535185674461,1,1
additive_bias,200,-0.5,score_low_bias,0.965119242186099,0.961636723473744,0.961645947065809,9.22359206578793e-06,0.1622,0,0.3914,,,0.414409810935105,0.585590189064895,0.25,0.00221575467008441,0.254110606030667,0.000467077137101374,-0.531947292494191,0.3914,1957,0.1622,0.2292,811,1146,0.414409810935105,0.585590189064895,0.00348251871235519,-0.00347329512028942,2.35656414557193e-05,0.0177716245085453,1,1
additive_bias,200,-0.25,score_low_bias,0.965119242186099,0.961636723473744,0.961645947065809,9.22359206578793e-06,0.1622,0,0.3914,,,0.414409810935105,0.585590189064895,0.0625,0.00221575467008441,0.0646951164407435,0.000467077137101374,-0.281947292494191,0.3914,1957,0.1622,0.2292,811,1146,0.414409810935105,0.585590189064895,0.00348251871235519,-0.00347329512028942,2.35656414557193e-05,0.0177716245085453,1,1
additive_bias,200,-0.1,score_low_bias,0.965119242186099,0.96198222832586,0.961645947065809,-0.000336281260050031,0.1622,0.0028,0.3914,1,0,0.414409810935105,0.585590189064895,0.01,0.00221575467008441,0.0110458226867894,0.000467077137101374,-0.131947292494191,0.3886,1943,0.1594,0.2292,797,1146,0.410190427174472,0.589809572825527,0.00313701386023934,-0.00347329512028942,-0.00086536608350509,0.0170105738047575,1,1
additive_bias,200,0,no_bias,0.965119242186099,0.965119242186099,0.961645947065809,-0.00347329512028938,0.1622,0.1622,0.3914,1,0,0.414409810935105,0.585590189064895,0,0.00221575467008441,0.000279626850820085,0.000467077137101374,-0.0319472924941907,0.2292,1146,0,0.2292,0,1146,0,1,0,-0.00347329512028942,-0.0151539926714198,0.0151539926714198,1,1
additive_bias,200,0.1,score_high_bias,0.965119242186099,0.949278403229881,0.961645947065809,0.0123675438359281,0.1622,0.5974,0.3914,0.271509876129896,0.728490123870104,0.414409810935105,0.585590189064895,0.01,0.00221575467008441,0.00951343101485073,0.000467077137101374,0.0680527075058093,0.206,1030,0.206,0,1030,0,1,0,0.0123675438359281,0,-0.0600366205627576,0.0600366205627576,1,1
additive_bias,200,0.25,score_high_bias,0.965119242186099,0.917556809413916,0.961645947065809,0.0440891376518937,0.1622,0.7904,0.3914,0.205212550607287,0.794787449392713,0.414409810935105,0.585590189064895,0.0625,0.00221575467008441,0.0608641372608967,0.000467077137101374,0.218052707505809,0.399,1995,0.399,0,1995,0,1,0,0.0440891376518936,0,-0.110499091859383,0.110499091859383,1,1
additive_bias,200,0.5,score_high_bias,0.965119242186099,0.858746298110228,0.961645947065809,0.102899648955582,0.1622,0.9536,0.3914,0.170092281879195,0.829907718120805,0.414409810935105,0.585590189064895,0.25,0.00221575467008441,0.246448647670973,0.000467077137101374,0.468052707505809,0.5622,2811,0.5622,0,2811,0,1,0,0.102899648955582,0,-0.183030325427929,0.183030325427929,1,1
additive_bias,201,-0.5,score_low_bias,0.965055354015229,0.961329168948769,0.963844180163171,0.00251501121440179,0.159,0,0.0436,,,1,0,0.25,0.00145401916854977,0.241719034875052,0.00153556361835839,-0.471133498241798,0.0436,218,0.0436,0,218,0,1,0,0.00251501121440173,0,0.057683743449581,0.057683743449581,1,1
additive_bias,201,-0.25,score_low_bias,0.965055354015229,0.961329168948769,0.963844180163171,0.00251501121440179,0.159,0,0.0436,,,1,0,0.0625,0.00145401916854977,0.0585868669212807,0.00153556361835839,-0.221133498241798,0.0436,218,0.0436,0,218,0,1,0,0.00251501121440173,0,0.057683743449581,0.057683743449581,1,1
additive_bias,201,-0.1,score_low_bias,0.965055354015229,0.961771529334064,0.963844180163171,0.0020726508291069,0.159,0.0038,0.0436,1,0,1,0,0.01,0.00145401916854977,0.00870756614901799,0.00153556361835839,-0.071133498241798,0.0398,199,0.0398,0,199,0,1,0,0.00207265082910687,0,0.05207665399766,0.05207665399766,1,1
additive_bias,201,0,no_bias,0.965055354015229,0.965055354015229,0.963844180163171,-0.00121117385205838,0.159,0.159,0.0436,1,0,1,0,0,0.00145401916854977,0.000454698967509517,0.00153556361835839,0.028866501758202,0.1154,577,0,0.1154,0,577,0,1,0,-0.00121117385205846,0.0104954406590855,0.0104954406590855,1,1
additive_bias,201,0.1,score_high_bias,0.965055354015229,0.949252535528258,0.963844180163171,0.0145916446349127,0.159,0.5942,0.0436,0.267586671154493,0.732413328845507,1,0,0.01,0.00145401916854977,0.012201831786001,0.00153556361835839,0.128866501758202,0.5506,2753,0.4352,0.1154,2176,577,0.790410461314929,0.209589538685071,0.0158028184869711,-0.00121117385205846,-0.026501352406307,0.0309008215383756,1,1
additive_bias,201,0.25,score_high_bias,0.965055354015229,0.919055076200081,0.963844180163171,0.0447891039630902,0.159,0.778,0.0436,0.204370179948586,0.795629820051414,1,0,0.0625,0.00145401916854977,0.0673225310137383,0.00153556361835839,0.278866501758202,0.7344,3672,0.619,0.1154,3095,577,0.842864923747277,0.157135076252723,0.0460002778151486,-0.00121117385205846,-0.0609873419976718,0.0642857457342144,1,1
additive_bias,201,0.5,score_high_bias,0.965055354015229,0.857012109762616,0.963844180163171,0.106832070400555,0.159,0.9502,0.0436,0.167333193011997,0.832666806988003,1,0,0.25,0.00145401916854977,0.259190363059967,0.00153556361835839,0.528866501758202,0.9066,4533,0.7912,0.1154,3956,577,0.872711228766821,0.127288771233179,0.108043244252613,-0.00121117385205846,-0.117838153982522,0.120510057472614,1,1
additive_bias,202,-0.5,score_low_bias,0.963592994822367,0.96010995612227,0.963509161450317,0.00339920532804694,0.1564,0,0.1952,,,0.801229508196721,0.198770491803279,0.25,0.00111254248929062,0.247291509019231,0.00117003661831899,-0.504326535359357,0.1952,976,0.1564,0.0388,782,194,0.801229508196721,0.198770491803279,0.00348303870009744,-8.38333720504181e-05,0.0174139617215524,0.0182729102056755,1,1
additive_bias,202,-0.25,score_low_bias,0.963592994822367,0.96010995612227,0.963509161450317,0.00339920532804694,0.1564,0,0.1952,,,0.801229508196721,0.198770491803279,0.0625,0.00111254248929062,0.061258815205877,0.00117003661831899,-0.254326535359357,0.1952,976,0.1564,0.0388,782,194,0.801229508196721,0.198770491803279,0.00348303870009744,-8.38333720504181e-05,0.0174139617215524,0.0182729102056755,1,1
additive_bias,202,-0.1,score_low_bias,0.963592994822367,0.960473596482628,0.963509161450317,0.00303556496768909,0.1564,0.003,0.1952,1,0,0.801229508196721,0.198770491803279,0.01,0.00111254248929062,0.00963919891786435,0.00117003661831899,-0.104326535359357,0.1922,961,0.1534,0.0388,767,194,0.798126951092612,0.201873048907388,0.0031193983397395,-8.38333720504181e-05,0.0157937823500993,0.0166661379385532,1,1
additive_bias,202,0,no_bias,0.963592994822367,0.963592994822367,0.963509161450317,-8.38333720504236e-05,0.1564,0.1564,0.1952,1,0,0.801229508196721,0.198770491803279,0,0.00111254248929062,0.000226121392522576,0.00117003661831899,-0.00432653535935668,0.0388,194,0,0.0388,0,194,0,1,0,-8.38333720504181e-05,-0.00216065391882521,0.00216065391882521,1,1
additive_bias,202,0.1,score_high_bias,0.963592994822367,0.948137944861779,0.963509161450317,0.015371216588538,0.1564,0.5906,0.1952,0.264815441923468,0.735184558076532,0.801229508196721,0.198770491803279,0.01,0.00111254248929062,0.0108130438671808,0.00117003661831899,0.0956734646406433,0.3954,1977,0.3954,0,1977,0,1,0,0.0153712165885381,0,-0.0388751051809259,0.0388751051809259,1,1
additive_bias,202,0.25,score_high_bias,0.963592994822367,0.915822274173831,0.963509161450317,0.0476868872764857,0.1564,0.7832,0.1952,0.199693564862104,0.800306435137896,0.801229508196721,0.198770491803279,0.0625,0.00111254248929062,0.0641934275791682,0.00117003661831899,0.245673464640643,0.588,2940,0.588,0,2940,0,1,0,0.0476868872764858,0,-0.0811001484293976,0.0811001484293976,1,1
additive_bias,202,0.5,score_high_bias,0.963592994822367,0.854040783855955,0.963509161450317,0.109468377594362,0.1564,0.9542,0.1952,0.1639069377489,0.8360930622511,0.801229508196721,0.198770491803279,0.25,0.00111254248929062,0.253160733765814,0.00117003661831899,0.495673464640643,0.759,3795,0.759,0,3795,0,1,0,0.109468377594362,0,-0.144227111455023,0.144227111455023,1,1
additive_bias,203,-0.5,score_low_bias,0.96517397786095,0.961648191546359,0.964686721712351,0.00303853016599187,0.1584,0,0.0762,,,1,0,0.25,0.00102278320827773,0.242466176389459,0.00113166200600414,-0.486084386369313,0.0762,381,0.0762,0,381,0,1,0,0.00303853016599191,0,0.0398757239631484,0.0398757239631484,1,1
additive_bias,203,-0.25,score_low_bias,0.96517397786095,0.961648191546359,0.964686721712351,0.00303853016599187,0.1584,0,0.0762,,,1,0,0.0625,0.00102278320827773,0.0592069628224727,0.00113166200600414,-0.236084386369313,0.0762,381,0.0762,0,381,0,1,0,0.00303853016599191,0,0.0398757239631484,0.0398757239631484,1,1
additive_bias,203,-0.1,score_low_bias,0.96517397786095,0.962250620430427,0.964686721712351,0.00243610128192395,0.1584,0.005,0.0762,1,0,1,0,0.01,0.00102278320827773,0.00925143468228107,0.00113166200600414,-0.0860843863693125,0.0712,356,0.0712,0,356,0,1,0,0.00243610128192398,0,0.0342149056449997,0.0342149056449997,1,1
additive_bias,203,0,no_bias,0.96517397786095,0.96517397786095,0.964686721712351,-0.000487256148599013,0.1584,0.1584,0.0762,1,0,1,0,0,0.00102278320827773,0.000947749255486672,0.00113166200600414,0.0139156136306875,0.0822,411,0,0.0822,0,411,0,1,0,-0.000487256148599001,0.00592769037225062,0.00592769037225062,1,1
additive_bias,203,0.1,score_high_bias,0.96517397786095,0.949394631703158,0.964686721712351,0.0152920900091926,0.1584,0.5948,0.0762,0.26630800268998,0.73369199731002,1,0,0.01,0.00102278320827773,0.0126440638286923,0.00113166200600414,0.113915613630688,0.5186,2593,0.4364,0.0822,2182,411,0.841496336290012,0.158503663709988,0.0157793461577916,-0.000487256148599001,-0.029487254163503,0.0313663754461833,1,1
additive_bias,203,0.25,score_high_bias,0.96517397786095,0.917614812450287,0.964686721712351,0.0470719092620638,0.1584,0.787,0.0762,0.201270648030496,0.798729351969505,1,0,0.0625,0.00102278320827773,0.0676885356885007,0.00113166200600414,0.263915613630688,0.7108,3554,0.6286,0.0822,3143,411,0.884355655599325,0.115644344400675,0.0475591654106629,-0.000487256148599001,-0.0662238453321102,0.0675948530659284,1,1
additive_bias,203,0.5,score_high_bias,0.96517397786095,0.85625741152683,0.964686721712351,0.108429310185521,0.1584,0.9536,0.0762,0.166107382550336,0.833892617449665,1,0,0.25,0.00102278320827773,0.259429322121515,0.00113166200600414,0.513915613630688,0.8774,4387,0.7952,0.0822,3976,411,0.906314109870071,0.0936858901299293,0.10891656633412,-0.000487256148599001,-0.123580248672807,0.124690930570685,1,1
additive_bias,204,-0.5,score_low_bias,0.965361260684128,0.961692820862005,0.965071623663359,0.00337880280135416,0.1576,0,0.095,,,1,0,0.25,0.00155267541190047,0.245832290597438,0.000643305229017902,-0.489893794891784,0.095,475,0.095,0,475,0,1,0,0.00337880280135417,0,0.0355663452774123,0.0355663452774123,1,1
additive_bias,204,-0.25,score_low_bias,0.965361260684128,0.961692820862005,0.965071623663359,0.00337880280135416,0.1576,0,0.095,,,1,0,0.0625,0.00155267541190047,0.0605490311497282,0.000643305229017902,-0.239893794891784,0.095,475,0.095,0,475,0,1,0,0.00337880280135417,0,0.0355663452774123,0.0355663452774123,1,1
additive_bias,204,-0.1,score_low_bias,0.965361260684128,0.962060849747046,0.965071623663359,0.00301077391631333,0.1576,0.003,0.095,1,0,1,0,0.01,0.00155267541190047,0.0093790754811024,0.000643305229017902,-0.089893794891784,0.092,460,0.092,0,460,0,1,0,0.00301077391631337,0,0.0327258034381888,0.0327258034381888,1,1
additive_bias,204,0,no_bias,0.965361260684128,0.965361260684128,0.965071623663359,-0.000289637020768896,0.1576,0.1576,0.095,1,0,1,0,0,0.00155267541190047,0.000265771702018511,0.000643305229017902,0.010106205108216,0.0626,313,0,0.0626,0,313,0,1,0,-0.000289637020768886,0.00462678946915153,0.00462678946915153,1,1
additive_bias,204,0.1,score_high_bias,0.965361260684128,0.949476638547193,0.965071623663359,0.0155949851161661,0.1576,0.5954,0.095,0.264696002687269,0.735303997312731,1,0,0.01,0.00155267541190047,0.0111524679229346,0.000643305229017902,0.110106205108216,0.5004,2502,0.4378,0.0626,2189,313,0.874900079936051,0.125099920063949,0.015884622136935,-0.000289637020768886,-0.0311650382017709,0.032322660187258,1,1
additive_bias,204,0.25,score_high_bias,0.965361260684128,0.917891276205344,0.965071623663359,0.0471803474580159,0.1576,0.785,0.095,0.200764331210191,0.799235668789809,1,0,0.0625,0.00155267541190047,0.0649825122543088,0.000643305229017902,0.260106205108216,0.69,3450,0.6274,0.0626,3137,313,0.909275362318841,0.0907246376811594,0.0474699844787849,-0.000289637020768886,-0.0683773151565449,0.0692168427529764,1,1
additive_bias,204,0.5,score_high_bias,0.965361260684128,0.855645616751585,0.965071623663359,0.109426006911774,0.1576,0.9546,0.095,0.165095327886026,0.834904672113975,1,0,0.25,0.00155267541190047,0.254699252806599,0.000643305229017902,0.510106205108216,0.8596,4298,0.797,0.0626,3985,313,0.927175430432759,0.0728245695672406,0.109715643932543,-0.000289637020768886,-0.127298751642362,0.1279726395455,1,1
additive_bias,205,-0.5,score_low_bias,0.965983759629641,0.96254512602032,0.965137179176231,0.00259205315591093,0.1608,0,0.2698,,,0.595997034840623,0.404002965159377,0.25,0.000915079205503941,0.256089069326852,0.000651170785581913,-0.514781748075956,0.2698,1349,0.1608,0.109,804,545,0.595997034840623,0.404002965159377,0.00343863360932098,-0.000846580453409987,0.00960731340219048,0.0158829283273942,1,1
additive_bias,205,-0.25,score_low_bias,0.965983759629641,0.96254512602032,0.965137179176231,0.00259205315591093,0.1608,0,0.2698,,,0.595997034840623,0.404002965159377,0.0625,0.000915079205503941,0.0656088988338916,0.000651170785581913,-0.264781748075956,0.2698,1349,0.1608,0.109,804,545,0.595997034840623,0.404002965159377,0.00343863360932098,-0.000846580453409987,0.00960731340219048,0.0158829283273942,1,1
additive_bias,205,-0.1,score_low_bias,0.965983759629641,0.962788182297984,0.965137179176231,0.00234899687824675,0.1608,0.002,0.2698,1,0,0.595997034840623,0.404002965159377,0.01,0.000915079205503941,0.0113207965381155,0.000651170785581913,-0.114781748075956,0.2678,1339,0.1588,0.109,794,545,0.592979835698282,0.407020164301718,0.00319557733165683,-0.000846580453409987,0.00877145959016745,0.0150939424386364,1,1
additive_bias,205,0,no_bias,0.965983759629641,0.965983759629641,0.965137179176231,-0.000846580453410017,0.1608,0.1608,0.2698,1,0,0.595997034840623,0.404002965159377,0,0.000915079205503941,0.0001287283409314,0.000651170785581913,-0.0147817480759562,0.109,545,0,0.109,0,545,0,1,0,-0.000846580453409987,-0.00776679315055034,0.00776679315055034,1,1
additive_bias,205,0.1,score_high_bias,0.965983759629641,0.949852917537791,0.965137179176231,0.01528426163844,0.1608,0.5996,0.2698,0.268178785857238,0.731821214142762,0.595997034840623,0.404002965159377,0.01,0.000915079205503941,0.00893666014374734,0.000651170785581913,0.0852182519240438,0.3298,1649,0.3298,0,1649,0,1,0,0.0152842616384401,0,-0.0463440316508189,0.0463440316508189,1,1
additive_bias,205,0.25,score_high_bias,0.965983759629641,0.918195925647573,0.965137179176231,0.0469412535286579,0.1608,0.7914,0.2698,0.203184230477635,0.796815769522365,0.595997034840623,0.404002965159377,0.0625,0.000915079205503941,0.0596485578479713,0.000651170785581913,0.235218251924044,0.5216,2608,0.5216,0,2608,0,1,0,0.0469412535286579,0,-0.0899947345258011,0.0899947345258011,1,1
additive_bias,205,0.5,score_high_bias,0.965983759629641,0.858044027787919,0.965137179176231,0.107093151388312,0.1608,0.9574,0.2698,0.167954877794026,0.832045122205975,0.595997034840623,0.404002965159377,0.25,0.000915079205503941,0.244168387355011,0.000651170785581913,0.485218251924044,0.6876,3438,0.6876,0,3438,0,1,0,0.107093151388312,0,-0.155749202135416,0.155749202135416,1,1
additive_bias,206,-0.5,score_low_bias,0.965424111268591,0.961534445656576,0.964100885628873,0.00256643997229633,0.1664,0,0.3072,,,0.541666666666667,0.458333333333333,0.25,0.00149294617679059,0.250632177563955,0.00109479365794957,-0.51893302961345,0.3072,1536,0.1664,0.1408,832,704,0.541666666666667,0.458333333333333,0.0038896656120146,-0.0013232256397183,0.00835429678481868,0.0169690470434014,1,1
additive_bias,206,-0.25,score_low_bias,0.965424111268591,0.961534445656576,0.964100885628873,0.00256643997229633,0.1664,0,0.3072,,,0.541666666666667,0.458333333333333,0.0625,0.00149294617679059,0.0629717361609551,0.00109479365794957,-0.26893302961345,0.3072,1536,0.1664,0.1408,832,704,0.541666666666667,0.458333333333333,0.0038896656120146,-0.0013232256397183,0.00835429678481868,0.0169690470434014,1,1
additive_bias,206,-0.1,score_low_bias,0.965424111268591,0.961965721463469,0.964100885628873,0.00213516416540338,0.1664,0.0038,0.3072,1,0,0.541666666666667,0.458333333333333,0.01,0.00149294617679059,0.0103754713191553,0.00109479365794957,-0.11893302961345,0.3034,1517,0.1626,0.1408,813,704,0.535926170072512,0.464073829927489,0.00345838980512167,-0.0013232256397183,0.00703745604945079,0.0157601036415293,1,1
additive_bias,206,0,no_bias,0.965424111268591,0.965424111268591,0.964100885628873,-0.00132322563971832,0.1664,0.1664,0.3072,1,0,0.541666666666667,0.458333333333333,0,0.00149294617679059,0.000311294757955349,0.00109479365794957,-0.0189330296134497,0.1408,704,0,0.1408,0,704,0,1,0,-0.0013232256397183,-0.00939790937299931,0.00939790937299931,1,1
additive_bias,206,0.1,score_high_bias,0.965424111268591,0.949882284447521,0.964100885628873,0.0142186011813519,0.1664,0.5906,0.3072,0.281747375550288,0.718252624449712,0.541666666666667,0.458333333333333,0.01,0.00149294617679059,0.0102471181967554,0.00109479365794957,0.0810669703865503,0.2834,1417,0.2834,0,1417,0,1,0,0.0142186011813519,0,-0.0501714932298937,0.0501714932298937,1,1
additive_bias,206,0.25,score_high_bias,0.965424111268591,0.918248319729152,0.964100885628873,0.0458525658997203,0.1664,0.7834,0.3072,0.212407454684708,0.787592545315292,0.541666666666667,0.458333333333333,0.0625,0.00149294617679059,0.0626508533549556,0.00109479365794957,0.23106697038655,0.4762,2381,0.4762,0,2381,0,1,0,0.0458525658997203,0,-0.0962884626201602,0.0962884626201602,1,1
additive_bias,206,0.5,score_high_bias,0.965424111268591,0.85666477714845,0.964100885628873,0.107436108480423,0.1664,0.9498,0.3072,0.175194777847968,0.824805222152032,0.541666666666667,0.458333333333333,0.25,0.00149294617679059,0.249990411951956,0.00109479365794957,0.48106697038655,0.6426,3213,0.6426,0,3213,0,1,0,0.107436108480423,0,-0.16718971129851,0.16718971129851,1,1
additive_bias,207,-0.5,score_low_bias,0.964068652653405,0.960093503247902,0.959485551365794,-0.000607951882107827,0.1676,0,0.428,,,0.391588785046729,0.608411214953271,0.25,0.00758957744652732,0.260314200776396,0.000653986279237896,-0.53996369728595,0.428,2140,0.1676,0.2604,838,1302,0.391588785046729,0.608411214953271,0.00397514940550343,-0.00458310128761135,-0.00142044832268204,0.0199959128343803,1,1
additive_bias,207,-0.25,score_low_bias,0.964068652653405,0.960093503247902,0.959485551365794,-0.000607951882107827,0.1676,0,0.428,,,0.391588785046729,0.608411214953271,0.0625,0.00758957744652732,0.0678298928334097,0.000653986279237896,-0.28996369728595,0.428,2140,0.1676,0.2604,838,1302,0.391588785046729,0.608411214953271,0.00397514940550343,-0.00458310128761135,-0.00142044832268204,0.0199959128343803,1,1
additive_bias,207,-0.1,score_low_bias,0.964068652653405,0.960608522045565,0.959485551365794,-0.00112297067977152,0.1676,0.0042,0.428,1,0,0.391588785046729,0.608411214953271,0.01,0.00758957744652732,0.0123393080676183,0.000653986279237896,-0.13996369728595,0.4238,2119,0.1634,0.2604,817,1302,0.385559226050024,0.614440773949976,0.00346013060783981,-0.00458310128761135,-0.0026497656436327,0.0189788388283416,1,1
additive_bias,207,0,no_bias,0.964068652653405,0.964068652653405,0.959485551365794,-0.0045831012876113,0.1676,0.1676,0.428,1,0,0.391588785046729,0.608411214953271,0,0.00758957744652732,0.000345584890423975,0.000653986279237896,-0.0399636972859501,0.2604,1302,0,0.2604,0,1302,0,1,0,-0.00458310128761135,-0.0176002353594906,0.0176002353594906,1,1
additive_bias,207,0.1,score_high_bias,0.964068652653405,0.948354953532256,0.959485551365794,0.0111305978335374,0.1676,0.596,0.428,0.281208053691275,0.718791946308725,0.391588785046729,0.608411214953271,0.01,0.00758957744652732,0.00835186171322967,0.000653986279237896,0.06003630271405,0.168,840,0.168,0,840,0,1,0,0.0111305978335373,0,-0.0662535585329604,0.0662535585329604,1,1
additive_bias,207,0.25,score_high_bias,0.964068652653405,0.915672841770526,0.959485551365794,0.0438127095952678,0.1676,0.7908,0.428,0.211937278705109,0.788062721294891,0.391588785046729,0.608411214953271,0.0625,0.00758957744652732,0.0578612769474382,0.000653986279237896,0.21003630271405,0.3628,1814,0.3628,0,1814,0,1,0,0.0438127095952678,0,-0.120762705609889,0.120762705609889,1,1
additive_bias,207,0.5,score_high_bias,0.964068652653405,0.856373035133669,0.959485551365794,0.103112516232125,0.1676,0.9538,0.428,0.175718179911931,0.824281820088069,0.391588785046729,0.608411214953271,0.25,0.00758957744652732,0.240376969004453,0.000653986279237896,0.46003630271405,0.5258,2629,0.5258,0,2629,0,1,0,0.103112516232125,0,-0.19610596468643,0.19610596468643,1,1
additive_bias,208,-0.5,score_low_bias,0.96527691526376,0.961563056649563,0.965071263064766,0.00350820641520311,0.1602,0,0.218,,,0.734862385321101,0.265137614678899,0.25,0.00222655852777219,0.236706685797647,0.00173833537018193,-0.507486617304652,0.218,1090,0.1602,0.0578,801,289,0.734862385321101,0.265137614678899,0.00371385861419721,-0.000205652198994021,0.0160926899779963,0.0179794073999598,1,1
additive_bias,208,-0.25,score_low_bias,0.96527691526376,0.961563056649563,0.965071263064766,0.00350820641520311,0.1602,0,0.218,,,0.734862385321101,0.265137614678899,0.0625,0.00222655852777219,0.0559927827909058,0.00173833537018193,-0.257486617304652,0.218,1090,0.1602,0.0578,801,289,0.734862385321101,0.265137614678899,0.00371385861419721,-0.000205652198994021,0.0160926899779963,0.0179794073999598,1,1
additive_bias,208,-0.1,score_low_bias,0.96527691526376,0.961988948116622,0.965071263064766,0.00308231494814415,0.1602,0.0034,0.218,1,0,0.734862385321101,0.265137614678899,0.01,0.00222655852777219,0.00756444098686121,0.00173833537018193,-0.107486617304652,0.2146,1073,0.1568,0.0578,784,289,0.730661696178938,0.269338303821062,0.00328796714713821,-0.000205652198994021,0.0143630705878108,0.0162796800844931,1,1
additive_bias,208,0,no_bias,0.96527691526376,0.96527691526376,0.965071263064766,-0.000205652198994044,0.1602,0.1602,0.218,1,0,0.734862385321101,0.265137614678899,0,0.00222655852777219,0.000278879784164844,0.00173833537018193,-0.00748661730465206,0.0578,289,0,0.0578,0,289,0,1,0,-0.000205652198994021,-0.0035579965223879,0.0035579965223879,1,1
additive_bias,208,0.1,score_high_bias,0.96527691526376,0.949569017926601,0.965071263064766,0.0155022451381655,0.1602,0.6018,0.218,0.266201395812562,0.733798604187438,0.734862385321101,0.265137614678899,0.01,0.00222655852777219,0.0129933185814685,0.00173833537018193,0.0925133826953479,0.3838,1919,0.3838,0,1919,0,1,0,0.0155022451381655,0,-0.0403914672698424,0.0403914672698424,1,1
additive_bias,208,0.25,score_high_bias,0.96527691526376,0.917866280337313,0.965071263064766,0.0472049827274537,0.1602,0.795,0.218,0.201509433962264,0.798490566037736,0.734862385321101,0.265137614678899,0.0625,0.00222655852777219,0.0695649767774239,0.00173833537018193,0.242513382695348,0.577,2885,0.577,0,2885,0,1,0,0.0472049827274537,0,-0.0818110619193305,0.0818110619193305,1,1
additive_bias,208,0.5,score_high_bias,0.96527691526376,0.858850734955832,0.965071263064766,0.106220528108935,0.1602,0.9576,0.218,0.167293233082707,0.832706766917293,0.734862385321101,0.265137614678899,0.25,0.00222655852777219,0.263851073770683,0.00173833537018193,0.492513382695348,0.7396,3698,0.7396,0,3698,0,1,0,0.106220528108935,0,-0.143618886031551,0.143618886031551,1,1
additive_bias,209,-0.5,score_low_bias,0.964400243327089,0.960503180481313,0.963448234044521,0.00294505356320796,0.1588,0,0.054,,,1,0,0.25,0.00208264432690043,0.246050603103933,0.00215468836353943,-0.475609727253876,0.054,270,0.054,0,270,0,1,0,0.00294505356320803,0,0.0545380289482969,0.0545380289482969,1,1
additive_bias,209,-0.25,score_low_bias,0.964400243327089,0.960503180481313,0.963448234044521,0.00294505356320796,0.1588,0,0.054,,,1,0,0.0625,0.00208264432690043,0.0610223668627075,0.00215468836353943,-0.225609727253876,0.054,270,0.054,0,270,0,1,0,0.00294505356320803,0,0.0545380289482969,0.0545380289482969,1,1
additive_bias,209,-0.1,score_low_bias,0.964400243327089,0.960968506487362,0.963448234044521,0.00247972755715942,0.1588,0.004,0.054,1,0,1,0,0.01,0.00208264432690043,0.0100054251179724,0.00215468836353943,-0.0756097272538764,0.05,250,0.05,0,250,0,1,0,0.00247972755715948,0,0.0495945511431897,0.0495945511431897,1,1
additive_bias,209,0,no_bias,0.964400243327089,0.964400243327089,0.963448234044521,-0.000952009282568222,0.1588,0.1588,0.054,1,0,1,0,0,0.00208264432690043,0.000994130621482362,0.00215468836353943,0.0243902727461236,0.1048,524,0,0.1048,0,524,0,1,0,-0.000952009282568201,0.00908405803977291,0.00908405803977291,1,1
additive_bias,209,0.1,score_high_bias,0.964400243327089,0.948625188068599,0.963448234044521,0.0148230459759225,0.1588,0.5924,0.054,0.268062120189061,0.731937879810939,1,0,0.01,0.00208264432690043,0.0119828361249923,0.00215468836353943,0.124390272746124,0.5384,2692,0.4336,0.1048,2168,524,0.805349182763744,0.194650817236256,0.0157750552584907,-0.000952009282568201,-0.0275316604307625,0.0310680990732892,1,1
additive_bias,209,0.25,score_high_bias,0.964400243327089,0.917017972297892,0.963448234044521,0.046430261746629,0.1588,0.7854,0.054,0.202189966895849,0.797810033104151,1,0,0.0625,0.00208264432690043,0.0659658943802572,0.00215468836353943,0.274390272746124,0.7314,3657,0.6266,0.1048,3133,524,0.856713152857533,0.143286847142467,0.0473822710291973,-0.000952009282568201,-0.0634813532220797,0.0660846052936362,1,1
additive_bias,209,0.5,score_high_bias,0.964400243327089,0.855295360653849,0.963448234044521,0.108152873390672,0.1588,0.9544,0.054,0.166387259010897,0.833612740989103,1,0,0.25,0.00208264432690043,0.255937658139032,0.00215468836353943,0.524390272746124,0.9004,4502,0.7956,0.1048,3978,524,0.883607285650822,0.116392714349178,0.109104882673241,-0.000952009282568201,-0.120116474223315,0.122231110568424,1,1
additive_bias,210,-0.5,score_low_bias,0.96398120503407,0.960165050125809,0.961520016026598,0.00135496590078832,0.1628,0,0.0152,,,1,0,0.25,0.000907391494929346,0.253111231689605,0.000756756339967201,-0.440745483736201,0.0152,76,0.0152,0,76,0,1,0,0.0013549659007883,0,0.0891424934729142,0.0891424934729142,1,1
additive_bias,210,-0.25,score_low_bias,0.96398120503407,0.960165050125809,0.961520016026598,0.00135496590078832,0.1628,0,0.0152,,,1,0,0.0625,0.000907391494929346,0.0644992782243798,0.000756756339967201,-0.190745483736201,0.0152,76,0.0152,0,76,0,1,0,0.0013549659007883,0,0.0891424934729142,0.0891424934729142,1,1
additive_bias,210,-0.1,score_low_bias,0.96398120503407,0.960745333702719,0.961520016026598,0.000774682323878784,0.1628,0.0048,0.0152,1,0,1,0,0.01,0.000907391494929346,0.0113321061452445,0.000756756339967201,-0.0407454837362007,0.0104,52,0.0104,0,52,0,1,0,0.000774682323878703,0,0.0744886849883368,0.0744886849883368,1,1
additive_bias,210,0,no_bias,0.96398120503407,0.96398120503407,0.961520016026598,-0.00246118900747261,0.1628,0.1628,0.0152,1,0,1,0,0,0.000907391494929346,0.000887324759154237,0.000756756339967201,0.0592545162637993,0.1476,738,0,0.1476,0,738,0,1,0,-0.00246118900747265,0.01667472227285,0.01667472227285,1,1
additive_bias,210,0.1,score_high_bias,0.96398120503407,0.948232084154877,0.961520016026598,0.0132879318717206,0.1628,0.5904,0.0152,0.275745257452575,0.724254742547426,1,0,0.01,0.000907391494929346,0.010442543373064,0.000756756339967201,0.159254516263799,0.5752,2876,0.4276,0.1476,2138,738,0.743393602225313,0.256606397774687,0.0157491208791932,-0.00246118900747265,-0.0231014114598757,0.0316590922925345,1,1
additive_bias,210,0.25,score_high_bias,0.96398120503407,0.916566473737292,0.961520016026598,0.0449535422893057,0.1628,0.7812,0.0152,0.208397337429596,0.791602662570405,1,0,0.0625,0.000907391494929346,0.0622753712939287,0.000756756339967201,0.309254516263799,0.766,3830,0.6184,0.1476,3092,738,0.807310704960836,0.192689295039165,0.0474147312967783,-0.00246118900747265,-0.0586860865395635,0.0651121674990222,1,1
additive_bias,210,0.5,score_high_bias,0.96398120503407,0.856111569550745,0.961520016026598,0.105408446475852,0.1628,0.9498,0.0152,0.171404506211834,0.828595493788166,1,0,0.25,0.000907391494929346,0.248663417828703,0.000756756339967201,0.559254516263799,0.9346,4673,0.787,0.1476,3935,738,0.842071474427563,0.157928525572437,0.107869635483325,-0.00246118900747265,-0.11278455646892,0.118051385074682,1,1
additive_bias,211,-0.5,score_low_bias,0.965729236710101,0.961621037353047,0.964238114934624,0.0026170775815767,0.1648,0,0.0424,,,1,0,0.25,0.00117235480468218,0.255140867723366,0.000299739328228688,-0.467109083568303,0.0424,212,0.0424,0,212,0,1,0,0.00261707758157666,0,0.061723527867374,0.061723527867374,1,1
additive_bias,211,-0.25,score_low_bias,0.965729236710101,0.961621037353047,0.964238114934624,0.0026170775815767,0.1648,0,0.0424,,,1,0,0.0625,0.00117235480468218,0.0651952350734703,0.000299739328228688,-0.217109083568303,0.0424,212,0.0424,0,212,0,1,0,0.00261707758157666,0,0.061723527867374,0.061723527867374,1,1
additive_bias,211,-0.1,score_low_bias,0.965729236710101,0.962261065827229,0.964238114934624,0.00197704910739516,0.1648,0.0054,0.0424,1,0,1,0,0.01,0.00117235480468218,0.0112278554835327,0.000299739328228688,-0.0671090835683026,0.037,185,0.037,0,185,0,1,0,0.00197704910739518,0,0.0534337596593292,0.0534337596593292,1,1
additive_bias,211,0,no_bias,0.965729236710101,0.965729236710101,0.964238114934624,-0.00149112177547772,0.1648,0.1648,0.0424,1,0,1,0,0,0.00117235480468218,0.000249602423574259,0.000299739328228688,0.0328909164316974,0.1224,612,0,0.1224,0,612,0,1,0,-0.00149112177547773,0.0121823674467135,0.0121823674467135,1,1
additive_bias,211,0.1,score_high_bias,0.965729236710101,0.950502515471404,0.964238114934624,0.0137355994632199,0.1648,0.5958,0.0424,0.27660288687479,0.72339711312521,1,0,0.01,0.00117235480468218,0.00927134936361583,0.000299739328228688,0.132890916431697,0.5534,2767,0.431,0.1224,2155,612,0.778821828695338,0.221178171304662,0.0152267212386976,-0.00149112177547773,-0.0248203821164075,0.0302093296244586,1,1
additive_bias,211,0.25,score_high_bias,0.965729236710101,0.918902147110617,0.964238114934624,0.0453359678240063,0.1648,0.788,0.0424,0.209137055837563,0.790862944162437,1,0,0.0625,0.00117235480468218,0.0603039697736782,0.000299739328228688,0.282890916431697,0.7456,3728,0.6232,0.1224,3116,612,0.835836909871245,0.164163090128755,0.046827089599484,-0.00149112177547773,-0.060804677875545,0.0648044680458178,1,1
additive_bias,211,0.5,score_high_bias,0.965729236710101,0.857589529337511,0.964238114934624,0.106648585597113,0.1648,0.9552,0.0424,0.172529313232831,0.827470686767169,1,0,0.25,0.00117235480468218,0.245358337123782,0.000299739328228688,0.532890916431697,0.9128,4564,0.7904,0.1224,3952,612,0.865907099035933,0.134092900964067,0.108139707372591,-0.00149112177547773,-0.116836750215943,0.120103888199023,1,1
additive_bias,212,-0.5,score_low_bias,0.96560343253191,0.961748024445859,0.964003552043379,0.00225552759752057,0.1648,0,0.322,,,0.511801242236025,0.488198757763975,0.25,0.00181495522686862,0.260030188483716,0.00132209328454838,-0.520283349554963,0.322,1610,0.1648,0.1572,824,786,0.511801242236025,0.488198757763975,0.00385540808605117,-0.00159988048853062,0.00700474409167871,0.0169418899831733,1,1
additive_bias,212,-0.25,score_low_bias,0.96560343253191,0.961748024445859,0.964003552043379,0.00225552759752057,0.1648,0,0.322,,,0.511801242236025,0.488198757763975,0.0625,0.00181495522686862,0.06809315117063,0.00132209328454838,-0.270283349554963,0.322,1610,0.1648,0.1572,824,786,0.511801242236025,0.488198757763975,0.00385540808605117,-0.00159988048853062,0.00700474409167871,0.0169418899831733,1,1
additive_bias,212,-0.1,score_low_bias,0.96560343253191,0.962143817940264,0.964003552043379,0.00185973410311491,0.1648,0.0032,0.322,1,0,0.511801242236025,0.488198757763975,0.01,0.00181495522686862,0.0129309287827784,0.00132209328454838,-0.120283349554963,0.3188,1594,0.1616,0.1572,808,786,0.506900878293601,0.493099121706399,0.00345961459164559,-0.00159988048853062,0.00583354486547981,0.0158704362615314,1,1
additive_bias,212,0,no_bias,0.96560343253191,0.96560343253191,0.964003552043379,-0.00159988048853066,0.1648,0.1648,0.322,1,0,0.511801242236025,0.488198757763975,0,0.00181495522686862,0.001156113857544,0.00132209328454838,-0.0202833495549628,0.1572,786,0,0.1572,0,786,0,1,0,-0.00159988048853062,-0.0101773567972686,0.0101773567972686,1,1
additive_bias,212,0.1,score_high_bias,0.96560343253191,0.949894588610463,0.964003552043379,0.0141089634329167,0.1648,0.5956,0.322,0.276695768972465,0.723304231027535,0.511801242236025,0.488198757763975,0.01,0.00181495522686862,0.00938129893230962,0.00132209328454838,0.0797166504450372,0.2736,1368,0.2736,0,1368,0,1,0,0.0141089634329167,0,-0.05156784880452,0.05156784880452,1,1
additive_bias,212,0.25,score_high_bias,0.96560343253191,0.917803244662005,0.964003552043379,0.046200307381374,0.1648,0.7892,0.322,0.208819057273188,0.791180942726812,0.511801242236025,0.488198757763975,0.0625,0.00181495522686862,0.059219076544458,0.00132209328454838,0.229716650445037,0.4672,2336,0.4672,0,2336,0,1,0,0.0462003073813741,0,-0.0988876442238315,0.0988876442238315,1,1
additive_bias,212,0.5,score_high_bias,0.96560343253191,0.858012562822053,0.964003552043379,0.105990989221326,0.1648,0.9538,0.322,0.172782553994548,0.827217446005452,0.511801242236025,0.488198757763975,0.25,0.00181495522686862,0.242282039231372,0.00132209328454838,0.479716650445037,0.6318,3159,0.6318,0,3159,0,1,0,0.105990989221326,0,-0.167760350144549,0.167760350144549,1,1
additive_bias,213,-0.5,score_low_bias,0.965604966654744,0.962116051627823,0.96510388746086,0.00298783583303752,0.1554,0,0.2408,,,0.645348837209302,0.354651162790698,0.25,0.00128649001314709,0.267841344135584,0.00179494746703785,-0.511371392486593,0.2408,1204,0.1554,0.0854,777,427,0.645348837209302,0.354651162790698,0.00348891502692097,-0.000501079193883482,0.0124079561172653,0.0165697434418789,1,1
additive_bias,213,-0.25,score_low_bias,0.965604966654744,0.962116051627823,0.96510388746086,0.00298783583303752,0.1554,0,0.2408,,,0.645348837209302,0.354651162790698,0.0625,0.00128649001314709,0.0717774618938199,0.00179494746703785,-0.261371392486593,0.2408,1204,0.1554,0.0854,777,427,0.645348837209302,0.354651162790698,0.00348891502692097,-0.000501079193883482,0.0124079561172653,0.0165697434418789,1,1
additive_bias,213,-0.1,score_low_bias,0.965604966654744,0.962434882931676,0.96510388746086,0.00266900452918484,0.1554,0.0028,0.2408,1,0,0.645348837209302,0.354651162790698,0.01,0.00128649001314709,0.0141391325487615,0.00179494746703785,-0.111371392486593,0.238,1190,0.1526,0.0854,763,427,0.641176470588235,0.358823529411765,0.00317008372306829,-0.000501079193883482,0.011214304744474,0.0154250542729066,1,1
additive_bias,213,0,no_bias,0.965604966654744,0.965604966654744,0.96510388746086,-0.000501079193883536,0.1554,0.1554,0.2408,1,0,0.645348837209302,0.354651162790698,0,0.00128649001314709,0.000713579652055951,0.00179494746703785,-0.0113713924865932,0.0854,427,0,0.0854,0,427,0,1,0,-0.000501079193883482,-0.00586743786748808,0.00586743786748808,1,1
additive_bias,213,0.1,score_high_bias,0.965604966654744,0.949727258729505,0.96510388746086,0.015376628731355,0.1554,0.5876,0.2408,0.264465622872703,0.735534377127298,0.645348837209302,0.354651162790698,0.01,0.00128649001314709,0.00728802675535036,0.00179494746703785,0.0886286075134068,0.3468,1734,0.3468,0,1734,0,1,0,0.015376628731355,0,-0.0443386064917965,0.0443386064917965,1,1
additive_bias,213,0.25,score_high_bias,0.965604966654744,0.917150344418443,0.96510388746086,0.0479535430424171,0.1554,0.7856,0.2408,0.197810590631365,0.802189409368635,0.645348837209302,0.354651162790698,0.0625,0.00128649001314709,0.054649697410292,0.00179494746703785,0.238628607513407,0.5448,2724,0.5448,0,2724,0,1,0,0.047953543042417,0,-0.0880204534552441,0.0880204534552441,1,1
additive_bias,213,0.5,score_high_bias,0.965604966654744,0.856789880888397,0.96510388746086,0.108314006572464,0.1554,0.9532,0.2408,0.163029794376836,0.836970205623164,0.645348837209302,0.354651162790698,0.25,0.00128649001314709,0.233585815168528,0.00179494746703785,0.488628607513407,0.7124,3562,0.7124,0,3562,0,1,0,0.108314006572464,0,-0.152040997434677,0.152040997434677,1,1
additive_bias,214,-0.5,score_low_bias,0.964721268104558,0.960998171978324,0.964078781383784,0.0030806094054594,0.1564,0,0.0678,,,1,0,0.25,0.000847921196205519,0.248768878126302,0.00128202866805763,-0.482305431436555,0.0678,339,0.0678,0,339,0,1,0,0.0030806094054595,0,0.0454367168946828,0.0454367168946828,1,1
additive_bias,214,-0.25,score_low_bias,0.964721268104558,0.960998171978324,0.964078781383784,0.0030806094054594,0.1564,0,0.0678,,,1,0,0.0625,0.000847921196205519,0.0625061817574618,0.00128202866805763,-0.232305431436555,0.0678,339,0.0678,0,339,0,1,0,0.0030806094054595,0,0.0454367168946828,0.0454367168946828,1,1
additive_bias,214,-0.1,score_low_bias,0.964721268104558,0.961511104482888,0.964078781383784,0.0025676769008951,0.1564,0.0042,0.0678,1,0,1,0,0.01,0.000847921196205519,0.0107485639361574,0.00128202866805763,-0.0823054314365548,0.0636,318,0.0636,0,318,0,1,0,0.00256767690089516,0,0.0403722783159617,0.0403722783159617,1,1
additive_bias,214,0,no_bias,0.964721268104558,0.964721268104558,0.964078781383784,-0.000642486720774604,0.1564,0.1564,0.0678,1,0,1,0,0,0.000847921196205519,0.00124348538862123,0.00128202866805763,0.0176945685634452,0.0886,443,0,0.0886,0,443,0,1,0,-0.000642486720774548,0.00725154312386623,0.00725154312386623,1,1
additive_bias,214,0.1,score_high_bias,0.964721268104558,0.949213815866619,0.964078781383784,0.0148649655171642,0.1564,0.5864,0.0678,0.266712141882674,0.733287858117326,1,0,0.01,0.000847921196205519,0.011738406841085,0.00128202866805763,0.117694568563445,0.5186,2593,0.43,0.0886,2150,443,0.829155418434246,0.170844581565754,0.0155074522379388,-0.000642486720774548,-0.0286636434962673,0.0311414171976732,1,1
additive_bias,214,0.25,score_high_bias,0.964721268104558,0.917378410479633,0.964078781383784,0.046700370904151,0.1564,0.7788,0.0678,0.200821777092964,0.799178222907036,1,0,0.0625,0.000847921196205519,0.0649807890197807,0.00128202866805763,0.267694568563445,0.711,3555,0.6224,0.0886,3112,443,0.875386779184248,0.124613220815752,0.0473428576249257,-0.000642486720774548,-0.0656826594995093,0.0674899357886079,1,1
additive_bias,214,0.5,score_high_bias,0.964721268104558,0.854288192170517,0.964078781383784,0.109790589213267,0.1564,0.9536,0.0678,0.164010067114094,0.835989932885906,1,0,0.25,0.000847921196205519,0.25371809265094,0.00128202866805763,0.517694568563445,0.8858,4429,0.7972,0.0886,3986,443,0.899977421539851,0.100022578460149,0.110433075934041,-0.000642486720774548,-0.123945122164446,0.125395758246575,1,1
additive_bias,215,-0.5,score_low_bias,0.964606417871735,0.96093944374936,0.964107090232389,0.00316764648302914,0.1596,0,0.2474,,,0.645109135004042,0.354890864995958,0.25,0.0019114189100903,0.252990899639557,0.000885205361450329,-0.511511842734886,0.2474,1237,0.1596,0.0878,798,439,0.645109135004042,0.354890864995958,0.00366697412237544,-0.000499327639346292,0.0128037448788567,0.0168403466520685,1,1
additive_bias,215,-0.25,score_low_bias,0.964606417871735,0.96093944374936,0.964107090232389,0.00316764648302914,0.1596,0,0.2474,,,0.645109135004042,0.354890864995958,0.0625,0.0019114189100903,0.0642207315940748,0.000885205361450329,-0.261511842734886,0.2474,1237,0.1596,0.0878,798,439,0.645109135004042,0.354890864995958,0.00366697412237544,-0.000499327639346292,0.0128037448788567,0.0168403466520685,1,1
additive_bias,215,-0.1,score_low_bias,0.964606417871735,0.961287417590152,0.964107090232389,0.00281967264223615,0.1596,0.003,0.2474,1,0,0.645109135004042,0.354890864995958,0.01,0.0019114189100903,0.0109586307667855,0.000885205361450329,-0.111511842734886,0.2444,1222,0.1566,0.0878,783,439,0.64075286415712,0.359247135842881,0.00331900028158243,-0.000499327639346292,0.0115371221040758,0.01562327299889,1,1
additive_bias,215,0,no_bias,0.964606417871735,0.964606417871735,0.964107090232389,-0.000499327639346237,0.1596,0.1596,0.2474,1,0,0.645109135004042,0.354890864995958,0,0.0019114189100903,0.000450563548592613,0.000885205361450329,-0.011511842734886,0.0878,439,0,0.0878,0,439,0,1,0,-0.000499327639346292,-0.0056871029538302,0.0056871029538302,1,1
additive_bias,215,0.1,score_high_bias,0.964606417871735,0.948707686228857,0.964107090232389,0.0153994040035317,0.1596,0.5942,0.2474,0.268596432177718,0.731403567822282,0.645109135004042,0.354890864995958,0.01,0.0019114189100903,0.00994249633039975,0.000885205361450329,0.088488157265114,0.3468,1734,0.3468,0,1734,0,1,0,0.0153994040035316,0,-0.0444042791335975,0.0444042791335975,1,1
additive_bias,215,0.25,score_high_bias,0.964606417871735,0.917611341975345,0.964107090232389,0.0464957482570435,0.1596,0.7818,0.2474,0.204144282425173,0.795855717574827,0.645109135004042,0.354890864995958,0.0625,0.0019114189100903,0.0616803955031105,0.000885205361450329,0.238488157265114,0.5344,2672,0.5344,0,2672,0,1,0,0.0464957482570434,0,-0.0870055169480603,0.0870055169480603,1,1
additive_bias,215,0.5,score_high_bias,0.964606417871735,0.855712733867268,0.964107090232389,0.108394356365121,0.1596,0.9528,0.2474,0.167506297229219,0.832493702770781,0.645109135004042,0.354890864995958,0.25,0.0019114189100903,0.247910227457628,0.000885205361450329,0.488488157265114,0.7054,3527,0.7054,0,3527,0,1,0,0.108394356365121,0,-0.153663675028524,0.153663675028524,1,1
additive_bias,216,-0.5,score_low_bias,0.965164866598787,0.961713107152225,0.964150987014756,0.00243787986253097,0.1522,0,0.2734,,,0.556693489392831,0.443306510607169,0.25,0.00103304625628813,0.250992925363971,0.000648256704231388,-0.516432519696766,0.2734,1367,0.1522,0.1212,761,606,0.556693489392831,0.443306510607169,0.00345175944656216,-0.00101387958403112,0.00891689781467094,0.0163337199363324,1,1
additive_bias,216,-0.25,score_low_bias,0.965164866598787,0.961713107152225,0.964150987014756,0.00243787986253097,0.1522,0,0.2734,,,0.556693489392831,0.443306510607169,0.0625,0.00103304625628813,0.0631731363011273,0.000648256704231388,-0.266432519696766,0.2734,1367,0.1522,0.1212,761,606,0.556693489392831,0.443306510607169,0.00345175944656216,-0.00101387958403112,0.00891689781467094,0.0163337199363324,1,1
additive_bias,216,-0.1,score_low_bias,0.965164866598787,0.962026142441761,0.964150987014756,0.00212484457299489,0.1522,0.0026,0.2734,1,0,0.556693489392831,0.443306510607169,0.01,0.00103304625628813,0.0104812628634209,0.000648256704231388,-0.116432519696766,0.2708,1354,0.1496,0.1212,748,606,0.552437223042836,0.447562776957164,0.00313872415702601,-0.00101387958403112,0.00784654569052765,0.0153345780688964,1,1
additive_bias,216,0,no_bias,0.965164866598787,0.965164866598787,0.964150987014756,-0.00101387958403121,0.1522,0.1522,0.2734,1,0,0.556693489392831,0.443306510607169,0,0.00103304625628813,0.000353347238283249,0.000648256704231388,-0.0164325196967655,0.1212,606,0,0.1212,0,606,0,1,0,-0.00101387958403112,-0.00836534310256703,0.00836534310256703,1,1
additive_bias,216,0.1,score_high_bias,0.965164866598787,0.949030490835149,0.964150987014756,0.0151204961796068,0.1522,0.5916,0.2734,0.257268424611224,0.742731575388776,0.556693489392831,0.443306510607169,0.01,0.00103304625628813,0.0102254316131456,0.000648256704231388,0.0835674803032345,0.3182,1591,0.3182,0,1591,0,1,0,0.0151204961796068,0,-0.0475188440591037,0.0475188440591037,1,1
additive_bias,216,0.25,score_high_bias,0.965164866598787,0.917012427964287,0.964150987014756,0.0471385590504692,0.1522,0.786,0.2734,0.193638676844784,0.806361323155216,0.556693489392831,0.443306510607169,0.0625,0.00103304625628813,0.0625335581754392,0.000648256704231388,0.233567480303234,0.5126,2563,0.5126,0,2563,0,1,0,0.0471385590504691,0,-0.0919597328335333,0.0919597328335333,1,1
additive_bias,216,0.5,score_high_bias,0.965164866598787,0.856468844123764,0.964150987014756,0.107682142890992,0.1522,0.9524,0.2734,0.159806803863923,0.840193196136077,0.556693489392831,0.443306510607169,0.25,0.00103304625628813,0.249713769112595,0.000648256704231388,0.483567480303235,0.679,3395,0.679,0,3395,0,1,0,0.107682142890992,0,-0.158589312063317,0.158589312063317,1,1
additive_bias,217,-0.5,score_low_bias,0.965663446371034,0.962072762581522,0.965465628187382,0.00339286560586038,0.1596,0,0.2176,,,0.733455882352941,0.266544117647059,0.25,0.00163675014024944,0.251333068166823,0.00147150140441009,-0.507434386726591,0.2176,1088,0.1596,0.058,798,290,0.733455882352941,0.266544117647059,0.00359068378951233,-0.000197818183651952,0.015592213262226,0.0174103950972623,1,1
additive_bias,217,-0.25,score_low_bias,0.965663446371034,0.962072762581522,0.965465628187382,0.00339286560586038,0.1596,0,0.2176,,,0.733455882352941,0.266544117647059,0.0625,0.00163675014024944,0.0633853916514826,0.00147150140441009,-0.257434386726591,0.2176,1088,0.1596,0.058,798,290,0.733455882352941,0.266544117647059,0.00359068378951233,-0.000197818183651952,0.015592213262226,0.0174103950972623,1,1
additive_bias,217,-0.1,score_low_bias,0.965663446371034,0.962544743386926,0.965465628187382,0.00292088480045616,0.1596,0.004,0.2176,1,0,0.733455882352941,0.266544117647059,0.01,0.00163675014024944,0.0106167857422784,0.00147150140441009,-0.107434386726591,0.2136,1068,0.1556,0.058,778,290,0.728464419475655,0.271535580524345,0.00311870298410811,-0.000197818183651952,0.0136745543092517,0.0155267844932587,1,1
additive_bias,217,0,no_bias,0.965663446371034,0.965663446371034,0.965465628187382,-0.000197818183652054,0.1596,0.1596,0.2176,1,0,0.733455882352941,0.266544117647059,0,0.00163675014024944,0.000437715136142286,0.00147150140441009,-0.00743438672659114,0.058,290,0,0.058,0,290,0,1,0,-0.000197818183651952,-0.00341065833882676,0.00341065833882676,1,1
additive_bias,217,0.1,score_high_bias,0.965663446371034,0.949175698019629,0.965465628187382,0.0162899301677526,0.1596,0.6098,0.2176,0.261725155788783,0.738274844211217,0.733455882352941,0.266544117647059,0.01,0.00163675014024944,0.0102586445300062,0.00147150140441009,0.0925656132734089,0.3922,1961,0.3922,0,1961,0,1,0,0.0162899301677526,0,-0.0415347531049277,0.0415347531049277,1,1
additive_bias,217,0.25,score_high_bias,0.965663446371034,0.919934840375718,0.965465628187382,0.0455307878116642,0.1596,0.7844,0.2176,0.203467618561958,0.796532381438042,0.733455882352941,0.266544117647059,0.0625,0.00163675014024944,0.062490038620802,0.00147150140441009,0.242565613273409,0.5668,2834,0.5668,0,2834,0,1,0,0.0455307878116643,0,-0.0803295480092877,0.0803295480092877,1,1
additive_bias,217,0.5,score_high_bias,0.965663446371034,0.858643454425083,0.965465628187382,0.106822173762299,0.1596,0.955,0.2176,0.167120418848168,0.832879581151832,0.733455882352941,0.266544117647059,0.25,0.00163675014024944,0.249542362105462,0.00147150140441009,0.492565613273409,0.7374,3687,0.7374,0,3687,0,1,0,0.106822173762299,0,-0.144863267917411,0.144863267917411,1,1
additive_bias,218,-0.5,score_low_bias,0.964566545204145,0.960806806806422,0.964245375463854,0.0034385686574322,0.1564,0,0.224,,,0.698214285714286,0.301785714285714,0.25,0.00195213488645061,0.257721592956124,0.000687948670825553,-0.509748465902948,0.224,1120,0.1564,0.0676,782,338,0.698214285714286,0.301785714285714,0.00375973839772315,-0.000321169740290964,0.0153507529349651,0.0182183399018487,1,1
additive_bias,218,-0.25,score_low_bias,0.964566545204145,0.960806806806422,0.964245375463854,0.0034385686574322,0.1564,0,0.224,,,0.698214285714286,0.301785714285714,0.0625,0.00195213488645061,0.066828885743321,0.000687948670825553,-0.259748465902948,0.224,1120,0.1564,0.0676,782,338,0.698214285714286,0.301785714285714,0.00375973839772315,-0.000321169740290964,0.0153507529349651,0.0182183399018487,1,1
additive_bias,218,-0.1,score_low_bias,0.964566545204145,0.961287761632083,0.964245375463854,0.00295761383177107,0.1564,0.004,0.224,1,0,0.698214285714286,0.301785714285714,0.01,0.00195213488645061,0.012293261415639,0.000687948670825553,-0.109748465902948,0.22,1100,0.1524,0.0676,762,338,0.692727272727273,0.307272727272727,0.00327878357206202,-0.000321169740290964,0.013443699235323,0.016363424147059,1,1
additive_bias,218,0,no_bias,0.964566545204145,0.964566545204145,0.964245375463854,-0.00032116974029095,0.1564,0.1564,0.224,1,0,0.698214285714286,0.301785714285714,0,0.00195213488645061,0.000936178530517669,0.000687948670825553,-0.00974846590294831,0.0676,338,0,0.0676,0,338,0,1,0,-0.000321169740290964,-0.00475103166110894,0.00475103166110894,1,1
additive_bias,218,0.1,score_high_bias,0.964566545204145,0.94852575884714,0.964245375463854,0.0157196166167141,0.1564,0.5844,0.224,0.267624914442163,0.732375085557837,0.698214285714286,0.301785714285714,0.01,0.00195213488645061,0.00957909564539635,0.000687948670825553,0.0902515340970517,0.3604,1802,0.3604,0,1802,0,1,0,0.0157196166167141,0,-0.0436171382261768,0.0436171382261768,1,1
additive_bias,218,0.25,score_high_bias,0.964566545204145,0.914799308287713,0.964245375463854,0.0494460671761413,0.1564,0.7888,0.224,0.198275862068966,0.801724137931035,0.698214285714286,0.301785714285714,0.0625,0.00195213488645061,0.0600434713177144,0.000687948670825553,0.240251534097052,0.5648,2824,0.5648,0,2824,0,1,0,0.0494460671761414,0,-0.0875461529322617,0.0875461529322617,1,1
additive_bias,218,0.5,score_high_bias,0.964566545204145,0.853163986189094,0.964245375463854,0.11108138927476,0.1564,0.9586,0.224,0.163154600459003,0.836845399540997,0.698214285714286,0.301785714285714,0.25,0.00195213488645061,0.244150764104911,0.000687948670825553,0.490251534097052,0.7346,3673,0.7346,0,3673,0,1,0,0.11108138927476,0,-0.151213434896215,0.151213434896215,1,1
additive_bias,219,-0.5,score_low_bias,0.965145052741936,0.961486609414838,0.964866154019997,0.00337954460515821,0.1618,0,0.2302,,,0.702867072111208,0.297132927888792,0.25,0.00162616886332153,0.243157015293597,0.000878046381330557,-0.508479343325934,0.2302,1151,0.1618,0.0684,809,342,0.702867072111208,0.297132927888792,0.00365844332709789,-0.000278898721939697,0.0146809061909565,0.01710400542588,1,1
additive_bias,219,-0.25,score_low_bias,0.965145052741936,0.961486609414838,0.964866154019997,0.00337954460515821,0.1618,0,0.2302,,,0.702867072111208,0.297132927888792,0.0625,0.00162616886332153,0.0595327767576237,0.000878046381330557,-0.258479343325933,0.2302,1151,0.1618,0.0684,809,342,0.702867072111208,0.297132927888792,0.00365844332709789,-0.000278898721939697,0.0146809061909565,0.01710400542588,1,1
additive_bias,219,-0.1,score_low_bias,0.965145052741936,0.961811907293168,0.964866154019997,0.00305424672682919,0.1618,0.0026,0.2302,1,0,0.702867072111208,0.297132927888792,0.01,0.00162616886332153,0.00935823363603943,0.000878046381330557,-0.108479343325934,0.2276,1138,0.1592,0.0684,796,342,0.699472759226714,0.300527240773286,0.00333314544876889,-0.000278898721939697,0.0134193617171757,0.0158701413475773,1,1
additive_bias,219,0,no_bias,0.965145052741936,0.965145052741936,0.964866154019997,-0.000278898721939758,0.1618,0.1618,0.2302,1,0,0.702867072111208,0.297132927888792,0,0.00162616886332153,0.000908538221649943,0.000878046381330557,-0.00847934332593347,0.0684,342,0,0.0684,0,342,0,1,0,-0.000278898721939697,-0.00407746669502482,0.00407746669502482,1,1
additive_bias,219,0.1,score_high_bias,0.965145052741936,0.949576173454508,0.964866154019997,0.015289980565489,0.1618,0.599,0.2302,0.270116861435726,0.729883138564274,0.702867072111208,0.297132927888792,0.01,0.00162616886332153,0.0124588428072605,0.000878046381330557,0.0915206566740665,0.3688,1844,0.3688,0,1844,0,1,0,0.015289980565489,0,-0.0414587325528444,0.0414587325528444,1,1
additive_bias,219,0.25,score_high_bias,0.965145052741936,0.917624438282061,0.964866154019997,0.0472417157379352,0.1618,0.7896,0.2302,0.204913880445795,0.795086119554205,0.702867072111208,0.297132927888792,0.0625,0.00162616886332153,0.0672842996856762,0.000878046381330557,0.241520656674067,0.5594,2797,0.5594,0,2797,0,1,0,0.0472417157379352,0,-0.0844506895565521,0.0844506895565521,1,1
additive_bias,219,0.5,score_high_bias,0.965145052741936,0.856659645798733,0.964866154019997,0.108206508221263,0.1618,0.9574,0.2302,0.168999373302695,0.831000626697305,0.702867072111208,0.297132927888792,0.25,0.00162616886332153,0.258660061149703,0.000878046381330557,0.491520656674067,0.7272,3636,0.7272,0,3636,0,1,0,0.108206508221263,0,-0.148798828687106,0.148798828687106,1,1
additive_bias,220,-0.5,score_low_bias,0.965242059282164,0.961431598345529,0.965019489638053,0.00358789129252368,0.1604,0,0.102,,,1,0,0.25,0.00079667280789244,0.250365920049219,0.000411055565724181,-0.491176196902693,0.102,510,0.102,0,510,0,1,0,0.00358789129252368,0,0.0351754048286636,0.0351754048286636,1,1
additive_bias,220,-0.25,score_low_bias,0.965242059282164,0.961431598345529,0.965019489638053,0.00358789129252368,0.1604,0,0.102,,,1,0,0.0625,0.00079667280789244,0.0630117556140038,0.000411055565724181,-0.241176196902692,0.102,510,0.102,0,510,0,1,0,0.00358789129252368,0,0.0351754048286636,0.0351754048286636,1,1
additive_bias,220,-0.1,score_low_bias,0.965242059282164,0.961884961425116,0.965019489638053,0.00313452821293725,0.1604,0.0038,0.102,1,0,1,0,0.01,0.00079667280789244,0.0105992569528748,0.000411055565724181,-0.0911761969026924,0.0982,491,0.0982,0,491,0,1,0,0.00313452821293717,0,0.0319198392356127,0.0319198392356127,1,1
additive_bias,220,0,no_bias,0.965242059282164,0.965242059282164,0.965019489638053,-0.000222569644110826,0.1604,0.1604,0.102,1,0,1,0,0,0.00079667280789244,0.000657591178788781,0.000411055565724181,0.00882380309730757,0.0584,292,0,0.0584,0,292,0,1,0,-0.000222569644110877,0.00381112404299447,0.00381112404299447,1,1
additive_bias,220,0.1,score_high_bias,0.965242059282164,0.949021729841075,0.965019489638053,0.0159977597969782,0.1604,0.5966,0.102,0.268856855514583,0.731143144485417,1,0,0.01,0.00079667280789244,0.0107159254047028,0.000411055565724181,0.108823803097308,0.4946,2473,0.4362,0.0584,2181,292,0.881924787707238,0.118075212292762,0.0162203294410891,-0.000222569644110877,-0.0323448439081645,0.0332448424690658,1,1
additive_bias,220,0.25,score_high_bias,0.965242059282164,0.917387884888818,0.965019489638053,0.0476316047492349,0.1604,0.7878,0.102,0.203604975882204,0.796395024117796,1,0,0.0625,0.00079667280789244,0.0633034267435737,0.000411055565724181,0.258823803097308,0.6858,3429,0.6274,0.0584,3137,292,0.914843977836104,0.0851560221638962,0.0478541743933458,-0.000222569644110877,-0.0694540751665717,0.0701031554935209,1,1
additive_bias,220,0.5,score_high_bias,0.965242059282164,0.856473852881582,0.965019489638053,0.108545636756471,0.1604,0.9572,0.102,0.167572085248642,0.832427914751358,1,0,0.25,0.00079667280789244,0.250949262308359,0.000411055565724181,0.508823803097308,0.8552,4276,0.7968,0.0584,3984,292,0.931711880261927,0.068288119738073,0.108768206400582,-0.000222569644110877,-0.126924271230672,0.127444780220642,1,1
additive_bias,221,-0.5,score_low_bias,0.963369510910669,0.959635488390872,0.963368850381419,0.00373336199054652,0.158,0,0.1616,,,0.977722772277228,0.0222772277227723,0.25,0.000908844238558941,0.24742928969469,0.000750956159876574,-0.500380329309584,0.1616,808,0.158,0.0036,790,18,0.977722772277228,0.0222772277227723,0.00373402251979649,-6.60529249951103e-07,0.0231024875652633,0.0231106624322181,1,1
additive_bias,221,-0.25,score_low_bias,0.963369510910669,0.959635488390872,0.963368850381419,0.00373336199054652,0.158,0,0.1616,,,0.977722772277228,0.0222772277227723,0.0625,0.000908844238558941,0.0614134917235,0.000750956159876574,-0.250380329309584,0.1616,808,0.158,0.0036,790,18,0.977722772277228,0.0222772277227723,0.00373402251979649,-6.60529249951103e-07,0.0231024875652633,0.0231106624322181,1,1
additive_bias,221,-0.1,score_low_bias,0.963369510910669,0.959872291725174,0.963368850381419,0.00349655865624432,0.158,0.002,0.1616,1,0,0.977722772277228,0.0222772277227723,0.01,0.000908844238558941,0.00980401294078599,0.000750956159876574,-0.100380329309584,0.1596,798,0.156,0.0036,780,18,0.977443609022556,0.0225563909774436,0.00349721918549426,-6.60529249951103e-07,0.0219082622571699,0.0219165395660665,1,1
additive_bias,221,0,no_bias,0.963369510910669,0.963369510910669,0.963368850381419,-6.60529249962849e-07,0.158,0.158,0.1616,1,0,0.977722772277228,0.0222772277227723,0,0.000908844238558941,0.000397693752309984,0.000750956159876574,-0.00038032930958376,0.0036,18,0,0.0036,0,18,0,1,0,-6.60529249951103e-07,-0.00018348034720864,0.00018348034720864,1,1
additive_bias,221,0.1,score_high_bias,0.963369510910669,0.947387515728534,0.963368850381419,0.0159813346528849,0.158,0.595,0.1616,0.265546218487395,0.734453781512605,0.977722772277228,0.0222772277227723,0.01,0.000908844238558941,0.010991374563834,0.000750956159876574,0.0996196706904163,0.4334,2167,0.4334,0,2167,0,1,0,0.0159813346528849,0,-0.036874330071262,0.036874330071262,1,1
additive_bias,221,0.25,score_high_bias,0.963369510910669,0.916557205596993,0.963368850381419,0.0468116447844253,0.158,0.7836,0.1616,0.20163348647269,0.79836651352731,0.977722772277228,0.0222772277227723,0.0625,0.000908844238558941,0.06438189578112,0.000750956159876574,0.249619670690416,0.622,3110,0.622,0,3110,0,1,0,0.0468116447844253,0,-0.0752598790746388,0.0752598790746388,1,1
additive_bias,221,0.5,score_high_bias,0.963369510910669,0.855223971385241,0.963368850381419,0.108144878996177,0.158,0.9526,0.1616,0.165861851774092,0.834138148225908,0.977722772277228,0.0222772277227723,0.25,0.000908844238558941,0.25336609780993,0.000750956159876574,0.499619670690416,0.791,3955,0.791,0,3955,0,1,0,0.108144878996177,0,-0.136719189628543,0.136719189628543,1,1
additive_bias,222,-0.5,score_low_bias,0.964939370296207,0.961053730077825,0.964363970984404,0.0033102409065785,0.1662,0,0.079,,,1,0,0.25,0.00124007338043698,0.260143502330393,0.0011642367408402,-0.484763411322135,0.079,395,0.079,0,395,0,1,0,0.00331024090657843,0,0.041901783627575,0.041901783627575,1,1
additive_bias,222,-0.25,score_low_bias,0.964939370296207,0.961053730077825,0.964363970984404,0.0033102409065785,0.1662,0,0.079,,,1,0,0.0625,0.00124007338043698,0.0678298170120403,0.0011642367408402,-0.234763411322135,0.079,395,0.079,0,395,0,1,0,0.00331024090657843,0,0.041901783627575,0.041901783627575,1,1
additive_bias,222,-0.1,score_low_bias,0.964939370296207,0.961514770512045,0.964363970984404,0.00284920047235904,0.1662,0.004,0.079,1,0,1,0,0.01,0.00124007338043698,0.012441605821029,0.0011642367408402,-0.0847634113221354,0.075,375,0.075,0,375,0,1,0,0.002849200472359,0,0.0379893396314534,0.0379893396314534,1,1
additive_bias,222,0,no_bias,0.964939370296207,0.964939370296207,0.964363970984404,-0.000575399311802949,0.1662,0.1662,0.079,1,0,1,0,0,0.00124007338043698,0.000516131693688157,0.0011642367408402,0.0152365886778646,0.0872,436,0,0.0872,0,436,0,1,0,-0.000575399311803041,0.00659861596104405,0.00659861596104405,1,1
additive_bias,222,0.1,score_high_bias,0.964939370296207,0.948881992112149,0.964363970984404,0.0154819788722551,0.1662,0.6032,0.079,0.27553050397878,0.72446949602122,1,0,0.01,0.00124007338043698,0.0085906575663473,0.0011642367408402,0.115236588677865,0.5242,2621,0.437,0.0872,2185,436,0.833651278138115,0.166348721861885,0.0160573781840581,-0.000575399311803041,-0.0295344885010589,0.0317298311634132,1,1
additive_bias,222,0.25,score_high_bias,0.964939370296207,0.916899404749722,0.964363970984404,0.0474645662346816,0.1662,0.7944,0.079,0.209214501510574,0.790785498489426,1,0,0.0625,0.00124007338043698,0.058202446375336,0.0011642367408402,0.265236588677865,0.7154,3577,0.6282,0.0872,3141,436,0.878110148168857,0.121889851831143,0.0480399655464847,-0.000575399311803041,-0.0663468915776931,0.0679555002212576,1,1
additive_bias,222,0.5,score_high_bias,0.964939370296207,0.859511242721192,0.964363970984404,0.104852728263212,0.1662,0.9528,0.079,0.174433249370277,0.825566750629723,1,0,0.25,0.00124007338043698,0.240888761056984,0.0011642367408402,0.515236588677865,0.8738,4369,0.7866,0.0872,3933,436,0.900205996795605,0.0997940032043946,0.105428127575015,-0.000575399311803041,-0.119996255737253,0.121313260341975,1,1
additive_bias,223,-0.5,score_low_bias,0.964056490329732,0.960733864538429,0.963675781094076,0.00294191655564613,0.1508,0,0.0794,,,1,0,0.25,0.00101857066893566,0.256761769413914,0.000990031780908318,-0.488257732059875,0.0794,397,0.0794,0,397,0,1,0,0.00294191655564608,0,0.0370518457889935,0.0370518457889935,1,1
additive_bias,223,-0.25,score_low_bias,0.964056490329732,0.960733864538429,0.963675781094076,0.00294191655564613,0.1508,0,0.0794,,,1,0,0.0625,0.00101857066893566,0.0660458916294672,0.000990031780908318,-0.238257732059875,0.0794,397,0.0794,0,397,0,1,0,0.00294191655564608,0,0.0370518457889935,0.0370518457889935,1,1
additive_bias,223,-0.1,score_low_bias,0.964056490329732,0.961139434336602,0.963675781094076,0.00253634675747327,0.1508,0.0032,0.0794,1,0,1,0,0.01,0.00101857066893566,0.0116163649587991,0.000990031780908318,-0.0882577320598749,0.0762,381,0.0762,0,381,0,1,0,0.00253634675747325,0,0.0332853905180217,0.0332853905180217,1,1
additive_bias,223,0,no_bias,0.964056490329732,0.964056490329732,0.963675781094076,-0.000380709235656251,0.1508,0.1508,0.0794,1,0,1,0,0,0.00101857066893566,0.000330013845020271,0.000990031780908318,0.0117422679401251,0.0714,357,0,0.0714,0,357,0,1,0,-0.000380709235656245,0.00533206212403704,0.00533206212403704,1,1
additive_bias,223,0.1,score_high_bias,0.964056490329732,0.947953751888666,0.963675781094076,0.01572202920541,0.1508,0.59,0.0794,0.255593220338983,0.744406779661017,1,0,0.01,0.00101857066893566,0.00904366273124149,0.000990031780908318,0.111742267940125,0.5106,2553,0.4392,0.0714,2196,357,0.860164512338425,0.139835487661575,0.0161027384410662,-0.000380709235656245,-0.030791283206835,0.0322825062215481,1,1
additive_bias,223,0.25,score_high_bias,0.964056490329732,0.915544628718976,0.963675781094076,0.0481311523750998,0.1508,0.7876,0.0794,0.191467750126968,0.808532249873032,1,0,0.0625,0.00101857066893566,0.0596141360605733,0.000990031780908318,0.261742267940125,0.7082,3541,0.6368,0.0714,3184,357,0.899181022310082,0.100818977689918,0.048511861610756,-0.000380709235656245,-0.067962655146992,0.0690378012516411,1,1
additive_bias,223,0.5,score_high_bias,0.964056490329732,0.85396851765239,0.963675781094076,0.109707263441685,0.1508,0.9574,0.0794,0.157509922707332,0.842490077292668,1,0,0.25,0.00101857066893566,0.243898258276126,0.000990031780908318,0.511742267940125,0.878,4390,0.8066,0.0714,4033,357,0.918678815489749,0.0813211845102506,0.110087972677342,-0.000380709235656245,-0.124951325104425,0.125818544320043,1,1
additive_bias,224,-0.5,score_low_bias,0.964729123862185,0.960912010640459,0.964724687364755,0.0038126767242963,0.1622,0,0.1536,,,1,0,0.25,0.00233195528677643,0.258575281479663,0.00242132616927853,-0.498863832079587,0.1536,768,0.1536,0,768,0,1,0,0.00381267672429632,0,0.0248221140904709,0.0248221140904709,1,1
additive_bias,224,-0.25,score_low_bias,0.964729123862185,0.960912010640459,0.964724687364755,0.0038126767242963,0.1622,0,0.1536,,,1,0,0.0625,0.00233195528677643,0.0670531514367104,0.00242132616927853,-0.248863832079587,0.1536,768,0.1536,0,768,0,1,0,0.00381267672429632,0,0.0248221140904709,0.0248221140904709,1,1
additive_bias,224,-0.1,score_low_bias,0.964729123862185,0.961304466507935,0.964724687364755,0.00342022085682014,0.1622,0.0032,0.1536,1,0,1,0,0.01,0.00233195528677643,0.0121398734109386,0.00242132616927853,-0.0988638320795869,0.1504,752,0.1504,0,752,0,1,0,0.00342022085682019,0,0.0227408301650279,0.0227408301650279,1,1
additive_bias,224,0,no_bias,0.964729123862185,0.964729123862185,0.964724687364755,-4.43649742998264e-06,0.1622,0.1622,0.1536,1,0,1,0,0,0.00233195528677643,0.00053102139375737,0.00242132616927853,0.00113616792041316,0.0086,43,0,0.0086,0,43,0,1,0,-4.43649742995649e-06,0.000515871794180987,0.000515871794180987,1,1
additive_bias,224,0.1,score_high_bias,0.964729123862185,0.948930789185491,0.964724687364755,0.015793898179264,0.1622,0.6006,0.1536,0.27006327006327,0.72993672993673,1,0,0.01,0.00233195528677643,0.00892216937657616,0.00242132616927853,0.101136167920413,0.447,2235,0.4384,0.0086,2192,43,0.98076062639821,0.0192393736017897,0.015798334676694,-4.43649742995649e-06,-0.0353331055464519,0.0353529556468097,1,1
additive_bias,224,0.25,score_high_bias,0.964729123862185,0.91714650734406,0.964724687364755,0.0475781800206954,0.1622,0.7924,0.1536,0.204694598687532,0.795305401312468,1,0,0.0625,0.00233195528677643,0.0590088913508043,0.00242132616927853,0.251136167920413,0.6388,3194,0.6302,0.0086,3151,43,0.986537257357545,0.0134627426424546,0.0475826165181253,-4.43649742995649e-06,-0.0744805573273252,0.0744944474257284,1,1
additive_bias,224,0.5,score_high_bias,0.964729123862185,0.858113395836103,0.964724687364755,0.106611291528652,0.1622,0.9544,0.1536,0.169949706621961,0.830050293378039,1,0,0.25,0.00233195528677643,0.242486761307851,0.00242132616927853,0.501136167920413,0.8008,4004,0.7922,0.0086,3961,43,0.989260739260739,0.0107392607392607,0.106615728026082,-4.43649742995649e-06,-0.133130983427387,0.133142063590799,1,1
additive_bias,225,-0.5,score_low_bias,0.964798167771293,0.961353901434786,0.964798053448405,0.00344415201361969,0.1616,0,0.1636,,,0.987775061124694,0.0122249388753056,0.25,0.00128664356987774,0.242482286872042,0.0011580375007818,-0.500124212832163,0.1636,818,0.1616,0.002,808,10,0.987775061124694,0.0122249388753056,0.00344426633650779,-1.14322888068741e-07,0.0210522739218809,0.0210536715121996,1,1
additive_bias,225,-0.25,score_low_bias,0.964798167771293,0.961353901434786,0.964798053448405,0.00344415201361969,0.1616,0,0.1636,,,0.987775061124694,0.0122249388753056,0.0625,0.00128664356987774,0.059077081285754,0.0011580375007818,-0.250124212832163,0.1636,818,0.1616,0.002,808,10,0.987775061124694,0.0122249388753056,0.00344426633650779,-1.14322888068741e-07,0.0210522739218809,0.0210536715121996,1,1
additive_bias,225,-0.1,score_low_bias,0.964798167771293,0.961759300967164,0.964798053448405,0.00303875248124164,0.1616,0.0034,0.1636,1,0,0.987775061124694,0.0122249388753056,0.01,0.00128664356987774,0.00903395793398096,0.0011580375007818,-0.100124212832163,0.1602,801,0.1582,0.002,791,10,0.987515605493133,0.0124843945068664,0.00303886680412979,-1.14322888068741e-07,0.0189684923922704,0.0189699196443063,1,1
additive_bias,225,0,no_bias,0.964798167771293,0.964798167771293,0.964798053448405,-1.1432288815616e-07,0.1616,0.1616,0.1636,1,0,0.987775061124694,0.0122249388753056,0,0.00128664356987774,0.000671875699465591,0.0011580375007818,-0.000124212832162574,0.002,10,0,0.002,0,10,0,1,0,-1.14322888068741e-07,-5.71614440343704e-05,5.71614440343704e-05,1,1
additive_bias,225,0.1,score_high_bias,0.964798167771293,0.949069870387259,0.964798053448405,0.0157281830611463,0.1616,0.598,0.1636,0.270234113712375,0.729765886287625,0.987775061124694,0.0122249388753056,0.01,0.00128664356987774,0.0123097934649502,0.0011580375007818,0.0998757871678374,0.4344,2172,0.4344,0,2172,0,1,0,0.0157281830611464,0,-0.0362066829216077,0.0362066829216077,1,1
additive_bias,225,0.25,score_high_bias,0.964798167771293,0.91590029679847,0.964798053448405,0.0488977566499353,0.1616,0.7966,0.1636,0.202862164197841,0.797137835802159,0.987775061124694,0.0122249388753056,0.0625,0.00128664356987774,0.0672666701131772,0.0011580375007818,0.249875787167837,0.633,3165,0.633,0,3165,0,1,0,0.0488977566499354,0,-0.0772476408371807,0.0772476408371807,1,1
additive_bias,225,0.5,score_high_bias,0.964798167771293,0.858129568192302,0.964798053448405,0.106668485256103,0.1616,0.9568,0.1636,0.168896321070234,0.831103678929766,0.987775061124694,0.0122249388753056,0.25,0.00128664356987774,0.258861464526889,0.0011580375007818,0.499875787167837,0.7932,3966,0.7932,0,3966,0,1,0,0.106668485256103,0,-0.134478675310266,0.134478675310266,1,1
additive_bias,226,-0.5,score_low_bias,0.965131730307529,0.961455662431697,0.965030981849497,0.00357531941779976,0.1514,0,0.1136,,,1,0,0.25,0.00212298702742404,0.248821561760272,0.000913969106520578,-0.494530691187834,0.1136,568,0.1136,0,568,0,1,0,0.00357531941779972,0,0.0314728821989412,0.0314728821989412,1,1
additive_bias,226,-0.25,score_low_bias,0.965131730307529,0.961455662431697,0.965030981849497,0.00357531941779976,0.1514,0,0.1136,,,1,0,0.0625,0.00212298702742404,0.0621942035475745,0.000913969106520578,-0.244530691187834,0.1136,568,0.1136,0,568,0,1,0,0.00357531941779972,0,0.0314728821989412,0.0314728821989412,1,1
additive_bias,226,-0.1,score_low_bias,0.965131730307529,0.961718663892128,0.965030981849497,0.00331231795736842,0.1514,0.002,0.1136,1,0,1,0,0.01,0.00212298702742404,0.0102177886199563,0.000913969106520578,-0.0945306911878337,0.1116,558,0.1116,0,558,0,1,0,0.00331231795736835,0,0.0296802684352003,0.0296802684352003,1,1
additive_bias,226,0,no_bias,0.965131730307529,0.965131730307529,0.965030981849497,-0.000100748458032429,0.1514,0.1514,0.1136,1,0,1,0,0,0.00212298702742404,0.000566845334877526,0.000913969106520578,0.00546930881216634,0.0378,189,0,0.0378,0,189,0,1,0,-0.000100748458032443,0.0026653031225514,0.0026653031225514,1,1
additive_bias,226,0.1,score_high_bias,0.965131730307529,0.949287145541796,0.965030981849497,0.0157438363077005,0.1514,0.5852,0.1136,0.258714969241285,0.741285030758715,1,0,0.01,0.00212298702742404,0.0109159020497987,0.000913969106520578,0.105469308812166,0.4716,2358,0.4338,0.0378,2169,189,0.919847328244275,0.0801526717557252,0.0158445847657329,-0.000100748458032443,-0.0333838768187033,0.0338111391513261,1,1
additive_bias,226,0.25,score_high_bias,0.965131730307529,0.914747250230372,0.965030981849497,0.0502837316191251,0.1514,0.7928,0.1136,0.190968718466196,0.809031281533804,1,0,0.0625,0.00212298702742404,0.0639394871221806,0.000913969106520578,0.255469308812166,0.6792,3396,0.6414,0.0378,3207,189,0.94434628975265,0.0556537102473498,0.0503844800771575,-0.000100748458032443,-0.0740337626901135,0.0743304307055212,1,1
additive_bias,226,0.5,score_high_bias,0.965131730307529,0.85461039133383,0.965030981849497,0.110420590515667,0.1514,0.958,0.1136,0.1580375782881,0.8419624217119,1,0,0.25,0.00212298702742404,0.252312128909484,0.000913969106520578,0.505469308812166,0.8444,4222,0.8066,0.0378,4033,189,0.95523448602558,0.0447655139744197,0.1105213389737,-0.000100748458032443,-0.130768108142666,0.131006735471023,1,1
additive_bias,227,-0.5,score_low_bias,0.964954145487413,0.961578681173264,0.964930386836202,0.00335170566293763,0.1546,0,0.135,,,1,0,0.25,0.00151990844742316,0.241838949610611,0.00130173570107981,-0.497719848804073,0.135,675,0.135,0,675,0,1,0,0.00335170566293767,0,0.0248274493550939,0.0248274493550939,1,1
additive_bias,227,-0.25,score_low_bias,0.964954145487413,0.961578681173264,0.964930386836202,0.00335170566293763,0.1546,0,0.135,,,1,0,0.0625,0.00151990844742316,0.0586228504521853,0.00130173570107981,-0.247719848804073,0.135,675,0.135,0,675,0,1,0,0.00335170566293767,0,0.0248274493550939,0.0248274493550939,1,1
additive_bias,227,-0.1,score_low_bias,0.964954145487413,0.961926957378922,0.964930386836202,0.00300342945727972,0.1546,0.0028,0.135,1,0,1,0,0.01,0.00151990844742316,0.00869319095712961,0.00130173570107981,-0.0977198488040727,0.1322,661,0.1322,0,661,0,1,0,0.00300342945727969,0,0.0227188309930385,0.0227188309930385,1,1
additive_bias,227,0,no_bias,0.964954145487413,0.964954145487413,0.964930386836202,-2.3758651211625e-05,0.1546,0.1546,0.135,1,0,1,0,0,0.00151990844742316,0.000406751293759147,0.00130173570107981,0.00228015119592728,0.0196,98,0,0.0196,0,98,0,1,0,-2.37586512115975e-05,0.00121217608222436,0.00121217608222436,1,1
additive_bias,227,0.1,score_high_bias,0.964954145487413,0.948370805994037,0.964930386836202,0.0165595808421651,0.1546,0.6022,0.135,0.256725340418466,0.743274659581534,1,0,0.01,0.00151990844742316,0.0121203116303887,0.00130173570107981,0.102280151195927,0.4672,2336,0.4476,0.0196,2238,98,0.958047945205479,0.0419520547945205,0.0165833394933768,-2.37586512115975e-05,-0.0354443083094289,0.0355460148642731,1,1
additive_bias,227,0.25,score_high_bias,0.964954145487413,0.916823640257588,0.964930386836202,0.0481067465786138,0.1546,0.792,0.135,0.19520202020202,0.80479797979798,1,0,0.0625,0.00151990844742316,0.067190652135333,0.00130173570107981,0.252280151195927,0.657,3285,0.6374,0.0196,3187,98,0.970167427701674,0.0298325722983257,0.0481305052298254,-2.37586512115975e-05,-0.0732218364971291,0.0732941611583517,1,1
additive_bias,227,0.5,score_high_bias,0.964954145487413,0.859328570212631,0.964930386836202,0.105601816623571,0.1546,0.9526,0.135,0.162292672685282,0.837707327314718,1,0,0.25,0.00151990844742316,0.258974552976907,0.00130173570107981,0.502280151195927,0.8176,4088,0.798,0.0196,3990,98,0.976027397260274,0.023972602739726,0.105625575274782,-2.37586512115975e-05,-0.12916073461787,0.12921885264921,1,1
additive_bias,228,-0.5,score_low_bias,0.964660803090829,0.961200153737603,0.964599378284458,0.00339922454685504,0.154,0,0.1224,,,1,0,0.25,0.00237596453496129,0.257990395103561,0.00107120155471766,-0.495789007472641,0.1224,612,0.1224,0,612,0,1,0,0.00339922454685502,0,0.0277714423762665,0.0277714423762665,1,1
additive_bias,228,-0.25,score_low_bias,0.964660803090829,0.961200153737603,0.964599378284458,0.00339922454685504,0.154,0,0.1224,,,1,0,0.0625,0.00237596453496129,0.0669314178208709,0.00107120155471766,-0.245789007472641,0.1224,612,0.1224,0,612,0,1,0,0.00339922454685502,0,0.0277714423762665,0.0277714423762665,1,1
additive_bias,228,-0.1,score_low_bias,0.964660803090829,0.961609484376249,0.964599378284458,0.00298989390820958,0.154,0.0034,0.1224,1,0,1,0,0.01,0.00237596453496129,0.0122960314512567,0.00107120155471766,-0.0957890074726412,0.119,595,0.119,0,595,0,1,0,0.00298989390820951,0,0.0251251588925169,0.0251251588925169,1,1
additive_bias,228,0,no_bias,0.964660803090829,0.964660803090829,0.964599378284458,-6.14248063705025e-05,0.154,0.154,0.1224,1,0,1,0,0,0.00237596453496129,0.000872440538180607,0.00107120155471766,0.00421099252735879,0.0316,158,0,0.0316,0,158,0,1,0,-6.1424806370534e-05,0.0019438229864093,0.0019438229864093,1,1
additive_bias,228,0.1,score_high_bias,0.964660803090829,0.948694312943623,0.964599378284458,0.0159050653408357,0.154,0.589,0.1224,0.261460101867572,0.738539898132428,1,0,0.01,0.00237596453496129,0.00944884962510447,0.00107120155471766,0.104210992527359,0.4666,2333,0.435,0.0316,2175,158,0.932276039434205,0.0677239605657951,0.0159664901472062,-6.1424806370534e-05,-0.0340871524664287,0.0343504392489856,1,1
additive_bias,228,0.25,score_high_bias,0.964660803090829,0.916011050616433,0.964599378284458,0.0485883276680252,0.154,0.7834,0.1224,0.196579014551953,0.803420985448047,1,0,0.0625,0.00237596453496129,0.0598134632554903,0.00107120155471766,0.254210992527359,0.661,3305,0.6294,0.0316,3147,158,0.952193645990923,0.0478063540090772,0.0486497524743958,-6.1424806370534e-05,-0.073507303582489,0.0736931577621275,1,1
additive_bias,228,0.5,score_high_bias,0.964660803090829,0.853771171829239,0.964599378284458,0.110828206455219,0.154,0.9546,0.1224,0.161324114812487,0.838675885187513,1,0,0.25,0.00237596453496129,0.2437544859728,0.00107120155471766,0.504210992527359,0.8322,4161,0.8006,0.0316,4003,158,0.962028358567652,0.037971641432348,0.11088963126159,-6.1424806370534e-05,-0.133174965699615,0.13332258599851,1,1
additive_bias,229,-0.5,score_low_bias,0.965195940141356,0.961682167856904,0.965194591191464,0.00351242333455981,0.1604,0,0.155,,,1,0,0.25,0.00113903173843091,0.270007389066974,0.0012743360104196,-0.499468877954356,0.155,775,0.155,0,775,0,1,0,0.00351242333455983,0,0.0226607957068376,0.0226607957068376,1,1
additive_bias,229,-0.25,score_low_bias,0.965195940141356,0.961682167856904,0.965194591191464,0.00351242333455981,0.1604,0,0.155,,,1,0,0.0625,0.00113903173843091,0.0730073788500487,0.0012743360104196,-0.249468877954356,0.155,775,0.155,0,775,0,1,0,0.00351242333455983,0,0.0226607957068376,0.0226607957068376,1,1
additive_bias,229,-0.1,score_low_bias,0.965195940141356,0.961987904469198,0.965194591191464,0.00320668672226598,0.1604,0.0026,0.155,1,0,1,0,0.01,0.00113903173843091,0.0148073727198936,0.0012743360104196,-0.0994688779543561,0.1524,762,0.1524,0,762,0,1,0,0.00320668672226595,0,0.021041251458438,0.021041251458438,1,1
additive_bias,229,0,no_bias,0.965195940141356,0.965195940141356,0.965194591191464,-1.34894989201051e-06,0.1604,0.1604,0.155,1,0,1,0,0,0.00113903173843091,0.00100736863312361,0.0012743360104196,0.000531122045643873,0.0054,27,0,0.0054,0,27,0,1,0,-1.3489498920205e-06,0.000249805535559352,0.000249805535559352,1,1
additive_bias,229,0.1,score_high_bias,0.965195940141356,0.949757170990094,0.965194591191464,0.0154374202013702,0.1604,0.592,0.155,0.270945945945946,0.729054054054054,1,0,0.01,0.00113903173843091,0.00720736454635359,0.0012743360104196,0.100531122045644,0.437,2185,0.4316,0.0054,2158,27,0.987643020594966,0.0123569794050343,0.0154387691512622,-1.3489498920205e-06,-0.0353259043509615,0.0353320780346778,1,1
additive_bias,229,0.25,score_high_bias,0.965195940141356,0.91693598839654,0.965194591191464,0.0482586027949241,0.1604,0.7916,0.155,0.202627589691764,0.797372410308237,1,0,0.0625,0.00113903173843091,0.0540073584161986,0.0012743360104196,0.250531122045644,0.6366,3183,0.6312,0.0054,3156,27,0.991517436380773,0.00848256361922714,0.0482599517448162,-1.3489498920205e-06,-0.0758067904412883,0.075811028423984,1,1
additive_bias,229,0.5,score_high_bias,0.965195940141356,0.857391291597897,0.965194591191464,0.107803299593567,0.1604,0.9564,0.155,0.167712254286909,0.832287745713091,1,0,0.25,0.00113903173843091,0.232007348199274,0.0012743360104196,0.500531122045644,0.8014,4007,0.796,0.0054,3980,27,0.993261791864238,0.00673820813576242,0.107804648543459,-1.3489498920205e-06,-0.134518716737667,0.134522083221051,1,1
additive_bias,230,-0.5,score_low_bias,0.964450844342577,0.96040407645827,0.960710738382537,0.000306661924267315,0.1624,0,0.4,,,0.406,0.594,0.25,0.0012332141334484,0.248291386846077,0.00064535296477777,-0.533728035669459,0.4,2000,0.1624,0.2376,812,1188,0.406,0.594,0.0040467678843074,-0.00374010596004001,0.000766654810668465,0.0194671846108685,1,1
additive_bias,230,-0.25,score_low_bias,0.964450844342577,0.96040407645827,0.960710738382537,0.000306661924267315,0.1624,0,0.4,,,0.406,0.594,0.0625,0.0012332141334484,0.0618237647270272,0.00064535296477777,-0.283728035669459,0.4,2000,0.1624,0.2376,812,1188,0.406,0.594,0.0040467678843074,-0.00374010596004001,0.000766654810668465,0.0194671846108685,1,1
additive_bias,230,-0.1,score_low_bias,0.964450844342577,0.961037497772332,0.960710738382537,-0.000326759389795539,0.1624,0.0054,0.4,1,0,0.406,0.594,0.01,0.0012332141334484,0.00994319145559717,0.00064535296477777,-0.133728035669459,0.3946,1973,0.157,0.2376,785,1188,0.397871262037506,0.602128737962494,0.00341334657024448,-0.00374010596004001,-0.000828077521022643,0.0181283642429916,1,1
additive_bias,230,0,no_bias,0.964450844342577,0.964450844342577,0.960710738382537,-0.00374010596004004,0.1624,0.1624,0.4,1,0,0.406,0.594,0,0.0012332141334484,0.000356142607977185,0.00064535296477777,-0.0337280356694594,0.2376,1188,0,0.2376,0,1188,0,1,0,-0.00374010596004001,-0.0157411867005051,0.0157411867005051,1,1
additive_bias,230,0.1,score_high_bias,0.964450844342577,0.948686102981676,0.960710738382537,0.0120246354008611,0.1624,0.5964,0.4,0.272300469483568,0.727699530516432,0.406,0.594,0.01,0.0012332141334484,0.0107690937603572,0.00064535296477777,0.0662719643305406,0.1964,982,0.1964,0,982,0,1,0,0.0120246354008611,0,-0.0612252311652806,0.0612252311652806,1,1
additive_bias,230,0.25,score_high_bias,0.964450844342577,0.917155839227165,0.960710738382537,0.0435548991553723,0.1624,0.784,0.4,0.207142857142857,0.792857142857143,0.406,0.594,0.0625,0.0012332141334484,0.0638885204889272,0.00064535296477777,0.216271964330541,0.384,1920,0.384,0,1920,0,1,0,0.0435548991553723,0,-0.113424216550449,0.113424216550449,1,1
additive_bias,230,0.5,score_high_bias,0.964450844342577,0.856395145779471,0.960710738382537,0.104315592603066,0.1624,0.9518,0.4,0.17062408068922,0.82937591931078,0.406,0.594,0.25,0.0012332141334484,0.252420898369877,0.00064535296477777,0.466271964330541,0.5518,2759,0.5518,0,2759,0,1,0,0.104315592603066,0,-0.189046017765614,0.189046017765614,1,1
additive_bias,231,-0.5,score_low_bias,0.965688610908297,0.961929516832397,0.965143439912737,0.00321392308033963,0.1704,0,0.08,,,1,0,0.25,0.00197216679948054,0.238474522544546,0.00147008484909241,-0.48644925111407,0.08,400,0.08,0,400,0,1,0,0.00321392308033967,0,0.0401740385042458,0.0401740385042458,1,1
additive_bias,231,-0.25,score_low_bias,0.965688610908297,0.961929516832397,0.965143439912737,0.00321392308033963,0.1704,0,0.08,,,1,0,0.0625,0.00197216679948054,0.0569254363725282,0.00147008484909241,-0.23644925111407,0.08,400,0.08,0,400,0,1,0,0.00321392308033967,0,0.0401740385042458,0.0401740385042458,1,1
additive_bias,231,-0.1,score_low_bias,0.965688610908297,0.962307186568566,0.965143439912737,0.00283625334417081,0.1704,0.003,0.08,1,0,1,0,0.01,0.00197216679948054,0.0079959846693177,0.00147008484909241,-0.0864492511140698,0.077,385,0.077,0,385,0,1,0,0.00283625334417081,0,0.0368344590152053,0.0368344590152053,1,1
additive_bias,231,0,no_bias,0.965688610908297,0.965688610908297,0.965143439912737,-0.000545170995560396,0.1704,0.1704,0.08,1,0,1,0,0,0.00197216679948054,0.00037635020051071,0.00147008484909241,0.0135507488859302,0.0904,452,0,0.0904,0,452,0,1,0,-0.000545170995560382,0.00603065260575643,0.00603065260575643,1,1
additive_bias,231,0.1,score_high_bias,0.965688610908297,0.949943081142226,0.965143439912737,0.0152003587705111,0.1704,0.6,0.08,0.284,0.716,1,0,0.01,0.00197216679948054,0.0127567157317037,0.00147008484909241,0.11355074888593,0.52,2600,0.4296,0.0904,2148,452,0.826153846153846,0.173846153846154,0.0157455297660714,-0.000545170995560382,-0.0292314591740597,0.0313282706954458,1,1
additive_bias,231,0.25,score_high_bias,0.965688610908297,0.917536054038542,0.965143439912737,0.0476073858741946,0.1704,0.7972,0.08,0.213748118414451,0.786251881585549,1,0,0.0625,0.00197216679948054,0.0688272640284932,0.00147008484909241,0.26355074888593,0.7172,3586,0.6268,0.0904,3134,452,0.873954266592303,0.126045733407697,0.048152556869755,-0.000545170995560382,-0.0663795118156645,0.0678997878769037,1,1
additive_bias,231,0.5,score_high_bias,0.965688610908297,0.858341673672516,0.965143439912737,0.106801766240221,0.1704,0.96,0.08,0.1775,0.8225,1,0,0.25,0.00197216679948054,0.262278177856476,0.00147008484909241,0.51355074888593,0.88,4400,0.7896,0.0904,3948,452,0.897272727272727,0.102727272727273,0.107346937235782,-0.000545170995560382,-0.121365643454797,0.122604668444707,1,1
additive_bias,232,-0.5,score_low_bias,0.965889724232529,0.962147252918648,0.965819942060382,0.00367268914173335,0.155,0,0.188,,,0.824468085106383,0.175531914893617,0.25,0.000972453305987477,0.242748753352349,0.00143801272437099,-0.504333644711294,0.188,940,0.155,0.033,775,165,0.824468085106383,0.175531914893617,0.00374247131388046,-6.97821721470594e-05,0.0195355805411351,0.0202779440746145,1,1
additive_bias,232,-0.25,score_low_bias,0.965889724232529,0.962147252918648,0.965819942060382,0.00367268914173335,0.155,0,0.188,,,0.824468085106383,0.175531914893617,0.0625,0.000972453305987477,0.0594651589160882,0.00143801272437099,-0.254333644711294,0.188,940,0.155,0.033,775,165,0.824468085106383,0.175531914893617,0.00374247131388046,-6.97821721470594e-05,0.0195355805411351,0.0202779440746145,1,1
additive_bias,232,-0.1,score_low_bias,0.965889724232529,0.962621797048124,0.965819942060382,0.00319814501225824,0.155,0.0038,0.188,1,0,0.824468085106383,0.175531914893617,0.01,0.000972453305987477,0.00949500225433176,0.00143801272437099,-0.104333644711294,0.1842,921,0.1512,0.033,756,165,0.820846905537459,0.179153094462541,0.00326792718440531,-6.97821721470594e-05,0.0173623507723032,0.0181200290800888,1,1
additive_bias,232,0,no_bias,0.965889724232529,0.965889724232529,0.965819942060382,-6.97821721470371e-05,0.155,0.155,0.188,1,0,0.824468085106383,0.175531914893617,0,0.000972453305987477,0.00118156447982749,0.00143801272437099,-0.00433364471129383,0.033,165,0,0.033,0,165,0,1,0,-6.97821721470594e-05,-0.00211461127718362,0.00211461127718362,1,1
additive_bias,232,0.1,score_high_bias,0.965889724232529,0.949981274384024,0.965819942060382,0.0158386676763582,0.155,0.6018,0.188,0.257560651379196,0.742439348620804,0.824468085106383,0.175531914893617,0.01,0.000972453305987477,0.0128681267053232,0.00143801272437099,0.0956663552887062,0.4138,2069,0.4138,0,2069,0,1,0,0.0158386676763582,0,-0.038276142282161,0.038276142282161,1,1
additive_bias,232,0.25,score_high_bias,0.965889724232529,0.919152310122876,0.965819942060382,0.0466676319375062,0.155,0.7888,0.188,0.196501014198783,0.803498985801217,0.824468085106383,0.175531914893617,0.0625,0.000972453305987477,0.0678979700435668,0.00143801272437099,0.245666355288706,0.6008,3004,0.6008,0,3004,0,1,0,0.0466676319375062,0,-0.0776758188041049,0.0776758188041049,1,1
additive_bias,232,0.5,score_high_bias,0.965889724232529,0.858264184943142,0.965819942060382,0.10755575711724,0.155,0.9582,0.188,0.161761636401586,0.838238363598414,0.824468085106383,0.175531914893617,0.25,0.000972453305987477,0.259614375607306,0.00143801272437099,0.495666355288706,0.7702,3851,0.7702,0,3851,0,1,0,0.10755575711724,0,-0.139646529625085,0.139646529625085,1,1
additive_bias,233,-0.5,score_low_bias,0.964768070514514,0.961083365083908,0.96457807450597,0.0034947094220622,0.153,0,0.101,,,1,0,0.25,0.00140334673891698,0.251584984499815,0.00135206300140785,-0.491575430056838,0.101,505,0.101,0,505,0,1,0,0.00349470942206218,0,0.0346010833867542,0.0346010833867542,1,1
additive_bias,233,-0.25,score_low_bias,0.964768070514514,0.961083365083908,0.96457807450597,0.0034947094220622,0.153,0,0.101,,,1,0,0.0625,0.00140334673891698,0.0633894512814913,0.00135206300140785,-0.241575430056838,0.101,505,0.101,0,505,0,1,0,0.00349470942206218,0,0.0346010833867542,0.0346010833867542,1,1
additive_bias,233,-0.1,score_low_bias,0.964768070514514,0.961597167447102,0.96457807450597,0.002980907058868,0.153,0.0044,0.101,1,0,1,0,0.01,0.00140334673891698,0.0104721313504969,0.00135206300140785,-0.091575430056838,0.0966,483,0.0966,0,483,0,1,0,0.00298090705886796,0,0.0308582511269975,0.0308582511269975,1,1
additive_bias,233,0,no_bias,0.964768070514514,0.964768070514514,0.96457807450597,-0.000189996008544524,0.153,0.153,0.101,1,0,1,0,0,0.00140334673891698,0.000193918063167374,0.00135206300140785,0.00842456994316199,0.052,260,0,0.052,0,260,0,1,0,-0.000189996008544486,0.00365376939508628,0.00365376939508628,1,1
additive_bias,233,0.1,score_high_bias,0.964768070514514,0.949398958753228,0.96457807450597,0.0151791157527418,0.153,0.5902,0.101,0.259234157912572,0.740765842087428,1,0,0.01,0.00140334673891698,0.00991570477583783,0.00135206300140785,0.108424569943162,0.4892,2446,0.4372,0.052,2186,260,0.893704006541292,0.106295993458708,0.0153691117612863,-0.000189996008544486,-0.0310284459377387,0.0318052080331782,1,1
additive_bias,233,0.25,score_high_bias,0.964768070514514,0.917505308060648,0.96457807450597,0.0470727664453222,0.153,0.785,0.101,0.194904458598726,0.805095541401274,1,0,0.0625,0.00140334673891698,0.0619983848448435,0.00135206300140785,0.258424569943162,0.684,3420,0.632,0.052,3160,260,0.923976608187134,0.0760233918128655,0.0472627624538667,-0.000189996008544486,-0.0688198339843891,0.0693753778690222,1,1
additive_bias,233,0.5,score_high_bias,0.964768070514514,0.857876672407665,0.96457807450597,0.106701402098305,0.153,0.9494,0.101,0.161154413313672,0.838845586686328,1,0,0.25,0.00140334673891698,0.24880285162652,0.00135206300140785,0.508424569943162,0.8484,4242,0.7964,0.052,3982,260,0.938708156529939,0.0612918434700613,0.106891398106849,-0.000189996008544486,-0.125767800681642,0.12621569320532,1,1
additive_bias,234,-0.5,score_low_bias,0.96439996165281,0.960685581262455,0.961252747627627,0.000567166365172511,0.1568,0,0.374,,,0.419251336898396,0.580748663101604,0.25,0.00147265736261051,0.246433824783862,0.000435541841938721,-0.529016482083386,0.374,1870,0.1568,0.2172,784,1086,0.419251336898396,0.580748663101604,0.0037143803903554,-0.00314721402518293,0.00151648760741301,0.0183465091324554,1,1
additive_bias,234,-0.25,score_low_bias,0.96439996165281,0.960685581262455,0.961252747627627,0.000567166365172511,0.1568,0,0.374,,,0.419251336898396,0.580748663101604,0.0625,0.00147265736261051,0.0607991452383792,0.000435541841938721,-0.279016482083386,0.374,1870,0.1568,0.2172,784,1086,0.419251336898396,0.580748663101604,0.0037143803903554,-0.00314721402518293,0.00151648760741301,0.0183465091324554,1,1
additive_bias,234,-0.1,score_low_bias,0.96439996165281,0.961134288887629,0.961252747627627,0.000118458739998606,0.1568,0.0036,0.374,1,0,0.419251336898396,0.580748663101604,0.01,0.00147265736261051,0.0094183375110893,0.000435541841938721,-0.129016482083386,0.3704,1852,0.1532,0.2172,766,1086,0.413606911447084,0.586393088552916,0.00326567276518149,-0.00314721402518293,0.000319813012955068,0.017313409261243,1,1
additive_bias,234,0,no_bias,0.96439996165281,0.96439996165281,0.961252747627627,-0.00314721402518292,0.1568,0.1568,0.374,1,0,0.419251336898396,0.580748663101604,0,0.00147265736261051,0.000164465692896024,0.000435541841938721,-0.0290164820833859,0.2172,1086,0,0.2172,0,1086,0,1,0,-0.00314721402518293,-0.0144899356592216,0.0144899356592216,1,1
additive_bias,234,0.1,score_high_bias,0.96439996165281,0.948570486096137,0.961252747627627,0.0126822615314901,0.1568,0.588,0.374,0.266666666666667,0.733333333333333,0.419251336898396,0.580748663101604,0.01,0.00147265736261051,0.0109105938747027,0.000435541841938721,0.0709835179166141,0.214,1070,0.214,0,1070,0,1,0,0.0126822615314901,0,-0.0592629043527576,0.0592629043527576,1,1
additive_bias,234,0.25,score_high_bias,0.96439996165281,0.916649489034315,0.961252747627627,0.0446032585933118,0.1568,0.7792,0.374,0.201232032854209,0.798767967145791,0.419251336898396,0.580748663101604,0.0625,0.00147265736261051,0.0645297861474128,0.000435541841938721,0.220983517916614,0.4052,2026,0.4052,0,2026,0,1,0,0.0446032585933119,0,-0.110077143616268,0.110077143616268,1,1
additive_bias,234,0.5,score_high_bias,0.96439996165281,0.853737036652099,0.961252747627627,0.107515710975529,0.1568,0.953,0.374,0.164533053515215,0.835466946484785,0.419251336898396,0.580748663101604,0.25,0.00147265736261051,0.25389510660193,0.000435541841938721,0.470983517916614,0.579,2895,0.579,0,2895,0,1,0,0.107515710975529,0,-0.185692074223711,0.185692074223711,1,1
additive_bias,235,-0.5,score_low_bias,0.96503547986426,0.961299136686714,0.964981947600008,0.00368281091329359,0.1668,0,0.1964,,,0.84928716904277,0.15071283095723,0.25,0.00171293050117249,0.247972909279486,0.00120156230918756,-0.503712141166814,0.1964,982,0.1668,0.0296,834,148,0.84928716904277,0.15071283095723,0.00373634317754562,-5.35322642519864e-05,0.0187515830615765,0.0192967181354257,1,1
additive_bias,235,-0.25,score_low_bias,0.96503547986426,0.961299136686714,0.964981947600008,0.00368281091329359,0.1668,0,0.1964,,,0.84928716904277,0.15071283095723,0.0625,0.00171293050117249,0.0621368725747096,0.00120156230918756,-0.253712141166814,0.1964,982,0.1668,0.0296,834,148,0.84928716904277,0.15071283095723,0.00373634317754562,-5.35322642519864e-05,0.0187515830615765,0.0192967181354257,1,1
additive_bias,235,-0.1,score_low_bias,0.96503547986426,0.961663834340545,0.964981947600008,0.0033181132594633,0.1668,0.003,0.1964,1,0,0.84928716904277,0.15071283095723,0.01,0.00171293050117249,0.0106352505518437,0.00120156230918756,-0.103712141166814,0.1934,967,0.1638,0.0296,819,148,0.846949327817994,0.153050672182006,0.00337164552371525,-5.35322642519864e-05,0.0171567386735432,0.0177103298240291,1,1
additive_bias,235,0,no_bias,0.96503547986426,0.96503547986426,0.964981947600008,-5.35322642519764e-05,0.1668,0.1668,0.1964,1,0,0.84928716904277,0.15071283095723,0,0.00171293050117249,0.00130083586993311,0.00120156230918756,-0.00371214116681429,0.0296,148,0,0.0296,0,148,0,1,0,-5.35322642519864e-05,-0.00180852244094549,0.00180852244094549,1,1
additive_bias,235,0.1,score_high_bias,0.96503547986426,0.948157474685333,0.964981947600008,0.0168244729146748,0.1668,0.6066,0.1964,0.274975272007913,0.725024727992087,0.84928716904277,0.15071283095723,0.01,0.00171293050117249,0.0119664211880225,0.00120156230918756,0.0962878588331857,0.4102,2051,0.4102,0,2051,0,1,0,0.0168244729146748,0,-0.0410152923322154,0.0410152923322154,1,1
additive_bias,235,0.25,score_high_bias,0.96503547986426,0.917321113652013,0.964981947600008,0.0476608339479953,0.1668,0.7946,0.1964,0.209916939340549,0.790083060659451,0.84928716904277,0.15071283095723,0.0625,0.00171293050117249,0.0654647991651566,0.00120156230918756,0.246287858833186,0.5982,2991,0.5982,0,2991,0,1,0,0.0476608339479952,0,-0.079673744480099,0.079673744480099,1,1
additive_bias,235,0.5,score_high_bias,0.96503547986426,0.858696018077537,0.964981947600008,0.106285929522471,0.1668,0.9584,0.1964,0.174040066777963,0.825959933222037,0.84928716904277,0.15071283095723,0.25,0.00171293050117249,0.25462876246038,0.00120156230918756,0.496287858833186,0.762,3810,0.762,0,3810,0,1,0,0.106285929522471,0,-0.13948284714235,0.13948284714235,1,1
additive_bias,236,-0.5,score_low_bias,0.965989810836384,0.962090021064616,0.964808963466596,0.00271894240198023,0.1614,0,0.0496,,,1,0,0.25,0.000590592327471999,0.252000563460788,0.000587871758169433,-0.473528061415837,0.0496,248,0.0496,0,248,0,1,0,0.00271894240198023,0,0.0548173871366982,0.0548173871366982,1,1
additive_bias,236,-0.25,score_low_bias,0.965989810836384,0.962090021064616,0.964808963466596,0.00271894240198023,0.1614,0,0.0496,,,1,0,0.0625,0.000590592327471999,0.0636642248350835,0.000587871758169433,-0.223528061415837,0.0496,248,0.0496,0,248,0,1,0,0.00271894240198023,0,0.0548173871366982,0.0548173871366982,1,1
additive_bias,236,-0.1,score_low_bias,0.965989810836384,0.962632696818421,0.964808963466596,0.00217626664817461,0.1614,0.0048,0.0496,1,0,1,0,0.01,0.000590592327471999,0.0106624216596606,0.000587871758169433,-0.0735280614158368,0.0448,224,0.0448,0,224,0,1,0,0.00217626664817464,0,0.0485773805396126,0.0485773805396126,1,1
additive_bias,236,0,no_bias,0.965989810836384,0.965989810836384,0.964808963466596,-0.00118084736978785,0.1614,0.1614,0.0496,1,0,1,0,0,0.000590592327471999,0.000327886209378595,0.000587871758169433,0.0264719385841632,0.1118,559,0,0.1118,0,559,0,1,0,-0.00118084736978784,0.0105621410535585,0.0105621410535585,1,1
additive_bias,236,0.1,score_high_bias,0.965989810836384,0.949914246443262,0.964808963466596,0.0148947170233343,0.1614,0.6076,0.0496,0.265635286372614,0.734364713627386,1,0,0.01,0.000590592327471999,0.00999335075909662,0.000587871758169433,0.126471938584163,0.558,2790,0.4462,0.1118,2231,559,0.799641577060932,0.200358422939068,0.0160755643931222,-0.00118084736978784,-0.0266930412604559,0.0309254691091578,1,1
additive_bias,236,0.25,score_high_bias,0.965989810836384,0.920458716609233,0.964808963466596,0.044350246857363,0.1614,0.7878,0.0496,0.204874333587205,0.795125666412795,1,0,0.0625,0.000590592327471999,0.0619915475836737,0.000587871758169433,0.276471938584163,0.7382,3691,0.6264,0.1118,3132,559,0.848550528312111,0.151449471687889,0.0455310942271509,-0.00118084736978784,-0.0600789038978097,0.0632781652627185,1,1
additive_bias,236,0.5,score_high_bias,0.965989810836384,0.860697059386934,0.964808963466596,0.104111904079662,0.1614,0.9536,0.0496,0.169253355704698,0.830746644295302,1,0,0.25,0.000590592327471999,0.248655208957969,0.000587871758169433,0.526471938584163,0.904,4520,0.7922,0.1118,3961,559,0.876327433628319,0.123672566371681,0.10529275144945,-0.00118084736978784,-0.115168035486352,0.117780529667298,1,1
additive_bias,237,-0.5,score_low_bias,0.966250047919097,0.962977598343668,0.966185685562108,0.00320808721843968,0.15,0,0.1186,,,1,0,0.25,0.00136586117790522,0.256714308081521,0.00109209870275322,-0.4957248984984,0.1186,593,0.1186,0,593,0,1,0,0.0032080872184397,0,0.0270496392785809,0.0270496392785809,1,1
additive_bias,237,-0.25,score_low_bias,0.966250047919097,0.962977598343668,0.966185685562108,0.00320808721843968,0.15,0,0.1186,,,1,0,0.0625,0.00136586117790522,0.066107247457328,0.00109209870275322,-0.2457248984984,0.1186,593,0.1186,0,593,0,1,0,0.0032080872184397,0,0.0270496392785809,0.0270496392785809,1,1
additive_bias,237,-0.1,score_low_bias,0.966250047919097,0.963363496444546,0.966185685562108,0.00282218911756171,0.15,0.0034,0.1186,1,0,1,0,0.01,0.00136586117790522,0.0117430110828124,0.00109209870275322,-0.0957248984984,0.1152,576,0.1152,0,576,0,1,0,0.00282218911756172,0,0.0244981694232788,0.0244981694232788,1,1
additive_bias,237,0,no_bias,0.966250047919097,0.966250047919097,0.966185685562108,-6.43623569891449e-05,0.15,0.15,0.1186,1,0,1,0,0,0.00136586117790522,0.000500186833135331,0.00109209870275322,0.00427510150160004,0.0314,157,0,0.0314,0,157,0,1,0,-6.43623569891401e-05,0.00204975659201083,0.00204975659201083,1,1
additive_bias,237,0.1,score_high_bias,0.966250047919097,0.95004433803157,0.966185685562108,0.016141347530538,0.15,0.589,0.1186,0.254668930390492,0.745331069609508,1,0,0.01,0.00136586117790522,0.00925736258345827,0.00109209870275322,0.1042751015016,0.4704,2352,0.439,0.0314,2195,157,0.933248299319728,0.0667517006802721,0.0162057098875271,-6.43623569891401e-05,-0.0343140891380485,0.0345877386150431,1,1
additive_bias,237,0.25,score_high_bias,0.966250047919097,0.919270567162429,0.966185685562108,0.046915118399679,0.15,0.7756,0.1186,0.19339865910263,0.80660134089737,1,0,0.0625,0.00136586117790522,0.0598931262089427,0.00109209870275322,0.2542751015016,0.657,3285,0.6256,0.0314,3128,157,0.95220700152207,0.04779299847793,0.0469794807566682,-6.43623569891401e-05,-0.0714080949766804,0.0716040230040446,1,1
additive_bias,237,0.5,score_high_bias,0.966250047919097,0.856190235401943,0.966185685562108,0.109995450160165,0.15,0.9504,0.1186,0.157828282828283,0.842171717171717,1,0,0.25,0.00136586117790522,0.24428606558475,0.00109209870275322,0.5042751015016,0.8318,4159,0.8004,0.0314,4002,157,0.962250540995432,0.0377494590045684,0.110059812517155,-6.43623569891401e-05,-0.132237857850644,0.132392612255523,1,1
additive_bias,238,-0.5,score_low_bias,0.965497394375954,0.962234456432117,0.963645100549988,0.00141064411787151,0.1484,0,0.3158,,,0.46991766941102,0.53008233058898,0.25,0.00172315046237169,0.260788018107234,0.000291457706605828,-0.521679228781536,0.3158,1579,0.1484,0.1674,742,837,0.46991766941102,0.53008233058898,0.00326293794383684,-0.00185229382596536,0.00446689081023271,0.0161976940145731,1,1
additive_bias,238,-0.25,score_low_bias,0.965497394375954,0.962234456432117,0.963645100549988,0.00141064411787151,0.1484,0,0.3158,,,0.46991766941102,0.53008233058898,0.0625,0.00172315046237169,0.0681812746724952,0.000291457706605828,-0.271679228781536,0.3158,1579,0.1484,0.1674,742,837,0.46991766941102,0.53008233058898,0.00326293794383684,-0.00185229382596536,0.00446689081023271,0.0161976940145731,1,1
additive_bias,238,-0.1,score_low_bias,0.965497394375954,0.962639114621711,0.963645100549988,0.00100598592827761,0.1484,0.0036,0.3158,1,0,0.46991766941102,0.53008233058898,0.01,0.00172315046237169,0.0126172286116519,0.000291457706605828,-0.121679228781536,0.3122,1561,0.1448,0.1674,724,837,0.463805253042921,0.536194746957079,0.00285827975424304,-0.00185229382596536,0.00322224832888433,0.0150883202441012,1,1
additive_bias,238,0,no_bias,0.965497394375954,0.965497394375954,0.963645100549988,-0.00185229382596541,0.1484,0.1484,0.3158,1,0,0.46991766941102,0.53008233058898,0,0.00172315046237169,0.000574531237756382,0.000291457706605828,-0.0216792287815363,0.1674,837,0,0.1674,0,837,0,1,0,-0.00185229382596536,-0.01106507661867,0.01106507661867,1,1
additive_bias,238,0.1,score_high_bias,0.965497394375954,0.949652500129467,0.963645100549988,0.0139926004205218,0.1484,0.582,0.3158,0.254982817869416,0.745017182130584,0.46991766941102,0.53008233058898,0.01,0.00172315046237169,0.00853183386386086,0.000291457706605828,0.0783207712184637,0.2662,1331,0.2662,0,1331,0,1,0,0.0139926004205217,0,-0.0525642389951981,0.0525642389951981,1,1
additive_bias,238,0.25,score_high_bias,0.965497394375954,0.916662708018486,0.963645100549988,0.0469823925315019,0.1484,0.7794,0.3158,0.190402874005645,0.809597125994355,0.46991766941102,0.53008233058898,0.0625,0.00172315046237169,0.0579677878030176,0.000291457706605828,0.228320771218464,0.4636,2318,0.4636,0,2318,0,1,0,0.046982392531502,0,-0.101342520559754,0.101342520559754,1,1
additive_bias,238,0.5,score_high_bias,0.965497394375954,0.854740574884995,0.963645100549988,0.108904525664993,0.1484,0.9522,0.3158,0.155849611426171,0.844150388573829,0.46991766941102,0.53008233058898,0.25,0.00172315046237169,0.240361044368279,0.000291457706605828,0.478320771218464,0.6364,3182,0.6364,0,3182,0,1,0,0.108904525664993,0,-0.171125904564729,0.171125904564729,1,1
additive_bias,239,-0.5,score_low_bias,0.96558692101784,0.961710139447669,0.965410699178482,0.00370055973081274,0.1596,0,0.2112,,,0.755681818181818,0.244318181818182,0.25,0.00144099624177619,0.24019583163008,0.000855498458441806,-0.506953535938261,0.2112,1056,0.1596,0.0516,798,258,0.755681818181818,0.244318181818182,0.00387678157017034,-0.00017622183935762,0.0175215896345299,0.0191903570526892,1,1
additive_bias,239,-0.25,score_low_bias,0.96558692101784,0.961710139447669,0.965410699178482,0.00370055973081274,0.1596,0,0.2112,,,0.755681818181818,0.244318181818182,0.0625,0.00144099624177619,0.0578483831760861,0.000855498458441806,-0.256953535938261,0.2112,1056,0.1596,0.0516,798,258,0.755681818181818,0.244318181818182,0.00387678157017034,-0.00017622183935762,0.0175215896345299,0.0191903570526892,1,1
additive_bias,239,-0.1,score_low_bias,0.96558692101784,0.962320312428653,0.965410699178482,0.00309038674982909,0.1596,0.0052,0.2112,1,0,0.755681818181818,0.244318181818182,0.01,0.00144099624177619,0.00843991410368981,0.000855498458441806,-0.106953535938261,0.206,1030,0.1544,0.0516,772,258,0.749514563106796,0.250485436893204,0.00326660858918669,-0.00017622183935762,0.0150018774263547,0.0167127690706034,1,1
additive_bias,239,0,no_bias,0.96558692101784,0.96558692101784,0.965410699178482,-0.000176221839357615,0.1596,0.1596,0.2112,1,0,0.755681818181818,0.244318181818182,0,0.00144099624177619,0.000500934722092267,0.000855498458441806,-0.0069535359382612,0.0516,258,0,0.0516,0,258,0,1,0,-0.00017622183935762,-0.00341515192553527,0.00341515192553527,1,1
additive_bias,239,0.1,score_high_bias,0.96558692101784,0.949687833318598,0.965410699178482,0.0157228658598841,0.1596,0.5868,0.2112,0.2719836400818,0.7280163599182,0.755681818181818,0.244318181818182,0.01,0.00144099624177619,0.0125619553404947,0.000855498458441806,0.0930464640617388,0.3756,1878,0.3756,0,1878,0,1,0,0.0157228658598841,0,-0.0418606652286583,0.0418606652286583,1,1
additive_bias,239,0.25,score_high_bias,0.96558692101784,0.916544164840319,0.965410699178482,0.0488665343381632,0.1596,0.788,0.2112,0.20253807106599,0.79746192893401,0.755681818181818,0.244318181818182,0.0625,0.00144099624177619,0.0681534862680984,0.000855498458441806,0.243046464061739,0.5768,2884,0.5768,0,2884,0,1,0,0.0488665343381632,0,-0.0847200664669958,0.0847200664669958,1,1
additive_bias,239,0.5,score_high_bias,0.96558692101784,0.855704669011719,0.965410699178482,0.109706030166763,0.1596,0.9546,0.2112,0.167190446260214,0.832809553739786,0.755681818181818,0.244318181818182,0.25,0.00144099624177619,0.260806037814105,0.000855498458441806,0.493046464061739,0.7434,3717,0.7434,0,3717,0,1,0,0.109706030166763,0,-0.147573352390049,0.147573352390049,1,1
additive_bias,240,-0.5,score_low_bias,0.96502070015145,0.9615219114754,0.964903855191711,0.00338194371631051,0.1566,0,0.1996,,,0.784569138276553,0.215430861723447,0.25,0.00456020783556176,0.252637731186425,0.00100627905569044,-0.505718232205262,0.1996,998,0.1566,0.043,783,215,0.784569138276553,0.215430861723447,0.00349878867604968,-0.000116844959739126,0.0169436057931391,0.0181143969728898,1,1
additive_bias,240,-0.25,score_low_bias,0.96502070015145,0.9615219114754,0.964903855191711,0.00338194371631051,0.1566,0,0.1996,,,0.784569138276553,0.215430861723447,0.0625,0.00456020783556176,0.0641740212247663,0.00100627905569044,-0.255718232205262,0.1996,998,0.1566,0.043,783,215,0.784569138276553,0.215430861723447,0.00349878867604968,-0.000116844959739126,0.0169436057931391,0.0181143969728898,1,1
additive_bias,240,-0.1,score_low_bias,0.96502070015145,0.961842333203743,0.964903855191711,0.00306152198796794,0.1566,0.0026,0.1996,1,0,0.784569138276553,0.215430861723447,0.01,0.00456020783556176,0.0110957952477711,0.00100627905569044,-0.105718232205262,0.197,985,0.154,0.043,770,215,0.781725888324873,0.218274111675127,0.00317836694770712,-0.000116844959739126,0.0155407207511066,0.0167269639971891,1,1
additive_bias,240,0,no_bias,0.96502070015145,0.96502070015145,0.964903855191711,-0.000116844959739182,0.1566,0.1566,0.1996,1,0,0.784569138276553,0.215430861723447,0,0.00456020783556176,0.000710311263107653,0.00100627905569044,-0.00571823220526202,0.043,215,0,0.043,0,215,0,1,0,-0.000116844959739126,-0.00271732464509595,0.00271732464509595,1,1
additive_bias,240,0.1,score_high_bias,0.96502070015145,0.949296992162516,0.964903855191711,0.0156068630291945,0.1566,0.5934,0.1996,0.263902932254803,0.736097067745197,0.784569138276553,0.215430861723447,0.01,0.00456020783556176,0.0103248272784442,0.00100627905569044,0.094281767794738,0.3938,1969,0.3938,0,1969,0,1,0,0.0156068630291945,0,-0.0396314449700215,0.0396314449700215,1,1
additive_bias,240,0.25,score_high_bias,0.96502070015145,0.917406427959353,0.964903855191711,0.0474974272323581,0.1566,0.7854,0.1996,0.19938884644767,0.80061115355233,0.784569138276553,0.215430861723447,0.0625,0.00456020783556176,0.062246601301449,0.00100627905569044,0.244281767794738,0.5858,2929,0.5858,0,2929,0,1,0,0.0474974272323581,0,-0.081081302888969,0.081081302888969,1,1
additive_bias,240,0.5,score_high_bias,0.96502070015145,0.856777886680067,0.964903855191711,0.108125968511644,0.1566,0.953,0.1996,0.164323189926548,0.835676810073452,0.784569138276553,0.215430861723447,0.25,0.00456020783556176,0.24878289133979,0.00100627905569044,0.494281767794738,0.7534,3767,0.7534,0,3767,0,1,0,0.108125968511644,0,-0.14351734604678,0.14351734604678,1,1
additive_bias,241,-0.5,score_low_bias,0.964959268002916,0.96123002361231,0.96495599870139,0.00372597508907946,0.1614,0,0.1686,,,0.95729537366548,0.0427046263345196,0.25,0.00200525086995917,0.269437564457615,0.00150741331530324,-0.500978390860055,0.1686,843,0.1614,0.0072,807,36,0.95729537366548,0.0427046263345196,0.00372924439060578,-3.26930152633449e-06,0.0220994963765092,0.022138278126525,1,1
additive_bias,241,-0.25,score_low_bias,0.964959268002916,0.96123002361231,0.96495599870139,0.00372597508907946,0.1614,0,0.1686,,,0.95729537366548,0.0427046263345196,0.0625,0.00200525086995917,0.0726952506997744,0.00150741331530324,-0.250978390860055,0.1686,843,0.1614,0.0072,807,36,0.95729537366548,0.0427046263345196,0.00372924439060578,-3.26930152633449e-06,0.0220994963765092,0.022138278126525,1,1
additive_bias,241,-0.1,score_low_bias,0.964959268002916,0.961467030543074,0.96495599870139,0.00348896815831534,0.1614,0.002,0.1686,1,0,0.95729537366548,0.0427046263345196,0.01,0.00200525086995917,0.01464986244507,0.00150741331530324,-0.100978390860055,0.1666,833,0.1594,0.0072,797,36,0.956782713085234,0.0432172869147659,0.00349223745984177,-3.26930152633449e-06,0.0209421858242223,0.0209814331414652,1,1
additive_bias,241,0,no_bias,0.964959268002916,0.964959268002916,0.96495599870139,-3.26930152638738e-06,0.1614,0.1614,0.1686,1,0,0.95729537366548,0.0427046263345196,0,0.00200525086995917,0.000952936941933726,0.00150741331530324,-0.00097839086005469,0.0072,36,0,0.0072,0,36,0,1,0,-3.26930152633449e-06,-0.000454069656435346,0.000454069656435346,1,1
additive_bias,241,0.1,score_high_bias,0.964959268002916,0.94938876538329,0.96495599870139,0.0155672333180993,0.1614,0.5924,0.1686,0.272451046590142,0.727548953409858,0.95729537366548,0.0427046263345196,0.01,0.00200525086995917,0.00725601143879746,0.00150741331530324,0.0990216091399453,0.4238,2119,0.4238,0,2119,0,1,0,0.0155672333180994,0,-0.0367324995707866,0.0367324995707866,1,1
additive_bias,241,0.25,score_high_bias,0.964959268002916,0.91838819276571,0.96495599870139,0.0465678059356793,0.1614,0.7784,0.1686,0.207348406988695,0.792651593011305,0.95729537366548,0.0427046263345196,0.0625,0.00200525086995917,0.0542106231840931,0.00150741331530324,0.249021609139945,0.6098,3049,0.6098,0,3049,0,1,0,0.0465678059356794,0,-0.0763657034038691,0.0763657034038691,1,1
additive_bias,241,0.5,score_high_bias,0.964959268002916,0.857400067594258,0.96495599870139,0.107555931107131,0.1614,0.9476,0.1686,0.170325031658928,0.829674968341072,0.95729537366548,0.0427046263345196,0.25,0.00200525086995917,0.232468309426252,0.00150741331530324,0.499021609139945,0.779,3895,0.779,0,3895,0,1,0,0.107555931107131,0,-0.138069231202993,0.138069231202993,1,1
additive_bias,242,-0.5,score_low_bias,0.965497735735642,0.961694104997765,0.964523726096744,0.00282962109897922,0.162,0,0.0538,,,1,0,0.25,0.00130889162711,0.241229058127172,0.0014214655776453,-0.477573733573725,0.0538,269,0.0538,0,269,0,1,0,0.00282962109897918,0,0.0525951877133677,0.0525951877133677,1,1
additive_bias,242,-0.25,score_low_bias,0.965497735735642,0.961694104997765,0.964523726096744,0.00282962109897922,0.162,0,0.0538,,,1,0,0.0625,0.00130889162711,0.0583852370403441,0.0014214655776453,-0.227573733573724,0.0538,269,0.0538,0,269,0,1,0,0.00282962109897918,0,0.0525951877133677,0.0525951877133677,1,1
additive_bias,242,-0.1,score_low_bias,0.965497735735642,0.962207678462429,0.964523726096744,0.00231604763431503,0.162,0.004,0.0538,1,0,1,0,0.01,0.00130889162711,0.00867894438824742,0.0014214655776453,-0.0775737335737245,0.0498,249,0.0498,0,249,0,1,0,0.00231604763431502,0,0.0465069806087354,0.0465069806087354,1,1
additive_bias,242,0,no_bias,0.965497735735642,0.965497735735642,0.964523726096744,-0.000974009638898155,0.162,0.162,0.0538,1,0,1,0,0,0.00130889162711,0.000541415953516291,0.0014214655776453,0.0224262664262755,0.1082,541,0,0.1082,0,541,0,1,0,-0.000974009638898197,0.00900193751292234,0.00900193751292234,1,1
additive_bias,242,0.1,score_high_bias,0.965497735735642,0.949859504317653,0.964523726096744,0.0146642217790909,0.162,0.5972,0.0538,0.271265907568654,0.728734092431346,1,0,0.01,0.00130889162711,0.0124038875187852,0.0014214655776453,0.122426266426276,0.5434,2717,0.4352,0.1082,2176,541,0.800883327199117,0.199116672800883,0.015638231417989,-0.000974009638898197,-0.0269860540653126,0.0305709257579817,1,1
additive_bias,242,0.25,score_high_bias,0.965497735735642,0.917561847188219,0.964523726096744,0.046961878908525,0.162,0.7926,0.0538,0.20439061317184,0.795609386828161,1,0,0.0625,0.00130889162711,0.0676975948666885,0.0014214655776453,0.272426266426276,0.7388,3694,0.6306,0.1082,3153,541,0.853546291283162,0.146453708716838,0.0479358885474232,-0.000974009638898197,-0.0635650770283229,0.0662018112971323,1,1
additive_bias,242,0.5,score_high_bias,0.965497735735642,0.859330969650666,0.964523726096744,0.105192756446078,0.162,0.954,0.0538,0.169811320754717,0.830188679245283,1,0,0.25,0.00130889162711,0.259853773779861,0.0014214655776453,0.522426266426276,0.9002,4501,0.792,0.1082,3960,541,0.87980448789158,0.12019551210842,0.106166766084976,-0.000974009638898197,-0.116854872746143,0.119018857724811,1,1
additive_bias,243,-0.5,score_low_bias,0.965964500226205,0.962332849573016,0.964561473955834,0.00222862438281835,0.1584,0,0.0382,,,1,0,0.25,0.000851094845742557,0.267580326565581,0.000872944586758218,-0.467662971320617,0.0382,191,0.0382,0,191,0,1,0,0.00222862438281835,0,0.0583409524297997,0.0583409524297997,1,1
additive_bias,243,-0.25,score_low_bias,0.965964500226205,0.962332849573016,0.964561473955834,0.00222862438281835,0.1584,0,0.0382,,,1,0,0.0625,0.000851094845742557,0.07161676696168,0.000872944586758218,-0.217662971320617,0.0382,191,0.0382,0,191,0,1,0,0.00222862438281835,0,0.0583409524297997,0.0583409524297997,1,1
additive_bias,243,-0.1,score_low_bias,0.965964500226205,0.962637505937512,0.964561473955834,0.00192396801832195,0.1584,0.0026,0.0382,1,0,1,0,0.01,0.000851094845742557,0.0140386311993393,0.000872944586758218,-0.0676629713206174,0.0356,178,0.0356,0,178,0,1,0,0.00192396801832191,0,0.0540440454584808,0.0540440454584808,1,1
additive_bias,243,0,no_bias,0.965964500226205,0.965964500226205,0.964561473955834,-0.00140302627037148,0.1584,0.1584,0.0382,1,0,1,0,0,0.000851094845742557,0.000653207357778847,0.000872944586758218,0.0323370286793826,0.1202,601,0,0.1202,0,601,0,1,0,-0.00140302627037145,0.0116724315338723,0.0116724315338723,1,1
additive_bias,243,0.1,score_high_bias,0.965964500226205,0.949557775964305,0.964561473955834,0.0150036979915293,0.1584,0.594,0.0382,0.266666666666667,0.733333333333333,1,0,0.01,0.000851094845742557,0.00726778351621837,0.000872944586758218,0.132337028679383,0.5558,2779,0.4356,0.1202,2178,601,0.783735156531126,0.216264843468874,0.0164067242619008,-0.00140302627037145,-0.0269947786821327,0.0320434518392807,1,1
additive_bias,243,0.25,score_high_bias,0.965964500226205,0.918106425844419,0.964561473955834,0.0464550481114147,0.1584,0.7834,0.0382,0.202195557824866,0.797804442175134,1,0,0.0625,0.000851094845742557,0.0546896477538777,0.000872944586758218,0.282337028679383,0.7452,3726,0.625,0.1202,3125,601,0.83870101986044,0.16129898013956,0.0478580743817861,-0.00140302627037145,-0.0623390339659349,0.0661045365702598,1,1
additive_bias,243,0.5,score_high_bias,0.965964500226205,0.856994920991187,0.964561473955834,0.107566552964647,0.1584,0.9528,0.0382,0.16624685138539,0.83375314861461,1,0,0.25,0.000851094845742557,0.233726088149977,0.000872944586758218,0.532337028679383,0.9146,4573,0.7944,0.1202,3972,601,0.868576426853269,0.131423573146731,0.108969579235018,-0.00140302627037145,-0.117610488699592,0.120678554018576,1,1
additive_bias,244,-0.5,score_low_bias,0.964976538025282,0.961678843082408,0.964810008467189,0.00313116538478153,0.159,0,0.2126,,,0.74788334901223,0.25211665098777,0.25,0.00164787062088528,0.260237456218887,0.00211431404495725,-0.506761286091397,0.2126,1063,0.159,0.0536,795,268,0.74788334901223,0.25211665098777,0.00329769494287467,-0.000166529558093051,0.0147279651212682,0.0162945649151821,1,1
additive_bias,244,-0.25,score_low_bias,0.964976538025282,0.961678843082408,0.964810008467189,0.00313116538478153,0.159,0,0.2126,,,0.74788334901223,0.25211665098777,0.0625,0.00164787062088528,0.0681099522434668,0.00211431404495725,-0.256761286091397,0.2126,1063,0.159,0.0536,795,268,0.74788334901223,0.25211665098777,0.00329769494287467,-0.000166529558093051,0.0147279651212682,0.0162945649151821,1,1
additive_bias,244,-0.1,score_low_bias,0.964976538025282,0.961886803885403,0.964810008467189,0.00292320458178641,0.159,0.0018,0.2126,1,0,0.74788334901223,0.25211665098777,0.01,0.00164787062088528,0.0128334498582144,0.00211431404495725,-0.106761286091397,0.2108,1054,0.1572,0.0536,786,268,0.74573055028463,0.25426944971537,0.00308973413987946,-0.000166529558093051,0.0138671944107515,0.0154471712427538,1,1
additive_bias,244,0,no_bias,0.964976538025282,0.964976538025282,0.964810008467189,-0.000166529558093043,0.159,0.159,0.2126,1,0,0.74788334901223,0.25211665098777,0,0.00164787062088528,0.000982448268046172,0.00211431404495725,-0.00676128609139737,0.0536,268,0,0.0536,0,268,0,1,0,-0.000166529558093051,-0.00310689474054199,0.00310689474054199,1,1
additive_bias,244,0.1,score_high_bias,0.964976538025282,0.949302491313679,0.964810008467189,0.01550751715351,0.159,0.5936,0.2126,0.267857142857143,0.732142857142857,0.74788334901223,0.25211665098777,0.01,0.00164787062088528,0.00913144667787794,0.00211431404495725,0.0932387139086026,0.381,1905,0.381,0,1905,0,1,0,0.01550751715351,0,-0.0407021447598688,0.0407021447598688,1,1
additive_bias,244,0.25,score_high_bias,0.964976538025282,0.91618324787981,0.964810008467189,0.0486267605873794,0.159,0.7934,0.2126,0.200403327451475,0.799596672548525,0.74788334901223,0.25211665098777,0.0625,0.00164787062088528,0.0588549442926256,0.00211431404495725,0.243238713908603,0.5808,2904,0.5808,0,2904,0,1,0,0.0486267605873794,0,-0.0837237613419068,0.0837237613419068,1,1
additive_bias,244,0.5,score_high_bias,0.964976538025282,0.859023060903987,0.964810008467189,0.105786947563202,0.159,0.95,0.2126,0.167368421052632,0.832631578947368,0.74788334901223,0.25211665098777,0.25,0.00164787062088528,0.241727440317205,0.00211431404495725,0.493238713908603,0.7374,3687,0.7374,0,3687,0,1,0,0.105786947563202,0,-0.143459381018717,0.143459381018717,1,1
additive_bias,245,-0.5,score_low_bias,0.965371421361751,0.9618894232386,0.96536909434676,0.0034796711081605,0.1558,0,0.162,,,0.961728395061728,0.0382716049382716,0.25,0.000687560568018263,0.241413946098582,0.0010616960784768,-0.500700132876714,0.162,810,0.1558,0.0062,779,31,0.961728395061728,0.0382716049382716,0.00348199812315124,-2.32701499078445e-06,0.0214794512849411,0.0215081798650742,1,1
additive_bias,245,-0.25,score_low_bias,0.965371421361751,0.9618894232386,0.96536909434676,0.0034796711081605,0.1558,0,0.162,,,0.961728395061728,0.0382716049382716,0.0625,0.000687560568018263,0.0585515779735414,0.0010616960784768,-0.250700132876714,0.162,810,0.1558,0.0062,779,31,0.961728395061728,0.0382716049382716,0.00348199812315124,-2.32701499078445e-06,0.0214794512849411,0.0215081798650742,1,1
additive_bias,245,-0.1,score_low_bias,0.965371421361751,0.96220382967584,0.96536909434676,0.00316526467092082,0.1558,0.0026,0.162,1,0,0.961728395061728,0.0382716049382716,0.01,0.000687560568018263,0.00883415709851705,0.0010616960784768,-0.100700132876714,0.1594,797,0.1532,0.0062,766,31,0.961104140526976,0.0388958594730238,0.00316759168591162,-2.32701499078445e-06,0.0198573693282361,0.0198865665050339,1,1
additive_bias,245,0,no_bias,0.965371421361751,0.965371421361751,0.96536909434676,-2.32701499069954e-06,0.1558,0.1558,0.162,1,0,0.961728395061728,0.0382716049382716,0,0.000687560568018263,0.000689209848500785,0.0010616960784768,-0.000700132876713777,0.0062,31,0,0.0062,0,31,0,1,0,-2.32701499078445e-06,-0.000375324998513621,0.000375324998513621,1,1
additive_bias,245,0.1,score_high_bias,0.965371421361751,0.949524591412522,0.96536909434676,0.0158445029342383,0.1558,0.593,0.162,0.262731871838111,0.737268128161889,0.961728395061728,0.0382716049382716,0.01,0.000687560568018263,0.0125442625984845,0.0010616960784768,0.0992998671232862,0.431,2155,0.431,0,2155,0,1,0,0.0158445029342384,0,-0.0367621877824556,0.0367621877824556,1,1
additive_bias,245,0.25,score_high_bias,0.965371421361751,0.917168875842225,0.96536909434676,0.0482002185045348,0.1558,0.7858,0.162,0.19826927971494,0.80173072028506,0.961728395061728,0.0382716049382716,0.0625,0.000687560568018263,0.0678268417234602,0.0010616960784768,0.249299867123286,0.6238,3119,0.6238,0,3119,0,1,0,0.0482002185045347,0,-0.0772687055218576,0.0772687055218576,1,1
additive_bias,245,0.5,score_high_bias,0.965371421361751,0.856350385660638,0.96536909434676,0.109018708686122,0.1558,0.9526,0.162,0.163552382951921,0.836447617048079,0.961728395061728,0.0382716049382716,0.25,0.000687560568018263,0.25996447359842,0.0010616960784768,0.499299867123286,0.7906,3953,0.7906,0,3953,0,1,0,0.109018708686122,0,-0.137893636081612,0.137893636081612,1,1
additive_bias,246,-0.5,score_low_bias,0.964776285926784,0.961132176867737,0.964774120300118,0.00364194343238133,0.16,0,0.1532,,,1,0,0.25,0.00124388175995048,0.258964098174791,0.00117087158205118,-0.499198343573845,0.1532,766,0.1532,0,766,0,1,0,0.0036419434323814,0,0.0237724767126723,0.0237724767126723,1,1
additive_bias,246,-0.25,score_low_bias,0.964776285926784,0.961132176867737,0.964774120300118,0.00364194343238133,0.16,0,0.1532,,,1,0,0.0625,0.00124388175995048,0.0671591009360283,0.00117087158205118,-0.249198343573845,0.1532,766,0.1532,0,766,0,1,0,0.0036419434323814,0,0.0237724767126723,0.0237724767126723,1,1
additive_bias,246,-0.1,score_low_bias,0.964776285926784,0.961517929552735,0.964774120300118,0.00325619074738337,0.16,0.0032,0.1532,1,0,1,0,0.01,0.00124388175995048,0.0120761025927707,0.00117087158205118,-0.0991983435738446,0.15,750,0.15,0,750,0,1,0,0.00325619074738341,0,0.0217079383158894,0.0217079383158894,1,1
additive_bias,246,0,no_bias,0.964776285926784,0.964776285926784,0.964774120300118,-2.16562666566222e-06,0.16,0.16,0.1532,1,0,1,0,0,0.00124388175995048,0.000354103697265669,0.00117087158205118,0.000801656426155373,0.0068,34,0,0.0068,0,34,0,1,0,-2.16562666564464e-06,0.000318474509653623,0.000318474509653623,1,1
additive_bias,246,0.1,score_high_bias,0.964776285926784,0.948110359204589,0.964774120300118,0.0166637610955293,0.16,0.61,0.1532,0.262295081967213,0.737704918032787,1,0,0.01,0.00124388175995048,0.00863210480176061,0.00117087158205118,0.100801656426155,0.4568,2284,0.45,0.0068,2250,34,0.985113835376532,0.0148861646234676,0.0166659267221949,-2.16562666564464e-06,-0.0364793368991447,0.0364888186271028,1,1
additive_bias,246,0.25,score_high_bias,0.964776285926784,0.91668320056438,0.964774120300118,0.0480909197357385,0.16,0.7996,0.1532,0.200100050025012,0.799899949974988,1,0,0.0625,0.00124388175995048,0.058549106458503,0.00117087158205118,0.250801656426155,0.6464,3232,0.6396,0.0068,3198,34,0.989480198019802,0.010519801980198,0.0480930853624042,-2.16562666564464e-06,-0.074398081274348,0.0744047818519026,1,1
additive_bias,246,0.5,score_high_bias,0.964776285926784,0.858979526958688,0.964774120300118,0.10579459334143,0.16,0.9582,0.1532,0.166979753704863,0.833020246295137,1,0,0.25,0.00124388175995048,0.24174410921974,0.00117087158205118,0.500801656426155,0.805,4025,0.7982,0.0068,3991,34,0.991552795031056,0.0084472049689441,0.105796758968096,-2.16562666564464e-06,-0.131421855082522,0.131427235521443,1,1
additive_bias,247,-0.5,score_low_bias,0.964508089048571,0.960784543290111,0.962870218143859,0.00208567485374755,0.158,0,0.0312,,,1,0,0.25,0.00119386689570652,0.252573258986919,0.00093639619024876,-0.463115739573308,0.0312,156,0.0312,0,156,0,1,0,0.00208567485374754,0,0.066848553004729,0.066848553004729,1,1
additive_bias,247,-0.25,score_low_bias,0.964508089048571,0.960784543290111,0.962870218143859,0.00208567485374755,0.158,0,0.0312,,,1,0,0.0625,0.00119386689570652,0.0639904832394853,0.00093639619024876,-0.213115739573308,0.0312,156,0.0312,0,156,0,1,0,0.00208567485374754,0,0.066848553004729,0.066848553004729,1,1
additive_bias,247,-0.1,score_low_bias,0.964508089048571,0.961305695847571,0.962870218143859,0.00156452229628756,0.158,0.0044,0.0312,1,0,1,0,0.01,0.00119386689570652,0.0108408177910251,0.00093639619024876,-0.0631157395733075,0.0268,134,0.0268,0,134,0,1,0,0.00156452229628753,0,0.058377697622669,0.058377697622669,1,1
additive_bias,247,0,no_bias,0.964508089048571,0.964508089048571,0.962870218143859,-0.00163787090471268,0.158,0.158,0.0312,1,0,1,0,0,0.00119386689570652,0.000407707492051696,0.00093639619024876,0.0368842604266925,0.1268,634,0,0.1268,0,634,0,1,0,-0.00163787090471267,0.0129169629709201,0.0129169629709201,1,1
additive_bias,247,0.1,score_high_bias,0.964508089048571,0.949362479504537,0.962870218143859,0.0135077386393218,0.158,0.5984,0.0312,0.26403743315508,0.73596256684492,1,0,0.01,0.00119386689570652,0.00997459719307828,0.00093639619024876,0.136884260426692,0.5672,2836,0.4404,0.1268,2202,634,0.776445698166432,0.223554301833568,0.0151456095440344,-0.00163787090471267,-0.0238147719311032,0.0295900572086514,1,1
additive_bias,247,0.25,score_high_bias,0.964508089048571,0.918558862985085,0.962870218143859,0.0443113551587742,0.158,0.7868,0.0312,0.200813421453991,0.799186578546009,1,0,0.0625,0.00119386689570652,0.0618249317446182,0.00093639619024876,0.286884260426692,0.7556,3778,0.6288,0.1268,3144,634,0.832186341979883,0.167813658020116,0.0459492260634868,-0.00163787090471267,-0.0586439321847196,0.0629792177980406,1,1
additive_bias,247,0.5,score_high_bias,0.964508089048571,0.858207127547275,0.962870218143859,0.104663090596584,0.158,0.9532,0.0312,0.165757448594209,0.834242551405791,1,0,0.25,0.00119386689570652,0.248242155997185,0.00093639619024876,0.536884260426692,0.922,4610,0.7952,0.1268,3976,634,0.862472885032538,0.137527114967462,0.106300961501297,-0.00163787090471267,-0.113517451840113,0.117070317143177,1,1
additive_bias,248,-0.5,score_low_bias,0.965388511611726,0.961277193836395,0.965081622885551,0.00380442904915601,0.1656,0,0.1,,,1,0,0.25,0.000974984441957052,0.258087063356491,0.00200391278058062,-0.488906891227611,0.1,500,0.1,0,500,0,1,0,0.00380442904915601,0,0.0380442904915601,0.0380442904915601,1,1
additive_bias,248,-0.25,score_low_bias,0.965388511611726,0.961277193836395,0.965081622885551,0.00380442904915601,0.1656,0,0.1,,,1,0,0.0625,0.000974984441957052,0.0668948420423778,0.00200391278058062,-0.238906891227611,0.1,500,0.1,0,500,0,1,0,0.00380442904915601,0,0.0380442904915601,0.0380442904915601,1,1
additive_bias,248,-0.1,score_low_bias,0.965388511611726,0.961766031188795,0.965081622885551,0.00331559169675655,0.1656,0.004,0.1,1,0,1,0,0.01,0.000974984441957052,0.01217950925391,0.00200391278058062,-0.0889068912276115,0.096,480,0.096,0,480,0,1,0,0.00331559169675651,0,0.0345374135078803,0.0345374135078803,1,1
additive_bias,248,0,no_bias,0.965388511611726,0.965388511611726,0.965081622885551,-0.000306888726174015,0.1656,0.1656,0.1,1,0,1,0,0,0.000974984441957052,0.000702620728264784,0.00200391278058062,0.0110931087723886,0.0656,328,0,0.0656,0,328,0,1,0,-0.00030688872617402,0.00467818180143324,0.00467818180143324,1,1
additive_bias,248,0.1,score_high_bias,0.965388511611726,0.94907907245367,0.965081622885551,0.0160025504318809,0.1656,0.5946,0.1,0.278506559031282,0.721493440968719,1,0,0.01,0.000974984441957052,0.00922573220261957,0.00200391278058062,0.111093108772389,0.4946,2473,0.429,0.0656,2145,328,0.867367569753336,0.132632430246664,0.0163094391580549,-0.00030688872617402,-0.0323545297854445,0.0335954870283641,1,1
additive_bias,248,0.25,score_high_bias,0.965388511611726,0.91814848598081,0.965081622885551,0.0469331369047413,0.1656,0.7834,0.1,0.211386264998724,0.788613735001277,1,0,0.0625,0.000974984441957052,0.0595103994141518,0.00200391278058062,0.261093108772389,0.6834,3417,0.6178,0.0656,3089,328,0.904009364940006,0.0959906350599942,0.0472400256309153,-0.00030688872617402,-0.068675939281155,0.0695740625652464,1,1
additive_bias,248,0.5,score_high_bias,0.965388511611726,0.854604554661685,0.965081622885551,0.110477068223866,0.1656,0.958,0.1,0.17286012526096,0.82713987473904,1,0,0.25,0.000974984441957052,0.243318178100039,0.00200391278058062,0.511093108772389,0.858,4290,0.7924,0.0656,3962,328,0.923543123543124,0.0764568764568765,0.11078395695004,-0.00030688872617402,-0.128761151776068,0.129476510112138,1,1
additive_bias,249,-0.5,score_low_bias,0.963578568670514,0.960120541472388,0.963215950828291,0.00309540935590313,0.1576,0,0.0854,,,1,0,0.25,0.00136996176682195,0.253851181216634,0.000988572046439817,-0.488247699339114,0.0854,427,0.0854,0,427,0,1,0,0.00309540935590315,0,0.0362460111932453,0.0362460111932453,1,1
additive_bias,249,-0.25,score_low_bias,0.963578568670514,0.960120541472388,0.963215950828291,0.00309540935590313,0.1576,0,0.0854,,,1,0,0.0625,0.00136996176682195,0.0645603853387788,0.000988572046439817,-0.238247699339114,0.0854,427,0.0854,0,427,0,1,0,0.00309540935590315,0,0.0362460111932453,0.0362460111932453,1,1
additive_bias,249,-0.1,score_low_bias,0.963578568670514,0.960425794817828,0.963215950828291,0.00279015601046362,0.1576,0.0024,0.0854,1,0,1,0,0.01,0.00136996176682195,0.0109859078120656,0.000988572046439817,-0.0882476993391136,0.083,415,0.083,0,415,0,1,0,0.00279015601046369,0,0.0336163374754661,0.0336163374754661,1,1
additive_bias,249,0,no_bias,0.963578568670514,0.963578568670514,0.963215950828291,-0.000362617842223134,0.1576,0.1576,0.0854,1,0,1,0,0,0.00136996176682195,0.000269589460923422,0.000988572046439817,0.0117523006608864,0.0722,361,0,0.0722,0,361,0,1,0,-0.000362617842223084,0.00502240778702333,0.00502240778702333,1,1
additive_bias,249,0.1,score_high_bias,0.963578568670514,0.948207985368849,0.963215950828291,0.0150079654594424,0.1576,0.588,0.0854,0.268027210884354,0.731972789115646,1,0,0.01,0.00136996176682195,0.00955327110978129,0.000988572046439817,0.111752300660886,0.5026,2513,0.4304,0.0722,2152,361,0.856346995622762,0.143653004377238,0.0153705833016655,-0.000362617842223084,-0.0298606555102317,0.0313036234458588,1,1
additive_bias,249,0.25,score_high_bias,0.963578568670514,0.914663331602096,0.963215950828291,0.0485526192261949,0.1576,0.7912,0.0854,0.199191102123357,0.800808897876643,1,0,0.0625,0.00136996176682195,0.0609787935830681,0.000988572046439817,0.261752300660886,0.7058,3529,0.6336,0.0722,3168,361,0.897704732218759,0.102295267781241,0.048915237068418,-0.000362617842223084,-0.0687909028424411,0.0698184399414014,1,1
additive_bias,249,0.5,score_high_bias,0.963578568670514,0.854270303269371,0.963215950828291,0.10894564755892,0.1576,0.9574,0.0854,0.164612492166284,0.835387507833716,1,0,0.25,0.00136996176682195,0.246687997705213,0.000988572046439817,0.511752300660886,0.872,4360,0.7998,0.0722,3999,361,0.917201834862385,0.0827981651376147,0.109308265401143,-0.000362617842223084,-0.124937669218945,0.125769361517622,1,1
additive_bias,250,-0.5,score_low_bias,0.965759776840544,0.961988628303065,0.965754773657975,0.00376614535490993,0.1542,0,0.146,,,1,0,0.25,0.000951817975692783,0.250910340447959,0.000571545447920743,-0.498824875365807,0.146,730,0.146,0,730,0,1,0,0.00376614535490995,0,0.0257955161295202,0.0257955161295202,1,1
additive_bias,250,-0.25,score_low_bias,0.965759776840544,0.961988628303065,0.965754773657975,0.00376614535490993,0.1542,0,0.146,,,1,0,0.0625,0.000951817975692783,0.063267578845668,0.000571545447920743,-0.248824875365807,0.146,730,0.146,0,730,0,1,0,0.00376614535490995,0,0.0257955161295202,0.0257955161295202,1,1
additive_bias,250,-0.1,score_low_bias,0.965759776840544,0.962381890726973,0.965754773657975,0.0033728829310018,0.1542,0.0032,0.146,1,0,1,0,0.01,0.000951817975692783,0.0106819218842935,0.000571545447920743,-0.0988248753658071,0.1428,714,0.1428,0,714,0,1,0,0.00337288293100179,0,0.0236196283683599,0.0236196283683599,1,1
additive_bias,250,0,no_bias,0.965759776840544,0.965759776840544,0.965754773657975,-5.00318256957399e-06,0.1542,0.1542,0.146,1,0,1,0,0,0.000951817975692783,0.000624817243377171,0.000571545447920743,0.00117512463419289,0.0082,41,0,0.0082,0,41,0,1,0,-5.00318256960539e-06,0.000610144215805536,0.000610144215805536,1,1
additive_bias,250,0.1,score_high_bias,0.965759776840544,0.949337613981941,0.965754773657975,0.0164171596760339,0.1542,0.598,0.146,0.257859531772575,0.742140468227425,1,0,0.01,0.000951817975692783,0.0105677126024608,0.000571545447920743,0.101175124634193,0.452,2260,0.4438,0.0082,2219,41,0.981858407079646,0.018141592920354,0.0164221628586034,-5.00318256960539e-06,-0.0363211497257385,0.0363432877017102,1,1
additive_bias,250,0.25,score_high_bias,0.965759776840544,0.918777188225158,0.965754773657975,0.0469775854328168,0.1542,0.7836,0.146,0.196784073506891,0.803215926493109,1,0,0.0625,0.000951817975692783,0.0629820556410863,0.000571545447920743,0.251175124634193,0.6376,3188,0.6294,0.0082,3147,41,0.987139272271016,0.0128607277289837,0.0469825886153864,-5.00318256960539e-06,-0.0736787726361618,0.0736944664334316,1,1
additive_bias,250,0.5,score_high_bias,0.965759776840544,0.857244277419035,0.965754773657975,0.10851049623894,0.1542,0.9528,0.146,0.16183879093199,0.83816120906801,1,0,0.25,0.000951817975692783,0.250339294038796,0.000571545447920743,0.501175124634193,0.8068,4034,0.7986,0.0082,3993,41,0.989836390679227,0.0101636093207734,0.10851549942151,-5.00318256960539e-06,-0.134494913533639,0.134507316068517,1,1
additive_bias,251,-0.5,score_low_bias,0.964678420351694,0.960897074148531,0.964670101501108,0.00377302735257623,0.1628,0,0.1748,,,0.931350114416476,0.068649885583524,0.25,0.00136240564632998,0.253254645265695,0.000694687980473175,-0.501332912540355,0.1748,874,0.1628,0.012,814,60,0.931350114416476,0.068649885583524,0.0037813462031628,-8.3188505866115e-06,0.0215848246714885,0.0216800060283147,1,1
additive_bias,251,-0.25,score_low_bias,0.964678420351694,0.960897074148531,0.964670101501108,0.00377302735257623,0.1628,0,0.1748,,,0.931350114416476,0.068649885583524,0.0625,0.00136240564632998,0.064304547332048,0.000694687980473175,-0.251332912540355,0.1748,874,0.1628,0.012,814,60,0.931350114416476,0.068649885583524,0.0037813462031628,-8.3188505866115e-06,0.0215848246714885,0.0216800060283147,1,1
additive_bias,251,-0.1,score_low_bias,0.964678420351694,0.961442408656674,0.964670101501108,0.00322769284443314,0.1628,0.0046,0.1748,1,0,0.931350114416476,0.068649885583524,0.01,0.00136240564632998,0.0109344885718598,0.000694687980473175,-0.101332912540355,0.1702,851,0.1582,0.012,791,60,0.929494712103408,0.0705052878965922,0.00323601169501976,-8.3188505866115e-06,0.0189641177698775,0.0190618715958071,1,1
additive_bias,251,0,no_bias,0.964678420351694,0.964678420351694,0.964670101501108,-8.31885058660831e-06,0.1628,0.1628,0.1748,1,0,0.931350114416476,0.068649885583524,0,0.00136240564632998,0.000354449398401007,0.000694687980473175,-0.00133291254035506,0.012,60,0,0.012,0,60,0,1,0,-8.3188505866115e-06,-0.000693237548884292,0.000693237548884292,1,1
additive_bias,251,0.1,score_high_bias,0.964678420351694,0.948498162279745,0.964670101501108,0.0161719392213626,0.1628,0.6018,0.1748,0.270521768029246,0.729478231970755,0.931350114416476,0.068649885583524,0.01,0.00136240564632998,0.00977441022494223,0.000694687980473175,0.0986670874596449,0.427,2135,0.427,0,2135,0,1,0,0.0161719392213626,0,-0.0378733939610366,0.0378733939610366,1,1
additive_bias,251,0.25,score_high_bias,0.964678420351694,0.91798190078675,0.964670101501108,0.0466882007143574,0.1628,0.7886,0.1748,0.206441795587116,0.793558204412884,0.931350114416476,0.068649885583524,0.0625,0.00136240564632998,0.0614043514647541,0.000694687980473175,0.248667087459645,0.6138,3069,0.6138,0,3069,0,1,0,0.0466882007143574,0,-0.0760641914538243,0.0760641914538243,1,1
additive_bias,251,0.5,score_high_bias,0.964678420351694,0.85692860325774,0.964670101501108,0.107741498243367,0.1628,0.9554,0.1748,0.170399832530877,0.829600167469123,0.931350114416476,0.068649885583524,0.25,0.00136240564632998,0.247454253531107,0.000694687980473175,0.498667087459645,0.7806,3903,0.7806,0,3903,0,1,0,0.107741498243367,0,-0.138023953680973,0.138023953680973,1,1
additive_bias,252,-0.5,score_low_bias,0.963483158683662,0.959770135448279,0.961981550272803,0.00221141482452358,0.1572,0,0.305,,,0.515409836065574,0.484590163934426,0.25,0.00156207095475496,0.255248640537546,0.0020616490713183,-0.520052300717378,0.305,1525,0.1572,0.1478,786,739,0.515409836065574,0.484590163934426,0.00371302323538309,-0.0015016084108595,0.00725054040827408,0.0170971529385003,1,1
additive_bias,252,-0.25,score_low_bias,0.963483158683662,0.959770135448279,0.961981550272803,0.00221141482452358,0.1572,0,0.305,,,0.515409836065574,0.484590163934426,0.0625,0.00156207095475496,0.0654979052130662,0.0020616490713183,-0.270052300717378,0.305,1525,0.1572,0.1478,786,739,0.515409836065574,0.484590163934426,0.00371302323538309,-0.0015016084108595,0.00725054040827408,0.0170971529385003,1,1
additive_bias,252,-0.1,score_low_bias,0.963483158683662,0.960302446780223,0.961981550272803,0.00167910349257994,0.1572,0.0044,0.305,1,0,0.515409836065574,0.484590163934426,0.01,0.00156207095475496,0.0116474640183784,0.0020616490713183,-0.120052300717378,0.3006,1503,0.1528,0.1478,764,739,0.508316699933466,0.491683300066534,0.00318071190343946,-0.0015016084108595,0.0055858399620092,0.0155765812185594,1,1
additive_bias,252,0,no_bias,0.963483158683662,0.963483158683662,0.961981550272803,-0.00150160841085945,0.1572,0.1572,0.305,1,0,0.515409836065574,0.484590163934426,0,0.00156207095475496,0.000747169888586604,0.0020616490713183,-0.0200523007173782,0.1478,739,0,0.1478,0,739,0,1,0,-0.0015016084108595,-0.0101597321438396,0.0101597321438396,1,1
additive_bias,252,0.1,score_high_bias,0.963483158683662,0.947470661071941,0.961981550272803,0.0145108892008617,0.1572,0.591,0.305,0.265989847715736,0.734010152284264,0.515409836065574,0.484590163934426,0.01,0.00156207095475496,0.00984687575879476,0.0020616490713183,0.0799476992826218,0.286,1430,0.286,0,1430,0,1,0,0.0145108892008618,0,-0.050737374828188,0.050737374828188,1,1
additive_bias,252,0.25,score_high_bias,0.963483158683662,0.914952885278168,0.961981550272803,0.0470286649946347,0.1572,0.7884,0.305,0.199391171993912,0.800608828006088,0.515409836065574,0.484590163934426,0.0625,0.00156207095475496,0.060996434564107,0.0020616490713183,0.229947699282622,0.4834,2417,0.4834,0,2417,0,1,0,0.0470286649946347,0,-0.0972872672623803,0.0972872672623803,1,1
additive_bias,252,0.5,score_high_bias,0.963483158683662,0.855252052190807,0.961981550272803,0.106729498081996,0.1572,0.9526,0.305,0.165022044929666,0.834977955070334,0.515409836065574,0.484590163934426,0.25,0.00156207095475496,0.246245699239627,0.0020616490713183,0.479947699282622,0.6476,3238,0.6476,0,3238,0,1,0,0.106729498081995,0,-0.164807748736868,0.164807748736868,1,1
additive_bias,253,-0.5,score_low_bias,0.966662116112143,0.963225563698948,0.966151959449855,0.00292639575090703,0.146,0,0.2362,,,0.618120237087214,0.381879762912786,0.25,0.00258516626915004,0.239215793003855,0.00117308254586397,-0.511517357423475,0.2362,1181,0.146,0.0902,730,451,0.618120237087214,0.381879762912786,0.00343655241319544,-0.000510156662288383,0.0123894824339841,0.0167091832154268,1,1
additive_bias,253,-0.25,score_low_bias,0.966662116112143,0.963225563698948,0.966151959449855,0.00292639575090703,0.146,0,0.2362,,,0.618120237087214,0.381879762912786,0.0625,0.00258516626915004,0.0572783954192893,0.00117308254586397,-0.261517357423475,0.2362,1181,0.146,0.0902,730,451,0.618120237087214,0.381879762912786,0.00343655241319544,-0.000510156662288383,0.0123894824339841,0.0167091832154268,1,1
additive_bias,253,-0.1,score_low_bias,0.966662116112143,0.963581550947712,0.966151959449855,0.00257040850214274,0.146,0.003,0.2362,1,0,0.618120237087214,0.381879762912786,0.01,0.00258516626915004,0.00811595686854966,0.00117308254586397,-0.111517357423475,0.2332,1166,0.143,0.0902,715,451,0.613207547169811,0.386792452830189,0.00308056516443116,-0.000510156662288383,0.0110223349148489,0.0153976064610615,1,1
additive_bias,253,0,no_bias,0.966662116112143,0.966662116112143,0.966151959449855,-0.000510156662288375,0.146,0.146,0.2362,1,0,0.618120237087214,0.381879762912786,0,0.00258516626915004,0.000340997834723253,0.00117308254586397,-0.0115173574234754,0.0902,451,0,0.0902,0,451,0,1,0,-0.000510156662288383,-0.00565583882803085,0.00565583882803085,1,1
additive_bias,253,0.1,score_high_bias,0.966662116112143,0.949628614589733,0.966151959449855,0.016523344860122,0.146,0.6008,0.2362,0.243009320905459,0.756990679094541,0.618120237087214,0.381879762912786,0.01,0.00258516626915004,0.0125660388008969,0.00117308254586397,0.0884826425765246,0.3646,1823,0.3646,0,1823,0,1,0,0.0165233448601219,0,-0.0453191027430662,0.0453191027430662,1,1
additive_bias,253,0.25,score_high_bias,0.966662116112143,0.917665312996295,0.966151959449855,0.04848664645356,0.146,0.7964,0.2362,0.183324962330487,0.816675037669513,0.618120237087214,0.381879762912786,0.0625,0.00258516626915004,0.0684036002501573,0.00117308254586397,0.238482642576525,0.5602,2801,0.5602,0,2801,0,1,0,0.04848664645356,0,-0.0865523856721886,0.0865523856721886,1,1
additive_bias,253,0.5,score_high_bias,0.966662116112143,0.858904036741378,0.966151959449855,0.107247922708477,0.146,0.9574,0.2362,0.15249634426572,0.84750365573428,0.618120237087214,0.381879762912786,0.25,0.00258516626915004,0.261466202665591,0.00117308254586397,0.488482642576525,0.7212,3606,0.7212,0,3606,0,1,0,0.107247922708477,0,-0.148707602202547,0.148707602202547,1,1
additive_bias,254,-0.5,score_low_bias,0.965944656875358,0.962256928294394,0.965899744571176,0.00364281627678154,0.1626,0,0.1344,,,1,0,0.25,0.000764881180222245,0.254050658119148,0.00042547860854868,-0.496662891802265,0.1344,672,0.1344,0,672,0,1,0,0.00364281627678155,0,0.0271042877736723,0.0271042877736723,1,1
additive_bias,254,-0.25,score_low_bias,0.965944656875358,0.962256928294394,0.965899744571176,0.00364281627678154,0.1626,0,0.1344,,,1,0,0.0625,0.000764881180222245,0.0646497920266738,0.00042547860854868,-0.246662891802265,0.1344,672,0.1344,0,672,0,1,0,0.00364281627678155,0,0.0271042877736723,0.0271042877736723,1,1
additive_bias,254,-0.1,score_low_bias,0.965944656875358,0.962625284744481,0.965899744571176,0.00327445982669528,0.1626,0.0028,0.1344,1,0,1,0,0.01,0.000764881180222245,0.0110092723711895,0.00042547860854868,-0.096662891802265,0.1316,658,0.1316,0,658,0,1,0,0.00327445982669529,0,0.0248819135767119,0.0248819135767119,1,1
additive_bias,254,0,no_bias,0.965944656875358,0.965944656875358,0.965899744571176,-4.4912304182243e-05,0.1626,0.1626,0.1344,1,0,1,0,0,0.000764881180222245,0.000248925934199878,0.00042547860854868,0.00333710819773503,0.0282,141,0,0.0282,0,141,0,1,0,-4.49123041822412e-05,0.00159263490007947,0.00159263490007947,1,1
additive_bias,254,0.1,score_high_bias,0.965944656875358,0.949926932068968,0.965899744571176,0.0159728125022077,0.1626,0.6076,0.1344,0.267610269914417,0.732389730085583,1,0,0.01,0.000764881180222245,0.0094885794972103,0.00042547860854868,0.103337108197735,0.4732,2366,0.445,0.0282,2225,141,0.940405748098056,0.0595942519019442,0.01601772480639,-4.49123041822412e-05,-0.0337548869446486,0.0339447107154949,1,1
additive_bias,254,0.25,score_high_bias,0.965944656875358,0.920101195401768,0.965899744571176,0.0457985491694081,0.1626,0.7884,0.1344,0.206240487062405,0.793759512937595,1,0,0.0625,0.000764881180222245,0.0608480598417259,0.00042547860854868,0.253337108197735,0.654,3270,0.6258,0.0282,3129,141,0.956880733944954,0.0431192660550459,0.0458434614735903,-4.49123041822412e-05,-0.0700283626443548,0.070165709140325,1,1
additive_bias,254,0.5,score_high_bias,0.965944656875358,0.860213393009431,0.965899744571176,0.105686351561745,0.1626,0.9564,0.1344,0.170012547051443,0.829987452948557,1,0,0.25,0.000764881180222245,0.246447193749252,0.00042547860854868,0.503337108197735,0.822,4110,0.7938,0.0282,3969,141,0.965693430656934,0.0343065693430657,0.105731263865927,-4.49123041822412e-05,-0.128572203846405,0.12868147952568,1,1
additive_bias,255,-0.5,score_low_bias,0.965012177875306,0.961423235168289,0.964787814475876,0.00336457930758693,0.1494,0,0.0944,,,1,0,0.25,0.00121833108280201,0.252801065992987,0.00095154971311426,-0.490453289854593,0.0944,472,0.0944,0,472,0,1,0,0.00336457930758696,0,0.0356417299532517,0.0356417299532517,1,1
additive_bias,255,-0.25,score_low_bias,0.965012177875306,0.961423235168289,0.964787814475876,0.00336457930758693,0.1494,0,0.0944,,,1,0,0.0625,0.00121833108280201,0.0642398491068882,0.00095154971311426,-0.240453289854593,0.0944,472,0.0944,0,472,0,1,0,0.00336457930758696,0,0.0356417299532517,0.0356417299532517,1,1
additive_bias,255,-0.1,score_low_bias,0.965012177875306,0.961772322553589,0.964787814475876,0.00301549192228756,0.1494,0.003,0.0944,1,0,1,0,0.01,0.00121833108280201,0.0111031189752292,0.00095154971311426,-0.0904532898545927,0.0914,457,0.0914,0,457,0,1,0,0.00301549192228755,0,0.0329922529790761,0.0329922529790761,1,1
additive_bias,255,0,no_bias,0.965012177875306,0.965012177875306,0.964787814475876,-0.000224363399429994,0.1494,0.1494,0.0944,1,0,1,0,0,0.00121833108280201,0.000678632220789823,0.00095154971311426,0.00954671014540731,0.055,275,0,0.055,0,275,0,1,0,-0.000224363399430015,0.00407933453509118,0.00407933453509118,1,1
additive_bias,255,0.1,score_high_bias,0.965012177875306,0.949015930617897,0.964787814475876,0.0157718838579799,0.1494,0.5914,0.0944,0.252620899560365,0.747379100439635,1,0,0.01,0.00121833108280201,0.0102541454663505,0.00095154971311426,0.109546710145407,0.497,2485,0.442,0.055,2210,275,0.88933601609658,0.110663983903421,0.0159962472574099,-0.000224363399430015,-0.0317341727524747,0.0326370435751307,1,1
additive_bias,255,0.25,score_high_bias,0.965012177875306,0.916169204831252,0.964787814475876,0.0486186096446246,0.1494,0.791,0.0944,0.188874841972187,0.811125158027813,1,0,0.0625,0.00121833108280201,0.0621174153346915,0.00095154971311426,0.259546710145407,0.6966,3483,0.6416,0.055,3208,275,0.921045076083836,0.0789549239161642,0.0488429730440546,-0.000224363399430015,-0.0697941568254731,0.0704383239211665,1,1
additive_bias,255,0.5,score_high_bias,0.965012177875306,0.85740629859449,0.964787814475876,0.107381515881386,0.1494,0.9528,0.0944,0.156801007556675,0.843198992443325,1,0,0.25,0.00121833108280201,0.248556198448593,0.00095154971311426,0.509546710145407,0.8584,4292,0.8034,0.055,4017,275,0.935927306616962,0.0640726933830382,0.107605879280816,-0.000224363399430015,-0.125094962583162,0.12561771048491,1,1
additive_bias,256,-0.5,score_low_bias,0.964452297018572,0.960841716255961,0.964393009504156,0.00355129324819459,0.1578,0,0.1894,,,0.833157338965153,0.166842661034847,0.25,0.00128735466291271,0.26127005051863,0.000895005900734995,-0.503972095582889,0.1894,947,0.1578,0.0316,789,158,0.833157338965153,0.166842661034847,0.00361058076260992,-5.9287514415385e-05,0.0187502283431602,0.0193762844615908,1,1
additive_bias,256,-0.25,score_low_bias,0.964452297018572,0.960841716255961,0.964393009504156,0.00355129324819459,0.1578,0,0.1894,,,0.833157338965153,0.166842661034847,0.0625,0.00128735466291271,0.0685663854723132,0.000895005900734995,-0.253972095582889,0.1894,947,0.1578,0.0316,789,158,0.833157338965153,0.166842661034847,0.00361058076260992,-5.9287514415385e-05,0.0187502283431602,0.0193762844615908,1,1
additive_bias,256,-0.1,score_low_bias,0.964452297018572,0.961325107076168,0.964393009504156,0.00306790242798805,0.1578,0.004,0.1894,1,0,0.833157338965153,0.166842661034847,0.01,0.00128735466291271,0.0129441864445232,0.000895005900734995,-0.103972095582889,0.1854,927,0.1538,0.0316,769,158,0.829557713052859,0.170442286947141,0.00312718994240345,-5.9287514415385e-05,0.0165474780366131,0.0171870412989149,1,1
additive_bias,256,0,no_bias,0.964452297018572,0.964452297018572,0.964393009504156,-5.92875144154181e-05,0.1578,0.1578,0.1894,1,0,0.833157338965153,0.166842661034847,0,0.00128735466291271,0.000862720425996536,0.000895005900734995,-0.00397209558288913,0.0316,158,0,0.0316,0,158,0,1,0,-5.9287514415385e-05,-0.00187618716504383,0.00187618716504383,1,1
additive_bias,256,0.1,score_high_bias,0.964452297018572,0.948602219083695,0.964393009504156,0.0157907904204607,0.1578,0.5962,0.1894,0.264676283126468,0.735323716873532,0.833157338965153,0.166842661034847,0.01,0.00128735466291271,0.00878125440746988,0.000895005900734995,0.0960279044171109,0.4068,2034,0.4068,0,2034,0,1,0,0.0157907904204607,0,-0.0388170855960194,0.0388170855960194,1,1
additive_bias,256,0.25,score_high_bias,0.964452297018572,0.917712054789754,0.964393009504156,0.0466809547144024,0.1578,0.7836,0.1894,0.201378254211332,0.798621745788668,0.833157338965153,0.166842661034847,0.0625,0.00128735466291271,0.0581590553796799,0.000895005900734995,0.246027904417111,0.5942,2971,0.5942,0,2971,0,1,0,0.0466809547144024,0,-0.0785610143291861,0.0785610143291861,1,1
additive_bias,256,0.5,score_high_bias,0.964452297018572,0.856537915059719,0.964393009504156,0.107855094444437,0.1578,0.9524,0.1894,0.165686686266275,0.834313313733725,0.833157338965153,0.166842661034847,0.25,0.00128735466291271,0.240455390333363,0.000895005900734995,0.496027904417111,0.763,3815,0.763,0,3815,0,1,0,0.107855094444437,0,-0.141356611329537,0.141356611329537,1,1
additive_bias,257,-0.5,score_low_bias,0.964712467566424,0.961362456343808,0.963985953961251,0.00262349761744329,0.1518,0,0.2594,,,0.585196607555898,0.414803392444102,0.25,0.00180591860039922,0.244245436190495,0.000993979348910655,-0.513709342058324,0.2594,1297,0.1518,0.1076,759,538,0.585196607555898,0.414803392444102,0.00335001122261559,-0.000726513605172222,0.0101137147935365,0.0157152075088196,1,1
additive_bias,257,-0.25,score_low_bias,0.964712467566424,0.961362456343808,0.963985953961251,0.00262349761744329,0.1518,0,0.2594,,,0.585196607555898,0.414803392444102,0.0625,0.00180591860039922,0.0602527879698351,0.000993979348910655,-0.263709342058324,0.2594,1297,0.1518,0.1076,759,538,0.585196607555898,0.414803392444102,0.00335001122261559,-0.000726513605172222,0.0101137147935365,0.0157152075088196,1,1
additive_bias,257,-0.1,score_low_bias,0.964712467566424,0.961746627715513,0.963985953961251,0.00223932624573786,0.1518,0.0032,0.2594,1,0,0.585196607555898,0.414803392444102,0.01,0.00180591860039922,0.00985719903743936,0.000993979348910655,-0.113709342058324,0.2562,1281,0.1486,0.1076,743,538,0.580015612802498,0.419984387197502,0.00296583985091014,-0.000726513605172222,0.00874053960085058,0.0144119963157001,1,1
additive_bias,257,0,no_bias,0.964712467566424,0.964712467566424,0.963985953961251,-0.000726513605172285,0.1518,0.1518,0.2594,1,0,0.585196607555898,0.414803392444102,0,0.00180591860039922,0.00126013974917556,0.000993979348910655,-0.0137093420583237,0.1076,538,0,0.1076,0,538,0,1,0,-0.000726513605172222,-0.0067519851781805,0.0067519851781805,1,1
additive_bias,257,0.1,score_high_bias,0.964712467566424,0.948337706179263,0.963985953961251,0.0156482477819881,0.1518,0.5982,0.2594,0.253761283851555,0.746238716148445,0.585196607555898,0.414803392444102,0.01,0.00180591860039922,0.0126630804609118,0.000993979348910655,0.0862906579416763,0.3388,1694,0.3388,0,1694,0,1,0,0.0156482477819881,0,-0.0461872720837903,0.0461872720837903,1,1
additive_bias,257,0.25,score_high_bias,0.964712467566424,0.917411694860576,0.963985953961251,0.0465742591006755,0.1518,0.7838,0.2594,0.193671855065068,0.806328144934932,0.585196607555898,0.414803392444102,0.0625,0.00180591860039922,0.0672674915285161,0.000993979348910655,0.236290657941676,0.5244,2622,0.5244,0,2622,0,1,0,0.0465742591006755,0,-0.0888143766221882,0.0888143766221882,1,1
additive_bias,257,0.5,score_high_bias,0.964712467566424,0.855053504704915,0.963985953961251,0.108932449256337,0.1518,0.9568,0.2594,0.158653846153846,0.841346153846154,0.585196607555898,0.414803392444102,0.25,0.00180591860039922,0.258274843307857,0.000993979348910655,0.486290657941676,0.6974,3487,0.6974,0,3487,0,1,0,0.108932449256337,0,-0.156197948460477,0.156197948460477,1,1
additive_bias,258,-0.5,score_low_bias,0.966428917080726,0.962327401978947,0.96420703484379,0.00187963286484238,0.1676,0,0.3484,,,0.48105625717566,0.51894374282434,0.25,0.00110034365284139,0.256828023552064,0.000456970477277908,-0.524315295784665,0.3484,1742,0.1676,0.1808,838,904,0.48105625717566,0.51894374282434,0.00410151510177886,-0.00222188223693653,0.00539504266602275,0.0181498201455666,1,1
additive_bias,258,-0.25,score_low_bias,0.966428917080726,0.962327401978947,0.96420703484379,0.00187963286484238,0.1676,0,0.3484,,,0.48105625717566,0.51894374282434,0.0625,0.00110034365284139,0.066227403036053,0.000456970477277908,-0.274315295784665,0.3484,1742,0.1676,0.1808,838,904,0.48105625717566,0.51894374282434,0.00410151510177886,-0.00222188223693653,0.00539504266602275,0.0181498201455666,1,1
additive_bias,258,-0.1,score_low_bias,0.966428917080726,0.962883693481455,0.96420703484379,0.00132334136233403,0.1676,0.0046,0.3484,1,0,0.48105625717566,0.51894374282434,0.01,0.00110034365284139,0.0118670307264463,0.000456970477277908,-0.124315295784665,0.3438,1719,0.163,0.1808,815,904,0.474112856311809,0.525887143688191,0.00354522359927047,-0.00222188223693653,0.00384916044890615,0.0167745952187522,1,1
additive_bias,258,0,no_bias,0.966428917080726,0.966428917080726,0.96420703484379,-0.00222188223693642,0.1676,0.1676,0.3484,1,0,0.48105625717566,0.51894374282434,0,0.00110034365284139,0.000626782520041798,0.000456970477277908,-0.0243152957846654,0.1808,904,0,0.1808,0,904,0,1,0,-0.00222188223693653,-0.012289171664472,0.012289171664472,1,1
additive_bias,258,0.1,score_high_bias,0.966428917080726,0.949993026607386,0.96420703484379,0.0142140082364038,0.1676,0.6062,0.3484,0.276476410425602,0.723523589574398,0.48105625717566,0.51894374282434,0.01,0.00110034365284139,0.00938653431363731,0.000456970477277908,0.0756847042153346,0.2578,1289,0.2578,0,1289,0,1,0,0.0142140082364038,0,-0.0551357961070745,0.0551357961070745,1,1
additive_bias,258,0.25,score_high_bias,0.966428917080726,0.917152162056593,0.96420703484379,0.0470548727871963,0.1676,0.804,0.3484,0.208457711442786,0.791542288557214,0.48105625717566,0.51894374282434,0.0625,0.00110034365284139,0.0600261620040306,0.000456970477277908,0.225684704215335,0.4556,2278,0.4556,0,2278,0,1,0,0.0470548727871962,0,-0.103281107961361,0.103281107961361,1,1
additive_bias,258,0.5,score_high_bias,0.966428917080726,0.863202052454707,0.96420703484379,0.101004982389082,0.1676,0.9534,0.3484,0.175791902664149,0.824208097335851,0.48105625717566,0.51894374282434,0.25,0.00110034365284139,0.244425541488019,0.000456970477277908,0.475684704215335,0.605,3025,0.605,0,3025,0,1,0,0.101004982389082,0,-0.166950384114185,0.166950384114185,1,1
additive_bias,259,-0.5,score_low_bias,0.965644853884056,0.96200968661009,0.965642084267575,0.00363239765748502,0.1558,0,0.1484,,,1,0,0.25,0.00221649539443996,0.25509611595332,0.0016033021590539,-0.49922840743333,0.1484,742,0.1484,0,742,0,1,0,0.00363239765748507,0,0.024477073163646,0.024477073163646,1,1
additive_bias,259,-0.25,score_low_bias,0.965644853884056,0.96200968661009,0.965642084267575,0.00363239765748502,0.1558,0,0.1484,,,1,0,0.0625,0.00221649539443996,0.0652212381164786,0.0016033021590539,-0.24922840743333,0.1484,742,0.1484,0,742,0,1,0,0.00363239765748507,0,0.024477073163646,0.024477073163646,1,1
additive_bias,259,-0.1,score_low_bias,0.965644853884056,0.962332390572676,0.965642084267575,0.00330969369489931,0.1558,0.0028,0.1484,1,0,1,0,0.01,0.00221649539443996,0.0112963114143738,0.0016033021590539,-0.0992284074333297,0.1456,728,0.1456,0,728,0,1,0,0.0033096936948993,0,0.022731412739693,0.022731412739693,1,1
additive_bias,259,0,no_bias,0.965644853884056,0.965644853884056,0.965642084267575,-2.76961648060237e-06,0.1558,0.1558,0.1484,1,0,1,0,0,0.00221649539443996,0.000346360279637299,0.0016033021590539,0.000771592566670254,0.0074,37,0,0.0074,0,37,0,1,0,-2.76961648052627e-06,0.000374272497368415,0.000374272497368415,1,1
additive_bias,259,0.1,score_high_bias,0.965644853884056,0.949492321521352,0.965642084267575,0.0161497627462233,0.1558,0.602,0.1484,0.258803986710963,0.741196013289037,1,0,0.01,0.00221649539443996,0.0093964091449008,0.0016033021590539,0.10077159256667,0.4536,2268,0.4462,0.0074,2231,37,0.9836860670194,0.0163139329805996,0.0161525323627038,-2.76961648052627e-06,-0.0356035333911448,0.0356157451040219,1,1
additive_bias,259,0.25,score_high_bias,0.965644853884056,0.917234175668313,0.965642084267575,0.0484079085992627,0.1558,0.794,0.1484,0.196221662468514,0.803778337531486,1,0,0.0625,0.00221649539443996,0.0604714824427961,0.0016033021590539,0.25077159256667,0.6456,3228,0.6382,0.0074,3191,37,0.988537794299876,0.0114622057001239,0.0484106782157432,-2.76961648052627e-06,-0.0749812710645333,0.0749898510412388,1,1
additive_bias,259,0.5,score_high_bias,0.965644853884056,0.861065921625044,0.965642084267575,0.104576162642532,0.1558,0.9486,0.1484,0.164242040902382,0.835757959097618,1,0,0.25,0.00221649539443996,0.245596604605955,0.0016033021590539,0.50077159256667,0.8002,4001,0.7928,0.0074,3964,37,0.99075231192202,0.0092476880779805,0.104578932259012,-2.76961648052627e-06,-0.13068753142031,0.130694453730933,1,1
additive_bias,260,-0.5,score_low_bias,0.965971476257765,0.962298944552407,0.965926095724635,0.00362715117222789,0.1574,0,0.1848,,,0.851731601731602,0.148268398268398,0.25,0.001358557452561,0.258668666478024,0.00136593636669764,-0.503402827522107,0.1848,924,0.1574,0.0274,787,137,0.851731601731602,0.148268398268398,0.0036725317053583,-4.5380533130316e-05,0.0196274414081601,0.0201185727190942,1,1
additive_bias,260,-0.25,score_low_bias,0.965971476257765,0.962298944552407,0.965926095724635,0.00362715117222789,0.1574,0,0.1848,,,0.851731601731602,0.148268398268398,0.0625,0.001358557452561,0.0671228547914273,0.00136593636669764,-0.253402827522107,0.1848,924,0.1574,0.0274,787,137,0.851731601731602,0.148268398268398,0.0036725317053583,-4.5380533130316e-05,0.0196274414081601,0.0201185727190942,1,1
additive_bias,260,-0.1,score_low_bias,0.965971476257765,0.962579507101531,0.965926095724635,0.00334658862310411,0.1574,0.0024,0.1848,1,0,0.851731601731602,0.148268398268398,0.01,0.001358557452561,0.0121953677794694,0.00136593636669764,-0.103402827522107,0.1824,912,0.155,0.0274,775,137,0.849780701754386,0.150219298245614,0.00339196915623444,-4.5380533130316e-05,0.0183475253459656,0.018845118910991,1,1
additive_bias,260,0,no_bias,0.965971476257765,0.965971476257765,0.965926095724635,-4.53805331304125e-05,0.1574,0.1574,0.1848,1,0,0.851731601731602,0.148268398268398,0,0.001358557452561,0.000577043104830853,0.00136593636669764,-0.00340282752210697,0.0274,137,0,0.0274,0,137,0,1,0,-4.5380533130316e-05,-0.00165622383687285,0.00165622383687285,1,1
additive_bias,260,0.1,score_high_bias,0.965971476257765,0.950169974507711,0.965926095724635,0.0157561212169234,0.1574,0.5956,0.1848,0.264271323035594,0.735728676964406,0.851731601731602,0.148268398268398,0.01,0.001358557452561,0.00895871843019229,0.00136593636669764,0.096597172477893,0.4108,2054,0.4108,0,2054,0,1,0,0.0157561212169234,0,-0.0383547254550228,0.0383547254550228,1,1
additive_bias,260,0.25,score_high_bias,0.965971476257765,0.91864351862977,0.965926095724635,0.0472825770948648,0.1574,0.7846,0.1848,0.200611776701504,0.799388223298496,0.851731601731602,0.148268398268398,0.0625,0.001358557452561,0.0590312314182345,0.00136593636669764,0.246597172477893,0.5998,2999,0.5998,0,2999,0,1,0,0.0472825770948648,0,-0.0788305720154465,0.0788305720154465,1,1
additive_bias,260,0.5,score_high_bias,0.965971476257765,0.857198768315785,0.965926095724635,0.10872732740885,0.1574,0.9546,0.1848,0.164885816048607,0.835114183951393,0.851731601731602,0.148268398268398,0.25,0.001358557452561,0.242485419731638,0.00136593636669764,0.496597172477893,0.7698,3849,0.7698,0,3849,0,1,0,0.10872732740885,0,-0.141241007286113,0.141241007286113,1,1
additive_bias,261,-0.5,score_low_bias,0.965160280337432,0.961696475418793,0.96480522871987,0.00310875330107752,0.1568,0,0.2338,,,0.670658682634731,0.329341317365269,0.25,0.00130812562260169,0.252018881994397,0.000306930682951422,-0.509406459018188,0.2338,1169,0.1568,0.077,784,385,0.670658682634731,0.329341317365269,0.00346380491863969,-0.00035505161756215,0.0132966351628638,0.0163338602917102,1,1
additive_bias,261,-0.25,score_low_bias,0.965160280337432,0.961696475418793,0.96480522871987,0.00310875330107752,0.1568,0,0.2338,,,0.670658682634731,0.329341317365269,0.0625,0.00130812562260169,0.063634864407243,0.000306930682951422,-0.259406459018188,0.2338,1169,0.1568,0.077,784,385,0.670658682634731,0.329341317365269,0.00346380491863969,-0.00035505161756215,0.0132966351628638,0.0163338602917102,1,1
additive_bias,261,-0.1,score_low_bias,0.965160280337432,0.962094551513668,0.96480522871987,0.00271067720620255,0.1568,0.0032,0.2338,1,0,0.670658682634731,0.329341317365269,0.01,0.00130812562260169,0.0106044538549506,0.000306930682951422,-0.109406459018188,0.2306,1153,0.1536,0.077,768,385,0.666088464874241,0.333911535125759,0.00306572882376479,-0.00035505161756215,0.011754888144851,0.0148342603700214,1,1
additive_bias,261,0,no_bias,0.965160280337432,0.965160280337432,0.96480522871987,-0.000355051617562219,0.1568,0.1568,0.2338,1,0,0.670658682634731,0.329341317365269,0,0.00130812562260169,0.000250846820089106,0.000306930682951422,-0.00940645901818815,0.077,385,0,0.077,0,385,0,1,0,-0.00035505161756215,-0.00461105996833961,0.00461105996833961,1,1
additive_bias,261,0.1,score_high_bias,0.965160280337432,0.948797530017637,0.96480522871987,0.016007698702233,0.1568,0.6048,0.2338,0.259259259259259,0.740740740740741,0.670658682634731,0.329341317365269,0.01,0.00130812562260169,0.00989723978522756,0.000306930682951422,0.0905935409818118,0.371,1855,0.371,0,1855,0,1,0,0.016007698702233,0,-0.0431474358550755,0.0431474358550755,1,1
additive_bias,261,0.25,score_high_bias,0.965160280337432,0.918310560027521,0.96480522871987,0.0464946686923492,0.1568,0.7896,0.2338,0.198581560283688,0.801418439716312,0.670658682634731,0.329341317365269,0.0625,0.00130812562260169,0.0618668292329353,0.000306930682951422,0.240593540981812,0.5558,2779,0.5558,0,2779,0,1,0,0.0464946686923492,0,-0.0836535960639605,0.0836535960639605,1,1
additive_bias,261,0.5,score_high_bias,0.965160280337432,0.857122289611306,0.96480522871987,0.107682939108564,0.1568,0.9574,0.2338,0.163776895759348,0.836223104240652,0.670658682634731,0.329341317365269,0.25,0.00130812562260169,0.248482811645781,0.000306930682951422,0.490593540981812,0.7236,3618,0.7236,0,3618,0,1,0,0.107682939108564,0,-0.148815559851526,0.148815559851526,1,1
additive_bias,262,-0.5,score_low_bias,0.966096985719754,0.962654637553073,0.965956285513649,0.00330164796057642,0.1554,0,0.2034,,,0.76401179941003,0.235988200589971,0.25,0.00298455471802461,0.24797963243537,0.00369975018421434,-0.505996893848321,0.2034,1017,0.1554,0.048,777,240,0.76401179941003,0.235988200589971,0.00344234816668161,-0.000140700206105189,0.0162322908582911,0.0176157737108495,1,1
additive_bias,262,-0.25,score_low_bias,0.966096985719754,0.962654637553073,0.965956285513649,0.00330164796057642,0.1554,0,0.2034,,,0.76401179941003,0.235988200589971,0.0625,0.00298455471802461,0.0621184501388919,0.00369975018421434,-0.255996893848321,0.2034,1017,0.1554,0.048,777,240,0.76401179941003,0.235988200589971,0.00344234816668161,-0.000140700206105189,0.0162322908582911,0.0176157737108495,1,1
additive_bias,262,-0.1,score_low_bias,0.966096985719754,0.963139370921351,0.965956285513649,0.00281691459229783,0.1554,0.0042,0.2034,1,0,0.76401179941003,0.235988200589971,0.01,0.00298455471802461,0.010601740761005,0.00369975018421434,-0.105996893848321,0.1992,996,0.1512,0.048,756,240,0.759036144578313,0.240963855421687,0.00295761479840299,-0.000140700206105189,0.0141411375115351,0.015553790183274,1,1
additive_bias,262,0,no_bias,0.966096985719754,0.966096985719754,0.965956285513649,-0.000140700206105127,0.1554,0.1554,0.2034,1,0,0.76401179941003,0.235988200589971,0,0.00298455471802461,0.00125726784241365,0.00369975018421434,-0.00599689384832092,0.048,240,0,0.048,0,240,0,1,0,-0.000140700206105189,-0.00293125429385811,0.00293125429385811,1,1
additive_bias,262,0.1,score_high_bias,0.966096985719754,0.950342497070194,0.965956285513649,0.0156137884434555,0.1554,0.5938,0.2034,0.261704277534523,0.738295722465477,0.76401179941003,0.235988200589971,0.01,0.00298455471802461,0.0119127949238223,0.00369975018421434,0.0940031061516791,0.3904,1952,0.3904,0,1952,0,1,0,0.0156137884434555,0,-0.0399943351522938,0.0399943351522938,1,1
additive_bias,262,0.25,score_high_bias,0.966096985719754,0.919619059672631,0.965956285513649,0.046337225841018,0.1554,0.7802,0.2034,0.199179697513458,0.800820302486542,0.76401179941003,0.235988200589971,0.0625,0.00298455471802461,0.0653960855459354,0.00369975018421434,0.244003106151679,0.5768,2884,0.5768,0,2884,0,1,0,0.0463372258410179,0,-0.0803349962569659,0.0803349962569659,1,1
additive_bias,262,0.5,score_high_bias,0.966096985719754,0.856067363897632,0.965956285513649,0.109888921616017,0.1554,0.9558,0.2034,0.162586315128688,0.837413684871312,0.76401179941003,0.235988200589971,0.25,0.00298455471802461,0.254534903249457,0.00369975018421434,0.494003106151679,0.7524,3762,0.7524,0,3762,0,1,0,0.109888921616017,0,-0.146051198320065,0.146051198320065,1,1
additive_bias,263,-0.5,score_low_bias,0.965257956785516,0.961400624701262,0.96509059262033,0.00368996791906773,0.163,0,0.2142,,,0.760971055088702,0.239028944911298,0.25,0.000833136298245752,0.246982160360229,0.000910954272437617,-0.506770189702199,0.2142,1071,0.163,0.0512,815,256,0.760971055088702,0.239028944911298,0.00385733208425388,-0.000167364165186131,0.017226740985377,0.0187894316033614,1,1
additive_bias,263,-0.25,score_low_bias,0.965257956785516,0.961400624701262,0.96509059262033,0.00368996791906773,0.163,0,0.2142,,,0.760971055088702,0.239028944911298,0.0625,0.000833136298245752,0.061429364435244,0.000910954272437617,-0.256770189702199,0.2142,1071,0.163,0.0512,815,256,0.760971055088702,0.239028944911298,0.00385733208425388,-0.000167364165186131,0.017226740985377,0.0187894316033614,1,1
additive_bias,263,-0.1,score_low_bias,0.965257956785516,0.961845051329236,0.96509059262033,0.00324554129109411,0.163,0.0038,0.2142,1,0,0.760971055088702,0.239028944911298,0.01,0.000833136298245752,0.0100976868802527,0.000910954272437617,-0.106770189702199,0.2104,1052,0.1592,0.0512,796,256,0.756653992395437,0.243346007604563,0.00341290545628022,-0.000167364165186131,0.0154255764785841,0.017016490596323,1,1
additive_bias,263,0,no_bias,0.965257956785516,0.965257956785516,0.96509059262033,-0.000167364165186146,0.163,0.163,0.2142,1,0,0.760971055088702,0.239028944911298,0,0.000833136298245752,0.000876568510258542,0.000910954272437617,-0.00677018970219856,0.0512,256,0,0.0512,0,256,0,1,0,-0.000167364165186131,-0.00326883135129162,0.00326883135129162,1,1
additive_bias,263,0.1,score_high_bias,0.965257956785516,0.94993669993494,0.96509059262033,0.0151538926853901,0.163,0.586,0.2142,0.278156996587031,0.721843003412969,0.760971055088702,0.239028944911298,0.01,0.000833136298245752,0.0116554501402644,0.000910954272437617,0.0932298102978014,0.3718,1859,0.3718,0,1859,0,1,0,0.0151538926853901,0,-0.0407581836616195,0.0407581836616195,1,1
additive_bias,263,0.25,score_high_bias,0.965257956785516,0.916672852774836,0.96509059262033,0.0484177398454939,0.163,0.785,0.2142,0.207643312101911,0.792356687898089,0.760971055088702,0.239028944911298,0.0625,0.000833136298245752,0.0653237725852731,0.000910954272437617,0.243229810297801,0.5708,2854,0.5708,0,2854,0,1,0,0.0484177398454938,0,-0.0848243515162821,0.0848243515162821,1,1
additive_bias,263,0.5,score_high_bias,0.965257956785516,0.85559834050689,0.96509059262033,0.10949225211344,0.163,0.9528,0.2142,0.171074727120067,0.828925272879933,0.760971055088702,0.239028944911298,0.25,0.000833136298245752,0.254770976660288,0.000910954272437617,0.493229810297802,0.7386,3693,0.7386,0,3693,0,1,0,0.10949225211344,0,-0.148242962514812,0.148242962514812,1,1
additive_bias,264,-0.5,score_low_bias,0.965511384278909,0.961911802768804,0.964203748373771,0.00229194560496671,0.1576,0,0.0402,,,1,0,0.25,0.0017416866860093,0.248570604394025,0.000790184602473011,-0.470615965624858,0.0402,201,0.0402,0,201,0,1,0,0.00229194560496673,0,0.0570135722628539,0.0570135722628539,1,1
additive_bias,264,-0.25,score_low_bias,0.965511384278909,0.961911802768804,0.964203748373771,0.00229194560496671,0.1576,0,0.0402,,,1,0,0.0625,0.0017416866860093,0.062172001057564,0.000790184602473011,-0.220615965624858,0.0402,201,0.0402,0,201,0,1,0,0.00229194560496673,0,0.0570135722628539,0.0570135722628539,1,1
additive_bias,264,-0.1,score_low_bias,0.965511384278909,0.962159104112376,0.964203748373771,0.00204464426139561,0.1576,0.0022,0.0402,1,0,1,0,0.01,0.0017416866860093,0.0103328390556875,0.000790184602473011,-0.0706159656248575,0.038,190,0.038,0,190,0,1,0,0.00204464426139554,0,0.0538064279314615,0.0538064279314615,1,1
additive_bias,264,0,no_bias,0.965511384278909,0.965511384278909,0.964203748373771,-0.00130763590513749,0.1576,0.1576,0.0402,1,0,1,0,0,0.0017416866860093,0.000773397721103245,0.000790184602473011,0.0293840343751425,0.1174,587,0,0.1174,0,587,0,1,0,-0.00130763590513747,0.0111382956144589,0.0111382956144589,1,1
additive_bias,264,0.1,score_high_bias,0.965511384278909,0.949741888397734,0.964203748373771,0.0144618599760367,0.1576,0.5878,0.0402,0.26811840762164,0.73188159237836,1,0,0.01,0.0017416866860093,0.0112139563865189,0.000790184602473011,0.129384034375142,0.5476,2738,0.4302,0.1174,2151,587,0.785609934258583,0.214390065741417,0.0157694958811741,-0.00130763590513747,-0.0264095324617178,0.0311854123197801,1,1
additive_bias,264,0.25,score_high_bias,0.965511384278909,0.918514849513537,0.964203748373771,0.0456888988602341,0.1576,0.777,0.0402,0.202831402831403,0.797168597168597,1,0,0.0625,0.0017416866860093,0.0643747943846425,0.000790184602473011,0.279384034375143,0.7368,3684,0.6194,0.1174,3097,587,0.840662323561346,0.159337676438654,0.0469965347653715,-0.00130763590513747,-0.0620099061620984,0.0655594064474878,1,1
additive_bias,264,0.5,score_high_bias,0.965511384278909,0.854207012569257,0.964203748373771,0.109996735804514,0.1576,0.954,0.0402,0.165199161425577,0.834800838574424,1,0,0.25,0.0017416866860093,0.252976191048182,0.000790184602473011,0.529384034375143,0.9138,4569,0.7964,0.1174,3982,587,0.87152549792077,0.12847450207923,0.111304371709651,-0.00130763590513747,-0.120372877877559,0.123234851843717,1,1
additive_bias,265,-0.5,score_low_bias,0.965271920917404,0.961898333958509,0.96279729920746,0.000898965248950834,0.1544,0,0.3476,,,0.444188722669735,0.555811277330265,0.25,0.0010989718450513,0.238349341569412,0.00173571172009548,-0.5254092039819,0.3476,1738,0.1544,0.1932,772,966,0.444188722669735,0.555811277330265,0.00337358695889458,-0.00247462170994368,0.00258620612471489,0.0168245358712263,1,1
additive_bias,265,-0.25,score_low_bias,0.965271920917404,0.961898333958509,0.96279729920746,0.000898965248950834,0.1544,0,0.3476,,,0.444188722669735,0.555811277330265,0.0625,0.0010989718450513,0.0569467368294857,0.00173571172009548,-0.2754092039819,0.3476,1738,0.1544,0.1932,772,966,0.444188722669735,0.555811277330265,0.00337358695889458,-0.00247462170994368,0.00258620612471489,0.0168245358712263,1,1
additive_bias,265,-0.1,score_low_bias,0.965271920917404,0.962252941104509,0.96279729920746,0.000544358102951392,0.1544,0.003,0.3476,1,0,0.444188722669735,0.555811277330265,0.01,0.0010989718450513,0.00810517398552978,0.00173571172009548,-0.1254092039819,0.3446,1723,0.1514,0.1932,757,966,0.439349970980847,0.560650029019153,0.00301897981289512,-0.00247462170994368,0.00157968108807729,0.0159419661138677,1,1
additive_bias,265,0,no_bias,0.965271920917404,0.965271920917404,0.96279729920746,-0.00247462170994373,0.1544,0.1544,0.3476,1,0,0.444188722669735,0.555811277330265,0,0.0010989718450513,0.000544132089559195,0.00173571172009548,-0.0254092039818998,0.1932,966,0,0.1932,0,966,0,1,0,-0.00247462170994368,-0.0128086009831454,0.0128086009831454,1,1
additive_bias,265,0.1,score_high_bias,0.965271920917404,0.948904736367444,0.96279729920746,0.0138925628400164,0.1544,0.5962,0.3476,0.258973498825897,0.741026501174103,0.444188722669735,0.555811277330265,0.01,0.0010989718450513,0.0129830901935886,0.00173571172009548,0.0745907960181002,0.2486,1243,0.2486,0,1243,0,1,0,0.0138925628400165,0,-0.0558831972647484,0.0558831972647484,1,1
additive_bias,265,0.25,score_high_bias,0.965271920917404,0.917087169600186,0.96279729920746,0.0457101296072739,0.1544,0.7874,0.3476,0.196088392176784,0.803911607823216,0.444188722669735,0.555811277330265,0.0625,0.0010989718450513,0.0691415273496327,0.00173571172009548,0.2245907960181,0.4398,2199,0.4398,0,2199,0,1,0,0.045710129607274,0,-0.103933900880569,0.103933900880569,1,1
additive_bias,265,0.5,score_high_bias,0.965271920917404,0.856547917862888,0.96279729920746,0.106249381344572,0.1544,0.9534,0.3476,0.161946717012796,0.838053282987204,0.444188722669735,0.555811277330265,0.25,0.0010989718450513,0.262738922609706,0.00173571172009548,0.4745907960181,0.6058,3029,0.6058,0,3029,0,1,0,0.106249381344572,0,-0.175386895583645,0.175386895583645,1,1
additive_bias,266,-0.5,score_low_bias,0.965186767719711,0.961312437465028,0.965078512290276,0.00376607482524749,0.1638,0,0.1232,,,1,0,0.25,0.00167509684625997,0.26385980341414,0.00100332868790698,-0.49415117379239,0.1232,616,0.1232,0,616,0,1,0,0.00376607482524752,0,0.0305687891659701,0.0305687891659701,1,1
additive_bias,266,-0.25,score_low_bias,0.965186767719711,0.961312437465028,0.965078512290276,0.00376607482524749,0.1638,0,0.1232,,,1,0,0.0625,0.00167509684625997,0.0699683416242739,0.00100332868790698,-0.24415117379239,0.1232,616,0.1232,0,616,0,1,0,0.00376607482524752,0,0.0305687891659701,0.0305687891659701,1,1
additive_bias,266,-0.1,score_low_bias,0.965186767719711,0.961792724884164,0.965078512290276,0.00328578740611107,0.1638,0.004,0.1232,1,0,1,0,0.01,0.00167509684625997,0.0136334645503544,0.00100332868790698,-0.0941511737923903,0.1192,596,0.1192,0,596,0,1,0,0.00328578740611114,0,0.0275653305881807,0.0275653305881807,1,1
additive_bias,266,0,no_bias,0.965186767719711,0.965186767719711,0.965078512290276,-0.000108255429435489,0.1638,0.1638,0.1232,1,0,1,0,0,0.00167509684625997,0.00107687983440802,0.00100332868790698,0.00584882620760974,0.0406,203,0,0.0406,0,203,0,1,0,-0.000108255429435444,0.00266638988757251,0.00266638988757251,1,1
additive_bias,266,0.1,score_high_bias,0.965186767719711,0.948497677004489,0.965078512290276,0.0165808352857861,0.1638,0.6138,0.1232,0.266862170087977,0.733137829912024,1,0,0.01,0.00167509684625997,0.00852029511846168,0.00100332868790698,0.10584882620761,0.4906,2453,0.45,0.0406,2250,203,0.917244190786792,0.0827558092132083,0.0166890907152217,-0.000108255429435444,-0.0337970552095113,0.0342383737151592,1,1
additive_bias,266,0.25,score_high_bias,0.965186767719711,0.917285233432813,0.965078512290276,0.0477932788574629,0.1638,0.8016,0.1232,0.204341317365269,0.795658682634731,1,0,0.0625,0.00167509684625997,0.0571854180445422,0.00100332868790698,0.25584882620761,0.6784,3392,0.6378,0.0406,3189,203,0.940153301886792,0.0598466981132076,0.0479015342868984,-0.000108255429435444,-0.0704499983158357,0.070769147577143,1,1
additive_bias,266,0.5,score_high_bias,0.965186767719711,0.861585103846308,0.965078512290276,0.103493408443967,0.1638,0.9552,0.1232,0.171482412060302,0.828517587939699,1,0,0.25,0.00167509684625997,0.238293956254676,0.00100332868790698,0.50584882620761,0.832,4160,0.7914,0.0406,3957,203,0.951201923076923,0.0487980769230769,0.103601663873403,-0.000108255429435444,-0.12439111591823,0.124651345315911,1,1
additive_bias,267,-0.5,score_low_bias,0.965996441276742,0.961955741784104,0.965006714965341,0.00305097318123759,0.166,0,0.0596,,,1,0,0.25,0.000800588673823852,0.254696978198863,0.000610990551184727,-0.476875256719658,0.0596,298,0.0596,0,298,0,1,0,0.00305097318123762,0,0.0511908251885506,0.0511908251885506,1,1
additive_bias,267,-0.25,score_low_bias,0.965996441276742,0.961955741784104,0.965006714965341,0.00305097318123759,0.166,0,0.0596,,,1,0,0.0625,0.000800588673823852,0.065025873768839,0.000610990551184727,-0.226875256719658,0.0596,298,0.0596,0,298,0,1,0,0.00305097318123762,0,0.0511908251885506,0.0511908251885506,1,1
additive_bias,267,-0.1,score_low_bias,0.965996441276742,0.962392560372214,0.965006714965341,0.00261415459312786,0.166,0.0036,0.0596,1,0,1,0,0.01,0.000800588673823852,0.0112232111108247,0.000610990551184727,-0.076875256719658,0.056,280,0.056,0,280,0,1,0,0.0026141545931279,0,0.046681332020141,0.046681332020141,1,1
additive_bias,267,0,no_bias,0.965996441276742,0.965996441276742,0.965006714965341,-0.000989726311400152,0.166,0.166,0.0596,1,0,1,0,0,0.000800588673823852,0.00035476933881514,0.000610990551184727,0.023124743280342,0.1064,532,0,0.1064,0,532,0,1,0,-0.000989726311400147,0.00930193901691867,0.00930193901691867,1,1
additive_bias,267,0.1,score_high_bias,0.965996441276742,0.9503467614068,0.965006714965341,0.0146599535585419,0.166,0.5924,0.0596,0.280216070222822,0.719783929777178,1,0,0.01,0.000800588673823852,0.0094863275668056,0.000610990551184727,0.123124743280342,0.5328,2664,0.4264,0.1064,2132,532,0.8003003003003,0.1996996996997,0.015649679869942,-0.000989726311400147,-0.0275149278501161,0.0312301167067233,1,1
additive_bias,267,0.25,score_high_bias,0.965996441276742,0.918123885837358,0.965006714965341,0.0468828291279838,0.166,0.7876,0.0596,0.21076688674454,0.78923311325546,1,0,0.0625,0.000800588673823852,0.0606836649087913,0.000610990551184727,0.273124743280342,0.728,3640,0.6216,0.1064,3108,532,0.853846153846154,0.146153846153846,0.047872555439384,-0.000989726311400147,-0.0643994905604174,0.0671185188884398,1,1
additive_bias,267,0.5,score_high_bias,0.965996441276742,0.858927740753226,0.965006714965341,0.106078974212116,0.166,0.9516,0.0596,0.174443043295502,0.825556956704498,1,0,0.25,0.000800588673823852,0.246012560478767,0.000610990551184727,0.523124743280342,0.892,4460,0.7856,0.1064,3928,532,0.880717488789238,0.119282511210762,0.107068700523516,-0.000989726311400147,-0.118922616829726,0.121141734119861,1,1
additive_bias,268,-0.5,score_low_bias,0.965063676100405,0.961316534300105,0.964754382483246,0.00343784818314086,0.1584,0,0.093,,,1,0,0.25,0.000887107688921353,0.242867603106753,0.00192542634749579,-0.489570644508604,0.093,465,0.093,0,465,0,1,0,0.00343784818314089,0,0.0369661094961386,0.0369661094961386,1,1
additive_bias,268,-0.25,score_low_bias,0.965063676100405,0.961316534300105,0.964754382483246,0.00343784818314086,0.1584,0,0.093,,,1,0,0.0625,0.000887107688921353,0.0594237460329203,0.00192542634749579,-0.239570644508604,0.093,465,0.093,0,465,0,1,0,0.00343784818314089,0,0.0369661094961386,0.0369661094961386,1,1
additive_bias,268,-0.1,score_low_bias,0.965063676100405,0.961879181932447,0.964754382483246,0.00287520055079904,0.1584,0.0046,0.093,1,0,1,0,0.01,0.000887107688921353,0.00935743178862071,0.00192542634749579,-0.0895706445086045,0.0884,442,0.0884,0,442,0,1,0,0.00287520055079911,0,0.0325248931085872,0.0325248931085872,1,1
additive_bias,268,0,no_bias,0.965063676100405,0.965063676100405,0.964754382483246,-0.000309293617158923,0.1584,0.1584,0.093,1,0,1,0,0,0.000887107688921353,0.000979888959087628,0.00192542634749579,0.0104293554913956,0.0654,327,0,0.0654,0,327,0,1,0,-0.000309293617158828,0.00472926020120532,0.00472926020120532,1,1
additive_bias,268,0.1,score_high_bias,0.965063676100405,0.949032690548073,0.964754382483246,0.015721691935173,0.1584,0.5894,0.093,0.268747879199186,0.731252120800814,1,0,0.01,0.000887107688921353,0.0126023461295546,0.00192542634749579,0.110429355491396,0.4964,2482,0.431,0.0654,2155,327,0.868251410153102,0.131748589846898,0.0160309855523319,-0.000309293617158828,-0.0316714180805259,0.0329175648055816,1,1
additive_bias,268,0.25,score_high_bias,0.965063676100405,0.917875274636699,0.964754382483246,0.0468791078465461,0.1584,0.7798,0.093,0.203129007437805,0.796870992562195,1,0,0.0625,0.000887107688921353,0.0675360318852549,0.00192542634749579,0.260429355491396,0.6868,3434,0.6214,0.0654,3107,327,0.904775771694817,0.0952242283051835,0.047188401463705,-0.000309293617158828,-0.0682572915645693,0.0691579718707977,1,1
additive_bias,268,0.5,score_high_bias,0.965063676100405,0.854839342764197,0.964754382483246,0.109915039719049,0.1584,0.954,0.093,0.166037735849057,0.833962264150943,1,0,0.25,0.000887107688921353,0.259092174811422,0.00192542634749579,0.510429355491396,0.861,4305,0.7956,0.0654,3978,327,0.92404181184669,0.0759581881533101,0.110224333336208,-0.000309293617158828,-0.127659744156851,0.12837819622923,1,1
additive_bias,269,-0.5,score_low_bias,0.96485430761089,0.960793415163672,0.964848916701416,0.00405550153774437,0.1622,0,0.1536,,,1,0,0.25,0.00132988853725118,0.245850040573211,0.00244698930867836,-0.498737375336861,0.1536,768,0.1536,0,768,0,1,0,0.00405550153774426,0,0.0264030048030225,0.0264030048030225,1,1
additive_bias,269,-0.25,score_low_bias,0.96485430761089,0.960793415163672,0.964848916701416,0.00405550153774437,0.1622,0,0.1536,,,1,0,0.0625,0.00132988853725118,0.0612705618942475,0.00244698930867836,-0.248737375336861,0.1536,768,0.1536,0,768,0,1,0,0.00405550153774426,0,0.0264030048030225,0.0264030048030225,1,1
additive_bias,269,-0.1,score_low_bias,0.96485430761089,0.961316461814047,0.964848916701416,0.00353245488736897,0.1622,0.0044,0.1536,1,0,1,0,0.01,0.00132988853725118,0.0105228746868696,0.00244698930867836,-0.0987373753368612,0.1492,746,0.1492,0,746,0,1,0,0.00353245488736888,0,0.0236759710949657,0.0236759710949657,1,1
additive_bias,269,0,no_bias,0.96485430761089,0.96485430761089,0.964848916701416,-5.39090947349052e-06,0.1622,0.1622,0.1536,1,0,1,0,0,0.00132988853725118,0.00169108321528442,0.00244698930867836,0.00126262466313876,0.0086,43,0,0.0086,0,43,0,1,0,-5.39090947355445e-06,0.000626849938785401,0.000626849938785401,1,1
additive_bias,269,0.1,score_high_bias,0.96485430761089,0.948949845069828,0.964848916701416,0.0158990716315879,0.1622,0.598,0.1536,0.27123745819398,0.72876254180602,1,0,0.01,0.00132988853725118,0.0128592917436992,0.00244698930867836,0.101262624663139,0.4444,2222,0.4358,0.0086,2179,43,0.980648064806481,0.0193519351935194,0.0159044625410614,-5.39090947355445e-06,-0.0357764888199547,0.0358007503387376,1,1
additive_bias,269,0.25,score_high_bias,0.96485430761089,0.917247839294436,0.964848916701416,0.0476010774069799,0.1622,0.7888,0.1536,0.205628803245436,0.794371196754564,1,0,0.0625,0.00132988853725118,0.0671116045363214,0.00244698930867836,0.251262624663139,0.6352,3176,0.6266,0.0086,3133,43,0.986460957178841,0.0135390428211587,0.0476064683164535,-5.39090947355445e-06,-0.0749387238774872,0.0749556977738146,1,1
additive_bias,269,0.5,score_high_bias,0.96485430761089,0.857475503973136,0.964848916701416,0.10737341272828,0.1622,0.9542,0.1536,0.169985328023475,0.830014671976525,1,0,0.25,0.00132988853725118,0.257532125857358,0.00244698930867836,0.501262624663139,0.8006,4003,0.792,0.0086,3960,43,0.989258056457657,0.0107419435423432,0.107378803637754,-5.39090947355445e-06,-0.134116178776268,0.134129645949572,1,1
additive_bias,270,-0.5,score_low_bias,0.96581903370423,0.961883922275167,0.965723885861005,0.00383996358583782,0.1612,0,0.2006,,,0.803589232303091,0.196410767696909,0.25,0.00227158639688243,0.242063467907114,0.00139978892744987,-0.504960609165446,0.2006,1003,0.1612,0.0394,806,197,0.803589232303091,0.196410767696909,0.00393511142906277,-9.51478432249807e-05,0.0191423907569182,0.0200910232915641,1,1
additive_bias,270,-0.25,score_low_bias,0.96581903370423,0.961883922275167,0.965723885861005,0.00383996358583782,0.1612,0,0.2006,,,0.803589232303091,0.196410767696909,0.0625,0.00227158639688243,0.0587039782480722,0.00139978892744987,-0.254960609165446,0.2006,1003,0.1612,0.0394,806,197,0.803589232303091,0.196410767696909,0.00393511142906277,-9.51478432249807e-05,0.0191423907569182,0.0200910232915641,1,1
additive_bias,270,-0.1,score_low_bias,0.96581903370423,0.962457534934263,0.965723885861005,0.00326635092674155,0.1612,0.0048,0.2006,1,0,0.803589232303091,0.196410767696909,0.01,0.00227158639688243,0.00868828445264719,0.00139978892744987,-0.104960609165446,0.1958,979,0.1564,0.0394,782,197,0.798774259448417,0.201225740551583,0.0033614987699665,-9.51478432249807e-05,0.0166820782775358,0.017653966359507,1,1
additive_bias,270,0,no_bias,0.96581903370423,0.96581903370423,0.965723885861005,-9.5147843224952e-05,0.1612,0.1612,0.2006,1,0,0.803589232303091,0.196410767696909,0,0.00227158639688243,0.000344488589030492,0.00139978892744987,-0.00496060916544616,0.0394,197,0,0.0394,0,197,0,1,0,-9.51478432249807e-05,-0.00241491987880662,0.00241491987880662,1,1
additive_bias,270,0.1,score_high_bias,0.96581903370423,0.95016571383289,0.965723885861005,0.0155581720281146,0.1612,0.5962,0.2006,0.270379067427038,0.729620932572962,0.803589232303091,0.196410767696909,0.01,0.00227158639688243,0.0120006927254138,0.00139978892744987,0.0950393908345538,0.3956,1978,0.3956,0,1978,0,1,0,0.0155581720281146,0,-0.0393280384937175,0.0393280384937175,1,1
additive_bias,270,0.25,score_high_bias,0.96581903370423,0.919765481001955,0.965723885861005,0.0459584048590496,0.1612,0.778,0.2006,0.20719794344473,0.79280205655527,0.803589232303091,0.196410767696909,0.0625,0.00227158639688243,0.0669849989299888,0.00139978892744987,0.245039390834554,0.5774,2887,0.5774,0,2887,0,1,0,0.0459584048590496,0,-0.0795954361950981,0.0795954361950981,1,1
additive_bias,270,0.5,score_high_bias,0.96581903370423,0.856213688638834,0.965723885861005,0.109510197222171,0.1612,0.952,0.2006,0.169327731092437,0.830672268907563,0.803589232303091,0.196410767696909,0.25,0.00227158639688243,0.258625509270947,0.00139978892744987,0.495039390834554,0.7514,3757,0.7514,0,3757,0,1,0,0.109510197222171,0,-0.14574154541146,0.14574154541146,1,1
additive_bias,271,-0.5,score_low_bias,0.965361119743392,0.961691343134067,0.965277850598418,0.0035865074643513,0.1634,0,0.202,,,0.808910891089109,0.191089108910891,0.25,0.0012113578864798,0.250210045711797,0.000692425442820906,-0.504554185938533,0.202,1010,0.1634,0.0386,817,193,0.808910891089109,0.191089108910891,0.00366977660932481,-8.32691449735322e-05,0.0177549874472836,0.0185794344272195,1,1
additive_bias,271,-0.25,score_low_bias,0.965361119743392,0.961691343134067,0.965277850598418,0.0035865074643513,0.1634,0,0.202,,,0.808910891089109,0.191089108910891,0.0625,0.0012113578864798,0.0627446989737917,0.000692425442820906,-0.254554185938533,0.202,1010,0.1634,0.0386,817,193,0.808910891089109,0.191089108910891,0.00366977660932481,-8.32691449735322e-05,0.0177549874472836,0.0185794344272195,1,1
additive_bias,271,-0.1,score_low_bias,0.965361119743392,0.962104248262381,0.965277850598418,0.0031736023360377,0.1634,0.0036,0.202,1,0,0.808910891089109,0.191089108910891,0.01,0.0012113578864798,0.0102654909309887,0.000692425442820906,-0.104554185938533,0.1984,992,0.1598,0.0386,799,193,0.805443548387097,0.194556451612903,0.00325687148101121,-8.32691449735322e-05,0.015995979516319,0.0168353862196812,1,1
additive_bias,271,0,no_bias,0.965361119743392,0.965361119743392,0.965277850598418,-8.32691449735856e-05,0.1634,0.1634,0.202,1,0,0.808910891089109,0.191089108910891,0,0.0012113578864798,0.000279352235786637,0.000692425442820906,-0.00455418593853307,0.0386,193,0,0.0386,0,193,0,1,0,-8.32691449735322e-05,-0.0021572317350656,0.0021572317350656,1,1
additive_bias,271,0.1,score_high_bias,0.965361119743392,0.949833048922403,0.965277850598418,0.0154448016760157,0.1634,0.5982,0.202,0.273152791708459,0.726847208291541,0.808910891089109,0.191089108910891,0.01,0.0012113578864798,0.0102932135405846,0.000692425442820906,0.0954458140614669,0.3962,1981,0.3962,0,1981,0,1,0,0.0154448016760157,0,-0.0389823363857034,0.0389823363857034,1,1
additive_bias,271,0.25,score_high_bias,0.965361119743392,0.919213513111952,0.965277850598418,0.0460643374864659,0.1634,0.7838,0.202,0.208471548864506,0.791528451135494,0.808910891089109,0.191089108910891,0.0625,0.0012113578864798,0.0628140054977815,0.000692425442820906,0.245445814061467,0.5818,2909,0.5818,0,2909,0,1,0,0.0460643374864659,0,-0.0791755542909349,0.0791755542909349,1,1
additive_bias,271,0.5,score_high_bias,0.965361119743392,0.85681808154355,0.965277850598418,0.108459769054869,0.1634,0.9546,0.202,0.171171171171171,0.828828828828829,0.808910891089109,0.191089108910891,0.25,0.0012113578864798,0.250348658759777,0.000692425442820906,0.495445814061467,0.7526,3763,0.7526,0,3763,0,1,0,0.108459769054869,0,-0.144113432174952,0.144113432174952,1,1
additive_bias,272,-0.5,score_low_bias,0.964702291392116,0.961005579607988,0.964356448297367,0.00335086868937895,0.1632,0,0.2354,,,0.693288020390824,0.306711979609176,0.25,0.00114238598652664,0.255738736577331,0.00134492969407071,-0.510205055960127,0.2354,1177,0.1632,0.0722,816,361,0.693288020390824,0.306711979609176,0.00369671178412847,-0.000345843094749482,0.0142347862760365,0.0171731303265843,1,1
additive_bias,272,-0.25,score_low_bias,0.964702291392116,0.961005579607988,0.964356448297367,0.00335086868937895,0.1632,0,0.2354,,,0.693288020390824,0.306711979609176,0.0625,0.00114238598652664,0.0659596233900587,0.00134492969407071,-0.260205055960127,0.2354,1177,0.1632,0.0722,816,361,0.693288020390824,0.306711979609176,0.00369671178412847,-0.000345843094749482,0.0142347862760365,0.0171731303265843,1,1
additive_bias,272,-0.1,score_low_bias,0.964702291392116,0.961358857406882,0.964356448297367,0.00299759089048457,0.1632,0.003,0.2354,1,0,0.693288020390824,0.306711979609176,0.01,0.00114238598652664,0.0120921554776952,0.00134492969407071,-0.110205055960127,0.2324,1162,0.1602,0.0722,801,361,0.689328743545611,0.310671256454389,0.0033434339852341,-0.000345843094749482,0.0128984117490732,0.0158746862305662,1,1
additive_bias,272,0,no_bias,0.964702291392116,0.964702291392116,0.964356448297367,-0.000345843094749498,0.1632,0.1632,0.2354,1,0,0.693288020390824,0.306711979609176,0,0.00114238598652664,0.00118051020278612,0.00134492969407071,-0.0102050559601272,0.0722,361,0,0.0722,0,361,0,1,0,-0.000345843094749482,-0.00479007056439726,0.00479007056439726,1,1
additive_bias,272,0.1,score_high_bias,0.964702291392116,0.948613180172237,0.964356448297367,0.0157432681251294,0.1632,0.5974,0.2354,0.273183796451289,0.726816203548711,0.693288020390824,0.306711979609176,0.01,0.00114238598652664,0.0102688649278771,0.00134492969407071,0.0897949440398728,0.362,1810,0.362,0,1810,0,1,0,0.0157432681251293,0,-0.043489690953396,0.043489690953396,1,1
additive_bias,272,0.25,score_high_bias,0.964702291392116,0.917884628833627,0.964356448297367,0.0464718194637396,0.1632,0.7838,0.2354,0.208216381730033,0.791783618269967,0.693288020390824,0.306711979609176,0.0625,0.00114238598652664,0.0614013970155135,0.00134492969407071,0.239794944039873,0.5484,2742,0.5484,0,2742,0,1,0,0.0464718194637395,0,-0.0847407357106848,0.0847407357106848,1,1
additive_bias,272,0.5,score_high_bias,0.964702291392116,0.856707396252003,0.964356448297367,0.107649052045364,0.1632,0.9532,0.2354,0.171212757028955,0.828787242971045,0.693288020390824,0.306711979609176,0.25,0.00114238598652664,0.246622283828241,0.00134492969407071,0.489794944039873,0.7178,3589,0.7178,0,3589,0,1,0,0.107649052045364,0,-0.149970816446592,0.149970816446592,1,1
additive_bias,273,-0.5,score_low_bias,0.964655112547172,0.961270402750385,0.963921439710646,0.00265103696026126,0.1538,0,0.2596,,,0.592449922958398,0.407550077041602,0.25,0.000969938923716192,0.248220003347576,0.00200952209812339,-0.514039793239284,0.2596,1298,0.1538,0.1058,769,529,0.592449922958398,0.407550077041602,0.0033847097967868,-0.000733672836525553,0.0102120067806673,0.0158643398817887,1,1
additive_bias,273,-0.25,score_low_bias,0.964655112547172,0.961270402750385,0.963921439710646,0.00265103696026126,0.1538,0,0.2596,,,0.592449922958398,0.407550077041602,0.0625,0.000969938923716192,0.06211725437965,0.00200952209812339,-0.264039793239284,0.2596,1298,0.1538,0.1058,769,529,0.592449922958398,0.407550077041602,0.0033847097967868,-0.000733672836525553,0.0102120067806673,0.0158643398817887,1,1
additive_bias,273,-0.1,score_low_bias,0.964655112547172,0.961530991138637,0.963921439710646,0.00239044857200954,0.1538,0.002,0.2596,1,0,0.592449922958398,0.407550077041602,0.01,0.000969938923716192,0.0104556049988942,0.00200952209812339,-0.114039793239284,0.2576,1288,0.1518,0.1058,759,529,0.589285714285714,0.410714285714286,0.00312412140853513,-0.000733672836525553,0.00927969166152785,0.0149759093364157,1,1
additive_bias,273,0,no_bias,0.964655112547172,0.964655112547172,0.963921439710646,-0.00073367283652559,0.1538,0.1538,0.2596,1,0,0.592449922958398,0.407550077041602,0,0.000969938923716192,0.00101450541172366,0.00200952209812339,-0.0140397932392843,0.1058,529,0,0.1058,0,529,0,1,0,-0.000733672836525553,-0.00693452586508084,0.00693452586508084,1,1
additive_bias,273,0.1,score_high_bias,0.964655112547172,0.94878161657392,0.963921439710646,0.0151398231367259,0.1538,0.5904,0.2596,0.26050135501355,0.73949864498645,0.592449922958398,0.407550077041602,0.01,0.000969938923716192,0.0115734058245531,0.00200952209812339,0.0859602067607157,0.3308,1654,0.3308,0,1654,0,1,0,0.0151398231367259,0,-0.0457673008969948,0.0457673008969948,1,1
additive_bias,273,0.25,score_high_bias,0.964655112547172,0.91715031666851,0.963921439710646,0.0467711230421364,0.1538,0.7814,0.2596,0.196826209367801,0.803173790632199,0.592449922958398,0.407550077041602,0.0625,0.000969938923716192,0.0649117564437974,0.00200952209812339,0.235960206760716,0.5218,2609,0.5218,0,2609,0,1,0,0.0467711230421364,0,-0.0896341951746576,0.0896341951746576,1,1
additive_bias,273,0.5,score_high_bias,0.964655112547172,0.856446978276917,0.963921439710646,0.10747446143373,0.1538,0.9488,0.2596,0.162099494097808,0.837900505902192,0.592449922958398,0.407550077041602,0.25,0.000969938923716192,0.253809007475871,0.00200952209812339,0.485960206760716,0.6892,3446,0.6892,0,3446,0,1,0,0.10747446143373,0,-0.155940890066352,0.155940890066352,1,1
additive_bias,274,-0.5,score_low_bias,0.965100885142281,0.961788848885299,0.965098134222553,0.0033092853372535,0.1546,0,0.1474,,,1,0,0.25,0.00193621556485378,0.242370196420542,0.000938209464827745,-0.499258211542664,0.1474,737,0.1474,0,737,0,1,0,0.00330928533725346,0,0.0224510538483952,0.0224510538483952,1,1
additive_bias,274,-0.25,score_low_bias,0.965100885142281,0.961788848885299,0.965098134222553,0.0033092853372535,0.1546,0,0.1474,,,1,0,0.0625,0.00193621556485378,0.0589566665964944,0.000938209464827745,-0.249258211542664,0.1474,737,0.1474,0,737,0,1,0,0.00330928533725346,0,0.0224510538483952,0.0224510538483952,1,1
additive_bias,274,-0.1,score_low_bias,0.965100885142281,0.962128497393282,0.965098134222553,0.00296963682927121,0.1546,0.003,0.1474,1,0,1,0,0.01,0.00193621556485378,0.00890854870206594,0.000938209464827745,-0.0992582115426644,0.1444,722,0.1444,0,722,0,1,0,0.00296963682927115,0,0.0205653520032628,0.0205653520032628,1,1
additive_bias,274,0,no_bias,0.965100885142281,0.965100885142281,0.965098134222553,-2.75091972801178e-06,0.1546,0.1546,0.1474,1,0,1,0,0,0.00193621556485378,0.000543136772446947,0.000938209464827745,0.000741788457335635,0.0072,36,0,0.0072,0,36,0,1,0,-2.75091972808306e-06,0.00038207218445598,0.00038207218445598,1,1
additive_bias,274,0.1,score_high_bias,0.965100885142281,0.948515348598234,0.965098134222553,0.0165827856243194,0.1546,0.6036,0.1474,0.256129887342611,0.743870112657389,1,0,0.01,0.00193621556485378,0.012177724842828,0.000938209464827745,0.100741788457336,0.4562,2281,0.449,0.0072,2245,36,0.984217448487506,0.0157825515124945,0.0165855365440474,-2.75091972808306e-06,-0.0363498150467324,0.0363618751945978,1,1
additive_bias,274,0.25,score_high_bias,0.965100885142281,0.917335049122695,0.965098134222553,0.0477630850998583,0.1546,0.791,0.1474,0.195448798988622,0.804551201011378,1,0,0.0625,0.00193621556485378,0.0671296069483995,0.000938209464827745,0.250741788457336,0.6436,3218,0.6364,0.0072,3182,36,0.988812927284027,0.0111870727159727,0.0477658360195864,-2.75091972808306e-06,-0.0742123758543478,0.0742209243929684,1,1
additive_bias,274,0.5,score_high_bias,0.965100885142281,0.857176042182028,0.965098134222553,0.107922092040525,0.1546,0.9576,0.1474,0.161445279866333,0.838554720133667,1,0,0.25,0.00193621556485378,0.258716077124352,0.000938209464827745,0.500741788457336,0.8102,4051,0.803,0.0072,4015,36,0.991113305356702,0.00888669464329795,0.107924842960253,-2.75091972808306e-06,-0.133204260726394,0.133211051444064,1,1
additive_bias,275,-0.5,score_low_bias,0.965143695984411,0.961643068503759,0.963776608123102,0.00213353961934371,0.1564,0,0.0366,,,1,0,0.25,0.0016100998572297,0.261690125879438,0.00143451142760877,-0.467082173301319,0.0366,183,0.0366,0,183,0,1,0,0.00213353961934375,0,0.0582934322225067,0.0582934322225067,1,1
additive_bias,275,-0.25,score_low_bias,0.965143695984411,0.961643068503759,0.963776608123102,0.00213353961934371,0.1564,0,0.0366,,,1,0,0.0625,0.0016100998572297,0.069054962489377,0.00143451142760877,-0.217082173301319,0.0366,183,0.0366,0,183,0,1,0,0.00213353961934375,0,0.0582934322225067,0.0582934322225067,1,1
additive_bias,275,-0.1,score_low_bias,0.965143695984411,0.962014411144707,0.963776608123102,0.00176219697839564,0.1564,0.003,0.0366,1,0,1,0,0.01,0.0016100998572297,0.0134738644553406,0.00143451142760877,-0.0670821733013191,0.0336,168,0.0336,0,168,0,1,0,0.00176219697839564,0,0.0524463386427273,0.0524463386427273,1,1
additive_bias,275,0,no_bias,0.965143695984411,0.965143695984411,0.963776608123102,-0.00136708786130835,0.1564,0.1564,0.0366,1,0,1,0,0,0.0016100998572297,0.00141979909931629,0.00143451142760877,0.0329178266986809,0.1198,599,0,0.1198,0,599,0,1,0,-0.00136708786130837,0.0114114178740264,0.0114114178740264,1,1
additive_bias,275,0.1,score_high_bias,0.965143695984411,0.94915485144098,0.963776608123102,0.0146217566821222,0.1564,0.5938,0.0366,0.263388346244527,0.736611653755473,1,0,0.01,0.0016100998572297,0.00936573374329201,0.00143451142760877,0.132917826698681,0.5572,2786,0.4374,0.1198,2187,599,0.784996410624551,0.215003589375449,0.0159888445434306,-0.00136708786130837,-0.0262414872256321,0.0311484788311898,1,1
additive_bias,275,0.25,score_high_bias,0.965143695984411,0.918271156985937,0.963776608123102,0.0455054511371654,0.1564,0.7814,0.0366,0.200153570514461,0.799846429485539,1,0,0.0625,0.0016100998572297,0.0587846357092556,0.00143451142760877,0.282917826698681,0.7448,3724,0.625,0.1198,3125,599,0.839151450053706,0.160848549946294,0.0468725389984738,-0.00136708786130837,-0.0610975444913606,0.0647685645270974,1,1
additive_bias,275,0.5,score_high_bias,0.965143695984411,0.85760353337435,0.963776608123102,0.106173074748752,0.1564,0.9498,0.0366,0.164666245525374,0.835333754474626,1,0,0.25,0.0016100998572297,0.241149472319195,0.00143451142760877,0.532917826698681,0.9132,4566,0.7934,0.1198,3967,599,0.868812965396408,0.131187034603592,0.107540162610061,-0.00136708786130837,-0.116264865033676,0.119258925176707,1,1
additive_bias,276,-0.5,score_low_bias,0.965392475468502,0.96168640499255,0.965064996231039,0.00337859123848938,0.1614,0,0.0932,,,1,0,0.25,0.00259054080351527,0.235477647135992,0.00153522662686017,-0.488507317449074,0.0932,466,0.0932,0,466,0,1,0,0.00337859123848943,0,0.0362509789537493,0.0362509789537493,1,1
additive_bias,276,-0.25,score_low_bias,0.965392475468502,0.96168640499255,0.965064996231039,0.00337859123848938,0.1614,0,0.0932,,,1,0,0.0625,0.00259054080351527,0.0555909434721177,0.00153522662686017,-0.238507317449074,0.0932,466,0.0932,0,466,0,1,0,0.00337859123848943,0,0.0362509789537493,0.0362509789537493,1,1
additive_bias,276,-0.1,score_low_bias,0.965392475468502,0.96217177369945,0.965064996231039,0.00289322253158941,0.1614,0.004,0.0932,1,0,1,0,0.01,0.00259054080351527,0.00765892127379299,0.00153522662686017,-0.0885073174490738,0.0892,446,0.0892,0,446,0,1,0,0.00289322253158948,0,0.0324352301747699,0.0324352301747699,1,1
additive_bias,276,0,no_bias,0.965392475468502,0.965392475468502,0.965064996231039,-0.000327479237463124,0.1614,0.1614,0.0932,1,0,1,0,0,0.00259054080351527,0.000704239808243204,0.00153522662686017,0.0114926825509262,0.0682,341,0,0.0682,0,341,0,1,0,-0.000327479237463048,0.00480174834989806,0.00480174834989806,1,1
additive_bias,276,0.1,score_high_bias,0.965392475468502,0.950421501610099,0.965064996231039,0.0146434946209398,0.1614,0.585,0.0932,0.275897435897436,0.724102564102564,1,0,0.01,0.00259054080351527,0.0137495583426934,0.00153522662686017,0.111492682550926,0.4918,2459,0.4236,0.0682,2118,341,0.861325742171615,0.138674257828386,0.0149709738584029,-0.000327479237463048,-0.0297753042312725,0.0311070620086741,1,1
additive_bias,276,0.25,score_high_bias,0.965392475468502,0.917381815080854,0.965064996231039,0.0476831811501853,0.1614,0.7844,0.0932,0.205762366139725,0.794237633860275,1,0,0.0625,0.00259054080351527,0.0708175361443688,0.00153522662686017,0.261492682550926,0.6912,3456,0.623,0.0682,3115,341,0.901331018518519,0.0986689814814815,0.0480106603876484,-0.000327479237463048,-0.0689860838399673,0.0699336510779969,1,1
additive_bias,276,0.5,score_high_bias,0.965392475468502,0.853155148078427,0.965064996231039,0.111909848152612,0.1614,0.9576,0.0932,0.168546365914787,0.831453634085213,1,0,0.25,0.00259054080351527,0.265930832480494,0.00153522662686017,0.511492682550926,0.8644,4322,0.7962,0.0682,3981,341,0.92110134197131,0.0788986580286904,0.112237327390075,-0.000327479237463048,-0.129465349551842,0.130223052553838,1,1
additive_bias,277,-0.5,score_low_bias,0.963890245686175,0.960399760556709,0.963333216956586,0.00293345639987686,0.1594,0,0.074,,,1,0,0.25,0.00181575114620257,0.245796140840073,0.00153051564201454,-0.484176448862648,0.074,370,0.074,0,370,0,1,0,0.00293345639987689,0,0.039641302701039,0.039641302701039,1,1
additive_bias,277,-0.25,score_low_bias,0.963890245686175,0.960399760556709,0.963333216956586,0.00293345639987686,0.1594,0,0.074,,,1,0,0.0625,0.00181575114620257,0.0605131604678911,0.00153051564201454,-0.234176448862648,0.074,370,0.074,0,370,0,1,0,0.00293345639987689,0,0.039641302701039,0.039641302701039,1,1
additive_bias,277,-0.1,score_low_bias,0.963890245686175,0.960704476430275,0.963333216956586,0.00262874052631068,0.1594,0.0026,0.074,1,0,1,0,0.01,0.00181575114620257,0.00934337224458229,0.00153051564201454,-0.0841764488626479,0.0714,357,0.0714,0,357,0,1,0,0.0026287405263107,0,0.0368170942060322,0.0368170942060322,1,1
additive_bias,277,0,no_bias,0.963890245686175,0.963890245686175,0.963333216956586,-0.000557028729589515,0.1594,0.1594,0.074,1,0,1,0,0,0.00181575114620257,0.000230180095709735,0.00153051564201454,0.0158235511373521,0.0854,427,0,0.0854,0,427,0,1,0,-0.000557028729589425,0.00652258465561388,0.00652258465561388,1,1
additive_bias,277,0.1,score_high_bias,0.963890245686175,0.947443687000921,0.963333216956586,0.015889529955665,0.1594,0.5976,0.074,0.26673360107095,0.73326639892905,1,0,0.01,0.00181575114620257,0.0111169879468372,0.00153051564201454,0.115823551137352,0.5236,2618,0.4382,0.0854,2191,427,0.836898395721925,0.163101604278075,0.0164465586852544,-0.000557028729589425,-0.0303466958664342,0.0324743839091746,1,1
additive_bias,277,0.25,score_high_bias,0.963890245686175,0.915655805979265,0.963333216956586,0.0476774109773208,0.1594,0.7884,0.074,0.202181633688483,0.797818366311517,1,0,0.0625,0.00181575114620257,0.0649471997235284,0.00153051564201454,0.265823551137352,0.7144,3572,0.629,0.0854,3145,427,0.880459126539754,0.119540873460246,0.0482344397069103,-0.000557028729589425,-0.0667376973366753,0.0682971282705763,1,1
additive_bias,277,0.5,score_high_bias,0.963890245686175,0.85588471954576,0.963333216956586,0.107448497410826,0.1594,0.9534,0.074,0.167191105517097,0.832808894482903,1,0,0.25,0.00181575114620257,0.254664219351347,0.00153051564201454,0.515823551137352,0.8794,4397,0.794,0.0854,3970,427,0.902888332954287,0.097111667045713,0.108005526140415,-0.000557028729589425,-0.122183872425319,0.123450710564026,1,1
additive_bias,278,-0.5,score_low_bias,0.964386301881805,0.960653702635737,0.964369711160277,0.00371600852454002,0.1594,0,0.1428,,,1,0,0.25,0.00121088648274746,0.254353786661963,0.00284146950230984,-0.49787604957628,0.1428,714,0.1428,0,714,0,1,0,0.00371600852453999,0,0.0260224686592436,0.0260224686592436,1,1
additive_bias,278,-0.25,score_low_bias,0.964386301881805,0.960653702635737,0.964369711160277,0.00371600852454002,0.1594,0,0.1428,,,1,0,0.0625,0.00121088648274746,0.065369856867619,0.00284146950230984,-0.24787604957628,0.1428,714,0.1428,0,714,0,1,0,0.00371600852453999,0,0.0260224686592436,0.0260224686592436,1,1
additive_bias,278,-0.1,score_low_bias,0.964386301881805,0.961118178032703,0.964369711160277,0.00325153312757365,0.1594,0.0038,0.1428,1,0,1,0,0.01,0.00121088648274746,0.0119794989910124,0.00284146950230984,-0.0978760495762802,0.139,695,0.139,0,695,0,1,0,0.00325153312757361,0,0.023392324658803,0.023392324658803,1,1
additive_bias,278,0,no_bias,0.964386301881805,0.964386301881805,0.964369711160277,-1.65907215284866e-05,0.1594,0.1594,0.1428,1,0,1,0,0,0.00121088648274746,0.00138592707327465,0.00284146950230984,0.00212395042371982,0.0166,83,0,0.0166,0,83,0,1,0,-1.65907215285271e-05,0.00099944105593537,0.00099944105593537,1,1
additive_bias,278,0.1,score_high_bias,0.964386301881805,0.948798818379279,0.964369711160277,0.0155708927809983,0.1594,0.5952,0.1428,0.267809139784946,0.732190860215054,1,0,0.01,0.00121088648274746,0.0107923551555369,0.00284146950230984,0.10212395042372,0.4524,2262,0.4358,0.0166,2179,83,0.963306808134394,0.0366931918656057,0.0155874835025268,-1.65907215285271e-05,-0.0344184190561413,0.0344917644209889,1,1
additive_bias,278,0.25,score_high_bias,0.964386301881805,0.917232991296915,0.964369711160277,0.0471367198633614,0.1594,0.7858,0.1428,0.202850598116569,0.797149401883431,1,0,0.0625,0.00121088648274746,0.0624019972789304,0.00284146950230984,0.25212395042372,0.643,3215,0.6264,0.0166,3132,83,0.974183514774495,0.0258164852255054,0.0471533105848899,-1.65907215285271e-05,-0.0733074958994734,0.073359100009982,1,1
additive_bias,278,0.5,score_high_bias,0.964386301881805,0.856921020459491,0.964369711160277,0.107448690700786,0.1594,0.9522,0.1428,0.167401806343205,0.832598193656795,1,0,0.25,0.00121088648274746,0.248418067484586,0.00284146950230984,0.50212395042372,0.8094,4047,0.7928,0.0166,3964,83,0.979490980973561,0.0205090190264393,0.107465281422314,-1.65907215285271e-05,-0.132751038671591,0.132792033782855,1,1
additive_bias,279,-0.5,score_low_bias,0.965109846793529,0.961333649484996,0.965102475383793,0.00376882589879723,0.1626,0,0.1512,,,1,0,0.25,0.00119685683607264,0.258300049118246,0.00170017243070124,-0.498662140051474,0.1512,756,0.1512,0,756,0,1,0,0.00376882589879724,0,0.0249260972142675,0.0249260972142675,1,1
additive_bias,279,-0.25,score_low_bias,0.965109846793529,0.961333649484996,0.965102475383793,0.00376882589879723,0.1626,0,0.1512,,,1,0,0.0625,0.00119685683607264,0.0669438870731656,0.00170017243070124,-0.248662140051474,0.1512,756,0.1512,0,756,0,1,0,0.00376882589879724,0,0.0249260972142675,0.0249260972142675,1,1
additive_bias,279,-0.1,score_low_bias,0.965109846793529,0.961792166761074,0.965102475383793,0.00331030862271919,0.1626,0.0038,0.1512,1,0,1,0,0.01,0.00119685683607264,0.0121301898461175,0.00170017243070124,-0.0986621400514737,0.1474,737,0.1474,0,737,0,1,0,0.0033103086227192,0,0.0224579960835767,0.0224579960835767,1,1
additive_bias,279,0,no_bias,0.965109846793529,0.965109846793529,0.965102475383793,-7.37140973583461e-06,0.1626,0.1626,0.1512,1,0,1,0,0,0.00119685683607264,0.000587725028085363,0.00170017243070124,0.00133785994852631,0.0114,57,0,0.0114,0,57,0,1,0,-7.37140973593009e-06,0.000646614889116675,0.000646614889116675,1,1
additive_bias,279,0.1,score_high_bias,0.965109846793529,0.948859198758162,0.965102475383793,0.0162432766256313,0.1626,0.6136,0.1512,0.264993481095176,0.735006518904824,1,0,0.01,0.00119685683607264,0.00904526021005328,0.00170017243070124,0.101337859948526,0.4624,2312,0.451,0.0114,2255,57,0.975346020761246,0.0246539792387543,0.0162506480353672,-7.37140973593009e-06,-0.0351281933945313,0.0351600766546348,1,1
additive_bias,279,0.25,score_high_bias,0.965109846793529,0.918198414258353,0.965102475383793,0.0469040611254407,0.1626,0.7974,0.1512,0.203912716328066,0.796087283671934,1,0,0.0625,0.00119685683607264,0.0592315629830051,0.00170017243070124,0.251337859948526,0.6462,3231,0.6348,0.0114,3174,57,0.982358402971216,0.0176415970287837,0.0469114325351766,-7.37140973593009e-06,-0.0725844338060053,0.0726072484446186,1,1
additive_bias,279,0.5,score_high_bias,0.965109846793529,0.860537893932033,0.965102475383793,0.10456458145176,0.1626,0.9572,0.1512,0.169870455495194,0.830129544504806,1,0,0.25,0.00119685683607264,0.242875400937925,0.00170017243070124,0.501337859948526,0.806,4030,0.7946,0.0114,3973,57,0.985856079404467,0.0141439205955335,0.104571952861496,-7.37140973593009e-06,-0.129732731329728,0.129751022669023,1,1
additive_bias,280,-0.5,score_low_bias,0.965184891751997,0.961383050248256,0.964677541740731,0.00329449149247474,0.1684,0,0.2556,,,0.658841940532081,0.341158059467919,0.25,0.000608917510207169,0.253126371157808,0.00188141089431732,-0.51187111298767,0.2556,1278,0.1684,0.0872,842,436,0.658841940532081,0.341158059467919,0.00380184150374035,-0.000507350011265573,0.0128892468406682,0.0168591217332,1,1
additive_bias,280,-0.25,score_low_bias,0.965184891751997,0.961383050248256,0.964677541740731,0.00329449149247474,0.1684,0,0.2556,,,0.658841940532081,0.341158059467919,0.0625,0.000608917510207169,0.0643484154778323,0.00188141089431732,-0.26187111298767,0.2556,1278,0.1684,0.0872,842,436,0.658841940532081,0.341158059467919,0.00380184150374035,-0.000507350011265573,0.0128892468406682,0.0168591217332,1,1
additive_bias,280,-0.1,score_low_bias,0.965184891751997,0.961735202815394,0.964677541740731,0.0029423389253368,0.1684,0.003,0.2556,1,0,0.658841940532081,0.341158059467919,0.01,0.000608917510207169,0.0110816420698471,0.00188141089431732,-0.11187111298767,0.2526,1263,0.1654,0.0872,827,436,0.654790182106097,0.345209817893903,0.00344968893660234,-0.000507350011265573,0.0116482142729088,0.0156652373233092,1,1
additive_bias,280,0,no_bias,0.965184891751997,0.965184891751997,0.964677541740731,-0.000507350011265562,0.1684,0.1684,0.2556,1,0,0.658841940532081,0.341158059467919,0,0.000608917510207169,0.000570459797856949,0.00188141089431732,-0.0118711129876702,0.0872,436,0,0.0872,0,436,0,1,0,-0.000507350011265573,-0.00581823407414648,0.00581823407414648,1,1
additive_bias,280,0.1,score_high_bias,0.965184891751997,0.949849051877777,0.964677541740731,0.0148284898629544,0.1684,0.5902,0.2556,0.285327007793968,0.714672992206032,0.658841940532081,0.341158059467919,0.01,0.000608917510207169,0.0100592775258668,0.00188141089431732,0.0881288870123298,0.3346,1673,0.3346,0,1673,0,1,0,0.0148284898629544,0,-0.0443170647428403,0.0443170647428403,1,1
additive_bias,280,0.25,score_high_bias,0.965184891751997,0.915724393609422,0.964677541740731,0.0489531481313089,0.1684,0.795,0.2556,0.211823899371069,0.788176100628931,0.658841940532081,0.341158059467919,0.0625,0.000608917510207169,0.0617925041178816,0.00188141089431732,0.23812888701233,0.5394,2697,0.5394,0,2697,0,1,0,0.0489531481313089,0,-0.0907548167061714,0.0907548167061714,1,1
additive_bias,280,0.5,score_high_bias,0.965184891751997,0.858868879084507,0.964677541740731,0.105808662656224,0.1684,0.9518,0.2556,0.176927926034881,0.823072073965119,0.658841940532081,0.341158059467919,0.25,0.000608917510207169,0.248014548437906,0.00188141089431732,0.48812888701233,0.6962,3481,0.6962,0,3481,0,1,0,0.105808662656224,0,-0.151980268107188,0.151980268107188,1,1
additive_bias,281,-0.5,score_low_bias,0.96557415936803,0.96204386098513,0.965459114468672,0.00341525348354221,0.1594,0,0.1176,,,1,0,0.25,0.00126342645261957,0.254883324972099,0.0023595416503884,-0.494181111978831,0.1176,588,0.1176,0,588,0,1,0,0.00341525348354223,0,0.0290412711185564,0.0290412711185564,1,1
additive_bias,281,-0.25,score_low_bias,0.96557415936803,0.96204386098513,0.965459114468672,0.00341525348354221,0.1594,0,0.1176,,,1,0,0.0625,0.00126342645261957,0.065387197520623,0.0023595416503884,-0.244181111978831,0.1176,588,0.1176,0,588,0,1,0,0.00341525348354223,0,0.0290412711185564,0.0290412711185564,1,1
additive_bias,281,-0.1,score_low_bias,0.96557415936803,0.962384572190544,0.965459114468672,0.00307454227812776,0.1594,0.0028,0.1176,1,0,1,0,0.01,0.00126342645261957,0.0116895210497371,0.0023595416503884,-0.0941811119788311,0.1148,574,0.1148,0,574,0,1,0,0.00307454227812775,0,0.0267817271613916,0.0267817271613916,1,1
additive_bias,281,0,no_bias,0.96557415936803,0.96557415936803,0.965459114468672,-0.000115044899358319,0.1594,0.1594,0.1176,1,0,1,0,0,0.00126342645261957,0.000891070069146524,0.0023595416503884,0.00581888802116892,0.0418,209,0,0.0418,0,209,0,1,0,-0.000115044899358323,0.0027522703195771,0.0027522703195771,1,1
additive_bias,281,0.1,score_high_bias,0.96557415936803,0.94912128037317,0.965459114468672,0.0163378340955025,0.1594,0.6048,0.1176,0.263558201058201,0.736441798941799,1,0,0.01,0.00126342645261957,0.0100926190885559,0.0023595416503884,0.105818888021169,0.4872,2436,0.4454,0.0418,2227,209,0.914203612479475,0.0857963875205255,0.0164528789948608,-0.000115044899358323,-0.0335341422321479,0.0340064119339473,1,1
additive_bias,281,0.25,score_high_bias,0.96557415936803,0.917086246621946,0.965459114468672,0.0483728678467259,0.1594,0.798,0.1176,0.199749373433584,0.800250626566416,1,0,0.0625,0.00126342645261957,0.0613949426176701,0.0023595416503884,0.255818888021169,0.6804,3402,0.6386,0.0418,3193,209,0.938565549676661,0.0614344503233392,0.0484879127460843,-0.000115044899358323,-0.0710947499217019,0.0714329183501508,1,1
additive_bias,281,0.5,score_high_bias,0.96557415936803,0.859750165012695,0.965459114468672,0.105708949455977,0.1594,0.9568,0.1176,0.166596989966555,0.833403010033445,1,0,0.25,0.00126342645261957,0.246898815166194,0.0023595416503884,0.505818888021169,0.8392,4196,0.7974,0.0418,3987,209,0.950190657769304,0.0498093422306959,0.105823994355336,-0.000115044899358323,-0.125963953117228,0.126238130665746,1,1
additive_bias,282,-0.5,score_low_bias,0.964233430230904,0.960671821727446,0.96412614152937,0.00345431980192423,0.1616,0,0.2008,,,0.804780876494024,0.195219123505976,0.25,0.00117659411498791,0.247170566259797,0.00104155474123321,-0.505600241358471,0.2008,1004,0.1616,0.0392,808,196,0.804780876494024,0.195219123505976,0.00356160850345795,-0.000107288701533707,0.0172027878581884,0.0182714004232652,1,1
additive_bias,282,-0.25,score_low_bias,0.964233430230904,0.960671821727446,0.96412614152937,0.00345431980192423,0.1616,0,0.2008,,,0.804780876494024,0.195219123505976,0.0625,0.00117659411498791,0.0613298459019867,0.00104155474123321,-0.255600241358471,0.2008,1004,0.1616,0.0392,808,196,0.804780876494024,0.195219123505976,0.00356160850345795,-0.000107288701533707,0.0172027878581884,0.0182714004232652,1,1
additive_bias,282,-0.1,score_low_bias,0.964233430230904,0.961085224275324,0.96412614152937,0.00304091725404587,0.1616,0.0036,0.2008,1,0,0.804780876494024,0.195219123505976,0.01,0.00117659411498791,0.00982541368730056,0.00104155474123321,-0.105600241358471,0.1972,986,0.158,0.0392,790,196,0.801217038539554,0.198782961460446,0.00314820595557962,-0.000107288701533707,0.0154204728906993,0.0165085935959093,1,1
additive_bias,282,0,no_bias,0.964233430230904,0.964233430230904,0.96412614152937,-0.000107288701533759,0.1616,0.1616,0.2008,1,0,0.804780876494024,0.195219123505976,0,0.00117659411498791,0.000489125544176485,0.00104155474123321,-0.00560024135847126,0.0392,196,0,0.0392,0,196,0,1,0,-0.000107288701533707,-0.00273695667177824,0.00273695667177824,1,1
additive_bias,282,0.1,score_high_bias,0.964233430230904,0.947977956681487,0.96412614152937,0.0161481848478834,0.1616,0.5972,0.2008,0.270596115204287,0.729403884795713,0.804780876494024,0.195219123505976,0.01,0.00117659411498791,0.0111528374010524,0.00104155474123321,0.0943997586415287,0.3964,1982,0.3964,0,1982,0,1,0,0.0161481848478834,0,-0.0407370959835606,0.0407370959835606,1,1
additive_bias,282,0.25,score_high_bias,0.964233430230904,0.917196529443555,0.96412614152937,0.0469296120858155,0.1616,0.7826,0.2008,0.206491183235369,0.793508816764631,0.804780876494024,0.195219123505976,0.0625,0.00117659411498791,0.0646484051863663,0.00104155474123321,0.244399758641529,0.5818,2909,0.5818,0,2909,0,1,0,0.0469296120858155,0,-0.0806627914847293,0.0806627914847293,1,1
additive_bias,282,0.5,score_high_bias,0.964233430230904,0.855667193063589,0.96412614152937,0.108458948465781,0.1616,0.9516,0.2008,0.169819251786465,0.830180748213535,0.804780876494024,0.195219123505976,0.25,0.00117659411498791,0.253807684828556,0.00104155474123321,0.494399758641529,0.7508,3754,0.7508,0,3754,0,1,0,0.108458948465781,0,-0.144457842921925,0.144457842921925,1,1
additive_bias,283,-0.5,score_low_bias,0.966079385279942,0.962187056697134,0.965969467043503,0.00378241034636861,0.1606,0,0.2046,,,0.78494623655914,0.21505376344086,0.25,0.00315419769834716,0.257771013709757,0.00245654678038997,-0.504918622241233,0.2046,1023,0.1606,0.044,803,220,0.78494623655914,0.21505376344086,0.00389232858280784,-0.000109918236439257,0.018486854087823,0.0195613236522341,1,1
additive_bias,283,-0.25,score_low_bias,0.966079385279942,0.962187056697134,0.965969467043503,0.00378241034636861,0.1606,0,0.2046,,,0.78494623655914,0.21505376344086,0.0625,0.00315419769834716,0.0666200935968842,0.00245654678038997,-0.254918622241233,0.2046,1023,0.1606,0.044,803,220,0.78494623655914,0.21505376344086,0.00389232858280784,-0.000109918236439257,0.018486854087823,0.0195613236522341,1,1
additive_bias,283,-0.1,score_low_bias,0.966079385279942,0.962534052975412,0.965969467043503,0.00343541406809089,0.1606,0.003,0.2046,1,0,0.78494623655914,0.21505376344086,0.01,0.00315419769834716,0.0119295415291607,0.00245654678038997,-0.104918622241233,0.2016,1008,0.1576,0.044,788,220,0.781746031746032,0.218253968253968,0.00354533230453013,-0.000109918236439257,0.0170407443853714,0.0181312030802053,1,1
additive_bias,283,0,no_bias,0.966079385279942,0.966079385279942,0.965969467043503,-0.000109918236439244,0.1606,0.1606,0.2046,1,0,0.78494623655914,0.21505376344086,0,0.00315419769834716,0.000469173484011758,0.00245654678038997,-0.0049186222412333,0.044,220,0,0.044,0,220,0,1,0,-0.000109918236439257,-0.00249814173725585,0.00249814173725585,1,1
additive_bias,283,0.1,score_high_bias,0.966079385279942,0.950667476003659,0.965969467043503,0.0153019910398442,0.1606,0.5962,0.2046,0.269372693726937,0.730627306273063,0.78494623655914,0.21505376344086,0.01,0.00315419769834716,0.00900880543886277,0.00245654678038997,0.0950813777587667,0.3916,1958,0.3916,0,1958,0,1,0,0.0153019910398442,0,-0.0390755644531262,0.0390755644531262,1,1
additive_bias,283,0.25,score_high_bias,0.966079385279942,0.920211204892581,0.965969467043503,0.0457582621509214,0.1606,0.7814,0.2046,0.205528538520604,0.794471461479396,0.78494623655914,0.21505376344086,0.0625,0.00315419769834716,0.0593182533711393,0.00245654678038997,0.245081377758767,0.5768,2884,0.5768,0,2884,0,1,0,0.0457582621509214,0,-0.0793312450605434,0.0793312450605434,1,1
additive_bias,283,0.5,score_high_bias,0.966079385279942,0.857910442071596,0.965969467043503,0.108059024971907,0.1606,0.9552,0.2046,0.168132328308208,0.831867671691792,0.78494623655914,0.21505376344086,0.25,0.00315419769834716,0.243167333258267,0.00245654678038997,0.495081377758767,0.7506,3753,0.7506,0,3753,0,1,0,0.108059024971907,0,-0.143963529139232,0.143963529139232,1,1
additive_bias,284,-0.5,score_low_bias,0.965206546744181,0.961848436900643,0.965186552059645,0.0033381151590024,0.1522,0,0.1706,,,0.892145369284877,0.107854630715123,0.25,0.00100660478076086,0.264054857569724,0.000594041144072506,-0.502186382666383,0.1706,853,0.1522,0.0184,761,92,0.892145369284877,0.107854630715123,0.00335810984353863,-1.99946845362217e-05,0.0195669118347152,0.0198013161082934,1,1
additive_bias,284,-0.25,score_low_bias,0.965206546744181,0.961848436900643,0.965186552059645,0.0033381151590024,0.1522,0,0.1706,,,0.892145369284877,0.107854630715123,0.0625,0.00100660478076086,0.0697247600104947,0.000594041144072506,-0.252186382666383,0.1706,853,0.1522,0.0184,761,92,0.892145369284877,0.107854630715123,0.00335810984353863,-1.99946845362217e-05,0.0195669118347152,0.0198013161082934,1,1
additive_bias,284,-0.1,score_low_bias,0.965206546744181,0.962130374923235,0.965186552059645,0.00305617713640971,0.1522,0.0024,0.1706,1,0,0.892145369284877,0.107854630715123,0.01,0.00100660478076086,0.0131267014749573,0.000594041144072506,-0.102186382666383,0.1682,841,0.1498,0.0184,749,92,0.890606420927467,0.109393579072533,0.00307617182094593,-1.99946845362217e-05,0.0181698997408425,0.0184076486651733,1,1
additive_bias,284,0,no_bias,0.965206546744181,0.965206546744181,0.965186552059645,-1.99946845361731e-05,0.1522,0.1522,0.1706,1,0,0.892145369284877,0.107854630715123,0,0.00100660478076086,0.000394662451265705,0.000594041144072506,-0.00218638266638271,0.0184,92,0,0.0184,0,92,0,1,0,-1.99946845362217e-05,-0.00108666763783814,0.00108666763783814,1,1
additive_bias,284,0.1,score_high_bias,0.965206546744181,0.948425999917601,0.965186552059645,0.0167605521420436,0.1522,0.6032,0.1706,0.252320954907162,0.747679045092838,0.892145369284877,0.107854630715123,0.01,0.00100660478076086,0.0076626234275741,0.000594041144072506,0.0978136173336173,0.4326,2163,0.4326,0,2163,0,1,0,0.0167605521420437,0,-0.0387437636200732,0.0387437636200732,1,1
additive_bias,284,0.25,score_high_bias,0.965206546744181,0.917163159723884,0.965186552059645,0.0480233923357606,0.1522,0.7908,0.1706,0.192463328275164,0.807536671724836,0.892145369284877,0.107854630715123,0.0625,0.00100660478076086,0.0560645648920367,0.000594041144072506,0.247813617333617,0.6202,3101,0.6202,0,3101,0,1,0,0.0480233923357606,0,-0.0774321063137062,0.0774321063137062,1,1
additive_bias,284,0.5,score_high_bias,0.965206546744181,0.858419219927072,0.965186552059645,0.106767332132574,0.1522,0.9514,0.1706,0.159974774017238,0.840025225982762,0.892145369284877,0.107854630715123,0.25,0.00100660478076086,0.236734467332808,0.000594041144072506,0.497813617333617,0.7808,3904,0.7808,0,3904,0,1,0,0.106767332132573,0,-0.136740947915693,0.136740947915693,1,1
additive_bias,285,-0.5,score_low_bias,0.964538762059146,0.961112546835085,0.964286918936914,0.00317437210182858,0.1606,0,0.222,,,0.723423423423424,0.276576576576577,0.25,0.00169641705821198,0.253159668083752,0.000422035099965773,-0.508139043306918,0.222,1110,0.1606,0.0614,803,307,0.723423423423424,0.276576576576577,0.00342621522406032,-0.000251843122231675,0.0142989734316605,0.0165678303887027,1,1
additive_bias,285,-0.25,score_low_bias,0.964538762059146,0.961112546835085,0.964286918936914,0.00317437210182858,0.1606,0,0.222,,,0.723423423423424,0.276576576576577,0.0625,0.00169641705821198,0.0646581062356156,0.000422035099965773,-0.258139043306918,0.222,1110,0.1606,0.0614,803,307,0.723423423423424,0.276576576576577,0.00342621522406032,-0.000251843122231675,0.0142989734316605,0.0165678303887027,1,1
additive_bias,285,-0.1,score_low_bias,0.964538762059146,0.961437719937349,0.964286918936914,0.00284919899956559,0.1606,0.0026,0.222,1,0,0.723423423423424,0.276576576576577,0.01,0.00169641705821198,0.0115571691267339,0.000422035099965773,-0.108139043306918,0.2194,1097,0.158,0.0614,790,307,0.720145852324522,0.279854147675479,0.00310104212179728,-0.000251843122231675,0.0129863217847111,0.015282065834225,1,1
additive_bias,285,0,no_bias,0.964538762059146,0.964538762059146,0.964286918936914,-0.000251843122231699,0.1606,0.1606,0.222,1,0,0.723423423423424,0.276576576576577,0,0.00169641705821198,0.00115654438747949,0.000422035099965773,-0.00813904330691761,0.0614,307,0,0.0614,0,307,0,1,0,-0.000251843122231675,-0.00410167951517387,0.00410167951517387,1,1
additive_bias,285,0.1,score_high_bias,0.964538762059146,0.949771799979463,0.964286918936914,0.0145151189574511,0.1606,0.5816,0.222,0.276134800550206,0.723865199449794,0.723423423423424,0.276576576576577,0.01,0.00169641705821198,0.0107559196482251,0.000422035099965773,0.0918609566930824,0.3596,1798,0.3596,0,1798,0,1,0,0.0145151189574511,0,-0.040364624464547,0.040364624464547,1,1
additive_bias,285,0.25,score_high_bias,0.964538762059146,0.91721978653244,0.964286918936914,0.0470671324044741,0.1606,0.7784,0.222,0.206320657759507,0.793679342240493,0.723423423423424,0.276576576576577,0.0625,0.00169641705821198,0.0626549825393434,0.000422035099965773,0.241860956693082,0.5564,2782,0.5564,0,2782,0,1,0,0.0470671324044742,0,-0.084592258095748,0.084592258095748,1,1
additive_bias,285,0.5,score_high_bias,0.964538762059146,0.852367151684149,0.964286918936914,0.111919767252765,0.1606,0.9566,0.222,0.167886263851139,0.832113736148861,0.723423423423424,0.276576576576577,0.25,0.00169641705821198,0.249153420691207,0.000422035099965773,0.491860956693082,0.7346,3673,0.7346,0,3673,0,1,0,0.111919767252765,0,-0.152354706306513,0.152354706306513,1,1
additive_bias,286,-0.5,score_low_bias,0.965182732622438,0.961493543854072,0.96434020132477,0.00284665747069834,0.1566,0,0.0584,,,1,0,0.25,0.00138280364027975,0.2434087953715,0.000925584983159372,-0.476417090157018,0.0584,292,0.0584,0,292,0,1,0,0.00284665747069837,0,0.0487441347722324,0.0487441347722324,1,1
additive_bias,286,-0.25,score_low_bias,0.965182732622438,0.961493543854072,0.96434020132477,0.00284665747069834,0.1566,0,0.0584,,,1,0,0.0625,0.00138280364027975,0.059415866060104,0.000925584983159372,-0.226417090157018,0.0584,292,0.0584,0,292,0,1,0,0.00284665747069837,0,0.0487441347722324,0.0487441347722324,1,1
additive_bias,286,-0.1,score_low_bias,0.965182732622438,0.96178632391273,0.96434020132477,0.0025538774120405,0.1566,0.0024,0.0584,1,0,1,0,0.01,0.00138280364027975,0.00902010847326644,0.000925584983159372,-0.0764170901570182,0.056,280,0.056,0,280,0,1,0,0.0025538774120405,0,0.0456049537864375,0.0456049537864375,1,1
additive_bias,286,0,no_bias,0.965182732622438,0.965182732622438,0.96434020132477,-0.000842531297667315,0.1566,0.1566,0.0584,1,0,1,0,0,0.00138280364027975,0.000422936748708059,0.000925584983159372,0.0235829098429818,0.0982,491,0,0.0982,0,491,0,1,0,-0.000842531297667247,0.00857974844874997,0.00857974844874997,1,1
additive_bias,286,0.1,score_high_bias,0.965182732622438,0.948431680330273,0.96434020132477,0.0159085209944976,0.1566,0.6004,0.0584,0.260826115922718,0.739173884077282,1,0,0.01,0.00138280364027975,0.0118257650241497,0.000925584983159372,0.123582909842982,0.542,2710,0.4438,0.0982,2219,491,0.818819188191882,0.181180811808118,0.0167510522921649,-0.000842531297667247,-0.0293515147499957,0.0324604863281036,1,1
additive_bias,286,0.25,score_high_bias,0.965182732622438,0.917503916639671,0.96434020132477,0.0468362846850994,0.1566,0.788,0.0584,0.198730964467005,0.801269035532995,1,0,0.0625,0.00138280364027975,0.0664300074373121,0.000925584983159372,0.273582909842982,0.7296,3648,0.6314,0.0982,3157,491,0.865405701754386,0.134594298245614,0.0476788159827667,-0.000842531297667247,-0.0641944691407613,0.0665040395839281,1,1
additive_bias,286,0.5,score_high_bias,0.965182732622438,0.856308968142732,0.96434020132477,0.108031233182038,0.1566,0.9562,0.0584,0.163773269190546,0.836226730809454,1,0,0.25,0.00138280364027975,0.257437078125916,0.000925584983159372,0.523582909842982,0.8978,4489,0.7996,0.0982,3998,491,0.890621519269325,0.109378480730675,0.108873764479705,-0.000842531297667247,-0.120328840701758,0.122205720402509,1,1
additive_bias,287,-0.5,score_low_bias,0.966287010100221,0.962727199378599,0.966286457469748,0.00355925809114954,0.1606,0,0.1636,,,0.981662591687042,0.0183374083129584,0.25,0.00146234383642875,0.235763914303077,0.000777655621998248,-0.500361043751593,0.1636,818,0.1606,0.003,803,15,0.981662591687042,0.0183374083129584,0.00355981072162215,-5.52630472511839e-07,0.0217558563028706,0.0217626121766177,1,1
additive_bias,287,-0.25,score_low_bias,0.966287010100221,0.962727199378599,0.966286457469748,0.00355925809114954,0.1606,0,0.1636,,,0.981662591687042,0.0183374083129584,0.0625,0.00146234383642875,0.0561242989458586,0.000777655621998248,-0.250361043751593,0.1636,818,0.1606,0.003,803,15,0.981662591687042,0.0183374083129584,0.00355981072162215,-5.52630472511839e-07,0.0217558563028706,0.0217626121766177,1,1
additive_bias,287,-0.1,score_low_bias,0.966287010100221,0.963078280072336,0.966286457469748,0.00320817739741219,0.1606,0.003,0.1636,1,0,0.981662591687042,0.0183374083129584,0.01,0.00146234383642875,0.00834052973152742,0.000777655621998248,-0.100361043751593,0.1606,803,0.1576,0.003,788,15,0.981320049813201,0.0186799501867995,0.00320873002788474,-5.52630472511839e-07,0.0199761979913588,0.019983080064491,1,1
additive_bias,287,0,no_bias,0.966287010100221,0.966287010100221,0.966286457469748,-5.52630472605564e-07,0.1606,0.1606,0.1636,1,0,0.981662591687042,0.0183374083129584,0,0.00146234383642875,0.00148468358864001,0.000777655621998248,-0.000361043751592627,0.003,15,0,0.003,0,15,0,1,0,-5.52630472511839e-07,-0.000184210157503946,0.000184210157503946,1,1
additive_bias,287,0.1,score_high_bias,0.966287010100221,0.950666705038437,0.966286457469748,0.0156197524313114,0.1606,0.5958,0.1636,0.269553541456865,0.730446458543135,0.981662591687042,0.0183374083129584,0.01,0.00146234383642875,0.0146288374457526,0.000777655621998248,0.0996389562484074,0.4322,2161,0.4322,0,2161,0,1,0,0.0156197524313115,0,-0.0361401028026642,0.0361401028026642,1,1
additive_bias,287,0.25,score_high_bias,0.966287010100221,0.9176710227582,0.966286457469748,0.0486154347115481,0.1606,0.7946,0.1636,0.202114271331488,0.797885728668513,0.981662591687042,0.0183374083129584,0.0625,0.00146234383642875,0.0718450682314215,0.000777655621998248,0.249638956248407,0.631,3155,0.631,0,3155,0,1,0,0.0486154347115482,0,-0.0770450629343077,0.0770450629343077,1,1
additive_bias,287,0.5,score_high_bias,0.966287010100221,0.86094537534146,0.966286457469748,0.105341082128288,0.1606,0.9524,0.1636,0.168626627467451,0.83137337253255,0.981662591687042,0.0183374083129584,0.25,0.00146234383642875,0.267205452874203,0.000777655621998248,0.499638956248407,0.7888,3944,0.7888,0,3944,0,1,0,0.105341082128288,0,-0.133545996612942,0.133545996612942,1,1
additive_bias,288,-0.5,score_low_bias,0.964754031473661,0.961089877728584,0.964542259388965,0.00345238166038109,0.1536,0,0.0998,,,1,0,0.25,0.000992001666622612,0.248388749589821,0.00028061054161394,-0.490838495157589,0.0998,499,0.0998,0,499,0,1,0,0.00345238166038114,0,0.0345930026090294,0.0345930026090294,1,1
additive_bias,288,-0.25,score_low_bias,0.964754031473661,0.961089877728584,0.964542259388965,0.00345238166038109,0.1536,0,0.0998,,,1,0,0.0625,0.000992001666622612,0.0618787272596848,0.00028061054161394,-0.240838495157589,0.0998,499,0.0998,0,499,0,1,0,0.00345238166038114,0,0.0345930026090294,0.0345930026090294,1,1
additive_bias,288,-0.1,score_low_bias,0.964754031473661,0.961422506709602,0.964542259388965,0.00311975267936349,0.1536,0.0026,0.0998,1,0,1,0,0.01,0.000992001666622612,0.00997271386160334,0.00028061054161394,-0.0908384951575887,0.0972,486,0.0972,0,486,0,1,0,0.00311975267936348,0,0.0320962209811058,0.0320962209811058,1,1
additive_bias,288,0,no_bias,0.964754031473661,0.964754031473661,0.964542259388965,-0.000211772084695916,0.1536,0.1536,0.0998,1,0,1,0,0,0.000992001666622612,0.000368704929549045,0.00028061054161394,0.00916150484241129,0.0538,269,0,0.0538,0,269,0,1,0,-0.000211772084695859,0.00393628410215351,0.00393628410215351,1,1
additive_bias,288,0.1,score_high_bias,0.964754031473661,0.949242424781792,0.964542259388965,0.015299834607174,0.1536,0.587,0.0998,0.261669505962521,0.738330494037479,1,0,0.01,0.000992001666622612,0.0107646959974948,0.00028061054161394,0.109161504842411,0.4872,2436,0.4334,0.0538,2167,269,0.889573070607553,0.110426929392447,0.0155116066918698,-0.000211772084695859,-0.0314036014104556,0.0322729449436899,1,1
additive_bias,288,0.25,score_high_bias,0.964754031473661,0.917949077071275,0.964542259388965,0.0465931823176902,0.1536,0.7774,0.0998,0.197581682531515,0.802418317468485,1,0,0.0625,0.000992001666622612,0.0638586825994133,0.00028061054161394,0.259161504842411,0.6776,3388,0.6238,0.0538,3119,269,0.92060212514758,0.0793978748524203,0.0468049544023861,-0.000211772084695859,-0.0687620754393303,0.069387140624383,1,1
additive_bias,288,0.5,score_high_bias,0.964754031473661,0.853422218592327,0.964542259388965,0.111120040796638,0.1536,0.9552,0.0998,0.160804020100503,0.839195979899498,1,0,0.25,0.000992001666622612,0.252348660269278,0.00028061054161394,0.509161504842411,0.8554,4277,0.8016,0.0538,4008,269,0.937105447743746,0.0628945522562544,0.111331812881334,-0.000211772084695859,-0.12990418610783,0.130399327760147,1,1
additive_bias,289,-0.5,score_low_bias,0.96625262605304,0.962577344717495,0.965691623572405,0.00311427885491067,0.1552,0,0.0744,,,1,0,0.25,0.00270887010256977,0.250706406673892,0.000519401999362817,-0.483695967969639,0.0744,372,0.0744,0,372,0,1,0,0.00311427885491068,0,0.0418585867595521,0.0418585867595521,1,1
additive_bias,289,-0.25,score_low_bias,0.96625262605304,0.962577344717495,0.965691623572405,0.00311427885491067,0.1552,0,0.0744,,,1,0,0.0625,0.00270887010256977,0.0631725967394113,0.000519401999362817,-0.233695967969639,0.0744,372,0.0744,0,372,0,1,0,0.00311427885491068,0,0.0418585867595521,0.0418585867595521,1,1
additive_bias,289,-0.1,score_low_bias,0.96625262605304,0.962961530684116,0.965691623572405,0.0027300928882894,0.1552,0.0034,0.0744,1,0,1,0,0.01,0.00270887010256977,0.0106523107787229,0.000519401999362817,-0.0836959679696386,0.071,355,0.071,0,355,0,1,0,0.00273009288828935,0,0.0384520125111176,0.0384520125111176,1,1
additive_bias,289,0,no_bias,0.96625262605304,0.96625262605304,0.965691623572405,-0.000561002480634398,0.1552,0.1552,0.0744,1,0,1,0,0,0.00270887010256977,0.000638786804930647,0.000519401999362817,0.0163040320303615,0.0808,404,0,0.0808,0,404,0,1,0,-0.0005610024806344,0.00694310000785149,0.00694310000785149,1,1
additive_bias,289,0.1,score_high_bias,0.96625262605304,0.949632331672919,0.965691623572405,0.0160592918994869,0.1552,0.6018,0.0744,0.257892987703556,0.742107012296444,1,0,0.01,0.00270887010256977,0.0106252628311384,0.000519401999362817,0.116304032030361,0.5274,2637,0.4466,0.0808,2233,404,0.846795601061813,0.153204398938187,0.0166202943801212,-0.0005610024806344,-0.0304499277578438,0.032577354684785,1,1
additive_bias,289,0.25,score_high_bias,0.96625262605304,0.916681901240759,0.965691623572405,0.0490097223316469,0.1552,0.8008,0.0744,0.193806193806194,0.806193806193806,1,0,0.0625,0.00270887010256977,0.06310497687045,0.000519401999362817,0.266304032030361,0.7264,3632,0.6456,0.0808,3228,404,0.888766519823789,0.111233480176211,0.0495707248122812,-0.0005610024806344,-0.0674693314036988,0.0690139417578684,1,1
additive_bias,289,0.5,score_high_bias,0.96625262605304,0.860911931038701,0.965691623572405,0.104779692533705,0.1552,0.9554,0.0744,0.162445049194055,0.837554950805945,1,0,0.25,0.00270887010256977,0.250571166935969,0.000519401999362817,0.516304032030361,0.881,4405,0.8002,0.0808,4001,404,0.908286038592509,0.0917139614074915,0.105340695014339,-0.0005610024806344,-0.118932681650062,0.120206240062399,1,1
additive_bias,290,-0.5,score_low_bias,0.964781888115046,0.960947579609207,0.964655644097259,0.00370806448805228,0.1614,0,0.207,,,0.779710144927536,0.220289855072464,0.25,0.00101680929910981,0.248644497152902,0.00301544662878343,-0.505756852051099,0.207,1035,0.1614,0.0456,807,228,0.779710144927536,0.220289855072464,0.00383430850583937,-0.000126244017787061,0.0179133550147454,0.0191331039788716,1,1
additive_bias,290,-0.25,score_low_bias,0.964781888115046,0.960947579609207,0.964655644097259,0.00370806448805228,0.1614,0,0.207,,,0.779710144927536,0.220289855072464,0.0625,0.00101680929910981,0.0625884781586609,0.00301544662878343,-0.255756852051099,0.207,1035,0.1614,0.0456,807,228,0.779710144927536,0.220289855072464,0.00383430850583937,-0.000126244017787061,0.0179133550147454,0.0191331039788716,1,1
additive_bias,290,-0.1,score_low_bias,0.964781888115046,0.96135441218416,0.964655644097259,0.00330123191309928,0.1614,0.0032,0.207,1,0,0.779710144927536,0.220289855072464,0.01,0.00101680929910981,0.0109548667621165,0.00301544662878343,-0.105756852051099,0.2038,1019,0.1582,0.0456,791,228,0.776251226692836,0.223748773307164,0.00342747593088633,-0.000126244017787061,0.016198390152597,0.0174372912103699,1,1
additive_bias,290,0,no_bias,0.964781888115046,0.964781888115046,0.964655644097259,-0.000126244017787047,0.1614,0.1614,0.207,1,0,0.779710144927536,0.220289855072464,0,0.00101680929910981,0.0015324591644202,0.00301544662878343,-0.00575685205109933,0.0456,228,0,0.0456,0,228,0,1,0,-0.000126244017787061,-0.00276850916199695,0.00276850916199695,1,1
additive_bias,290,0.1,score_high_bias,0.964781888115046,0.949164475987969,0.964655644097259,0.0154911681092899,0.1614,0.5876,0.207,0.274676650782846,0.725323349217155,0.779710144927536,0.220289855072464,0.01,0.00101680929910981,0.0121100515667239,0.00301544662878343,0.0942431479489007,0.3806,1903,0.3806,0,1903,0,1,0,0.0154911681092898,0,-0.0407019656050704,0.0407019656050704,1,1
additive_bias,290,0.25,score_high_bias,0.964781888115046,0.914868857949627,0.964655644097259,0.0497867861476319,0.1614,0.793,0.207,0.203530895334174,0.796469104665826,0.779710144927536,0.220289855072464,0.0625,0.00101680929910981,0.0654764401701795,0.00301544662878343,0.244243147948901,0.586,2930,0.586,0,2930,0,1,0,0.0497867861476319,0,-0.0849603859174606,0.0849603859174606,1,1
additive_bias,290,0.5,score_high_bias,0.964781888115046,0.856195370933563,0.964655644097259,0.108460273163696,0.1614,0.955,0.207,0.169005235602094,0.830994764397906,0.779710144927536,0.220289855072464,0.25,0.00101680929910981,0.254420421175939,0.00301544662878343,0.494243147948901,0.748,3740,0.748,0,3740,0,1,0,0.108460273163696,0,-0.145000365192107,0.145000365192107,1,1
additive_bias,291,-0.5,score_low_bias,0.964890766503305,0.96107759894751,0.964885142017234,0.00380754306972442,0.1626,0,0.1534,,,1,0,0.25,0.000877984338950553,0.235746495114053,0.000884477177262057,-0.498762911376827,0.1534,767,0.1534,0,767,0,1,0,0.00380754306972446,0,0.0248210108847748,0.0248210108847748,1,1
additive_bias,291,-0.25,score_low_bias,0.964890766503305,0.96107759894751,0.964885142017234,0.00380754306972442,0.1626,0,0.1534,,,1,0,0.0625,0.000877984338950553,0.0557166142244384,0.000884477177262057,-0.248762911376827,0.1534,767,0.1534,0,767,0,1,0,0.00380754306972446,0,0.0248210108847748,0.0248210108847748,1,1
additive_bias,291,-0.1,score_low_bias,0.964890766503305,0.961513151238791,0.964885142017234,0.00337199077844341,0.1626,0.0036,0.1534,1,0,1,0,0.01,0.000877984338950553,0.00769868569066966,0.000884477177262057,-0.0987629113768267,0.1498,749,0.1498,0,749,0,1,0,0.00337199077844344,0,0.0225099517920123,0.0225099517920123,1,1
additive_bias,291,0,no_bias,0.964890766503305,0.964890766503305,0.964885142017234,-5.62448607088761e-06,0.1626,0.1626,0.1534,1,0,1,0,0,0.000877984338950553,0.000686733334823856,0.000884477177262057,0.00123708862317329,0.0092,46,0,0.0092,0,46,0,1,0,-5.62448607083772e-06,0.000611357181612796,0.000611357181612796,1,1
additive_bias,291,0.1,score_high_bias,0.964890766503305,0.948757227205408,0.964885142017234,0.0161279148118269,0.1626,0.6046,0.1534,0.268938140919616,0.731061859080384,1,0,0.01,0.000877984338950553,0.0136747809789781,0.000884477177262057,0.101237088623173,0.4512,2256,0.442,0.0092,2210,46,0.979609929078014,0.0203900709219858,0.0161335392978976,-5.62448607083772e-06,-0.0357444920474885,0.035769423280072,1,1
additive_bias,291,0.25,score_high_bias,0.964890766503305,0.918390794938719,0.964885142017234,0.0464943470785154,0.1626,0.7894,0.1534,0.205979224727641,0.794020775272359,1,0,0.0625,0.000877984338950553,0.0706568524452094,0.000884477177262057,0.251237088623173,0.636,3180,0.6268,0.0092,3134,46,0.985534591194969,0.0144654088050314,0.0464999715645862,-5.62448607083772e-06,-0.0731043193058418,0.0731220063689577,1,1
additive_bias,291,0.5,score_high_bias,0.964890766503305,0.85803590427202,0.964885142017234,0.106849237745214,0.1626,0.9564,0.1534,0.170012547051443,0.829987452948557,1,0,0.25,0.000877984338950553,0.265626971555595,0.000884477177262057,0.501237088623173,0.803,4015,0.7938,0.0092,3969,46,0.98854296388543,0.0114570361145704,0.106854862231285,-5.62448607083772e-06,-0.133062562571873,0.13307657125449,1,1
additive_bias,292,-0.5,score_low_bias,0.964296217414184,0.96080654338537,0.964182161202053,0.00337561781668294,0.1552,0,0.1112,,,1,0,0.25,0.000638517052669064,0.266185069541416,0.000904881523013349,-0.49383943222751,0.1112,556,0.1112,0,556,0,1,0,0.00337561781668294,0,0.0303562753298825,0.0303562753298825,1,1
additive_bias,292,-0.25,score_low_bias,0.964296217414184,0.96080654338537,0.964182161202053,0.00337561781668294,0.1552,0,0.1112,,,1,0,0.0625,0.000638517052669064,0.0711544010400801,0.000904881523013349,-0.24383943222751,0.1112,556,0.1112,0,556,0,1,0,0.00337561781668294,0,0.0303562753298825,0.0303562753298825,1,1
additive_bias,292,-0.1,score_low_bias,0.964296217414184,0.961178443904761,0.964182161202053,0.00300371729729232,0.1552,0.003,0.1112,1,0,1,0,0.01,0.000638517052669064,0.0141359999392785,0.000904881523013349,-0.0938394322275097,0.1082,541,0.1082,0,541,0,1,0,0.00300371729729233,0,0.0277607883298737,0.0277607883298737,1,1
additive_bias,292,0,no_bias,0.964296217414184,0.964296217414184,0.964182161202053,-0.000114056212131342,0.1552,0.1552,0.1112,1,0,1,0,0,0.000638517052669064,0.00112373253874418,0.000904881523013349,0.0061605677724903,0.044,220,0,0.044,0,220,0,1,0,-0.000114056212131391,0.0025921866393498,0.0025921866393498,1,1
additive_bias,292,0.1,score_high_bias,0.964296217414184,0.94865449514446,0.964182161202053,0.0155276660575926,0.1552,0.5854,0.1112,0.265117868124359,0.734882131875641,1,0,0.01,0.000638517052669064,0.00811146513820982,0.000904881523013349,0.10616056777249,0.4742,2371,0.4302,0.044,2151,220,0.907212146773513,0.0927878532264867,0.015641722269724,-0.000114056212131391,-0.0327449727068591,0.0332260195737144,1,1
additive_bias,292,0.25,score_high_bias,0.964296217414184,0.91722270677274,0.964182161202053,0.0469594544293126,0.1552,0.7772,0.1112,0.199691199176531,0.800308800823469,1,0,0.0625,0.000638517052669064,0.0560930640374083,0.000904881523013349,0.25616056777249,0.666,3330,0.622,0.044,3110,220,0.933933933933934,0.0660660660660661,0.0470735106414439,-0.000114056212131391,-0.0705096913353041,0.0708522024828458,1,1
additive_bias,292,0.5,score_high_bias,0.964296217414184,0.854442553224018,0.964182161202053,0.109739607978035,0.1552,0.9508,0.1112,0.163230963399243,0.836769036600757,1,0,0.25,0.000638517052669064,0.236062395536072,0.000904881523013349,0.50616056777249,0.8396,4198,0.7956,0.044,3978,220,0.947594092424964,0.0524059075750357,0.109853664190167,-0.000114056212131391,-0.130704630750399,0.130976322537277,1,1
additive_bias,293,-0.5,score_low_bias,0.964338665728985,0.96047744055672,0.964130941295739,0.0036535007390196,0.1562,0,0.1052,,,1,0,0.25,0.00300305159734966,0.244533117516297,0.00061774759067824,-0.49050735619101,0.1052,526,0.1052,0,526,0,1,0,0.00365350073901956,0,0.0347290944773723,0.0347290944773723,1,1
additive_bias,293,-0.25,score_low_bias,0.964338665728985,0.96047744055672,0.964130941295739,0.0036535007390196,0.1562,0,0.1052,,,1,0,0.0625,0.00300305159734966,0.0600824643222825,0.00061774759067824,-0.24050735619101,0.1052,526,0.1052,0,526,0,1,0,0.00365350073901956,0,0.0347290944773723,0.0347290944773723,1,1
additive_bias,293,-0.1,score_low_bias,0.964338665728985,0.961117994941485,0.964130941295739,0.00301294635425464,0.1562,0.0054,0.1052,1,0,1,0,0.01,0.00300305159734966,0.00941207240587348,0.00061774759067824,-0.0905073561910099,0.0998,499,0.0998,0,499,0,1,0,0.00301294635425468,0,0.0301898432290048,0.0301898432290048,1,1
additive_bias,293,0,no_bias,0.964338665728985,0.964338665728985,0.964130941295739,-0.000207724433245571,0.1562,0.1562,0.1052,1,0,1,0,0,0.00300305159734966,0.000631811128267494,0.00061774759067824,0.00949264380899006,0.051,255,0,0.051,0,255,0,1,0,-0.00020772443324564,0.00407302810285568,0.00407302810285568,1,1
additive_bias,293,0.1,score_high_bias,0.964338665728985,0.948126992832227,0.964130941295739,0.0160039484635123,0.1562,0.5968,0.1052,0.261729222520107,0.738270777479893,1,0,0.01,0.00300305159734966,0.0118515498506615,0.00061774759067824,0.10949264380899,0.4916,2458,0.4406,0.051,2203,255,0.896257119609439,0.103742880390561,0.0162116728967579,-0.00020772443324564,-0.0325548178671934,0.0333999132017973,1,1
additive_bias,293,0.25,score_high_bias,0.964338665728985,0.9171130291072,0.964130941295739,0.0470179121885398,0.1562,0.784,0.1052,0.199234693877551,0.800765306122449,1,0,0.0625,0.00300305159734966,0.0661811579342525,0.00061774759067824,0.25949264380899,0.6788,3394,0.6278,0.051,3139,255,0.924867413081909,0.0751325869180907,0.0472256366217855,-0.00020772443324564,-0.069266223023777,0.0698782572996923,1,1
additive_bias,293,0.5,score_high_bias,0.964338665728985,0.854343546961742,0.964130941295739,0.109787394333997,0.1562,0.957,0.1052,0.163218390804598,0.836781609195402,1,0,0.25,0.00300305159734966,0.256730504740238,0.00061774759067824,0.50949264380899,0.8518,4259,0.8008,0.051,4004,255,0.940126790326368,0.0598732096736323,0.109995118767243,-0.00020772443324564,-0.128888699617278,0.129376430148496,1,1
additive_bias,294,-0.5,score_low_bias,0.965182808729412,0.961378808684988,0.965029331148053,0.00365052246306563,0.1642,0,0.212,,,0.774528301886793,0.225471698113208,0.25,0.000606385258852721,0.258123142598009,0.000368978250572653,-0.506607042182941,0.212,1060,0.1642,0.0478,821,239,0.774528301886793,0.225471698113208,0.0038040000444248,-0.000153477581359102,0.0172194455804986,0.0186673472914335,1,1
additive_bias,294,-0.25,score_low_bias,0.965182808729412,0.961378808684988,0.965029331148053,0.00365052246306563,0.1642,0,0.212,,,0.774528301886793,0.225471698113208,0.0625,0.000606385258852721,0.0666999952412124,0.000368978250572653,-0.256607042182941,0.212,1060,0.1642,0.0478,821,239,0.774528301886793,0.225471698113208,0.0038040000444248,-0.000153477581359102,0.0172194455804986,0.0186673472914335,1,1
additive_bias,294,-0.1,score_low_bias,0.965182808729412,0.961938293773391,0.965029331148053,0.00309103737466254,0.1642,0.0044,0.212,1,0,0.774528301886793,0.225471698113208,0.01,0.000606385258852721,0.0118461068271342,0.000368978250572653,-0.106607042182941,0.2076,1038,0.1598,0.0478,799,239,0.769749518304432,0.230250481695568,0.00324451495602169,-0.000153477581359102,0.0148893900513612,0.0163679794671522,1,1
additive_bias,294,0,no_bias,0.965182808729412,0.965182808729412,0.965029331148053,-0.000153477581359085,0.1642,0.1642,0.212,1,0,0.774528301886793,0.225471698113208,0,0.000606385258852721,0.000276847884415387,0.000368978250572653,-0.00660704218294062,0.0478,239,0,0.0478,0,239,0,1,0,-0.000153477581359102,-0.0032108280619059,0.0032108280619059,1,1
additive_bias,294,0.1,score_high_bias,0.965182808729412,0.949750130626436,0.965029331148053,0.0152792005216171,0.1642,0.586,0.212,0.280204778156997,0.719795221843003,0.774528301886793,0.225471698113208,0.01,0.000606385258852721,0.00870758894169658,0.000368978250572653,0.0933929578170594,0.374,1870,0.374,0,1870,0,1,0,0.0152792005216171,0,-0.0408534773305271,0.0408534773305271,1,1
additive_bias,294,0.25,score_high_bias,0.965182808729412,0.916779855056249,0.965029331148053,0.0482494760918043,0.1642,0.7872,0.212,0.208587398373984,0.791412601626016,0.774528301886793,0.225471698113208,0.0625,0.000606385258852721,0.0588537005276184,0.000368978250572653,0.243392957817059,0.5752,2876,0.5752,0,2876,0,1,0,0.0482494760918043,0,-0.0838829556533454,0.0838829556533454,1,1
additive_bias,294,0.5,score_high_bias,0.965182808729412,0.857050064371553,0.965029331148053,0.107979266776501,0.1642,0.9524,0.212,0.172406551868963,0.827593448131037,0.774528301886793,0.225471698113208,0.25,0.000606385258852721,0.242430553170821,0.000368978250572653,0.493392957817059,0.7404,3702,0.7404,0,3702,0,1,0,0.107979266776501,0,-0.145839096132497,0.145839096132497,1,1
additive_bias,295,-0.5,score_low_bias,0.965096849835497,0.96156935893453,0.963976127443946,0.00240676850941624,0.1602,0,0.0454,,,1,0,0.25,0.00079425500717289,0.250197987868688,0.00108855213713524,-0.473695941965817,0.0454,227,0.0454,0,227,0,1,0,0.00240676850941623,0,0.0530125222338378,0.0530125222338378,1,1
additive_bias,295,-0.25,score_low_bias,0.965096849835497,0.96156935893453,0.963976127443946,0.00240676850941624,0.1602,0,0.0454,,,1,0,0.0625,0.00079425500717289,0.0632915825490728,0.00108855213713524,-0.223695941965817,0.0454,227,0.0454,0,227,0,1,0,0.00240676850941623,0,0.0530125222338378,0.0530125222338378,1,1
additive_bias,295,-0.1,score_low_bias,0.965096849835497,0.961881102369834,0.963976127443946,0.0020950250741123,0.1602,0.0024,0.0454,1,0,1,0,0.01,0.00079425500717289,0.0111477393573035,0.00108855213713524,-0.0736959419658167,0.043,215,0.043,0,215,0,1,0,0.00209502507411236,0,0.0487215133514503,0.0487215133514503,1,1
additive_bias,295,0,no_bias,0.965096849835497,0.965096849835497,0.963976127443946,-0.00112072239155059,0.1602,0.1602,0.0454,1,0,1,0,0,0.00079425500717289,0.00138517722945727,0.00108855213713524,0.0263040580341833,0.1148,574,0,0.1148,0,574,0,1,0,-0.00112072239155058,0.00976239017030125,0.00976239017030125,1,1
additive_bias,295,0.1,score_high_bias,0.965096849835497,0.948773173523305,0.963976127443946,0.0152029539206412,0.1602,0.6086,0.0454,0.263227078540914,0.736772921459087,1,0,0.01,0.00079425500717289,0.0116226151016111,0.00108855213713524,0.126304058034183,0.5632,2816,0.4484,0.1148,2242,574,0.796164772727273,0.203835227272727,0.0163236763121919,-0.00112072239155058,-0.0269938812511386,0.0309737192893154,1,1
additive_bias,295,0.25,score_high_bias,0.965096849835497,0.917841725845818,0.963976127443946,0.0461344015981283,0.1602,0.7932,0.0454,0.20196671709531,0.79803328290469,1,0,0.0625,0.00079425500717289,0.0644787719098417,0.00108855213713524,0.276304058034183,0.7478,3739,0.633,0.1148,3165,574,0.846483016849425,0.153516983150575,0.047255123989679,-0.00112072239155058,-0.0616935030731859,0.0646908884477528,1,1
additive_bias,295,0.5,score_high_bias,0.965096849835497,0.859894186177915,0.963976127443946,0.104081941266032,0.1602,0.953,0.0454,0.16810073452256,0.83189926547744,1,0,0.25,0.00079425500717289,0.252572366590226,0.00108855213713524,0.526304058034183,0.9076,4538,0.7928,0.1148,3964,574,0.873512560599383,0.126487439400617,0.105202663657582,-0.00112072239155058,-0.114678207653186,0.117147847123328,1,1
additive_bias,296,-0.5,score_low_bias,0.965063637320408,0.961513827226859,0.964893266604627,0.00337943937776819,0.1566,0,0.2106,,,0.743589743589744,0.256410256410256,0.25,0.000909264855963844,0.248718180439426,0.000922054671232177,-0.507193144782991,0.2106,1053,0.1566,0.054,783,270,0.743589743589744,0.256410256410256,0.00354981009354891,-0.000170370715780799,0.0160467206921563,0.0176646762076435,1,1
additive_bias,296,-0.25,score_low_bias,0.965063637320408,0.961513827226859,0.964893266604627,0.00337943937776819,0.1566,0,0.2106,,,0.743589743589744,0.256410256410256,0.0625,0.000909264855963844,0.0619968122474119,0.000922054671232177,-0.257193144782991,0.2106,1053,0.1566,0.054,783,270,0.743589743589744,0.256410256410256,0.00354981009354891,-0.000170370715780799,0.0160467206921563,0.0176646762076435,1,1
additive_bias,296,-0.1,score_low_bias,0.965063637320408,0.96183820623302,0.964893266604627,0.00305506037160719,0.1566,0.0026,0.2106,1,0,0.743589743589744,0.256410256410256,0.01,0.000909264855963844,0.0099639913322037,0.000922054671232177,-0.10719314478299,0.208,1040,0.154,0.054,770,270,0.740384615384615,0.259615384615385,0.00322543108738789,-0.000170370715780799,0.014687790248111,0.0163259702075418,1,1
additive_bias,296,0,no_bias,0.965063637320408,0.965063637320408,0.964893266604627,-0.000170370715780743,0.1566,0.1566,0.2106,1,0,0.743589743589744,0.256410256410256,0,0.000909264855963844,0.000275444055398207,0.000922054671232177,-0.00719314478299049,0.054,270,0,0.054,0,270,0,1,0,-0.000170370715780799,-0.00315501325519999,0.00315501325519999,1,1
additive_bias,296,0.1,score_high_bias,0.965063637320408,0.949037104230766,0.964893266604627,0.0158561623738611,0.1566,0.5896,0.2106,0.265603799185889,0.734396200814111,0.743589743589744,0.256410256410256,0.01,0.000909264855963844,0.0105868967785927,0.000922054671232177,0.0928068552170095,0.379,1895,0.379,0,1895,0,1,0,0.0158561623738611,0,-0.0418368400365728,0.0418368400365728,1,1
additive_bias,296,0.25,score_high_bias,0.965063637320408,0.916453428981671,0.964893266604627,0.048439837622956,0.1566,0.7856,0.2106,0.199338085539715,0.800661914460285,0.743589743589744,0.256410256410256,0.0625,0.000909264855963844,0.0635540758633845,0.000922054671232177,0.24280685521701,0.575,2875,0.575,0,2875,0,1,0,0.0484398376229559,0,-0.0842431958660103,0.0842431958660103,1,1
additive_bias,296,0.5,score_high_bias,0.965063637320408,0.857633451701095,0.964893266604627,0.107259814903532,0.1566,0.9492,0.2106,0.164981036662453,0.835018963337548,0.743589743589744,0.256410256410256,0.25,0.000909264855963844,0.251832707671371,0.000922054671232177,0.49280685521701,0.7386,3693,0.7386,0,3693,0,1,0,0.107259814903532,0,-0.145220437183228,0.145220437183228,1,1
additive_bias,297,-0.5,score_low_bias,0.964341151653243,0.960825420708624,0.964042964943499,0.00321754423487541,0.1524,0,0.09,,,1,0,0.25,0.000941866679106628,0.263222404958836,0.0018117615368366,-0.490014886251044,0.09,450,0.09,0,450,0,1,0,0.00321754423487544,0,0.035750491498616,0.035750491498616,1,1
additive_bias,297,-0.25,score_low_bias,0.964341151653243,0.960825420708624,0.964042964943499,0.00321754423487541,0.1524,0,0.09,,,1,0,0.0625,0.000941866679106628,0.0695090304127182,0.0018117615368366,-0.240014886251044,0.09,450,0.09,0,450,0,1,0,0.00321754423487544,0,0.035750491498616,0.035750491498616,1,1
additive_bias,297,-0.1,score_low_bias,0.964341151653243,0.961276310260106,0.964042964943499,0.00276665468339332,0.1524,0.0038,0.09,1,0,1,0,0.01,0.000941866679106628,0.0132810056850474,0.0018117615368366,-0.0900148862510436,0.0862,431,0.0862,0,431,0,1,0,0.00276665468339335,0,0.0320957619883219,0.0320957619883219,1,1
additive_bias,297,0,no_bias,0.964341151653243,0.964341151653243,0.964042964943499,-0.000298186709743908,0.1524,0.1524,0.09,1,0,1,0,0,0.000941866679106628,0.000795655866600167,0.0018117615368366,0.00998511374895639,0.0624,312,0,0.0624,0,312,0,1,0,-0.000298186709743873,0.00477863316897232,0.00477863316897232,1,1
additive_bias,297,0.1,score_high_bias,0.964341151653243,0.947882749585858,0.964042964943499,0.0161602153576411,0.1524,0.5948,0.09,0.256220578345662,0.743779421654338,1,0,0.01,0.000941866679106628,0.00831030604815296,0.0018117615368366,0.109985113748956,0.5048,2524,0.4424,0.0624,2212,312,0.876386687797147,0.123613312202853,0.016458402067385,-0.000298186709743873,-0.0320131049081639,0.0331945102558021,1,1
additive_bias,297,0.25,score_high_bias,0.964341151653243,0.917438413179202,0.964042964943499,0.0466045517642971,0.1524,0.78,0.09,0.195384615384615,0.804615384615385,1,0,0.0625,0.000941866679106628,0.0570822813204822,0.0018117615368366,0.259985113748956,0.69,3450,0.6276,0.0624,3138,312,0.909565217391304,0.0904347826086957,0.0469027384740411,-0.000298186709743873,-0.067542828643909,0.0684071379475145,1,1
additive_bias,297,0.5,score_high_bias,0.964341151653243,0.856023899434062,0.964042964943499,0.108019065509438,0.1524,0.9488,0.09,0.1606239460371,0.839376053962901,1,0,0.25,0.000941866679106628,0.238368906774364,0.0018117615368366,0.509985113748956,0.8588,4294,0.7964,0.0624,3982,312,0.927340475081509,0.0726595249184909,0.108317252219182,-0.000298186709743873,-0.125779070225242,0.126473496656877,1,1
additive_bias,298,-0.5,score_low_bias,0.965112011442846,0.961551590088354,0.964997696190309,0.00344610610195562,0.1572,0,0.198,,,0.793939393939394,0.206060606060606,0.25,0.000701271038522017,0.258976268998818,0.000932272385257506,-0.505302958915298,0.198,990,0.1572,0.0408,786,204,0.793939393939394,0.206060606060606,0.00356042135449243,-0.000114315252536775,0.0174045762725033,0.0185592757930768,1,1
additive_bias,298,-0.25,score_low_bias,0.965112011442846,0.961551590088354,0.964997696190309,0.00344610610195562,0.1572,0,0.198,,,0.793939393939394,0.206060606060606,0.0625,0.000701271038522017,0.0671508674298823,0.000932272385257506,-0.255302958915298,0.198,990,0.1572,0.0408,786,204,0.793939393939394,0.206060606060606,0.00356042135449243,-0.000114315252536775,0.0174045762725033,0.0185592757930768,1,1
additive_bias,298,-0.1,score_low_bias,0.965112011442846,0.961775349730792,0.964997696190309,0.00322234645951747,0.1572,0.002,0.198,1,0,0.793939393939394,0.206060606060606,0.01,0.000701271038522017,0.0120556264885212,0.000932272385257506,-0.105302958915298,0.196,980,0.1552,0.0408,776,204,0.791836734693878,0.208163265306122,0.00333666171205425,-0.000114315252536775,0.0164405431608034,0.017607025329546,1,1
additive_bias,298,0,no_bias,0.965112011442846,0.965112011442846,0.964997696190309,-0.000114315252536801,0.1572,0.1572,0.198,1,0,0.793939393939394,0.206060606060606,0,0.000701271038522017,0.000325465860947097,0.000932272385257506,-0.00530295891529797,0.0408,204,0,0.0408,0,204,0,1,0,-0.000114315252536775,-0.00280184442492097,0.00280184442492097,1,1
additive_bias,298,0.1,score_high_bias,0.965112011442846,0.949083176807929,0.964997696190309,0.0159145193823806,0.1572,0.6012,0.198,0.261477045908184,0.738522954091816,0.793939393939394,0.206060606060606,0.01,0.000701271038522017,0.008595305233373,0.000932272385257506,0.094697041084702,0.4032,2016,0.4032,0,2016,0,1,0,0.0159145193823807,0,-0.0394705341824917,0.0394705341824917,1,1
additive_bias,298,0.25,score_high_bias,0.965112011442846,0.919019836696585,0.964997696190309,0.0459778594937242,0.1572,0.7848,0.198,0.200305810397554,0.799694189602447,0.793939393939394,0.206060606060606,0.0625,0.000701271038522017,0.0585000642920119,0.000932272385257506,0.244697041084702,0.5868,2934,0.5868,0,2934,0,1,0,0.0459778594937242,0,-0.0783535437861694,0.0783535437861694,1,1
additive_bias,298,0.5,score_high_bias,0.965112011442846,0.857621063108713,0.964997696190309,0.107376633081597,0.1572,0.9538,0.198,0.164814426504508,0.835185573495492,0.793939393939394,0.206060606060606,0.25,0.000701271038522017,0.241674662723077,0.000932272385257506,0.494697041084702,0.7558,3779,0.7558,0,3779,0,1,0,0.107376633081597,0,-0.142070168141832,0.142070168141832,1,1
additive_bias,299,-0.5,score_low_bias,0.964813383379868,0.96120867605597,0.963864316753249,0.00265564069727975,0.1584,0,0.2762,,,0.573497465604634,0.426502534395366,0.25,0.00106687699842999,0.260739353068549,0.00206217653534699,-0.515682196060373,0.2762,1381,0.1584,0.1178,792,589,0.573497465604634,0.426502534395366,0.00360470732389832,-0.000949066626618604,0.00961491925155582,0.0164872337093299,1,1
additive_bias,299,-0.25,score_low_bias,0.964813383379868,0.96120867605597,0.963864316753249,0.00265564069727975,0.1584,0,0.2762,,,0.573497465604634,0.426502534395366,0.0625,0.00106687699842999,0.0682036808056404,0.00206217653534699,-0.265682196060373,0.2762,1381,0.1584,0.1178,792,589,0.573497465604634,0.426502534395366,0.00360470732389832,-0.000949066626618604,0.00961491925155582,0.0164872337093299,1,1
additive_bias,299,-0.1,score_low_bias,0.964813383379868,0.961539203309713,0.963864316753249,0.00232511344353603,0.1584,0.0028,0.2762,1,0,0.573497465604634,0.426502534395366,0.01,0.00106687699842999,0.0126822774478955,0.00206217653534699,-0.115682196060373,0.2734,1367,0.1556,0.1178,778,589,0.569129480614484,0.430870519385516,0.00327418007015466,-0.000949066626618604,0.00850443834504775,0.0154471349552789,1,1
additive_bias,299,0,no_bias,0.964813383379868,0.964813383379868,0.963864316753249,-0.000949066626618644,0.1584,0.1584,0.2762,1,0,0.573497465604634,0.426502534395366,0,0.00106687699842999,0.000668008542732223,0.00206217653534699,-0.0156821960603726,0.1178,589,0,0.1178,0,589,0,1,0,-0.000949066626618604,-0.00805659275567575,0.00805659275567575,1,1
additive_bias,299,0.1,score_high_bias,0.964813383379868,0.948518370702125,0.963864316753249,0.0153459460511242,0.1584,0.5972,0.2762,0.26523777628935,0.73476222371065,0.573497465604634,0.426502534395366,0.01,0.00106687699842999,0.00865373963756896,0.00206217653534699,0.0843178039396274,0.321,1605,0.321,0,1605,0,1,0,0.0153459460511241,0,-0.0478066855175206,0.0478066855175206,1,1
additive_bias,299,0.25,score_high_bias,0.964813383379868,0.916733539736652,0.963864316753249,0.0471307770165971,0.1584,0.7882,0.2762,0.200964222278609,0.799035777721391,0.573497465604634,0.426502534395366,0.0625,0.00106687699842999,0.0581323362798241,0.00206217653534699,0.234317803939627,0.512,2560,0.512,0,2560,0,1,0,0.0471307770165971,0,-0.0920522988605412,0.0920522988605412,1,1
additive_bias,299,0.5,score_high_bias,0.964813383379868,0.855914658303738,0.963864316753249,0.107949658449511,0.1584,0.956,0.2762,0.165690376569038,0.834309623430962,0.573497465604634,0.426502534395366,0.25,0.00106687699842999,0.240596664016916,0.00206217653534699,0.484317803939628,0.6798,3399,0.6798,0,3399,0,1,0,0.107949658449511,0,-0.158796202485306,0.158796202485306,1,1
additive_bias,300,-0.5,score_low_bias,0.965176186649132,0.961752169901218,0.965141807778333,0.00338963787711444,0.1592,0,0.184,,,0.865217391304348,0.134782608695652,0.25,0.000666520122851733,0.248786250512274,0.00126786644842318,-0.502892481760542,0.184,920,0.1592,0.0248,796,124,0.865217391304348,0.134782608695652,0.00342401674791394,-3.4378870799466e-05,0.0184219449843178,0.0187956283625729,1,1
additive_bias,300,-0.25,score_low_bias,0.965176186649132,0.961752169901218,0.965141807778333,0.00338963787711444,0.1592,0,0.184,,,0.865217391304348,0.134782608695652,0.0625,0.000666520122851733,0.0626282116259714,0.00126786644842318,-0.252892481760542,0.184,920,0.1592,0.0248,796,124,0.865217391304348,0.134782608695652,0.00342401674791394,-3.4378870799466e-05,0.0184219449843178,0.0187956283625729,1,1
additive_bias,300,-0.1,score_low_bias,0.965176186649132,0.962025518505677,0.965141807778333,0.0031162892726555,0.1592,0.002,0.184,1,0,0.865217391304348,0.134782608695652,0.01,0.000666520122851733,0.0109333882941896,0.00126786644842318,-0.102892481760542,0.182,910,0.1572,0.0248,786,124,0.863736263736264,0.136263736263736,0.00315066814345496,-3.4378870799466e-05,0.0171224685310741,0.0175002583200793,1,1
additive_bias,300,0,no_bias,0.965176186649132,0.965176186649132,0.965141807778333,-3.43788707994896e-05,0.1592,0.1592,0.184,1,0,0.865217391304348,0.134782608695652,0,0.000666520122851733,0.0014701727396684,0.00126786644842318,-0.00289248176054191,0.0248,124,0,0.0248,0,124,0,1,0,-3.4378870799466e-05,-0.00138624479030105,0.00138624479030105,1,1
additive_bias,300,0.1,score_high_bias,0.965176186649132,0.949327624779675,0.965141807778333,0.0158141829986573,0.1592,0.5918,0.184,0.269009800608314,0.730990199391686,0.865217391304348,0.134782608695652,0.01,0.000666520122851733,0.0120069571851472,0.00126786644842318,0.0971075182394581,0.4078,2039,0.4078,0,2039,0,1,0,0.0158141829986573,0,-0.0387792618897923,0.0387792618897923,1,1
additive_bias,300,0.25,score_high_bias,0.965176186649132,0.918356633446156,0.965141807778333,0.0467851743321769,0.1592,0.7798,0.184,0.204154911515773,0.795845088484227,0.865217391304348,0.134782608695652,0.0625,0.000666520122851733,0.0653121338533654,0.00126786644842318,0.247107518239458,0.5958,2979,0.5958,0,2979,0,1,0,0.0467851743321769,0,-0.0785249653108037,0.0785249653108037,1,1
additive_bias,300,0.5,score_high_bias,0.965176186649132,0.85741295672946,0.965141807778333,0.107728851048873,0.1592,0.9496,0.184,0.167649536647009,0.832350463352991,0.865217391304348,0.134782608695652,0.25,0.000666520122851733,0.254154094967062,0.00126786644842318,0.497107518239458,0.7656,3828,0.7656,0,3828,0,1,0,0.107728851048873,0,-0.140711665424338,0.140711665424338,1,1
