experiment,repeat_id,b,scale_state,v_oracle,v_raw,v_iso,delta_v,treat_rate_oracle,treat_rate_raw,treat_rate_iso,raw_treated_true_positive_share,raw_treated_false_positive_share,iso_treated_true_positive_share,iso_treated_false_positive_share,mse_raw,mse_iso,cal_raw,cal_iso,t_theta,flip_rate,flip_count,beneficial_flip_rate,harmful_flip_rate,beneficial_flip_count,harmful_flip_count,beneficial_sign_share,harmful_sign_share,beneficial_value,harmful_value,mean_tau_flip_region,mean_abs_tau_flip_region,global_spearman,flip_region_spearman
slope_bias,1,0.25,compressed,0.964355713364063,0.964355713364063,0.963504884704476,-0.000850828659587299,0.1594,0.1594,0.2778,1,0,0.573794096472282,0.426205903527718,0.0231882249277367,0.000982221158666625,0.0169542540433672,0.000694708678505532,-0.00357608444074414,0.1184,592,0,0.1184,0,592,0,1,0,-0.000850828659587207,-0.0071860528681352,0.0071860528681352,1,1
slope_bias,1,0.5,compressed,0.964355713364063,0.964355713364063,0.963504884704476,-0.000850828659587299,0.1594,0.1594,0.2778,1,0,0.573794096472282,0.426205903527718,0.0103058777456607,0.000982221158666625,0.00645302226802904,0.000694708678505532,-0.00715216888148829,0.1184,592,0,0.1184,0,592,0,1,0,-0.000850828659587207,-0.0071860528681352,0.0071860528681352,1,1
slope_bias,1,0.75,compressed,0.964355713364063,0.964355713364063,0.963504884704476,-0.000850828659587299,0.1594,0.1594,0.2778,1,0,0.573794096472282,0.426205903527718,0.00257646943641518,0.000982221158666625,0.000993520780008037,0.000694708678505532,-0.0107282533222324,0.1184,592,0,0.1184,0,592,0,1,0,-0.000850828659587207,-0.0071860528681352,0.0071860528681352,1,1
slope_bias,1,1,identity_scale,0.964355713364063,0.964355713364063,0.963504884704476,-0.000850828659587299,0.1594,0.1594,0.2778,1,0,0.573794096472282,0.426205903527718,0,0.000982221158666625,0.000575749579304181,0.000694708678505532,-0.0143043377629766,0.1184,592,0,0.1184,0,592,0,1,0,-0.000850828659587207,-0.0071860528681352,0.0071860528681352,1,1
slope_bias,1,1.25,expanded,0.964355713364063,0.964355713364063,0.963504884704476,-0.000850828659587299,0.1594,0.1594,0.2778,1,0,0.573794096472282,0.426205903527718,0.00257646943641518,0.000982221158666625,0.00519970866591747,0.000694708678505532,-0.0178804222037207,0.1184,592,0,0.1184,0,592,0,1,0,-0.000850828659587207,-0.0071860528681352,0.0071860528681352,1,1
slope_bias,1,1.5,expanded,0.964355713364063,0.964355713364063,0.963504884704476,-0.000850828659587299,0.1594,0.1594,0.2778,1,0,0.573794096472282,0.426205903527718,0.0103058777456607,0.000982221158666625,0.0148653980398479,0.000694708678505532,-0.0214565066444649,0.1184,592,0,0.1184,0,592,0,1,0,-0.000850828659587207,-0.0071860528681352,0.0071860528681352,1,1
slope_bias,1,2,expanded,0.964355713364063,0.964355713364063,0.963504884704476,-0.000850828659587299,0.1594,0.1594,0.2778,1,0,0.573794096472282,0.426205903527718,0.041223510982643,0.000982221158666625,0.0493219676496602,0.000694708678505532,-0.0286086755259531,0.1184,592,0,0.1184,0,592,0,1,0,-0.000850828659587207,-0.0071860528681352,0.0071860528681352,1,1
slope_bias,2,0.25,compressed,0.966179657277229,0.966179657277229,0.966097324090275,-8.23331869533872e-05,0.1558,0.1558,0.1904,1,0,0.81827731092437,0.18172268907563,0.0248865402387197,0.00113340465380188,0.0232381138125167,0.000725716464054828,-0.00110967721767433,0.0346,173,0,0.0346,0,173,0,1,0,-8.23331869533641e-05,-0.00237957187726486,0.00237957187726486,1,1
slope_bias,2,0.5,compressed,0.966179657277229,0.966179657277229,0.966097324090275,-8.23331869533872e-05,0.1558,0.1558,0.1904,1,0,0.81827731092437,0.18172268907563,0.0110606845505421,0.00113340465380188,0.0101615210450991,0.000725716464054828,-0.00221935443534865,0.0346,173,0,0.0346,0,173,0,1,0,-8.23331869533641e-05,-0.00237957187726486,0.00237957187726486,1,1
slope_bias,2,0.75,compressed,0.966179657277229,0.966179657277229,0.966097324090275,-8.23331869533872e-05,0.1558,0.1558,0.1904,1,0,0.81827731092437,0.18172268907563,0.00276517113763552,0.00113340465380188,0.00251205012948423,0.000725716464054828,-0.00332903165302298,0.0346,173,0,0.0346,0,173,0,1,0,-8.23331869533641e-05,-0.00237957187726486,0.00237957187726486,1,1
slope_bias,2,1,identity_scale,0.966179657277229,0.966179657277229,0.966097324090275,-8.23331869533872e-05,0.1558,0.1558,0.1904,1,0,0.81827731092437,0.18172268907563,0,0.00113340465380188,0.000289701065672017,0.000725716464054828,-0.00443870887069731,0.0346,173,0,0.0346,0,173,0,1,0,-8.23331869533641e-05,-0.00237957187726486,0.00237957187726486,1,1
slope_bias,2,1.25,expanded,0.966179657277229,0.966179657277229,0.966097324090275,-8.23331869533872e-05,0.1558,0.1558,0.1904,1,0,0.81827731092437,0.18172268907563,0.00276517113763552,0.00113340465380188,0.0034944738536625,0.000725716464054828,-0.00554838608837163,0.0346,173,0,0.0346,0,173,0,1,0,-8.23331869533641e-05,-0.00237957187726486,0.00237957187726486,1,1
slope_bias,2,1.5,expanded,0.966179657277229,0.966179657277229,0.966097324090275,-8.23331869533872e-05,0.1558,0.1558,0.1904,1,0,0.81827731092437,0.18172268907563,0.0110606845505421,0.00113340465380188,0.0121263684934557,0.000725716464054828,-0.00665806330604596,0.0346,173,0,0.0346,0,173,0,1,0,-8.23331869533641e-05,-0.00237957187726486,0.00237957187726486,1,1
slope_bias,2,2,expanded,0.966179657277229,0.966179657277229,0.966097324090275,-8.23331869533872e-05,0.1558,0.1558,0.1904,1,0,0.81827731092437,0.18172268907563,0.0442427382021683,0.00113340465380188,0.0456715233284501,0.000725716464054828,-0.00887741774139461,0.0346,173,0,0.0346,0,173,0,1,0,-8.23331869533641e-05,-0.00237957187726486,0.00237957187726486,1,1
slope_bias,3,0.25,compressed,0.965835243981562,0.965835243981562,0.963026493775272,-0.0028087502062899,0.155,0.155,0.3632,1,0,0.426762114537445,0.573237885462555,0.0245591164234363,0.00184623974380345,0.0218487606129174,0.000903798700498732,-0.00682445175819721,0.2082,1041,0,0.2082,0,1041,0,1,0,-0.00280875020628987,-0.0134906349965892,0.0134906349965892,1,1
slope_bias,3,0.5,compressed,0.965835243981562,0.965835243981562,0.963026493775272,-0.0028087502062899,0.155,0.155,0.3632,1,0,0.426762114537445,0.573237885462555,0.0109151628548606,0.00184623974380345,0.00951713734909494,0.000903798700498732,-0.0136489035163944,0.2082,1041,0,0.2082,0,1041,0,1,0,-0.00280875020628987,-0.0134906349965892,0.0134906349965892,1,1
slope_bias,3,0.75,compressed,0.965835243981562,0.965835243981562,0.963026493775272,-0.0028087502062899,0.155,0.155,0.3632,1,0,0.426762114537445,0.573237885462555,0.00272879071371514,0.00184623974380345,0.0025389894125522,0.000903798700498732,-0.0204733552745916,0.2082,1041,0,0.2082,0,1041,0,1,0,-0.00280875020628987,-0.0134906349965892,0.0134906349965892,1,1
slope_bias,3,1,identity_scale,0.965835243981562,0.965835243981562,0.963026493775272,-0.0028087502062899,0.155,0.155,0.3632,1,0,0.426762114537445,0.573237885462555,0,0.00184623974380345,0.0009143168032892,0.000903798700498732,-0.0272978070327888,0.2082,1041,0,0.2082,0,1041,0,1,0,-0.00280875020628987,-0.0134906349965892,0.0134906349965892,1,1
slope_bias,3,1.25,expanded,0.965835243981562,0.965835243981562,0.963026493775272,-0.0028087502062899,0.155,0.155,0.3632,1,0,0.426762114537445,0.573237885462555,0.00272879071371514,0.00184623974380345,0.00464311952130594,0.000903798700498732,-0.034122258790986,0.2082,1041,0,0.2082,0,1041,0,1,0,-0.00280875020628987,-0.0134906349965892,0.0134906349965892,1,1
slope_bias,3,1.5,expanded,0.965835243981562,0.965835243981562,0.963026493775272,-0.0028087502062899,0.155,0.155,0.3632,1,0,0.426762114537445,0.573237885462555,0.0109151628548606,0.00184623974380345,0.0137253975666024,0.000903798700498732,-0.0409467105491833,0.2082,1041,0,0.2082,0,1041,0,1,0,-0.00280875020628987,-0.0134906349965892,0.0134906349965892,1,1
slope_bias,3,2,expanded,0.965835243981562,0.965835243981562,0.963026493775272,-0.0028087502062899,0.155,0.155,0.3632,1,0,0.426762114537445,0.573237885462555,0.0436606514194423,0.00184623974380345,0.0479503796390345,0.000903798700498732,-0.0545956140655777,0.2082,1041,0,0.2082,0,1041,0,1,0,-0.00280875020628987,-0.0134906349965892,0.0134906349965892,1,1
slope_bias,4,0.25,compressed,0.966352766808786,0.966352766808786,0.96604169672655,-0.00031107008223541,0.1652,0.1652,0.2374,1,0,0.695871946082561,0.304128053917439,0.0241971791292824,0.00112283956240151,0.0262248413581559,0.000809272664680447,-0.00219633846838621,0.0722,361,0,0.0722,0,361,0,1,0,-0.000311070082235391,-0.00430844989245694,0.00430844989245694,1,1
slope_bias,4,0.5,compressed,0.966352766808786,0.966352766808786,0.96604169672655,-0.00031107008223541,0.1652,0.1652,0.2374,1,0,0.695871946082561,0.304128053917439,0.0107543018352366,0.00112283956240151,0.0123550275062624,0.000809272664680447,-0.00439267693677242,0.0722,361,0,0.0722,0,361,0,1,0,-0.000311070082235391,-0.00430844989245694,0.00430844989245694,1,1
slope_bias,4,0.75,compressed,0.966352766808786,0.966352766808786,0.96604169672655,-0.00031107008223541,0.1652,0.1652,0.2374,1,0,0.695871946082561,0.304128053917439,0.00268857545880915,0.00112283956240151,0.00375409657328845,0.000809272664680447,-0.00658901540515863,0.0722,361,0,0.0722,0,361,0,1,0,-0.000311070082235391,-0.00430844989245694,0.00430844989245694,1,1
slope_bias,4,1,identity_scale,0.966352766808786,0.966352766808786,0.96604169672655,-0.00031107008223541,0.1652,0.1652,0.2374,1,0,0.695871946082561,0.304128053917439,0,0.00112283956240151,0.000422048559234061,0.000809272664680447,-0.00878535387354484,0.0722,361,0,0.0722,0,361,0,1,0,-0.000311070082235391,-0.00430844989245694,0.00430844989245694,1,1
slope_bias,4,1.25,expanded,0.966352766808786,0.966352766808786,0.96604169672655,-0.00031107008223541,0.1652,0.1652,0.2374,1,0,0.695871946082561,0.304128053917439,0.00268857545880915,0.00112283956240151,0.00235888346409922,0.000809272664680447,-0.0109816923419311,0.0722,361,0,0.0722,0,361,0,1,0,-0.000311070082235391,-0.00430844989245694,0.00430844989245694,1,1
slope_bias,4,1.5,expanded,0.966352766808786,0.966352766808786,0.96604169672655,-0.00031107008223541,0.1652,0.1652,0.2374,1,0,0.695871946082561,0.304128053917439,0.0107543018352366,0.00112283956240151,0.00956460128788392,0.000809272664680447,-0.0131780308103173,0.0722,361,0,0.0722,0,361,0,1,0,-0.000311070082235391,-0.00430844989245694,0.00430844989245694,1,1
slope_bias,4,2,expanded,0.966352766808786,0.966352766808786,0.96604169672655,-0.00031107008223541,0.1652,0.1652,0.2374,1,0,0.695871946082561,0.304128053917439,0.0430172073409465,0.00112283956240151,0.039782685692212,0.000809272664680447,-0.0175707077470897,0.0722,361,0,0.0722,0,361,0,1,0,-0.000311070082235391,-0.00430844989245694,0.00430844989245694,1,1
slope_bias,5,0.25,compressed,0.966537108400913,0.966537108400913,0.965784115571579,-0.000752992829334387,0.1576,0.1576,0.0624,1,0,1,0,0.0239926430081674,0.000941686326910678,0.0274911027503275,0.00151173045537803,0.00509996273517097,0.0952,476,0,0.0952,0,476,0,1,0,-0.000752992829334406,0.00790958854342863,0.00790958854342863,1,1
slope_bias,5,0.5,compressed,0.966537108400913,0.966537108400913,0.965784115571579,-0.000752992829334387,0.1576,0.1576,0.0624,1,0,1,0,0.0106633968925188,0.000941686326910678,0.0133951665801498,0.00151173045537803,0.0101999254703419,0.0952,476,0,0.0952,0,476,0,1,0,-0.000752992829334406,0.00790958854342863,0.00790958854342863,1,1
slope_bias,5,0.75,compressed,0.966537108400913,0.966537108400913,0.965784115571579,-0.000752992829334387,0.1576,0.1576,0.0624,1,0,1,0,0.00266584922312971,0.000941686326910678,0.00452497108143919,0.00151173045537803,0.0152998882055129,0.0952,476,0,0.0952,0,476,0,1,0,-0.000752992829334406,0.00790958854342863,0.00790958854342863,1,1
slope_bias,5,1,identity_scale,0.966537108400913,0.966537108400913,0.965784115571579,-0.000752992829334387,0.1576,0.1576,0.0624,1,0,1,0,0,0.000941686326910678,0.000880516254195772,0.00151173045537803,0.0203998509406839,0.0952,476,0,0.0952,0,476,0,1,0,-0.000752992829334406,0.00790958854342863,0.00790958854342863,1,1
slope_bias,5,1.25,expanded,0.966537108400913,0.966537108400913,0.965784115571579,-0.000752992829334387,0.1576,0.1576,0.0624,1,0,1,0,0.00266584922312971,0.000941686326910678,0.00246180209841953,0.00151173045537803,0.0254998136758548,0.0952,476,0,0.0952,0,476,0,1,0,-0.000752992829334406,0.00790958854342863,0.00790958854342863,1,1
slope_bias,5,1.5,expanded,0.966537108400913,0.966537108400913,0.965784115571579,-0.000752992829334387,0.1576,0.1576,0.0624,1,0,1,0,0.0106633968925188,0.000941686326910678,0.00926882861411045,0.00151173045537803,0.0305997764110258,0.0952,476,0,0.0952,0,476,0,1,0,-0.000752992829334406,0.00790958854342863,0.00790958854342863,1,1
slope_bias,5,2,expanded,0.966537108400913,0.966537108400913,0.965784115571579,-0.000752992829334387,0.1576,0.1576,0.0624,1,0,1,0,0.0426535875700753,0.000941686326910678,0.0385601036598938,0.00151173045537803,0.0407997018813677,0.0952,476,0,0.0952,0,476,0,1,0,-0.000752992829334406,0.00790958854342863,0.00790958854342863,1,1
slope_bias,6,0.25,compressed,0.966202478628561,0.966202478628561,0.965187996966553,-0.0010144816620079,0.1624,0.1624,0.051,1,0,1,0,0.0255002300497445,0.000746731033298838,0.0243132958774749,0.00123926323120811,0.0057173382965478,0.1114,557,0,0.1114,0,557,0,1,0,-0.00101448166200792,0.00910665764818598,0.00910665764818598,1,1
slope_bias,6,0.5,compressed,0.966202478628561,0.966202478628561,0.965187996966553,-0.0010144816620079,0.1624,0.1624,0.051,1,0,1,0,0.0113334355776642,0.000746731033298838,0.0108343321516734,0.00123926323120811,0.0114346765930956,0.1114,557,0,0.1114,0,557,0,1,0,-0.00101448166200792,0.00910665764818598,0.00910665764818598,1,1
slope_bias,6,0.75,compressed,0.966202478628561,0.966202478628561,0.965187996966553,-0.0010144816620079,0.1624,0.1624,0.051,1,0,1,0,0.00283335889441605,0.000746731033298838,0.00291695968791163,0.00123926323120811,0.0171520148896434,0.1114,557,0,0.1114,0,557,0,1,0,-0.00101448166200792,0.00910665764818598,0.00910665764818598,1,1
slope_bias,6,1,identity_scale,0.966202478628561,0.966202478628561,0.965187996966553,-0.0010144816620079,0.1624,0.1624,0.051,1,0,1,0,0,0.000746731033298838,0.000561178486189588,0.00123926323120811,0.0228693531861912,0.1114,557,0,0.1114,0,557,0,1,0,-0.00101448166200792,0.00910665764818598,0.00910665764818598,1,1
slope_bias,6,1.25,expanded,0.966202478628561,0.966202478628561,0.965187996966553,-0.0010144816620079,0.1624,0.1624,0.051,1,0,1,0,0.00283335889441605,0.000746731033298838,0.00376698854650726,0.00123926323120811,0.028586691482739,0.1114,557,0,0.1114,0,557,0,1,0,-0.00101448166200792,0.00910665764818598,0.00910665764818598,1,1
slope_bias,6,1.5,expanded,0.966202478628561,0.966202478628561,0.965187996966553,-0.0010144816620079,0.1624,0.1624,0.051,1,0,1,0,0.0113334355776642,0.000746731033298838,0.0125343898688647,0.00123926323120811,0.0343040297792868,0.1114,557,0,0.1114,0,557,0,1,0,-0.00101448166200792,0.00910665764818598,0.00910665764818598,1,1
slope_bias,6,2,expanded,0.966202478628561,0.966202478628561,0.965187996966553,-0.0010144816620079,0.1624,0.1624,0.051,1,0,1,0,0.0453337423106568,0.000746731033298838,0.0467539662996986,0.00123926323120811,0.0457387063723824,0.1114,557,0,0.1114,0,557,0,1,0,-0.00101448166200792,0.00910665764818598,0.00910665764818598,1,1
slope_bias,7,0.25,compressed,0.963903709974024,0.963903709974024,0.963837318119896,-6.6391854127601e-05,0.1606,0.1606,0.1906,1,0,0.842602308499475,0.157397691500525,0.0246623926549084,0.000958484978093638,0.0263948673795248,0.000886239536514583,-0.00105240545956864,0.03,150,0,0.03,0,150,0,1,0,-6.63918541275196e-05,-0.00221306180425065,0.00221306180425065,1,1
slope_bias,7,0.5,compressed,0.963903709974024,0.963903709974024,0.963837318119896,-6.6391854127601e-05,0.1606,0.1606,0.1906,1,0,0.842602308499475,0.157397691500525,0.0109610634021815,0.000958484978093638,0.0123696468814028,0.000886239536514583,-0.00210481091913728,0.03,150,0,0.03,0,150,0,1,0,-6.63918541275196e-05,-0.00221306180425065,0.00221306180425065,1,1
slope_bias,7,0.75,compressed,0.963903709974024,0.963903709974024,0.963837318119896,-6.6391854127601e-05,0.1606,0.1606,0.1906,1,0,0.842602308499475,0.157397691500525,0.00274026585054538,0.000958484978093638,0.00371923801293408,0.000886239536514583,-0.00315721637870592,0.03,150,0,0.03,0,150,0,1,0,-6.63918541275196e-05,-0.00221306180425065,0.00221306180425065,1,1
slope_bias,7,1,identity_scale,0.963903709974024,0.963903709974024,0.963837318119896,-6.6391854127601e-05,0.1606,0.1606,0.1906,1,0,0.842602308499475,0.157397691500525,0,0.000958484978093638,0.000443640774118676,0.000886239536514583,-0.00420962183827456,0.03,150,0,0.03,0,150,0,1,0,-6.63918541275196e-05,-0.00221306180425065,0.00221306180425065,1,1
slope_bias,7,1.25,expanded,0.963903709974024,0.963903709974024,0.963837318119896,-6.6391854127601e-05,0.1606,0.1606,0.1906,1,0,0.842602308499475,0.157397691500525,0.00274026585054538,0.000958484978093638,0.00254285516495659,0.000886239536514583,-0.0052620272978432,0.03,150,0,0.03,0,150,0,1,0,-6.63918541275196e-05,-0.00221306180425065,0.00221306180425065,1,1
slope_bias,7,1.5,expanded,0.963903709974024,0.963903709974024,0.963837318119896,-6.6391854127601e-05,0.1606,0.1606,0.1906,1,0,0.842602308499475,0.157397691500525,0.0109610634021815,0.000958484978093638,0.0100168811854478,0.000886239536514583,-0.00631443275741184,0.03,150,0,0.03,0,150,0,1,0,-6.63918541275196e-05,-0.00221306180425065,0.00221306180425065,1,1
slope_bias,7,2,expanded,0.963903709974024,0.963903709974024,0.963837318119896,-6.6391854127601e-05,0.1606,0.1606,0.1906,1,0,0.842602308499475,0.157397691500525,0.043844253608726,0.000958484978093638,0.0410893681153902,0.000886239536514583,-0.00841924367654912,0.03,150,0,0.03,0,150,0,1,0,-6.63918541275196e-05,-0.00221306180425065,0.00221306180425065,1,1
slope_bias,8,0.25,compressed,0.964632497323796,0.964632497323796,0.964083535067466,-0.000548962256330277,0.1614,0.1614,0.2546,1,0,0.633935585231736,0.366064414768264,0.0236905611111991,0.000768418610205212,0.0185815842731262,0.000112848540186942,-0.00298104109477687,0.0932,466,0,0.0932,0,466,0,1,0,-0.000548962256330265,-0.00589015296491701,0.00589015296491701,1,1
slope_bias,8,0.5,compressed,0.964632497323796,0.964632497323796,0.964083535067466,-0.000548962256330277,0.1614,0.1614,0.2546,1,0,0.633935585231736,0.366064414768264,0.010529138271644,0.000768418610205212,0.00750277967923549,0.000112848540186942,-0.00596208218955374,0.0932,466,0,0.0932,0,466,0,1,0,-0.000548962256330265,-0.00589015296491701,0.00589015296491701,1,1
slope_bias,8,0.75,compressed,0.964632497323796,0.964632497323796,0.964083535067466,-0.000548962256330277,0.1614,0.1614,0.2546,1,0,0.633935585231736,0.366064414768264,0.00263228456791101,0.000768418610205212,0.00158496664528162,0.000112848540186942,-0.00894312328433061,0.0932,466,0,0.0932,0,466,0,1,0,-0.000548962256330265,-0.00589015296491701,0.00589015296491701,1,1
slope_bias,8,1,identity_scale,0.964632497323796,0.964632497323796,0.964083535067466,-0.000548962256330277,0.1614,0.1614,0.2546,1,0,0.633935585231736,0.366064414768264,0,0.000768418610205212,0.000828145171264618,0.000112848540186942,-0.0119241643791075,0.0932,466,0,0.0932,0,466,0,1,0,-0.000548962256330265,-0.00589015296491701,0.00589015296491701,1,1
slope_bias,8,1.25,expanded,0.964632497323796,0.964632497323796,0.964083535067466,-0.000548962256330277,0.1614,0.1614,0.2546,1,0,0.633935585231736,0.366064414768264,0.00263228456791101,0.000768418610205212,0.00523231525718448,0.000112848540186942,-0.0149052054738844,0.0932,466,0,0.0932,0,466,0,1,0,-0.000548962256330265,-0.00589015296491701,0.00589015296491701,1,1
slope_bias,8,1.5,expanded,0.964632497323796,0.964632497323796,0.964083535067466,-0.000548962256330277,0.1614,0.1614,0.2546,1,0,0.633935585231736,0.366064414768264,0.010529138271644,0.000768418610205212,0.0147974769030412,0.000112848540186942,-0.0178862465686612,0.0932,466,0,0.0932,0,466,0,1,0,-0.000548962256330265,-0.00589015296491701,0.00589015296491701,1,1
slope_bias,8,2,expanded,0.964632497323796,0.964632497323796,0.964083535067466,-0.000548962256330277,0.1614,0.1614,0.2546,1,0,0.633935585231736,0.366064414768264,0.0421165530865761,0.000768418610205212,0.0494107748745652,0.000112848540186942,-0.023848328758215,0.0932,466,0,0.0932,0,466,0,1,0,-0.000548962256330265,-0.00589015296491701,0.00589015296491701,1,1
slope_bias,9,0.25,compressed,0.965932642117405,0.965932642117405,0.96491674700659,-0.00101589511081479,0.1612,0.1612,0.0552,1,0,1,0,0.024849035631748,0.00103845656441429,0.0242431945843051,0.000613912094881535,0.00634541866844957,0.106,530,0,0.106,0,530,0,1,0,-0.00101589511081478,0.00958391613976212,0.00958391613976212,1,1
slope_bias,9,0.5,compressed,0.965932642117405,0.965932642117405,0.96491674700659,-0.00101589511081479,0.1612,0.1612,0.0552,1,0,1,0,0.0110440158363324,0.00103845656441429,0.0108598954016182,0.000613912094881535,0.0126908373368991,0.106,530,0,0.106,0,530,0,1,0,-0.00101589511081478,0.00958391613976212,0.00958391613976212,1,1
slope_bias,9,0.75,compressed,0.965932642117405,0.965932642117405,0.96491674700659,-0.00101589511081479,0.1612,0.1612,0.0552,1,0,1,0,0.00276100395908311,0.00103845656441429,0.00288878675896249,0.000613912094881535,0.0190362560053487,0.106,530,0,0.106,0,530,0,1,0,-0.00101589511081478,0.00958391613976212,0.00958391613976212,1,1
slope_bias,9,1,identity_scale,0.965932642117405,0.965932642117405,0.96491674700659,-0.00101589511081479,0.1612,0.1612,0.0552,1,0,1,0,0,0.00103845656441429,0.000329868656338103,0.000613912094881535,0.0253816746737983,0.106,530,0,0.106,0,530,0,1,0,-0.00101589511081478,0.00958391613976212,0.00958391613976212,1,1
slope_bias,9,1.25,expanded,0.965932642117405,0.965932642117405,0.96491674700659,-0.00101589511081479,0.1612,0.1612,0.0552,1,0,1,0,0.00276100395908311,0.00103845656441429,0.003183141093745,0.000613912094881535,0.0317270933422478,0.106,530,0,0.106,0,530,0,1,0,-0.00101589511081478,0.00958391613976212,0.00958391613976212,1,1
slope_bias,9,1.5,expanded,0.965932642117405,0.965932642117405,0.96491674700659,-0.00101589511081479,0.1612,0.1612,0.0552,1,0,1,0,0.0110440158363324,0.00103845656441429,0.0114486040711832,0.000613912094881535,0.0380725120106974,0.106,530,0,0.106,0,530,0,1,0,-0.00101589511081478,0.00958391613976212,0.00958391613976212,1,1
slope_bias,9,2,expanded,0.965932642117405,0.965932642117405,0.96491674700659,-0.00101589511081479,0.1612,0.1612,0.0552,1,0,1,0,0.0441760633453297,0.00103845656441429,0.0442161016461534,0.000613912094881535,0.0507633493475965,0.106,530,0,0.106,0,530,0,1,0,-0.00101589511081478,0.00958391613976212,0.00958391613976212,1,1
slope_bias,10,0.25,compressed,0.966616298926365,0.966616298926365,0.966122213253051,-0.000494085673314326,0.1682,0.1682,0.2576,1,0,0.652950310559006,0.347049689440994,0.0234627633378588,0.000949275661816183,0.0254670456307814,0.000655530449284599,-0.00284718754054045,0.0894,447,0,0.0894,0,447,0,1,0,-0.000494085673314254,-0.00552668538382834,0.00552668538382834,1,1
slope_bias,10,0.5,compressed,0.966616298926365,0.966616298926365,0.966122213253051,-0.000494085673314326,0.1682,0.1682,0.2576,1,0,0.652950310559006,0.347049689440994,0.0104278948168261,0.000949275661816183,0.0120288275805409,0.000655530449284599,-0.00569437508108089,0.0894,447,0,0.0894,0,447,0,1,0,-0.000494085673314254,-0.00552668538382834,0.00552668538382834,1,1
slope_bias,10,0.75,compressed,0.966616298926365,0.966616298926365,0.966122213253051,-0.000494085673314326,0.1682,0.1682,0.2576,1,0,0.652950310559006,0.347049689440994,0.00260697370420653,0.000949275661816183,0.00369231412278305,0.000655530449284599,-0.00854156262162134,0.0894,447,0,0.0894,0,447,0,1,0,-0.000494085673314254,-0.00552668538382834,0.00552668538382834,1,1
slope_bias,10,1,identity_scale,0.966616298926365,0.966616298926365,0.966122213253051,-0.000494085673314326,0.1682,0.1682,0.2576,1,0,0.652950310559006,0.347049689440994,0,0.000949275661816183,0.000457505257507752,0.000655530449284599,-0.0113887501621618,0.0894,447,0,0.0894,0,447,0,1,0,-0.000494085673314254,-0.00552668538382834,0.00552668538382834,1,1
slope_bias,10,1.25,expanded,0.966616298926365,0.966616298926365,0.966122213253051,-0.000494085673314326,0.1682,0.1682,0.2576,1,0,0.652950310559006,0.347049689440994,0.00260697370420653,0.000949275661816183,0.00232440098471505,0.000655530449284599,-0.0142359377027022,0.0894,447,0,0.0894,0,447,0,1,0,-0.000494085673314254,-0.00552668538382834,0.00552668538382834,1,1
slope_bias,10,1.5,expanded,0.966616298926365,0.966616298926365,0.966122213253051,-0.000494085673314326,0.1682,0.1682,0.2576,1,0,0.652950310559006,0.347049689440994,0.0104278948168261,0.000949275661816183,0.00929300130440494,0.000655530449284599,-0.0170831252432427,0.0894,447,0,0.0894,0,447,0,1,0,-0.000494085673314254,-0.00552668538382834,0.00552668538382834,1,1
slope_bias,10,2,expanded,0.966616298926365,0.966616298926365,0.966122213253051,-0.000494085673314326,0.1682,0.1682,0.2576,1,0,0.652950310559006,0.347049689440994,0.0417115792673045,0.000949275661816183,0.0385353157212325,0.000655530449284599,-0.0227775003243236,0.0894,447,0,0.0894,0,447,0,1,0,-0.000494085673314254,-0.00552668538382834,0.00552668538382834,1,1
slope_bias,11,0.25,compressed,0.965366634145338,0.965366634145338,0.963873676351064,-0.00149295779427405,0.156,0.156,0.0344,1,0,1,0,0.0251348044883342,0.00137888999867576,0.02738724512963,0.000398930523281018,0.00849948266621511,0.1216,608,0,0.1216,0,608,0,1,0,-0.00149295779427408,0.012277613439754,0.012277613439754,1,1
slope_bias,11,0.5,compressed,0.965366634145338,0.965366634145338,0.963873676351064,-0.00149295779427405,0.156,0.156,0.0344,1,0,1,0,0.0111710242170374,0.00137888999867576,0.0129066061854934,0.000398930523281018,0.0169989653324302,0.1216,608,0,0.1216,0,608,0,1,0,-0.00149295779427408,0.012277613439754,0.012277613439754,1,1
slope_bias,11,0.75,compressed,0.965366634145338,0.965366634145338,0.963873676351064,-0.00149295779427405,0.156,0.156,0.0344,1,0,1,0,0.00279275605425936,0.00137888999867576,0.00391388729212738,0.000398930523281018,0.0254984479986453,0.1216,608,0,0.1216,0,608,0,1,0,-0.00149295779427408,0.012277613439754,0.012277613439754,1,1
slope_bias,11,1,identity_scale,0.965366634145338,0.965366634145338,0.963873676351064,-0.00149295779427405,0.156,0.156,0.0344,1,0,1,0,0,0.00137888999867576,0.000409088449531888,0.000398930523281018,0.0339979306648605,0.1216,608,0,0.1216,0,608,0,1,0,-0.00149295779427408,0.012277613439754,0.012277613439754,1,1
slope_bias,11,1.25,expanded,0.965366634145338,0.965366634145338,0.963873676351064,-0.00149295779427405,0.156,0.156,0.0344,1,0,1,0,0.00279275605425936,0.00137888999867576,0.00239220965770692,0.000398930523281018,0.0424974133310756,0.1216,608,0,0.1216,0,608,0,1,0,-0.00149295779427408,0.012277613439754,0.012277613439754,1,1
slope_bias,11,1.5,expanded,0.965366634145338,0.965366634145338,0.963873676351064,-0.00149295779427405,0.156,0.156,0.0344,1,0,1,0,0.0111710242170374,0.00137888999867576,0.00986325091665247,0.000398930523281018,0.0509968959972907,0.1216,608,0,0.1216,0,608,0,1,0,-0.00149295779427408,0.012277613439754,0.012277613439754,1,1
slope_bias,11,2,expanded,0.965366634145338,0.965366634145338,0.963873676351064,-0.00149295779427405,0.156,0.156,0.0344,1,0,1,0,0.0446840968681498,0.00137888999867576,0.0412690935868551,0.000398930523281018,0.0679958613297209,0.1216,608,0,0.1216,0,608,0,1,0,-0.00149295779427408,0.012277613439754,0.012277613439754,1,1
slope_bias,12,0.25,compressed,0.965259074520198,0.965259074520198,0.964918008956297,-0.000341065563901122,0.1578,0.1578,0.0894,1,0,1,0,0.0247592633232192,0.00177630298486051,0.0258380279543366,0.000938257326787018,0.0028651414890605,0.0684,342,0,0.0684,0,342,0,1,0,-0.00034106556390117,0.00498633865352588,0.00498633865352588,1,1
slope_bias,12,0.5,compressed,0.965259074520198,0.965259074520198,0.964918008956297,-0.000341065563901122,0.1578,0.1578,0.0894,1,0,1,0,0.0110041170325419,0.00177630298486051,0.0119634943408307,0.000938257326787018,0.005730282978121,0.0684,342,0,0.0684,0,342,0,1,0,-0.00034106556390117,0.00498633865352588,0.00498633865352588,1,1
slope_bias,12,0.75,compressed,0.965259074520198,0.965259074520198,0.964918008956297,-0.000341065563901122,0.1578,0.1578,0.0894,1,0,1,0,0.00275102925813547,0.00177630298486051,0.00348832179932794,0.000938257326787018,0.00859542446718151,0.0684,342,0,0.0684,0,342,0,1,0,-0.00034106556390117,0.00498633865352588,0.00498633865352588,1,1
slope_bias,12,1,identity_scale,0.965259074520198,0.965259074520198,0.964918008956297,-0.000341065563901122,0.1578,0.1578,0.0894,1,0,1,0,0,0.00177630298486051,0.000412510329828435,0.000938257326787018,0.011460565956242,0.0684,342,0,0.0684,0,342,0,1,0,-0.00034106556390117,0.00498633865352588,0.00498633865352588,1,1
slope_bias,12,1.25,expanded,0.965259074520198,0.965259074520198,0.964918008956297,-0.000341065563901122,0.1578,0.1578,0.0894,1,0,1,0,0.00275102925813547,0.00177630298486051,0.00273605993233217,0.000938257326787018,0.0143257074453025,0.0684,342,0,0.0684,0,342,0,1,0,-0.00034106556390117,0.00498633865352588,0.00498633865352588,1,1
slope_bias,12,1.5,expanded,0.965259074520198,0.965259074520198,0.964918008956297,-0.000341065563901122,0.1578,0.1578,0.0894,1,0,1,0,0.0110041170325419,0.00177630298486051,0.0104589706068391,0.000938257326787018,0.017190848934363,0.0684,342,0,0.0684,0,342,0,1,0,-0.00034106556390117,0.00498633865352588,0.00498633865352588,1,1
slope_bias,12,2,expanded,0.965259074520198,0.965259074520198,0.964918008956297,-0.000341065563901122,0.1578,0.1578,0.0894,1,0,1,0,0.0440164681301675,0.00177630298486051,0.0421028751718628,0.000938257326787018,0.022921131912484,0.0684,342,0,0.0684,0,342,0,1,0,-0.00034106556390117,0.00498633865352588,0.00498633865352588,1,1
slope_bias,13,0.25,compressed,0.965906186422327,0.965906186422327,0.965323540832169,-0.00058264559015786,0.1484,0.1484,0.246,1,0,0.603252032520325,0.396747967479675,0.0252372879095852,0.00102552885162227,0.0184473105409199,0.00100258300489798,-0.00292603747837947,0.0976,488,0,0.0976,0,488,0,1,0,-0.000582645590157926,-0.0059697294073558,0.0059697294073558,1,1
slope_bias,13,0.5,compressed,0.965906186422327,0.965906186422327,0.965323540832169,-0.00058264559015786,0.1484,0.1484,0.246,1,0,0.603252032520325,0.396747967479675,0.0112165724042601,0.00102552885162227,0.00725222344370022,0.00100258300489798,-0.00585207495675894,0.0976,488,0,0.0976,0,488,0,1,0,-0.000582645590157926,-0.0059697294073558,0.0059697294073558,1,1
slope_bias,13,0.75,compressed,0.965906186422327,0.965906186422327,0.965323540832169,-0.00058264559015786,0.1484,0.1484,0.246,1,0,0.603252032520325,0.396747967479675,0.00280414310106502,0.00102552885162227,0.00156068665323636,0.00100258300489798,-0.0087781124351384,0.0976,488,0,0.0976,0,488,0,1,0,-0.000582645590157926,-0.0059697294073558,0.0059697294073558,1,1
slope_bias,13,1,identity_scale,0.965906186422327,0.965906186422327,0.965323540832169,-0.00058264559015786,0.1484,0.1484,0.246,1,0,0.603252032520325,0.396747967479675,0,0.00102552885162227,0.00137270016952833,0.00100258300489798,-0.0117041499135179,0.0976,488,0,0.0976,0,488,0,1,0,-0.000582645590157926,-0.0059697294073558,0.0059697294073558,1,1
slope_bias,13,1.25,expanded,0.965906186422327,0.965906186422327,0.965323540832169,-0.00058264559015786,0.1484,0.1484,0.246,1,0,0.603252032520325,0.396747967479675,0.00280414310106502,0.00102552885162227,0.00668826399257615,0.00100258300489798,-0.0146301873918973,0.0976,488,0,0.0976,0,488,0,1,0,-0.000582645590157926,-0.0059697294073558,0.0059697294073558,1,1
slope_bias,13,1.5,expanded,0.965906186422327,0.965906186422327,0.965323540832169,-0.00058264559015786,0.1484,0.1484,0.246,1,0,0.603252032520325,0.396747967479675,0.0112165724042601,0.00102552885162227,0.0175073781223798,0.00100258300489798,-0.0175562248702768,0.0976,488,0,0.0976,0,488,0,1,0,-0.000582645590157926,-0.0059697294073558,0.0059697294073558,1,1
slope_bias,13,2,expanded,0.965906186422327,0.965906186422327,0.965323540832169,-0.00058264559015786,0.1484,0.1484,0.246,1,0,0.603252032520325,0.396747967479675,0.0448662896170404,0.00102552885162227,0.0556562573022546,0.00100258300489798,-0.0234082998270357,0.0976,488,0,0.0976,0,488,0,1,0,-0.000582645590157926,-0.0059697294073558,0.0059697294073558,1,1
slope_bias,14,0.25,compressed,0.966254707479642,0.966254707479642,0.964537733277091,-0.00171697420255046,0.1596,0.1596,0.0328,1,0,1,0,0.024025096505375,0.0011961928346285,0.0197361439439245,0.0010940141984127,0.00985313557614847,0.1268,634,0,0.1268,0,634,0,1,0,-0.00171697420255041,0.0135408060138045,0.0135408060138045,1,1
slope_bias,14,0.5,compressed,0.966254707479642,0.966254707479642,0.964537733277091,-0.00171697420255046,0.1596,0.1596,0.0328,1,0,1,0,0.0106778206690556,0.0011961928346285,0.00803117078384157,0.0010940141984127,0.019706271152297,0.1268,634,0,0.1268,0,634,0,1,0,-0.00171697420255041,0.0135408060138045,0.0135408060138045,1,1
slope_bias,14,0.75,compressed,0.966254707479642,0.966254707479642,0.964537733277091,-0.00171697420255046,0.1596,0.1596,0.0328,1,0,1,0,0.00266945516726389,0.0011961928346285,0.0015552986580721,0.0010940141984127,0.0295594067284454,0.1268,634,0,0.1268,0,634,0,1,0,-0.00171697420255041,0.0135408060138045,0.0135408060138045,1,1
slope_bias,14,1,identity_scale,0.966254707479642,0.966254707479642,0.964537733277091,-0.00171697420255046,0.1596,0.1596,0.0328,1,0,1,0,0,0.0011961928346285,0.000308527566616111,0.0010940141984127,0.0394125423045939,0.1268,634,0,0.1268,0,634,0,1,0,-0.00171697420255041,0.0135408060138045,0.0135408060138045,1,1
slope_bias,14,1.25,expanded,0.966254707479642,0.966254707479642,0.964537733277091,-0.00171697420255046,0.1596,0.1596,0.0328,1,0,1,0,0.00266945516726389,0.0011961928346285,0.0042908575094736,0.0010940141984127,0.0492656778807424,0.1268,634,0,0.1268,0,634,0,1,0,-0.00171697420255041,0.0135408060138045,0.0135408060138045,1,1
slope_bias,14,1.5,expanded,0.966254707479642,0.966254707479642,0.964537733277091,-0.00171697420255046,0.1596,0.1596,0.0328,1,0,1,0,0.0106778206690556,0.0011961928346285,0.0135022884866446,0.0010940141984127,0.0591188134568909,0.1268,634,0,0.1268,0,634,0,1,0,-0.00171697420255041,0.0135408060138045,0.0135408060138045,1,1
slope_bias,14,2,expanded,0.966254707479642,0.966254707479642,0.964537733277091,-0.00171697420255046,0.1596,0.1596,0.0328,1,0,1,0,0.0427112826762223,0.0011961928346285,0.0476124535439269,0.0010940141984127,0.0788250846091878,0.1268,634,0,0.1268,0,634,0,1,0,-0.00171697420255041,0.0135408060138045,0.0135408060138045,1,1
slope_bias,15,0.25,compressed,0.964966965921475,0.964966965921475,0.962491178241864,-0.00247578767961143,0.1564,0.1564,0.352,1,0,0.444318181818182,0.555681818181818,0.0241034906287888,0.00113070429518397,0.0262745774521799,0.00134963382230516,-0.00631368486044961,0.1956,978,0,0.1956,0,978,0,1,0,-0.00247578767961148,-0.0126574012250076,0.0126574012250076,1,1
slope_bias,15,0.5,compressed,0.964966965921475,0.964966965921475,0.962491178241864,-0.00247578767961143,0.1564,0.1564,0.352,1,0,0.444318181818182,0.555681818181818,0.0107126625016839,0.00113070429518397,0.0124987151403866,0.00134963382230516,-0.0126273697208992,0.1956,978,0,0.1956,0,978,0,1,0,-0.00247578767961148,-0.0126574012250076,0.0126574012250076,1,1
slope_bias,15,0.75,compressed,0.964966965921475,0.964966965921475,0.962491178241864,-0.00247578767961143,0.1564,0.1564,0.352,1,0,0.444318181818182,0.555681818181818,0.00267816562542097,0.00113070429518397,0.00396944922121315,0.00134963382230516,-0.0189410545813488,0.1956,978,0,0.1956,0,978,0,1,0,-0.00247578767961148,-0.0126574012250076,0.0126574012250076,1,1
slope_bias,15,1,identity_scale,0.964966965921475,0.964966965921475,0.962491178241864,-0.00247578767961143,0.1564,0.1564,0.352,1,0,0.444318181818182,0.555681818181818,0,0.00113070429518397,0.000686779694659646,0.00134963382230516,-0.0252547394417985,0.1956,978,0,0.1956,0,978,0,1,0,-0.00247578767961148,-0.0126574012250076,0.0126574012250076,1,1
slope_bias,15,1.25,expanded,0.964966965921475,0.964966965921475,0.962491178241864,-0.00247578767961143,0.1564,0.1564,0.352,1,0,0.444318181818182,0.555681818181818,0.00267816562542097,0.00113070429518397,0.00265070656072605,0.00134963382230516,-0.0315684243022481,0.1956,978,0,0.1956,0,978,0,1,0,-0.00247578767961148,-0.0126574012250076,0.0126574012250076,1,1
slope_bias,15,1.5,expanded,0.964966965921475,0.964966965921475,0.962491178241864,-0.00247578767961143,0.1564,0.1564,0.352,1,0,0.444318181818182,0.555681818181818,0.0107126625016839,0.00113070429518397,0.00986122981941238,0.00134963382230516,-0.0378821091626977,0.1956,978,0,0.1956,0,978,0,1,0,-0.00247578767961148,-0.0126574012250076,0.0126574012250076,1,1
slope_bias,15,2,expanded,0.964966965921475,0.964966965921475,0.962491178241864,-0.00247578767961143,0.1564,0.1564,0.352,1,0,0.444318181818182,0.555681818181818,0.0428506500067356,0.00113070429518397,0.0400220655146448,0.00134963382230516,-0.0505094788835969,0.1956,978,0,0.1956,0,978,0,1,0,-0.00247578767961148,-0.0126574012250076,0.0126574012250076,1,1
slope_bias,16,0.25,compressed,0.964774111927394,0.964774111927394,0.964304598002209,-0.000469513925185239,0.1562,0.1562,0.2386,1,0,0.654652137468567,0.345347862531433,0.0243528901841335,0.000985809645504138,0.0247347357245662,0.00105311240917291,-0.00286827156757419,0.0824,412,0,0.0824,0,412,0,1,0,-0.000469513925185263,-0.00569798452894737,0.00569798452894737,1,1
slope_bias,16,0.5,compressed,0.964774111927394,0.964774111927394,0.964304598002209,-0.000469513925185239,0.1562,0.1562,0.2386,1,0,0.654652137468567,0.345347862531433,0.0108235067485038,0.000985809645504138,0.0113818579102833,0.00105311240917291,-0.00573654313514838,0.0824,412,0,0.0824,0,412,0,1,0,-0.000469513925185263,-0.00569798452894737,0.00569798452894737,1,1
slope_bias,16,0.75,compressed,0.964774111927394,0.964774111927394,0.964304598002209,-0.000469513925185239,0.1562,0.1562,0.2386,1,0,0.654652137468567,0.345347862531433,0.00270587668712595,0.000985809645504138,0.00334384994974165,0.00105311240917291,-0.00860481470272256,0.0824,412,0,0.0824,0,412,0,1,0,-0.000469513925185263,-0.00569798452894737,0.00569798452894737,1,1
slope_bias,16,1,identity_scale,0.964774111927394,0.964774111927394,0.964304598002209,-0.000469513925185239,0.1562,0.1562,0.2386,1,0,0.654652137468567,0.345347862531433,0,0.000985809645504138,0.000620711842941392,0.00105311240917291,-0.0114730862702968,0.0824,412,0,0.0824,0,412,0,1,0,-0.000469513925185263,-0.00569798452894737,0.00569798452894737,1,1
slope_bias,16,1.25,expanded,0.964774111927394,0.964774111927394,0.964304598002209,-0.000469513925185239,0.1562,0.1562,0.2386,1,0,0.654652137468567,0.345347862531433,0.00270587668712595,0.000985809645504138,0.0032124435898825,0.00105311240917291,-0.0143413578378709,0.0824,412,0,0.0824,0,412,0,1,0,-0.000469513925185263,-0.00569798452894737,0.00569798452894737,1,1
slope_bias,16,1.5,expanded,0.964774111927394,0.964774111927394,0.964304598002209,-0.000469513925185239,0.1562,0.1562,0.2386,1,0,0.654652137468567,0.345347862531433,0.0108235067485038,0.000985809645504138,0.011119045190565,0.00105311240917291,-0.0172096294054451,0.0824,412,0,0.0824,0,412,0,1,0,-0.000469513925185263,-0.00569798452894737,0.00569798452894737,1,1
slope_bias,16,2,expanded,0.964774111927394,0.964774111927394,0.964304598002209,-0.000469513925185239,0.1562,0.1562,0.2386,1,0,0.654652137468567,0.345347862531433,0.0432940269940151,0.000985809645504138,0.042876857953154,0.00105311240917291,-0.0229461725405935,0.0824,412,0,0.0824,0,412,0,1,0,-0.000469513925185263,-0.00569798452894737,0.00569798452894737,1,1
slope_bias,17,0.25,compressed,0.965537109652753,0.965537109652753,0.965526898089279,-1.02115634738054e-05,0.1638,0.1638,0.149,1,0,1,0,0.0261480288552559,0.00383232686202137,0.0216704238051156,0.00200901728417401,0.000401109736594962,0.0148,74,0,0.0148,0,74,0,1,0,-1.02115634737598e-05,0.00068997050498377,0.00068997050498377,1,1
slope_bias,17,0.5,compressed,0.965537109652753,0.965537109652753,0.965526898089279,-1.02115634738054e-05,0.1638,0.1638,0.149,1,0,1,0,0.0116213461578915,0.00383232686202137,0.00904896493299408,0.00200901728417401,0.000802219473189925,0.0148,74,0,0.0148,0,74,0,1,0,-1.02115634737598e-05,0.00068997050498377,0.00068997050498377,1,1
slope_bias,17,0.75,compressed,0.965537109652753,0.965537109652753,0.965526898089279,-1.02115634738054e-05,0.1638,0.1638,0.149,1,0,1,0,0.00290533653947288,0.00383232686202137,0.00213257750063751,0.00200901728417401,0.00120332920978489,0.0148,74,0,0.0148,0,74,0,1,0,-1.02115634737598e-05,0.00068997050498377,0.00068997050498377,1,1
slope_bias,17,1,identity_scale,0.965537109652753,0.965537109652753,0.965526898089279,-1.02115634738054e-05,0.1638,0.1638,0.149,1,0,1,0,0,0.00383232686202137,0.000921261508045928,0.00200901728417401,0.00160443894637985,0.0148,74,0,0.0148,0,74,0,1,0,-1.02115634737598e-05,0.00068997050498377,0.00068997050498377,1,1
slope_bias,17,1.25,expanded,0.965537109652753,0.965537109652753,0.965526898089279,-1.02115634738054e-05,0.1638,0.1638,0.149,1,0,1,0,0.00290533653947288,0.00383232686202137,0.00541501695521933,0.00200901728417401,0.00200554868297481,0.0148,74,0,0.0148,0,74,0,1,0,-1.02115634737598e-05,0.00068997050498377,0.00068997050498377,1,1
slope_bias,17,1.5,expanded,0.965537109652753,0.965537109652753,0.965526898089279,-1.02115634738054e-05,0.1638,0.1638,0.149,1,0,1,0,0.0116213461578915,0.00383232686202137,0.0156138438421577,0.00200901728417401,0.00240665841956977,0.0148,74,0,0.0148,0,74,0,1,0,-1.02115634737598e-05,0.00068997050498377,0.00068997050498377,1,1
slope_bias,17,2,expanded,0.965537109652753,0.965537109652753,0.965526898089279,-1.02115634738054e-05,0.1638,0.1638,0.149,1,0,1,0,0.046485384631566,0.00383232686202137,0.0531267119353294,0.00200901728417401,0.0032088778927597,0.0148,74,0,0.0148,0,74,0,1,0,-1.02115634737598e-05,0.00068997050498377,0.00068997050498377,1,1
slope_bias,18,0.25,compressed,0.964840483934138,0.964840483934138,0.964840161395195,-3.22538942887363e-07,0.1648,0.1648,0.1626,1,0,1,0,0.0258656343370102,0.00218026945984774,0.0260287015320623,0.0011663874276864,7.08450598060351e-05,0.0022,11,0,0.0022,0,11,0,1,0,-3.22538942881034e-07,0.00014660861040047,0.00014660861040047,1,1
slope_bias,18,0.5,compressed,0.964840483934138,0.964840483934138,0.964840161395195,-3.22538942887363e-07,0.1648,0.1648,0.1626,1,0,1,0,0.0114958374831157,0.00218026945984774,0.0118877746690099,0.0011663874276864,0.00014169011961207,0.0022,11,0,0.0022,0,11,0,1,0,-3.22538942881034e-07,0.00014660861040047,0.00014660861040047,1,1
slope_bias,18,0.75,compressed,0.964840483934138,0.964840483934138,0.964840161395195,-3.22538942887363e-07,0.1648,0.1648,0.1626,1,0,1,0,0.00287395937077891,0.00218026945984774,0.00339136026456298,0.0011663874276864,0.000212535179418105,0.0022,11,0,0.0022,0,11,0,1,0,-3.22538942881034e-07,0.00014660861040047,0.00014660861040047,1,1
slope_bias,18,1,identity_scale,0.964840483934138,0.964840483934138,0.964840161395195,-3.22538942887363e-07,0.1648,0.1648,0.1626,1,0,1,0,0,0.00218026945984774,0.000539458318721387,0.0011663874276864,0.00028338023922414,0.0022,11,0,0.0022,0,11,0,1,0,-3.22538942881034e-07,0.00014660861040047,0.00014660861040047,1,1
slope_bias,18,1.25,expanded,0.964840483934138,0.964840483934138,0.964840161395195,-3.22538942887363e-07,0.1648,0.1648,0.1626,1,0,1,0,0.00287395937077891,0.00218026945984774,0.00333206883148517,0.0011663874276864,0.000354225299030175,0.0022,11,0,0.0022,0,11,0,1,0,-3.22538942881034e-07,0.00014660861040047,0.00014660861040047,1,1
slope_bias,18,1.5,expanded,0.964840483934138,0.964840483934138,0.964840161395195,-3.22538942887363e-07,0.1648,0.1648,0.1626,1,0,1,0,0.0114958374831157,0.00218026945984774,0.0117691918028543,0.0011663874276864,0.00042507035883621,0.0022,11,0,0.0022,0,11,0,1,0,-3.22538942881034e-07,0.00014660861040047,0.00014660861040047,1,1
slope_bias,18,2,expanded,0.964840483934138,0.964840483934138,0.964840161395195,-3.22538942887363e-07,0.1648,0.1648,0.1626,1,0,1,0,0.0459833499324626,0.00218026945984774,0.0455769751214088,0.0011663874276864,0.000566760478448281,0.0022,11,0,0.0022,0,11,0,1,0,-3.22538942881034e-07,0.00014660861040047,0.00014660861040047,1,1
slope_bias,19,0.25,compressed,0.963675302257395,0.963675302257395,0.962609722524655,-0.00106557973274002,0.1666,0.1666,0.055,1,0,1,0,0.0252223711872352,0.00103273458992348,0.0276335512866726,0.000298840333499872,0.00635011683743619,0.1116,558,0,0.1116,0,558,0,1,0,-0.00106557973273997,0.00954820549050149,0.00954820549050149,1,1
slope_bias,19,0.5,compressed,0.963675302257395,0.963675302257395,0.962609722524655,-0.00106557973274002,0.1666,0.1666,0.055,1,0,1,0,0.0112099427498823,0.00103273458992348,0.0130706224266268,0.000298840333499872,0.0127002336748724,0.1116,558,0,0.1116,0,558,0,1,0,-0.00106557973273997,0.00954820549050149,0.00954820549050149,1,1
slope_bias,19,0.75,compressed,0.963675302257395,0.963675302257395,0.962609722524655,-0.00106557973274002,0.1666,0.1666,0.055,1,0,1,0,0.00280248568747058,0.00103273458992348,0.0040080418600737,0.000298840333499872,0.0190503505123086,0.1116,558,0,0.1116,0,558,0,1,0,-0.00106557973273997,0.00954820549050149,0.00954820549050149,1,1
slope_bias,19,1,identity_scale,0.963675302257395,0.963675302257395,0.962609722524655,-0.00106557973274002,0.1666,0.1666,0.055,1,0,1,0,0,0.00103273458992348,0.000445809587013481,0.000298840333499872,0.0254004673497448,0.1116,558,0,0.1116,0,558,0,1,0,-0.00106557973273997,0.00954820549050149,0.00954820549050149,1,1
slope_bias,19,1.25,expanded,0.963675302257395,0.963675302257395,0.962609722524655,-0.00106557973274002,0.1666,0.1666,0.055,1,0,1,0,0.00280248568747058,0.00103273458992348,0.00238392560744609,0.000298840333499872,0.031750584187181,0.1116,558,0,0.1116,0,558,0,1,0,-0.00106557973273997,0.00954820549050149,0.00954820549050149,1,1
slope_bias,19,1.5,expanded,0.963675302257395,0.963675302257395,0.962609722524655,-0.00106557973274002,0.1666,0.1666,0.055,1,0,1,0,0.0112099427498823,0.00103273458992348,0.00982238992137154,0.000298840333499872,0.0381007010246172,0.1116,558,0,0.1116,0,558,0,1,0,-0.00106557973273997,0.00954820549050149,0.00954820549050149,1,1
slope_bias,19,2,expanded,0.963675302257395,0.963675302257395,0.962609722524655,-0.00106557973274002,0.1666,0.1666,0.055,1,0,1,0,0.0448397709995293,0.00103273458992348,0.0412003634297009,0.000298840333499872,0.0508009346994895,0.1116,558,0,0.1116,0,558,0,1,0,-0.00106557973273997,0.00954820549050149,0.00954820549050149,1,1
slope_bias,20,0.25,compressed,0.965308177846803,0.965308177846803,0.964583607811186,-0.0007245700356171,0.154,0.154,0.0648,1,0,1,0,0.0265492964406644,0.00084563490151923,0.0259704058171937,0.000652689643847692,0.00473811560062096,0.0892,446,0,0.0892,0,446,0,1,0,-0.000724570035617109,0.00812298246207522,0.00812298246207522,1,1
slope_bias,20,0.5,compressed,0.965308177846803,0.965308177846803,0.964583607811186,-0.0007245700356171,0.154,0.154,0.0648,1,0,1,0,0.011799687306962,0.00084563490151923,0.0116840246849193,0.000652689643847692,0.00947623120124191,0.0892,446,0,0.0892,0,446,0,1,0,-0.000724570035617109,0.00812298246207522,0.00812298246207522,1,1
slope_bias,20,0.75,compressed,0.965308177846803,0.965308177846803,0.964583607811186,-0.0007245700356171,0.154,0.154,0.0648,1,0,1,0,0.00294992182674049,0.00084563490151923,0.00319597249104002,0.000652689643847692,0.0142143468018629,0.0892,446,0,0.0892,0,446,0,1,0,-0.000724570035617109,0.00812298246207522,0.00812298246207522,1,1
slope_bias,20,1,identity_scale,0.965308177846803,0.965308177846803,0.964583607811186,-0.0007245700356171,0.154,0.154,0.0648,1,0,1,0,0,0.00084563490151923,0.000506249235555908,0.000652689643847692,0.0189524624024838,0.0892,446,0,0.0892,0,446,0,1,0,-0.000724570035617109,0.00812298246207522,0.00812298246207522,1,1
slope_bias,20,1.25,expanded,0.965308177846803,0.965308177846803,0.964583607811186,-0.0007245700356171,0.154,0.154,0.0648,1,0,1,0,0.00294992182674049,0.00084563490151923,0.00361485491846694,0.000652689643847692,0.0236905780031048,0.0892,446,0,0.0892,0,446,0,1,0,-0.000724570035617109,0.00812298246207522,0.00812298246207522,1,1
slope_bias,20,1.5,expanded,0.965308177846803,0.965308177846803,0.964583607811186,-0.0007245700356171,0.154,0.154,0.0648,1,0,1,0,0.011799687306962,0.00084563490151923,0.0125217895397731,0.000652689643847692,0.0284286936037257,0.0892,446,0,0.0892,0,446,0,1,0,-0.000724570035617109,0.00812298246207522,0.00812298246207522,1,1
slope_bias,20,2,expanded,0.965308177846803,0.965308177846803,0.964583607811186,-0.0007245700356171,0.154,0.154,0.0648,1,0,1,0,0.0471987492278479,0.00084563490151923,0.0477306455975709,0.000652689643847692,0.0379049248049677,0.0892,446,0,0.0892,0,446,0,1,0,-0.000724570035617109,0.00812298246207522,0.00812298246207522,1,1
slope_bias,21,0.25,compressed,0.964825222028342,0.964825222028342,0.964702250382649,-0.000122971645693193,0.1666,0.1666,0.209,1,0,0.797129186602871,0.202870813397129,0.024934268923076,0.00112633310591395,0.0247830747046412,0.000711016167042627,-0.0014620260882974,0.0424,212,0,0.0424,0,212,0,1,0,-0.000122971645693157,-0.00290027466257445,0.00290027466257445,1,1
slope_bias,21,0.5,compressed,0.964825222028342,0.964825222028342,0.964702250382649,-0.000122971645693193,0.1666,0.1666,0.209,1,0,0.797129186602871,0.202870813397129,0.0110818972991449,0.00112633310591395,0.0112723497289942,0.000711016167042627,-0.0029240521765948,0.0424,212,0,0.0424,0,212,0,1,0,-0.000122971645693157,-0.00290027466257445,0.00290027466257445,1,1
slope_bias,21,0.75,compressed,0.964825222028342,0.964825222028342,0.964702250382649,-0.000122971645693193,0.1666,0.1666,0.209,1,0,0.797129186602871,0.202870813397129,0.00277047432478622,0.00112633310591395,0.00319717843533662,0.000711016167042627,-0.00438607826489221,0.0424,212,0,0.0424,0,212,0,1,0,-0.000122971645693157,-0.00290027466257445,0.00290027466257445,1,1
slope_bias,21,1,identity_scale,0.964825222028342,0.964825222028342,0.964702250382649,-0.000122971645693193,0.1666,0.1666,0.209,1,0,0.797129186602871,0.202870813397129,0,0.00112633310591395,0.000557560823668408,0.000711016167042627,-0.00584810435318961,0.0424,212,0,0.0424,0,212,0,1,0,-0.000122971645693157,-0.00290027466257445,0.00290027466257445,1,1
slope_bias,21,1.25,expanded,0.964825222028342,0.964825222028342,0.964702250382649,-0.000122971645693193,0.1666,0.1666,0.209,1,0,0.797129186602871,0.202870813397129,0.00277047432478622,0.00112633310591395,0.00335349689398958,0.000711016167042627,-0.00731013044148701,0.0424,212,0,0.0424,0,212,0,1,0,-0.000122971645693157,-0.00290027466257445,0.00290027466257445,1,1
slope_bias,21,1.5,expanded,0.964825222028342,0.964825222028342,0.964702250382649,-0.000122971645693193,0.1666,0.1666,0.209,1,0,0.797129186602871,0.202870813397129,0.0110818972991449,0.00112633310591395,0.0115849866463001,0.000711016167042627,-0.00877215652978441,0.0424,212,0,0.0424,0,212,0,1,0,-0.000122971645693157,-0.00290027466257445,0.00290027466257445,1,1
slope_bias,21,2,expanded,0.964825222028342,0.964825222028342,0.964702250382649,-0.000122971645693193,0.1666,0.1666,0.209,1,0,0.797129186602871,0.202870813397129,0.0443275891965796,0.00112633310591395,0.0443546271968894,0.000711016167042627,-0.0116962087063792,0.0424,212,0,0.0424,0,212,0,1,0,-0.000122971645693157,-0.00290027466257445,0.00290027466257445,1,1
slope_bias,22,0.25,compressed,0.9654520723419,0.9654520723419,0.965427603274366,-2.44690675336168e-05,0.1688,0.1688,0.1478,1,0,1,0,0.0253666419356571,0.00115080586625843,0.0242178299001185,0.00164505939061038,0.000590922837875124,0.021,105,0,0.021,0,105,0,1,0,-2.44690675336253e-05,0.0011651936920774,0.0011651936920774,1,1
slope_bias,22,0.5,compressed,0.9654520723419,0.9654520723419,0.965427603274366,-2.44690675336168e-05,0.1688,0.1688,0.1478,1,0,1,0,0.0112740630825142,0.00115080586625843,0.0107936544102804,0.00164505939061038,0.00118184567575025,0.021,105,0,0.021,0,105,0,1,0,-2.44690675336253e-05,0.0011651936920774,0.0011651936920774,1,1
slope_bias,22,0.75,compressed,0.9654520723419,0.9654520723419,0.965427603274366,-2.44690675336168e-05,0.1688,0.1688,0.1478,1,0,1,0,0.00281851577062856,0.00115080586625843,0.00290512111910597,0.00164505939061038,0.00177276851362537,0.021,105,0,0.021,0,105,0,1,0,-2.44690675336253e-05,0.0011651936920774,0.0011651936920774,1,1
slope_bias,22,1,identity_scale,0.9654520723419,0.9654520723419,0.965427603274366,-2.44690675336168e-05,0.1688,0.1688,0.1478,1,0,1,0,0,0.00115080586625843,0.000552230026595235,0.00164505939061038,0.0023636913515005,0.021,105,0,0.021,0,105,0,1,0,-2.44690675336253e-05,0.0011651936920774,0.0011651936920774,1,1
slope_bias,22,1.25,expanded,0.9654520723419,0.9654520723419,0.965427603274366,-2.44690675336168e-05,0.1688,0.1688,0.1478,1,0,1,0,0.00281851577062856,0.00115080586625843,0.00373498113274818,0.00164505939061038,0.00295461418937562,0.021,105,0,0.021,0,105,0,1,0,-2.44690675336253e-05,0.0011651936920774,0.0011651936920774,1,1
slope_bias,22,1.5,expanded,0.9654520723419,0.9654520723419,0.965427603274366,-2.44690675336168e-05,0.1688,0.1688,0.1478,1,0,1,0,0.0112740630825142,0.00115080586625843,0.0124533744375648,0.00164505939061038,0.00354553702725074,0.021,105,0,0.021,0,105,0,1,0,-2.44690675336253e-05,0.0011651936920774,0.0011651936920774,1,1
slope_bias,22,2,expanded,0.9654520723419,0.9654520723419,0.965427603274366,-2.44690675336168e-05,0.1688,0.1688,0.1478,1,0,1,0,0.045096252330057,0.00115080586625843,0.0464970876431891,0.00164505939061038,0.00472738270300099,0.021,105,0,0.021,0,105,0,1,0,-2.44690675336253e-05,0.0011651936920774,0.0011651936920774,1,1
slope_bias,23,0.25,compressed,0.965517289117311,0.965517289117311,0.96452441577318,-0.000992873344131562,0.158,0.158,0.0506,1,0,1,0,0.0255640658275928,0.00199721043120948,0.0287649313608804,0.000821602657817269,0.00601755103008458,0.1074,537,0,0.1074,0,537,0,1,0,-0.000992873344131621,0.00924463076472645,0.00924463076472645,1,1
slope_bias,23,0.5,compressed,0.965517289117311,0.965517289117311,0.96452441577318,-0.000992873344131562,0.158,0.158,0.0506,1,0,1,0,0.0113618070344857,0.00199721043120948,0.0139103628879942,0.000821602657817269,0.0120351020601692,0.1074,537,0,0.1074,0,537,0,1,0,-0.000992873344131621,0.00924463076472645,0.00924463076472645,1,1
slope_bias,23,0.75,compressed,0.965517289117311,0.965517289117311,0.96452441577318,-0.000992873344131562,0.158,0.158,0.0506,1,0,1,0,0.00284045175862143,0.00199721043120948,0.0046267396855549,0.000821602657817269,0.0180526530902538,0.1074,537,0,0.1074,0,537,0,1,0,-0.000992873344131621,0.00924463076472645,0.00924463076472645,1,1
slope_bias,23,1,identity_scale,0.965517289117311,0.965517289117311,0.96452441577318,-0.000992873344131562,0.158,0.158,0.0506,1,0,1,0,0,0.00199721043120948,0.000914061753562502,0.000821602657817269,0.0240702041203383,0.1074,537,0,0.1074,0,537,0,1,0,-0.000992873344131621,0.00924463076472645,0.00924463076472645,1,1
slope_bias,23,1.25,expanded,0.965517289117311,0.965517289117311,0.96452441577318,-0.000992873344131562,0.158,0.158,0.0506,1,0,1,0,0.00284045175862143,0.00199721043120948,0.00277232909201702,0.000821602657817269,0.0300877551504229,0.1074,537,0,0.1074,0,537,0,1,0,-0.000992873344131621,0.00924463076472645,0.00924463076472645,1,1
slope_bias,23,1.5,expanded,0.965517289117311,0.965517289117311,0.96452441577318,-0.000992873344131562,0.158,0.158,0.0506,1,0,1,0,0.0113618070344857,0.00199721043120948,0.0102015417009184,0.000821602657817269,0.0361053061805075,0.1074,537,0,0.1074,0,537,0,1,0,-0.000992873344131621,0.00924463076472645,0.00924463076472645,1,1
slope_bias,23,2,expanded,0.965517289117311,0.965517289117311,0.96452441577318,-0.000992873344131562,0.158,0.158,0.0506,1,0,1,0,0.0454472281379428,0.00199721043120948,0.041772802730062,0.000821602657817269,0.0481404082406767,0.1074,537,0,0.1074,0,537,0,1,0,-0.000992873344131621,0.00924463076472645,0.00924463076472645,1,1
slope_bias,24,0.25,compressed,0.964631986234714,0.964631986234714,0.964362256747189,-0.00026972948752535,0.1568,0.1568,0.0964,1,0,1,0,0.0250410803668601,0.00124308459344289,0.023926678800896,0.000680789616577936,0.0024631966225146,0.0604,302,0,0.0604,0,302,0,1,0,-0.000269729487525381,0.00446571999214208,0.00446571999214208,1,1
slope_bias,24,0.5,compressed,0.964631986234714,0.964631986234714,0.964362256747189,-0.00026972948752535,0.1568,0.1568,0.0964,1,0,1,0,0.0111293690519378,0.00124308459344289,0.0106439407647957,0.000680789616577936,0.00492639324502919,0.0604,302,0,0.0604,0,302,0,1,0,-0.000269729487525381,0.00446571999214208,0.00446571999214208,1,1
slope_bias,24,0.75,compressed,0.964631986234714,0.964631986234714,0.964362256747189,-0.00026972948752535,0.1568,0.1568,0.0964,1,0,1,0,0.00278234226298446,0.00124308459344289,0.00282368318825412,0.000680789616577936,0.00738958986754379,0.0604,302,0,0.0604,0,302,0,1,0,-0.000269729487525381,0.00446571999214208,0.00446571999214208,1,1
slope_bias,24,1,identity_scale,0.964631986234714,0.964631986234714,0.964362256747189,-0.00026972948752535,0.1568,0.1568,0.0964,1,0,1,0,0,0.00124308459344289,0.000465906071271152,0.000680789616577936,0.00985278649005839,0.0604,302,0,0.0604,0,302,0,1,0,-0.000269729487525381,0.00446571999214208,0.00446571999214208,1,1
slope_bias,24,1.25,expanded,0.964631986234714,0.964631986234714,0.964362256747189,-0.00026972948752535,0.1568,0.1568,0.0964,1,0,1,0,0.00278234226298446,0.00124308459344289,0.00357060941384683,0.000680789616577936,0.012315983112573,0.0604,302,0,0.0604,0,302,0,1,0,-0.000269729487525381,0.00446571999214208,0.00446571999214208,1,1
slope_bias,24,1.5,expanded,0.964631986234714,0.964631986234714,0.964362256747189,-0.00026972948752535,0.1568,0.1568,0.0964,1,0,1,0,0.0111293690519378,0.00124308459344289,0.0121377932159812,0.000680789616577936,0.0147791797350876,0.0604,302,0,0.0604,0,302,0,1,0,-0.000269729487525381,0.00446571999214208,0.00446571999214208,1,1
slope_bias,24,2,expanded,0.964631986234714,0.964631986234714,0.964362256747189,-0.00026972948752535,0.1568,0.1568,0.0964,1,0,1,0,0.0445174762077513,0.00124308459344289,0.0456596021989258,0.000680789616577936,0.0197055729801168,0.0604,302,0,0.0604,0,302,0,1,0,-0.000269729487525381,0.00446571999214208,0.00446571999214208,1,1
slope_bias,25,0.25,compressed,0.965546109698113,0.965546109698113,0.964849599682746,-0.000696510015367524,0.1664,0.1664,0.0714,1,0,1,0,0.0247413672457836,0.0011862169158657,0.0200144419351546,0.0015211374997776,0.00427470591039625,0.095,475,0,0.095,0,475,0,1,0,-0.000696510015367534,0.00733168437228983,0.00733168437228983,1,1
slope_bias,25,0.5,compressed,0.965546109698113,0.965546109698113,0.964849599682746,-0.000696510015367524,0.1664,0.1664,0.0714,1,0,1,0,0.0109961632203483,0.0011862169158657,0.00818367211249133,0.0015211374997776,0.0085494118207925,0.095,475,0,0.095,0,475,0,1,0,-0.000696510015367534,0.00733168437228983,0.00733168437228983,1,1
slope_bias,25,0.75,compressed,0.965546109698113,0.965546109698113,0.964849599682746,-0.000696510015367524,0.1664,0.1664,0.0714,1,0,1,0,0.00274904080508706,0.0011862169158657,0.00174328874416881,0.0015211374997776,0.0128241177311887,0.095,475,0,0.095,0,475,0,1,0,-0.000696510015367534,0.00733168437228983,0.00733168437228983,1,1
slope_bias,25,1,identity_scale,0.965546109698113,0.965546109698113,0.964849599682746,-0.000696510015367524,0.1664,0.1664,0.0714,1,0,1,0,0,0.0011862169158657,0.000693291830187049,0.0015211374997776,0.017098823641585,0.095,475,0,0.095,0,475,0,1,0,-0.000696510015367534,0.00733168437228983,0.00733168437228983,1,1
slope_bias,25,1.25,expanded,0.965546109698113,0.965546109698113,0.964849599682746,-0.000696510015367524,0.1664,0.1664,0.0714,1,0,1,0,0.00274904080508706,0.0011862169158657,0.00503368137054603,0.0015211374997776,0.0213735295519812,0.095,475,0,0.095,0,475,0,1,0,-0.000696510015367534,0.00733168437228983,0.00733168437228983,1,1
slope_bias,25,1.5,expanded,0.965546109698113,0.965546109698113,0.964849599682746,-0.000696510015367524,0.1664,0.1664,0.0714,1,0,1,0,0.0109961632203483,0.0011862169158657,0.0147644573652458,0.0015211374997776,0.0256482354623775,0.095,475,0,0.095,0,475,0,1,0,-0.000696510015367534,0.00733168437228983,0.00733168437228983,1,1
slope_bias,25,2,expanded,0.965546109698113,0.965546109698113,0.964849599682746,-0.000696510015367524,0.1664,0.1664,0.0714,1,0,1,0,0.043984652881393,0.0011862169158657,0.0503971687176675,0.0015211374997776,0.03419764728317,0.095,475,0,0.095,0,475,0,1,0,-0.000696510015367534,0.00733168437228983,0.00733168437228983,1,1
slope_bias,26,0.25,compressed,0.965408322542334,0.965408322542334,0.965112639100037,-0.000295683442296912,0.1666,0.1666,0.1,1,0,1,0,0.0248356943694662,0.00137339686436375,0.0249426734268168,0.000688368618390599,0.00257768734874841,0.0666,333,0,0.0666,0,333,0,1,0,-0.000295683442296971,0.00443969132578034,0.00443969132578034,1,1
slope_bias,26,0.5,compressed,0.965408322542334,0.965408322542334,0.965112639100037,-0.000295683442296912,0.1666,0.1666,0.1,1,0,1,0,0.0110380863864294,0.00137339686436375,0.011419428627662,0.000688368618390599,0.00515537469749683,0.0666,333,0,0.0666,0,333,0,1,0,-0.000295683442296971,0.00443969132578034,0.00443969132578034,1,1
slope_bias,26,0.75,compressed,0.965408322542334,0.965408322542334,0.965112639100037,-0.000295683442296912,0.1666,0.1666,0.1,1,0,1,0,0.00275952159660735,0.00137339686436375,0.0033097526612091,0.000688368618390599,0.00773306204624524,0.0666,333,0,0.0666,0,333,0,1,0,-0.000295683442296971,0.00443969132578034,0.00443969132578034,1,1
slope_bias,26,1,identity_scale,0.965408322542334,0.965408322542334,0.965112639100037,-0.000295683442296912,0.1666,0.1666,0.1,1,0,1,0,0,0.00137339686436375,0.000613645527457988,0.000688368618390599,0.0103107493949937,0.0666,333,0,0.0666,0,333,0,1,0,-0.000295683442296971,0.00443969132578034,0.00443969132578034,1,1
slope_bias,26,1.25,expanded,0.965408322542334,0.965408322542334,0.965112639100037,-0.000295683442296912,0.1666,0.1666,0.1,1,0,1,0,0.00275952159660735,0.00137339686436375,0.0033311072264087,0.000688368618390599,0.0128884367437421,0.0666,333,0,0.0666,0,333,0,1,0,-0.000295683442296971,0.00443969132578034,0.00443969132578034,1,1
slope_bias,26,1.5,expanded,0.965408322542334,0.965408322542334,0.965112639100037,-0.000295683442296912,0.1666,0.1666,0.1,1,0,1,0,0.0110380863864294,0.00137339686436375,0.0114621377580612,0.000688368618390599,0.0154661240924905,0.0666,333,0,0.0666,0,333,0,1,0,-0.000295683442296971,0.00443969132578034,0.00443969132578034,1,1
slope_bias,26,2,expanded,0.965408322542334,0.965408322542334,0.965112639100037,-0.000295683442296912,0.1666,0.1666,0.1,1,0,1,0,0.0441523455457177,0.00137339686436375,0.0439649053194717,0.000688368618390599,0.0206214987899873,0.0666,333,0,0.0666,0,333,0,1,0,-0.000295683442296971,0.00443969132578034,0.00443969132578034,1,1
slope_bias,27,0.25,compressed,0.964706353239742,0.964706353239742,0.964418266313904,-0.00028808692583826,0.1616,0.1616,0.097,1,0,1,0,0.0251403673814137,0.0015292839278984,0.023413530951122,0.00102358329434227,0.00258452367560952,0.0646,323,0,0.0646,0,323,0,1,0,-0.000288086925838263,0.00445954993557683,0.00445954993557683,1,1
slope_bias,27,0.5,compressed,0.964706353239742,0.964706353239742,0.964418266313904,-0.00028808692583826,0.1616,0.1616,0.097,1,0,1,0,0.0111734966139616,0.0015292839278984,0.0102596461625131,0.00102358329434227,0.00516904735121904,0.0646,323,0,0.0646,0,323,0,1,0,-0.000288086925838263,0.00445954993557683,0.00445954993557683,1,1
slope_bias,27,0.75,compressed,0.964706353239742,0.964706353239742,0.964418266313904,-0.00028808692583826,0.1616,0.1616,0.097,1,0,1,0,0.00279337415349041,0.0015292839278984,0.0025841870102233,0.00102358329434227,0.00775357102682855,0.0646,323,0,0.0646,0,323,0,1,0,-0.000288086925838263,0.00445954993557683,0.00445954993557683,1,1
slope_bias,27,1,identity_scale,0.964706353239742,0.964706353239742,0.964418266313904,-0.00028808692583826,0.1616,0.1616,0.097,1,0,1,0,0,0.0015292839278984,0.000387153494252597,0.00102358329434227,0.0103380947024381,0.0646,323,0,0.0646,0,323,0,1,0,-0.000288086925838263,0.00445954993557683,0.00445954993557683,1,1
slope_bias,27,1.25,expanded,0.964706353239742,0.964706353239742,0.964418266313904,-0.00028808692583826,0.1616,0.1616,0.097,1,0,1,0,0.00279337415349041,0.0015292839278984,0.00366854561460099,0.00102358329434227,0.0129226183780476,0.0646,323,0,0.0646,0,323,0,1,0,-0.000288086925838263,0.00445954993557683,0.00445954993557683,1,1
slope_bias,27,1.5,expanded,0.964706353239742,0.964706353239742,0.964418266313904,-0.00028808692583826,0.1616,0.1616,0.097,1,0,1,0,0.0111734966139616,0.0015292839278984,0.0124283633712685,0.00102358329434227,0.0155071420536571,0.0646,323,0,0.0646,0,323,0,1,0,-0.000288086925838263,0.00445954993557683,0.00445954993557683,1,1
slope_bias,27,2,expanded,0.964706353239742,0.964706353239742,0.964418266313904,-0.00028808692583826,0.1616,0.1616,0.097,1,0,1,0,0.0446939864558465,0.0015292839278984,0.0463832757935607,0.00102358329434227,0.0206761894048761,0.0646,323,0,0.0646,0,323,0,1,0,-0.000288086925838263,0.00445954993557683,0.00445954993557683,1,1
slope_bias,28,0.25,compressed,0.966401616557949,0.966401616557949,0.965466984034753,-0.000934632523195478,0.1624,0.1624,0.2832,1,0,0.573446327683616,0.426553672316384,0.0250273142206713,0.00226981510826758,0.0214365256299242,0.000912472428077434,-0.00376435383238907,0.1208,604,0,0.1208,0,604,0,1,0,-0.000934632523195477,-0.00773702419863805,0.00773702419863805,1,1
slope_bias,28,0.5,compressed,0.966401616557949,0.966401616557949,0.965466984034753,-0.000934632523195478,0.1624,0.1624,0.2832,1,0,0.573446327683616,0.426553672316384,0.0111232507647428,0.00226981510826758,0.0089998460474262,0.000912472428077434,-0.00752870766477814,0.1208,604,0,0.1208,0,604,0,1,0,-0.000934632523195477,-0.00773702419863805,0.00773702419863805,1,1
slope_bias,28,0.75,compressed,0.966401616557949,0.966401616557949,0.965466984034753,-0.000934632523195478,0.1624,0.1624,0.2832,1,0,0.573446327683616,0.426553672316384,0.0027808126911857,0.00226981510826758,0.00201619688991236,0.000912472428077434,-0.0112930614971672,0.1208,604,0,0.1208,0,604,0,1,0,-0.000934632523195477,-0.00773702419863805,0.00773702419863805,1,1
slope_bias,28,1,identity_scale,0.966401616557949,0.966401616557949,0.965466984034753,-0.000934632523195478,0.1624,0.1624,0.2832,1,0,0.573446327683616,0.426553672316384,0,0.00226981510826758,0.000485578157382703,0.000912472428077434,-0.0150574153295563,0.1208,604,0,0.1208,0,604,0,1,0,-0.000934632523195477,-0.00773702419863805,0.00773702419863805,1,1
slope_bias,28,1.25,expanded,0.966401616557949,0.966401616557949,0.965466984034753,-0.000934632523195478,0.1624,0.1624,0.2832,1,0,0.573446327683616,0.426553672316384,0.0027808126911857,0.00226981510826758,0.00440798984983724,0.000912472428077434,-0.0188217691619454,0.1208,604,0,0.1208,0,604,0,1,0,-0.000934632523195477,-0.00773702419863805,0.00773702419863805,1,1
slope_bias,28,1.5,expanded,0.966401616557949,0.966401616557949,0.965466984034753,-0.000934632523195478,0.1624,0.1624,0.2832,1,0,0.573446327683616,0.426553672316384,0.0111232507647428,0.00226981510826758,0.013783431967276,0.000912472428077434,-0.0225861229943344,0.1208,604,0,0.1208,0,604,0,1,0,-0.000934632523195477,-0.00773702419863805,0.00773702419863805,1,1
slope_bias,28,2,expanded,0.966401616557949,0.966401616557949,0.965466984034753,-0.000934632523195478,0.1624,0.1624,0.2832,1,0,0.573446327683616,0.426553672316384,0.0444930030589713,0.00226981510826758,0.048893407477106,0.000912472428077434,-0.0301148306591126,0.1208,604,0,0.1208,0,604,0,1,0,-0.000934632523195477,-0.00773702419863805,0.00773702419863805,1,1
slope_bias,29,0.25,compressed,0.964917611047581,0.964917611047581,0.964787965787775,-0.000129645259805189,0.1536,0.1536,0.1088,1,0,1,0,0.0250229221378155,0.00178454150476438,0.0306277992361049,0.000721080572422463,0.00158960362672422,0.0448,224,0,0.0448,0,224,0,1,0,-0.000129645259805173,0.00289386740636547,0.00289386740636547,1,1
slope_bias,29,0.5,compressed,0.964917611047581,0.964917611047581,0.964787965787775,-0.000129645259805189,0.1536,0.1536,0.1088,1,0,1,0,0.011121298727918,0.00178454150476438,0.0152377922098271,0.000721080572422463,0.00317920725344845,0.0448,224,0,0.0448,0,224,0,1,0,-0.000129645259805173,0.00289386740636547,0.00289386740636547,1,1
slope_bias,29,0.75,compressed,0.964917611047581,0.964917611047581,0.964787965787775,-0.000129645259805189,0.1536,0.1536,0.1088,1,0,1,0,0.0027803246819795,0.00178454150476438,0.00530090759914825,0.000721080572422463,0.00476881088017267,0.0448,224,0,0.0448,0,224,0,1,0,-0.000129645259805173,0.00289386740636547,0.00289386740636547,1,1
slope_bias,29,1,identity_scale,0.964917611047581,0.964917611047581,0.964787965787775,-0.000129645259805189,0.1536,0.1536,0.1088,1,0,1,0,0,0.00178454150476438,0.000817145404068196,0.000721080572422463,0.00635841450689689,0.0448,224,0,0.0448,0,224,0,1,0,-0.000129645259805173,0.00289386740636547,0.00289386740636547,1,1
slope_bias,29,1.25,expanded,0.964917611047581,0.964917611047581,0.964787965787775,-0.000129645259805189,0.1536,0.1536,0.1088,1,0,1,0,0.0027803246819795,0.00178454150476438,0.00178650562458699,0.000721080572422463,0.00794801813362112,0.0448,224,0,0.0448,0,224,0,1,0,-0.000129645259805173,0.00289386740636547,0.00289386740636547,1,1
slope_bias,29,1.5,expanded,0.964917611047581,0.964917611047581,0.964787965787775,-0.000129645259805189,0.1536,0.1536,0.1088,1,0,1,0,0.011121298727918,0.00178454150476438,0.00820898826070463,0.000721080572422463,0.00953762176034534,0.0448,224,0,0.0448,0,224,0,1,0,-0.000129645259805173,0.00289386740636547,0.00289386740636547,1,1
slope_bias,29,2,expanded,0.964917611047581,0.964917611047581,0.964787965787775,-0.000129645259805189,0.1536,0.1536,0.1088,1,0,1,0,0.0444851949116721,0.00178454150476438,0.0374133207797365,0.000721080572422463,0.0127168290137938,0.0448,224,0,0.0448,0,224,0,1,0,-0.000129645259805173,0.00289386740636547,0.00289386740636547,1,1
slope_bias,30,0.25,compressed,0.964655256070351,0.964655256070351,0.961987054390875,-0.00266820167947623,0.1592,0.1592,0.3594,1,0,0.442960489705064,0.557039510294936,0.025642544190706,0.00125725580328914,0.0271080465775686,0.000862886986732968,-0.00690370031269197,0.2002,1001,0,0.2002,0,1001,0,1,0,-0.00266820167947618,-0.0133276807166642,0.0133276807166642,1,1
slope_bias,30,0.5,compressed,0.964655256070351,0.964655256070351,0.961987054390875,-0.00266820167947623,0.1592,0.1592,0.3594,1,0,0.442960489705064,0.557039510294936,0.0113966863069804,0.00125725580328914,0.012592691697201,0.000862886986732968,-0.0138074006253839,0.2002,1001,0,0.2002,0,1001,0,1,0,-0.00266820167947618,-0.0133276807166642,0.0133276807166642,1,1
slope_bias,30,0.75,compressed,0.964655256070351,0.964655256070351,0.961987054390875,-0.00266820167947623,0.1592,0.1592,0.3594,1,0,0.442960489705064,0.557039510294936,0.00284917157674511,0.00125725580328914,0.00367370540657109,0.000862886986732968,-0.0207111009380759,0.2002,1001,0,0.2002,0,1001,0,1,0,-0.00266820167947618,-0.0133276807166642,0.0133276807166642,1,1
slope_bias,30,1,identity_scale,0.964655256070351,0.964655256070351,0.961987054390875,-0.00266820167947623,0.1592,0.1592,0.3594,1,0,0.442960489705064,0.557039510294936,0,0.00125725580328914,0.000351087705678977,0.000862886986732968,-0.0276148012507679,0.2002,1001,0,0.2002,0,1001,0,1,0,-0.00266820167947618,-0.0133276807166642,0.0133276807166642,1,1
slope_bias,30,1.25,expanded,0.964655256070351,0.964655256070351,0.961987054390875,-0.00266820167947623,0.1592,0.1592,0.3594,1,0,0.442960489705064,0.557039510294936,0.00284917157674511,0.00125725580328914,0.00262483859452461,0.000862886986732968,-0.0345185015634598,0.2002,1001,0,0.2002,0,1001,0,1,0,-0.00266820167947618,-0.0133276807166642,0.0133276807166642,1,1
slope_bias,30,1.5,expanded,0.964655256070351,0.964655256070351,0.961987054390875,-0.00266820167947623,0.1592,0.1592,0.3594,1,0,0.442960489705064,0.557039510294936,0.0113966863069804,0.00125725580328914,0.010494958073108,0.000862886986732968,-0.0414222018761518,0.2002,1001,0,0.2002,0,1001,0,1,0,-0.00266820167947618,-0.0133276807166642,0.0133276807166642,1,1
slope_bias,30,2,expanded,0.964655256070351,0.964655256070351,0.961987054390875,-0.00266820167947623,0.1592,0.1592,0.3594,1,0,0.442960489705064,0.557039510294936,0.0455867452279218,0.00125725580328914,0.043024302799488,0.000862886986732968,-0.0552296025015358,0.2002,1001,0,0.2002,0,1001,0,1,0,-0.00266820167947618,-0.0133276807166642,0.0133276807166642,1,1
slope_bias,31,0.25,compressed,0.965621596226662,0.965621596226662,0.965474741658269,-0.000146854568393251,0.155,0.155,0.2038,1,0,0.760549558390579,0.239450441609421,0.0250259346801176,0.00127967222245626,0.0244499373630846,0.000426508173156166,-0.00150155890731032,0.0488,244,0,0.0488,0,244,0,1,0,-0.000146854568393219,-0.00300931492609056,0.00300931492609056,1,1
slope_bias,31,0.5,compressed,0.965621596226662,0.965621596226662,0.965474741658269,-0.000146854568393251,0.155,0.155,0.2038,1,0,0.760549558390579,0.239450441609421,0.0111226376356078,0.00127967222245626,0.0109285488521434,0.000426508173156166,-0.00300311781462065,0.0488,244,0,0.0488,0,244,0,1,0,-0.000146854568393219,-0.00300931492609056,0.00300931492609056,1,1
slope_bias,31,0.75,compressed,0.965621596226662,0.965621596226662,0.965474741658269,-0.000146854568393251,0.155,0.155,0.2038,1,0,0.760549558390579,0.239450441609421,0.00278065940890196,0.00127967222245626,0.00285836088428299,0.000426508173156166,-0.00450467672193097,0.0488,244,0,0.0488,0,244,0,1,0,-0.000146854568393219,-0.00300931492609056,0.00300931492609056,1,1
slope_bias,31,1,identity_scale,0.965621596226662,0.965621596226662,0.965474741658269,-0.000146854568393251,0.155,0.155,0.2038,1,0,0.760549558390579,0.239450441609421,0,0.00127967222245626,0.000239373459503476,0.000426508173156166,-0.0060062356292413,0.0488,244,0,0.0488,0,244,0,1,0,-0.000146854568393219,-0.00300931492609056,0.00300931492609056,1,1
slope_bias,31,1.25,expanded,0.965621596226662,0.965621596226662,0.965474741658269,-0.000146854568393251,0.155,0.155,0.2038,1,0,0.760549558390579,0.239450441609421,0.00278065940890196,0.00127967222245626,0.0030715865778048,0.000426508173156166,-0.00750779453655162,0.0488,244,0,0.0488,0,244,0,1,0,-0.000146854568393219,-0.00300931492609056,0.00300931492609056,1,1
slope_bias,31,1.5,expanded,0.965621596226662,0.965621596226662,0.965474741658269,-0.000146854568393251,0.155,0.155,0.2038,1,0,0.760549558390579,0.239450441609421,0.0111226376356078,0.00127967222245626,0.011355000239187,0.000426508173156166,-0.00900935344386195,0.0488,244,0,0.0488,0,244,0,1,0,-0.000146854568393219,-0.00300931492609056,0.00300931492609056,1,1
slope_bias,31,2,expanded,0.965621596226662,0.965621596226662,0.965474741658269,-0.000146854568393251,0.155,0.155,0.2038,1,0,0.760549558390579,0.239450441609421,0.0444905505424313,0.00127967222245626,0.0442754291911938,0.000426508173156166,-0.0120124712584826,0.0488,244,0,0.0488,0,244,0,1,0,-0.000146854568393219,-0.00300931492609056,0.00300931492609056,1,1
slope_bias,32,0.25,compressed,0.965301424132598,0.965301424132598,0.964017016351497,-0.00128440778110073,0.162,0.162,0.3026,1,0,0.53536021150033,0.46463978849967,0.0230109739653847,0.000825523983085425,0.0202425817341497,0.00112330399336138,-0.0043917846949264,0.1406,703,0,0.1406,0,703,0,1,0,-0.00128440778110073,-0.00913519047724559,0.00913519047724559,1,1
slope_bias,32,0.5,compressed,0.965301424132598,0.965301424132598,0.964017016351497,-0.00128440778110073,0.162,0.162,0.3026,1,0,0.53536021150033,0.46463978849967,0.010227099540171,0.000825523983085425,0.0086486382881993,0.00112330399336138,-0.00878356938985281,0.1406,703,0,0.1406,0,703,0,1,0,-0.00128440778110073,-0.00913519047724559,0.00913519047724559,1,1
slope_bias,32,0.75,compressed,0.965301424132598,0.965301424132598,0.964017016351497,-0.00128440778110073,0.162,0.162,0.3026,1,0,0.53536021150033,0.46463978849967,0.00255677488504274,0.000825523983085425,0.00205648806763872,0.00112330399336138,-0.0131753540847792,0.1406,703,0,0.1406,0,703,0,1,0,-0.00128440778110073,-0.00913519047724559,0.00913519047724559,1,1
slope_bias,32,1,identity_scale,0.965301424132598,0.965301424132598,0.964017016351497,-0.00128440778110073,0.162,0.162,0.3026,1,0,0.53536021150033,0.46463978849967,0,0.000825523983085425,0.000466131072468026,0.00112330399336138,-0.0175671387797056,0.1406,703,0,0.1406,0,703,0,1,0,-0.00128440778110073,-0.00913519047724559,0.00913519047724559,1,1
slope_bias,32,1.25,expanded,0.965301424132598,0.965301424132598,0.964017016351497,-0.00128440778110073,0.162,0.162,0.3026,1,0,0.53536021150033,0.46463978849967,0.00255677488504274,0.000825523983085425,0.0038775673026872,0.00112330399336138,-0.021958923474632,0.1406,703,0,0.1406,0,703,0,1,0,-0.00128440778110073,-0.00913519047724559,0.00913519047724559,1,1
slope_bias,32,1.5,expanded,0.965301424132598,0.965301424132598,0.964017016351497,-0.00128440778110073,0.162,0.162,0.3026,1,0,0.53536021150033,0.46463978849967,0.010227099540171,0.000825523983085425,0.0122907967582963,0.00112330399336138,-0.0263507081695584,0.1406,703,0,0.1406,0,703,0,1,0,-0.00128440778110073,-0.00913519047724559,0.00913519047724559,1,1
slope_bias,32,2,expanded,0.965301424132598,0.965301424132598,0.964017016351497,-0.00128440778110073,0.162,0.162,0.3026,1,0,0.53536021150033,0.46463978849967,0.0409083981606838,0.000825523983085425,0.044122635345684,0.00112330399336138,-0.0351342775594112,0.1406,703,0,0.1406,0,703,0,1,0,-0.00128440778110073,-0.00913519047724559,0.00913519047724559,1,1
slope_bias,33,0.25,compressed,0.965035078432173,0.965035078432173,0.964032950842252,-0.00100212758992091,0.1584,0.1584,0.2804,1,0,0.56490727532097,0.43509272467903,0.0253665704953838,0.00184456400746162,0.0220527324663331,0.00218196036978847,-0.00407391152220321,0.122,610,0,0.122,0,610,0,1,0,-0.00100212758992094,-0.00821416057312247,0.00821416057312247,1,1
slope_bias,33,0.5,compressed,0.965035078432173,0.965035078432173,0.964032950842252,-0.00100212758992091,0.1584,0.1584,0.2804,1,0,0.56490727532097,0.43509272467903,0.0112740313312817,0.00184456400746162,0.00931931010724369,0.00218196036978847,-0.00814782304440642,0.122,610,0,0.122,0,610,0,1,0,-0.00100212758992094,-0.00821416057312247,0.00821416057312247,1,1
slope_bias,33,0.75,compressed,0.965035078432173,0.965035078432173,0.964032950842252,-0.00100212758992091,0.1584,0.1584,0.2804,1,0,0.56490727532097,0.43509272467903,0.00281850783282043,0.00184456400746162,0.00211534344472369,0.00218196036978847,-0.0122217345666096,0.122,610,0,0.122,0,610,0,1,0,-0.00100212758992094,-0.00821416057312247,0.00821416057312247,1,1
slope_bias,33,1,identity_scale,0.965035078432173,0.965035078432173,0.964032950842252,-0.00100212758992091,0.1584,0.1584,0.2804,1,0,0.56490727532097,0.43509272467903,0,0.00184456400746162,0.000440832478773089,0.00218196036978847,-0.0162956460888128,0.122,610,0,0.122,0,610,0,1,0,-0.00100212758992094,-0.00821416057312247,0.00821416057312247,1,1
slope_bias,33,1.25,expanded,0.965035078432173,0.965035078432173,0.964032950842252,-0.00100212758992091,0.1584,0.1584,0.2804,1,0,0.56490727532097,0.43509272467903,0.00281850783282043,0.00184456400746162,0.00429577720939188,0.00218196036978847,-0.0203695576110161,0.122,610,0,0.122,0,610,0,1,0,-0.00100212758992094,-0.00821416057312247,0.00821416057312247,1,1
slope_bias,33,1.5,expanded,0.965035078432173,0.965035078432173,0.964032950842252,-0.00100212758992091,0.1584,0.1584,0.2804,1,0,0.56490727532097,0.43509272467903,0.0112740313312817,0.00184456400746162,0.0136801776365801,0.00218196036978847,-0.0244434691332193,0.122,610,0,0.122,0,610,0,1,0,-0.00100212758992094,-0.00821416057312247,0.00821416057312247,1,1
slope_bias,33,2,expanded,0.965035078432173,0.965035078432173,0.964032950842252,-0.00100212758992091,0.1584,0.1584,0.2804,1,0,0.56490727532097,0.43509272467903,0.0450961253251268,0.00184456400746162,0.0490373455806646,0.00218196036978847,-0.0325912921776257,0.122,610,0,0.122,0,610,0,1,0,-0.00100212758992094,-0.00821416057312247,0.00821416057312247,1,1
slope_bias,34,0.25,compressed,0.965998484302644,0.965998484302644,0.96596100445847,-3.74798441741264e-05,0.1646,0.1646,0.1908,1,0,0.862683438155136,0.137316561844864,0.0238056253685207,0.00228076035279018,0.0245534482131195,0.000783922511358044,-0.000764390088440342,0.0262,131,0,0.0262,0,131,0,1,0,-3.74798441741099e-05,-0.00143052840359198,0.00143052840359198,1,1
slope_bias,34,0.5,compressed,0.965998484302644,0.965998484302644,0.96596100445847,-3.74798441741264e-05,0.1646,0.1646,0.1908,1,0,0.862683438155136,0.137316561844864,0.0105802779415647,0.00228076035279018,0.0113604293821891,0.000783922511358044,-0.00152878017688068,0.0262,131,0,0.0262,0,131,0,1,0,-3.74798441741099e-05,-0.00143052840359198,0.00143052840359198,1,1
slope_bias,34,0.75,compressed,0.965998484302644,0.965998484302644,0.96596100445847,-3.74798441741264e-05,0.1646,0.1646,0.1908,1,0,0.862683438155136,0.137316561844864,0.00264506948539118,0.00228076035279018,0.00334674645389662,0.000783922511358044,-0.00229317026532103,0.0262,131,0,0.0262,0,131,0,1,0,-3.74798441741099e-05,-0.00143052840359198,0.00143052840359198,1,1
slope_bias,34,1,identity_scale,0.965998484302644,0.965998484302644,0.96596100445847,-3.74798441741264e-05,0.1646,0.1646,0.1908,1,0,0.862683438155136,0.137316561844864,0,0.00228076035279018,0.000512399428242142,0.000783922511358044,-0.00305756035376137,0.0262,131,0,0.0262,0,131,0,1,0,-3.74798441741099e-05,-0.00143052840359198,0.00143052840359198,1,1
slope_bias,34,1.25,expanded,0.965998484302644,0.965998484302644,0.96596100445847,-3.74798441741264e-05,0.1646,0.1646,0.1908,1,0,0.862683438155136,0.137316561844864,0.00264506948539118,0.00228076035279018,0.00285738830522564,0.000783922511358044,-0.00382195044220171,0.0262,131,0,0.0262,0,131,0,1,0,-3.74798441741099e-05,-0.00143052840359198,0.00143052840359198,1,1
slope_bias,34,1.5,expanded,0.965998484302644,0.965998484302644,0.96596100445847,-3.74798441741264e-05,0.1646,0.1646,0.1908,1,0,0.862683438155136,0.137316561844864,0.0105802779415647,0.00228076035279018,0.0103817130848471,0.000783922511358044,-0.00458634053064205,0.0262,131,0,0.0262,0,131,0,1,0,-3.74798441741099e-05,-0.00143052840359198,0.00143052840359198,1,1
slope_bias,34,2,expanded,0.965998484302644,0.965998484302644,0.96596100445847,-3.74798441741264e-05,0.1646,0.1646,0.1908,1,0,0.862683438155136,0.137316561844864,0.0423211117662589,0.00228076035279018,0.040968370352004,0.000783922511358044,-0.00611512070752274,0.0262,131,0,0.0262,0,131,0,1,0,-3.74798441741099e-05,-0.00143052840359198,0.00143052840359198,1,1
slope_bias,35,0.25,compressed,0.966718008987281,0.966718008987281,0.966197527213575,-0.000520481773706449,0.1578,0.1578,0.073,1,0,1,0,0.0234186016032228,0.00164339358623535,0.0228289292123056,0.000993677396288463,0.00384311512894067,0.0848,424,0,0.0848,0,424,0,1,0,-0.000520481773706379,0.00613775676540541,0.00613775676540541,1,1
slope_bias,35,0.5,compressed,0.966718008987281,0.966718008987281,0.966197527213575,-0.000520481773706449,0.1578,0.1578,0.073,1,0,1,0,0.0104082673792101,0.00164339358623535,0.0105675765186127,0.000993677396288463,0.00768623025788134,0.0848,424,0,0.0848,0,424,0,1,0,-0.000520481773706379,0.00613775676540541,0.00613775676540541,1,1
slope_bias,35,0.75,compressed,0.966718008987281,0.966718008987281,0.966197527213575,-0.000520481773706449,0.1578,0.1578,0.073,1,0,1,0,0.00260206684480254,0.00164339358623535,0.00339768384918613,0.000993677396288463,0.011529345386822,0.0848,424,0,0.0848,0,424,0,1,0,-0.000520481773706379,0.00613775676540541,0.00613775676540541,1,1
slope_bias,35,1,identity_scale,0.966718008987281,0.966718008987281,0.966197527213575,-0.000520481773706449,0.1578,0.1578,0.073,1,0,1,0,0,0.00164339358623535,0.00131925120402571,0.000993677396288463,0.0153724605157627,0.0848,424,0,0.0848,0,424,0,1,0,-0.000520481773706379,0.00613775676540541,0.00613775676540541,1,1
slope_bias,35,1.25,expanded,0.966718008987281,0.966718008987281,0.966197527213575,-0.000520481773706449,0.1578,0.1578,0.073,1,0,1,0,0.00260206684480254,0.00164339358623535,0.00433227858313149,0.000993677396288463,0.0192155756447034,0.0848,424,0,0.0848,0,424,0,1,0,-0.000520481773706379,0.00613775676540541,0.00613775676540541,1,1
slope_bias,35,1.5,expanded,0.966718008987281,0.966718008987281,0.966197527213575,-0.000520481773706449,0.1578,0.1578,0.073,1,0,1,0,0.0104082673792101,0.00164339358623535,0.0124367659865035,0.000993677396288463,0.023058690773644,0.0848,424,0,0.0848,0,424,0,1,0,-0.000520481773706379,0.00613775676540541,0.00613775676540541,1,1
slope_bias,35,2,expanded,0.966718008987281,0.966718008987281,0.966197527213575,-0.000520481773706449,0.1578,0.1578,0.073,1,0,1,0,0.0416330695168406,0.00164339358623535,0.043920120866046,0.000993677396288463,0.0307449210315254,0.0848,424,0,0.0848,0,424,0,1,0,-0.000520481773706379,0.00613775676540541,0.00613775676540541,1,1
slope_bias,36,0.25,compressed,0.965563931402166,0.965563931402166,0.965062517117447,-0.000501414284719393,0.1642,0.1642,0.253,1,0,0.64901185770751,0.35098814229249,0.0256879310700159,0.00105890548227193,0.0239394831549085,0.000644917606199302,-0.00303203612671874,0.0888,444,0,0.0888,0,444,0,1,0,-0.000501414284719321,-0.00564655726035271,0.00564655726035271,1,1
slope_bias,36,0.5,compressed,0.965563931402166,0.965563931402166,0.965062517117447,-0.000501414284719393,0.1642,0.1642,0.253,1,0,0.64901185770751,0.35098814229249,0.0114168582533404,0.00105890548227193,0.0104116377593522,0.000644917606199302,-0.00606407225343747,0.0888,444,0,0.0888,0,444,0,1,0,-0.000501414284719321,-0.00564655726035271,0.00564655726035271,1,1
slope_bias,36,0.75,compressed,0.965563931402166,0.965563931402166,0.965062517117447,-0.000501414284719393,0.1642,0.1642,0.253,1,0,0.64901185770751,0.35098814229249,0.0028542145633351,0.00105890548227193,0.00248865977641867,0.000644917606199302,-0.0090961083801562,0.0888,444,0,0.0888,0,444,0,1,0,-0.000501414284719321,-0.00564655726035271,0.00564655726035271,1,1
slope_bias,36,1,identity_scale,0.965563931402166,0.965563931402166,0.965062517117447,-0.000501414284719393,0.1642,0.1642,0.253,1,0,0.64901185770751,0.35098814229249,0,0.00105890548227193,0.00017054920610804,0.000644917606199302,-0.0121281445068749,0.0888,444,0,0.0888,0,444,0,1,0,-0.000501414284719321,-0.00564655726035271,0.00564655726035271,1,1
slope_bias,36,1.25,expanded,0.965563931402166,0.965563931402166,0.965062517117447,-0.000501414284719393,0.1642,0.1642,0.253,1,0,0.64901185770751,0.35098814229249,0.0028542145633351,0.00105890548227193,0.00345730604842028,0.000644917606199302,-0.0151601806335937,0.0888,444,0,0.0888,0,444,0,1,0,-0.000501414284719321,-0.00564655726035271,0.00564655726035271,1,1
slope_bias,36,1.5,expanded,0.965563931402166,0.965563931402166,0.965062517117447,-0.000501414284719393,0.1642,0.1642,0.253,1,0,0.64901185770751,0.35098814229249,0.0114168582533404,0.00105890548227193,0.0123489303033554,0.000644917606199302,-0.0181922167603124,0.0888,444,0,0.0888,0,444,0,1,0,-0.000501414284719321,-0.00564655726035271,0.00564655726035271,1,1
slope_bias,36,2,expanded,0.965563931402166,0.965563931402166,0.965062517117447,-0.000501414284719393,0.1642,0.1642,0.253,1,0,0.64901185770751,0.35098814229249,0.0456674330133616,0.00105890548227193,0.0469467810510942,0.000644917606199302,-0.0242562890137499,0.0888,444,0,0.0888,0,444,0,1,0,-0.000501414284719321,-0.00564655726035271,0.00564655726035271,1,1
slope_bias,37,0.25,compressed,0.964271660590579,0.964271660590579,0.964062740700387,-0.000208919890192116,0.1628,0.1628,0.1068,1,0,1,0,0.0252052442560166,0.0016984264500139,0.0267412640544674,0.000811667713398914,0.00209007207711859,0.056,280,0,0.056,0,280,0,1,0,-0.000208919890192178,0.00373071232486032,0.00373071232486032,1,1
slope_bias,37,0.5,compressed,0.964271660590579,0.964271660590579,0.964062740700387,-0.000208919890192116,0.1628,0.1628,0.1068,1,0,1,0,0.0112023307804518,0.0016984264500139,0.0126705048767843,0.000811667713398914,0.00418014415423718,0.056,280,0,0.056,0,280,0,1,0,-0.000208919890192178,0.00373071232486032,0.00373071232486032,1,1
slope_bias,37,0.75,compressed,0.964271660590579,0.964271660590579,0.964062740700387,-0.000208919890192116,0.1628,0.1628,0.1068,1,0,1,0,0.00280058269511296,0.0016984264500139,0.00409094587254105,0.000811667713398914,0.00627021623135576,0.056,280,0,0.056,0,280,0,1,0,-0.000208919890192178,0.00373071232486032,0.00373071232486032,1,1
slope_bias,37,1,identity_scale,0.964271660590579,0.964271660590579,0.964062740700387,-0.000208919890192116,0.1628,0.1628,0.1068,1,0,1,0,0,0.0016984264500139,0.00100258704173767,0.000811667713398914,0.00836028830847435,0.056,280,0,0.056,0,280,0,1,0,-0.000208919890192178,0.00373071232486032,0.00373071232486032,1,1
slope_bias,37,1.25,expanded,0.964271660590579,0.964271660590579,0.964062740700387,-0.000208919890192116,0.1628,0.1628,0.1068,1,0,1,0,0.00280058269511296,0.0016984264500139,0.00340542838437417,0.000811667713398914,0.0104503603855929,0.056,280,0,0.056,0,280,0,1,0,-0.000208919890192178,0.00373071232486032,0.00373071232486032,1,1
slope_bias,37,1.5,expanded,0.964271660590579,0.964271660590579,0.964062740700387,-0.000208919890192116,0.1628,0.1628,0.1068,1,0,1,0,0.0112023307804518,0.0016984264500139,0.0112994699004505,0.000811667713398914,0.0125404324627115,0.056,280,0,0.056,0,280,0,1,0,-0.000208919890192178,0.00373071232486032,0.00373071232486032,1,1
slope_bias,37,2,expanded,0.964271660590579,0.964271660590579,0.964062740700387,-0.000208919890192116,0.1628,0.1628,0.1068,1,0,1,0,0.0448093231218074,0.0016984264500139,0.0435611534529229,0.000811667713398914,0.0167205766169487,0.056,280,0,0.056,0,280,0,1,0,-0.000208919890192178,0.00373071232486032,0.00373071232486032,1,1
slope_bias,38,0.25,compressed,0.964997419940715,0.964997419940715,0.963020181205265,-0.0019772387354503,0.162,0.162,0.335,1,0,0.483582089552239,0.516417910447761,0.0250248939824408,0.00163897686405889,0.0315558419629931,0.000398355691381506,-0.00566295184961307,0.173,865,0,0.173,0,865,0,1,0,-0.00197723873545036,-0.0114291256384414,0.0114291256384414,1,1
slope_bias,38,0.5,compressed,0.964997419940715,0.964997419940715,0.963020181205265,-0.0019772387354503,0.162,0.162,0.335,1,0,0.483582089552239,0.516417910447761,0.011122175103307,0.00163897686405889,0.0159294586249658,0.000398355691381506,-0.0113259036992261,0.173,865,0,0.173,0,865,0,1,0,-0.00197723873545036,-0.0114291256384414,0.0114291256384414,1,1
slope_bias,38,0.75,compressed,0.964997419940715,0.964997419940715,0.963020181205265,-0.0019772387354503,0.162,0.162,0.335,1,0,0.483582089552239,0.516417910447761,0.00278054377582675,0.00163897686405889,0.00575810894691242,0.000398355691381506,-0.0169888555488392,0.173,865,0,0.173,0,865,0,1,0,-0.00197723873545036,-0.0114291256384414,0.0114291256384414,1,1
slope_bias,38,1,identity_scale,0.964997419940715,0.964997419940715,0.963020181205265,-0.0019772387354503,0.162,0.162,0.335,1,0,0.483582089552239,0.516417910447761,0,0.00163897686405889,0.00104179292883305,0.000398355691381506,-0.0226518073984523,0.173,865,0,0.173,0,865,0,1,0,-0.00197723873545036,-0.0114291256384414,0.0114291256384414,1,1
slope_bias,38,1.25,expanded,0.964997419940715,0.964997419940715,0.963020181205265,-0.0019772387354503,0.162,0.162,0.335,1,0,0.483582089552239,0.516417910447761,0.00278054377582675,0.00163897686405889,0.00178051057072765,0.000398355691381506,-0.0283147592480654,0.173,865,0,0.173,0,865,0,1,0,-0.00197723873545036,-0.0114291256384414,0.0114291256384414,1,1
slope_bias,38,1.5,expanded,0.964997419940715,0.964997419940715,0.963020181205265,-0.0019772387354503,0.162,0.162,0.335,1,0,0.483582089552239,0.516417910447761,0.011122175103307,0.00163897686405889,0.00797426187259624,0.000398355691381506,-0.0339777110976784,0.173,865,0,0.173,0,865,0,1,0,-0.00197723873545036,-0.0114291256384414,0.0114291256384414,1,1
slope_bias,38,2,expanded,0.964997419940715,0.964997419940715,0.963020181205265,-0.0019772387354503,0.162,0.162,0.335,1,0,0.483582089552239,0.516417910447761,0.0444887004132281,0.00163897686405889,0.0367268654562553,0.000398355691381506,-0.0453036147969046,0.173,865,0,0.173,0,865,0,1,0,-0.00197723873545036,-0.0114291256384414,0.0114291256384414,1,1
slope_bias,39,0.25,compressed,0.966251432765491,0.966251432765491,0.965299212852155,-0.000952219913335939,0.1646,0.1646,0.058,1,0,1,0,0.0243837929066107,0.001282330293859,0.0263227588525817,0.00103745499608488,0.00564878549067796,0.1066,533,0,0.1066,0,533,0,1,0,-0.000952219913335887,0.00893264459039294,0.00893264459039294,1,1
slope_bias,39,0.5,compressed,0.966251432765491,0.966251432765491,0.965299212852155,-0.000952219913335939,0.1646,0.1646,0.058,1,0,1,0,0.010837241291827,0.001282330293859,0.0125014631759844,0.00103745499608488,0.0112975709813559,0.1066,533,0,0.1066,0,533,0,1,0,-0.000952219913335887,0.00893264459039294,0.00893264459039294,1,1
slope_bias,39,0.75,compressed,0.966251432765491,0.966251432765491,0.965299212852155,-0.000952219913335939,0.1646,0.1646,0.058,1,0,1,0,0.00270931032295674,0.001282330293859,0.00399373458907737,0.00103745499608488,0.0169463564720339,0.1066,533,0,0.1066,0,533,0,1,0,-0.000952219913335887,0.00893264459039294,0.00893264459039294,1,1
slope_bias,39,1,identity_scale,0.966251432765491,0.966251432765491,0.965299212852155,-0.000952219913335939,0.1646,0.1646,0.058,1,0,1,0,0,0.001282330293859,0.000799573091860681,0.00103745499608488,0.0225951419627118,0.1066,533,0,0.1066,0,533,0,1,0,-0.000952219913335887,0.00893264459039294,0.00893264459039294,1,1
slope_bias,39,1.25,expanded,0.966251432765491,0.966251432765491,0.965299212852155,-0.000952219913335939,0.1646,0.1646,0.058,1,0,1,0,0.00270931032295674,0.001282330293859,0.00291897868433429,0.00103745499608488,0.0282439274533898,0.1066,533,0,0.1066,0,533,0,1,0,-0.000952219913335887,0.00893264459039294,0.00893264459039294,1,1
slope_bias,39,1.5,expanded,0.966251432765491,0.966251432765491,0.965299212852155,-0.000952219913335939,0.1646,0.1646,0.058,1,0,1,0,0.010837241291827,0.001282330293859,0.0103519513664982,0.00103745499608488,0.0338927129440678,0.1066,533,0,0.1066,0,533,0,1,0,-0.000952219913335887,0.00893264459039294,0.00893264459039294,1,1
slope_bias,39,2,expanded,0.966251432765491,0.966251432765491,0.965299212852155,-0.000952219913335939,0.1646,0.1646,0.058,1,0,1,0,0.0433489651673079,0.001282330293859,0.041158597999897,0.00103745499608488,0.0451902839254237,0.1066,533,0,0.1066,0,533,0,1,0,-0.000952219913335887,0.00893264459039294,0.00893264459039294,1,1
slope_bias,40,0.25,compressed,0.966355656443931,0.966355656443931,0.966303749977322,-5.19064666089086e-05,0.1636,0.1636,0.1942,1,0,0.842430484037075,0.157569515962925,0.0238611558895742,0.00128082676066348,0.0218037429787407,0.00119518574568119,-0.000896715985319818,0.0306,153,0,0.0306,0,153,0,1,0,-5.19064666089251e-05,-0.0016962897584616,0.0016962897584616,1,1
slope_bias,40,0.5,compressed,0.966355656443931,0.966355656443931,0.966303749977322,-5.19064666089086e-05,0.1636,0.1636,0.1942,1,0,0.842430484037075,0.157569515962925,0.0106049581731441,0.00128082676066348,0.0094659893306322,0.00119518574568119,-0.00179343197063964,0.0306,153,0,0.0306,0,153,0,1,0,-5.19064666089251e-05,-0.0016962897584616,0.0016962897584616,1,1
slope_bias,40,0.75,compressed,0.966355656443931,0.966355656443931,0.966303749977322,-5.19064666089086e-05,0.1636,0.1636,0.1942,1,0,0.842430484037075,0.157569515962925,0.00265123954328602,0.00128082676066348,0.00231858528770277,0.00119518574568119,-0.00269014795595945,0.0306,153,0,0.0306,0,153,0,1,0,-5.19064666089251e-05,-0.0016962897584616,0.0016962897584616,1,1
slope_bias,40,1,identity_scale,0.966355656443931,0.966355656443931,0.966303749977322,-5.19064666089086e-05,0.1636,0.1636,0.1942,1,0,0.842430484037075,0.157569515962925,0,0.00128082676066348,0.000361530849952442,0.00119518574568119,-0.00358686394127927,0.0306,153,0,0.0306,0,153,0,1,0,-5.19064666089251e-05,-0.0016962897584616,0.0016962897584616,1,1
slope_bias,40,1.25,expanded,0.966355656443931,0.966355656443931,0.966303749977322,-5.19064666089086e-05,0.1636,0.1636,0.1942,1,0,0.842430484037075,0.157569515962925,0.00265123954328602,0.00128082676066348,0.00359482601738122,0.00119518574568119,-0.00448357992659909,0.0306,153,0,0.0306,0,153,0,1,0,-5.19064666089251e-05,-0.0016962897584616,0.0016962897584616,1,1
slope_bias,40,1.5,expanded,0.966355656443931,0.966355656443931,0.966303749977322,-5.19064666089086e-05,0.1636,0.1636,0.1942,1,0,0.842430484037075,0.157569515962925,0.0106049581731441,0.00128082676066348,0.0120184707899891,0.00119518574568119,-0.00538029591191891,0.0306,153,0,0.0306,0,153,0,1,0,-5.19064666089251e-05,-0.0016962897584616,0.0016962897584616,1,1
slope_bias,40,2,expanded,0.966355656443931,0.966355656443931,0.966303749977322,-5.19064666089086e-05,0.1636,0.1636,0.1942,1,0,0.842430484037075,0.157569515962925,0.0424198326925764,0.00128082676066348,0.0444368091507422,0.00119518574568119,-0.00717372788255855,0.0306,153,0,0.0306,0,153,0,1,0,-5.19064666089251e-05,-0.0016962897584616,0.0016962897584616,1,1
slope_bias,41,0.25,compressed,0.966522959208855,0.966522959208855,0.966512613836944,-1.03453719115798e-05,0.1656,0.1656,0.152,1,0,1,0,0.0241538848164554,0.00368236493951185,0.0261145717048048,0.00113924155016748,0.000366437059464986,0.0136,68,0,0.0136,0,68,0,1,0,-1.03453719116605e-05,0.00076068911115151,0.00076068911115151,1,1
slope_bias,41,0.5,compressed,0.966522959208855,0.966522959208855,0.966512613836944,-1.03453719115798e-05,0.1656,0.1656,0.152,1,0,1,0,0.0107350599184246,0.00368236493951185,0.0123535473382859,0.00113924155016748,0.000732874118929972,0.0136,68,0,0.0136,0,68,0,1,0,-1.03453719116605e-05,0.00076068911115151,0.00076068911115151,1,1
slope_bias,41,0.75,compressed,0.966522959208855,0.966522959208855,0.966512613836944,-1.03453719115798e-05,0.1656,0.1656,0.152,1,0,1,0,0.00268376497960616,0.00368236493951185,0.00385497856792382,0.00113924155016748,0.00109931117839496,0.0136,68,0,0.0136,0,68,0,1,0,-1.03453719116605e-05,0.00076068911115151,0.00076068911115151,1,1
slope_bias,41,1,identity_scale,0.966522959208855,0.966522959208855,0.966512613836944,-1.03453719115798e-05,0.1656,0.1656,0.152,1,0,1,0,0,0.00368236493951185,0.000618865393718619,0.00113924155016748,0.00146574823785994,0.0136,68,0,0.0136,0,68,0,1,0,-1.03453719116605e-05,0.00076068911115151,0.00076068911115151,1,1
slope_bias,41,1.25,expanded,0.966522959208855,0.966522959208855,0.966512613836944,-1.03453719115798e-05,0.1656,0.1656,0.152,1,0,1,0,0.00268376497960616,0.00368236493951185,0.00264520781567029,0.00113924155016748,0.00183218529732493,0.0136,68,0,0.0136,0,68,0,1,0,-1.03453719116605e-05,0.00076068911115151,0.00076068911115151,1,1
slope_bias,41,1.5,expanded,0.966522959208855,0.966522959208855,0.966512613836944,-1.03453719115798e-05,0.1656,0.1656,0.152,1,0,1,0,0.0107350599184246,0.00368236493951185,0.00993400583377883,0.00113924155016748,0.00219862235678991,0.0136,68,0,0.0136,0,68,0,1,0,-1.03453719116605e-05,0.00076068911115151,0.00076068911115151,1,1
slope_bias,41,2,expanded,0.966522959208855,0.966522959208855,0.966512613836944,-1.03453719115798e-05,0.1656,0.1656,0.152,1,0,1,0,0.0429402396736985,0.00368236493951185,0.0402989686584665,0.00113924155016748,0.00293149647571989,0.0136,68,0,0.0136,0,68,0,1,0,-1.03453719116605e-05,0.00076068911115151,0.00076068911115151,1,1
slope_bias,42,0.25,compressed,0.966265051392165,0.966265051392165,0.966158364545095,-0.000106686847069715,0.165,0.165,0.204,1,0,0.808823529411765,0.191176470588235,0.0255917771740938,0.00112107893050677,0.0264420627289251,0.000527473099691535,-0.00135307330566958,0.039,195,0,0.039,0,195,0,1,0,-0.000106686847069758,-0.00273556018127585,0.00273556018127585,1,1
slope_bias,42,0.5,compressed,0.966265051392165,0.966265051392165,0.966158364545095,-0.000106686847069715,0.165,0.165,0.204,1,0,0.808823529411765,0.191176470588235,0.0113741231884861,0.00112107893050677,0.0122494698849978,0.000527473099691535,-0.00270614661133917,0.039,195,0,0.039,0,195,0,1,0,-0.000106686847069758,-0.00273556018127585,0.00273556018127585,1,1
slope_bias,42,0.75,compressed,0.966265051392165,0.966265051392165,0.966158364545095,-0.000106686847069715,0.165,0.165,0.204,1,0,0.808823529411765,0.191176470588235,0.00284353079712154,0.00112107893050677,0.00364005766206193,0.000527473099691535,-0.00405921991700875,0.039,195,0,0.039,0,195,0,1,0,-0.000106686847069758,-0.00273556018127585,0.00273556018127585,1,1
slope_bias,42,1,identity_scale,0.966265051392165,0.966265051392165,0.966158364545095,-0.000106686847069715,0.165,0.165,0.204,1,0,0.808823529411765,0.191176470588235,0,0.00112107893050677,0.000613826060117425,0.000527473099691535,-0.00541229322267833,0.039,195,0,0.039,0,195,0,1,0,-0.000106686847069758,-0.00273556018127585,0.00273556018127585,1,1
slope_bias,42,1.25,expanded,0.966265051392165,0.966265051392165,0.966158364545095,-0.000106686847069715,0.165,0.165,0.204,1,0,0.808823529411765,0.191176470588235,0.00284353079712154,0.00112107893050677,0.00317077507916429,0.000527473099691535,-0.00676536652834792,0.039,195,0,0.039,0,195,0,1,0,-0.000106686847069758,-0.00273556018127585,0.00273556018127585,1,1
slope_bias,42,1.5,expanded,0.966265051392165,0.966265051392165,0.966158364545095,-0.000106686847069715,0.165,0.165,0.204,1,0,0.808823529411765,0.191176470588235,0.0113741231884861,0.00112107893050677,0.0113109047192025,0.000527473099691535,-0.0081184398340175,0.039,195,0,0.039,0,195,0,1,0,-0.000106686847069758,-0.00273556018127585,0.00273556018127585,1,1
slope_bias,42,2,expanded,0.966265051392165,0.966265051392165,0.966158364545095,-0.000106686847069715,0.165,0.165,0.204,1,0,0.808823529411765,0.191176470588235,0.0454964927539446,0.00112107893050677,0.0443407058622532,0.000527473099691535,-0.0108245864453567,0.039,195,0,0.039,0,195,0,1,0,-0.000106686847069758,-0.00273556018127585,0.00273556018127585,1,1
slope_bias,43,0.25,compressed,0.965128705534584,0.965128705534584,0.963805798376107,-0.0013229071584776,0.159,0.159,0.0448,1,0,1,0,0.0254926040000936,0.00162656052109898,0.0275418598121147,0.000115619323625188,0.00773466772489675,0.1142,571,0,0.1142,0,571,0,1,0,-0.00132290715847754,0.0115841257309767,0.0115841257309767,1,1
slope_bias,43,0.5,compressed,0.965128705534584,0.965128705534584,0.963805798376107,-0.0013229071584776,0.159,0.159,0.0448,1,0,1,0,0.0113300462222638,0.00162656052109898,0.0128984196489754,0.000115619323625188,0.0154693354497935,0.1142,571,0,0.1142,0,571,0,1,0,-0.00132290715847754,0.0115841257309767,0.0115841257309767,1,1
slope_bias,43,0.75,compressed,0.965128705534584,0.965128705534584,0.963805798376107,-0.0013229071584776,0.159,0.159,0.0448,1,0,1,0,0.00283251155556596,0.00162656052109898,0.00381382313691596,0.000115619323625188,0.0232040031746903,0.1142,571,0,0.1142,0,571,0,1,0,-0.00132290715847754,0.0115841257309767,0.0115841257309767,1,1
slope_bias,43,1,identity_scale,0.965128705534584,0.965128705534584,0.963805798376107,-0.0013229071584776,0.159,0.159,0.0448,1,0,1,0,0,0.00162656052109898,0.000288070275936419,0.000115619323625188,0.030938670899587,0.1142,571,0,0.1142,0,571,0,1,0,-0.00132290715847754,0.0115841257309767,0.0115841257309767,1,1
slope_bias,43,1.25,expanded,0.965128705534584,0.965128705534584,0.963805798376107,-0.0013229071584776,0.159,0.159,0.0448,1,0,1,0,0.00283251155556596,0.00162656052109898,0.00232116106603677,0.000115619323625188,0.0386733386244838,0.1142,571,0,0.1142,0,571,0,1,0,-0.00132290715847754,0.0115841257309767,0.0115841257309767,1,1
slope_bias,43,1.5,expanded,0.965128705534584,0.965128705534584,0.963805798376107,-0.0013229071584776,0.159,0.159,0.0448,1,0,1,0,0.0113300462222638,0.00162656052109898,0.00991309550721701,0.000115619323625188,0.0464080063493805,0.1142,571,0,0.1142,0,571,0,1,0,-0.00132290715847754,0.0115841257309767,0.0115841257309767,1,1
slope_bias,43,2,expanded,0.965128705534584,0.965128705534584,0.963805798376107,-0.0013229071584776,0.159,0.159,0.0448,1,0,1,0,0.0453201848890553,0.00162656052109898,0.0417734953428172,0.000115619323625188,0.061877341799174,0.1142,571,0,0.1142,0,571,0,1,0,-0.00132290715847754,0.0115841257309767,0.0115841257309767,1,1
slope_bias,44,0.25,compressed,0.966013710206103,0.966013710206103,0.965904053966881,-0.000109656239222544,0.1544,0.1544,0.1984,1,0,0.778225806451613,0.221774193548387,0.0248813909955582,0.00136181744642725,0.0216337874965355,0.000764040827569265,-0.00133025398978784,0.044,220,0,0.044,0,220,0,1,0,-0.000109656239222469,-0.00249218725505612,0.00249218725505612,1,1
slope_bias,44,0.5,compressed,0.966013710206103,0.966013710206103,0.965904053966881,-0.000109656239222544,0.1544,0.1544,0.1984,1,0,0.778225806451613,0.221774193548387,0.0110583959980259,0.00136181744642725,0.00920699488903107,0.000764040827569265,-0.00266050797957568,0.044,220,0,0.044,0,220,0,1,0,-0.000109656239222469,-0.00249218725505612,0.00249218725505612,1,1
slope_bias,44,0.75,compressed,0.966013710206103,0.966013710206103,0.965904053966881,-0.000109656239222544,0.1544,0.1544,0.1984,1,0,0.778225806451613,0.221774193548387,0.00276459899950647,0.00136181744642725,0.00220641992754054,0.000764040827569265,-0.00399076196936352,0.044,220,0,0.044,0,220,0,1,0,-0.000109656239222469,-0.00249218725505612,0.00249218725505612,1,1
slope_bias,44,1,identity_scale,0.966013710206103,0.966013710206103,0.965904053966881,-0.000109656239222544,0.1544,0.1544,0.1984,1,0,0.778225806451613,0.221774193548387,0,0.00136181744642725,0.000632062612063972,0.000764040827569265,-0.00532101595915135,0.044,220,0,0.044,0,220,0,1,0,-0.000109656239222469,-0.00249218725505612,0.00249218725505612,1,1
slope_bias,44,1.25,expanded,0.966013710206103,0.966013710206103,0.965904053966881,-0.000109656239222544,0.1544,0.1544,0.1984,1,0,0.778225806451613,0.221774193548387,0.00276459899950647,0.00136181744642725,0.00448392294260135,0.000764040827569265,-0.00665126994893919,0.044,220,0,0.044,0,220,0,1,0,-0.000109656239222469,-0.00249218725505612,0.00249218725505612,1,1
slope_bias,44,1.5,expanded,0.966013710206103,0.966013710206103,0.965904053966881,-0.000109656239222544,0.1544,0.1544,0.1984,1,0,0.778225806451613,0.221774193548387,0.0110583959980259,0.00136181744642725,0.0137620009191527,0.000764040827569265,-0.00798152393872703,0.044,220,0,0.044,0,220,0,1,0,-0.000109656239222469,-0.00249218725505612,0.00249218725505612,1,1
slope_bias,44,2,expanded,0.966013710206103,0.966013710206103,0.965904053966881,-0.000109656239222544,0.1544,0.1544,0.1984,1,0,0.778225806451613,0.221774193548387,0.0442335839921035,0.00136181744642725,0.0485968098102972,0.000764040827569265,-0.0106420319183027,0.044,220,0,0.044,0,220,0,1,0,-0.000109656239222469,-0.00249218725505612,0.00249218725505612,1,1
slope_bias,45,0.25,compressed,0.96585488277817,0.96585488277817,0.96536794366123,-0.000486939116939866,0.1538,0.1538,0.0754,1,0,1,0,0.0250150589898402,0.000740420442035112,0.0281174060265055,0.000649375054921826,0.00370174622561226,0.0784,392,0,0.0784,0,392,0,1,0,-0.000486939116939862,0.00621095812423293,0.00621095812423293,1,1
slope_bias,45,0.5,compressed,0.96585488277817,0.96585488277817,0.96536794366123,-0.000486939116939866,0.1538,0.1538,0.0754,1,0,1,0,0.0111178039954845,0.000740420442035112,0.0135752776523911,0.000649375054921826,0.00740349245122451,0.0784,392,0,0.0784,0,392,0,1,0,-0.000486939116939862,0.00621095812423293,0.00621095812423293,1,1
slope_bias,45,0.75,compressed,0.96585488277817,0.96585488277817,0.96536794366123,-0.000486939116939866,0.1538,0.1538,0.0754,1,0,1,0,0.00277945099887113,0.000740420442035112,0.00448469793291546,0.000649375054921826,0.0111052386768368,0.0784,392,0,0.0784,0,392,0,1,0,-0.000486939116939862,0.00621095812423293,0.00621095812423293,1,1
slope_bias,45,1,identity_scale,0.96585488277817,0.96585488277817,0.96536794366123,-0.000486939116939866,0.1538,0.1538,0.0754,1,0,1,0,0,0.000740420442035112,0.000845666868078746,0.000649375054921826,0.014806984902449,0.0784,392,0,0.0784,0,392,0,1,0,-0.000486939116939862,0.00621095812423293,0.00621095812423293,1,1
slope_bias,45,1.25,expanded,0.96585488277817,0.96585488277817,0.96536794366123,-0.000486939116939866,0.1538,0.1538,0.0754,1,0,1,0,0.00277945099887113,0.000740420442035112,0.00265818445788091,0.000649375054921826,0.0185087311280613,0.0784,392,0,0.0784,0,392,0,1,0,-0.000486939116939862,0.00621095812423293,0.00621095812423293,1,1
slope_bias,45,1.5,expanded,0.96585488277817,0.96585488277817,0.96536794366123,-0.000486939116939866,0.1538,0.1538,0.0754,1,0,1,0,0.0111178039954845,0.000740420442035112,0.00992225070232195,0.000649375054921826,0.0222104773536735,0.0784,392,0,0.0784,0,392,0,1,0,-0.000486939116939862,0.00621095812423293,0.00621095812423293,1,1
slope_bias,45,2,expanded,0.96585488277817,0.96585488277817,0.96536794366123,-0.000486939116939866,0.1538,0.1538,0.0754,1,0,1,0,0.0444712159819381,0.000740420442035112,0.0408050291551207,0.000649375054921826,0.0296139698048981,0.0784,392,0,0.0784,0,392,0,1,0,-0.000486939116939862,0.00621095812423293,0.00621095812423293,1,1
slope_bias,46,0.25,compressed,0.965320932287281,0.965320932287281,0.965316227170779,-4.70511650130234e-06,0.1688,0.1688,0.1784,1,0,0.946188340807175,0.0538116591928251,0.0248893100051016,0.000922617646947894,0.0300233950123952,0.000824117229030151,-0.000284245813568507,0.0096,48,0,0.0096,0,48,0,1,0,-4.70511650133605e-06,-0.000490116302222505,0.000490116302222505,1,1
slope_bias,46,0.5,compressed,0.965320932287281,0.965320932287281,0.965316227170779,-4.70511650130234e-06,0.1688,0.1688,0.1784,1,0,0.946188340807175,0.0538116591928251,0.0110619155578229,0.000922617646947894,0.0148405368060999,0.000824117229030151,-0.000568491627137013,0.0096,48,0,0.0096,0,48,0,1,0,-4.70511650133605e-06,-0.000490116302222505,0.000490116302222505,1,1
slope_bias,46,0.75,compressed,0.965320932287281,0.965320932287281,0.965316227170779,-4.70511650130234e-06,0.1688,0.1688,0.1784,1,0,0.946188340807175,0.0538116591928251,0.00276547888945574,0.000922617646947894,0.00508807694745693,0.000824117229030151,-0.00085273744070552,0.0096,48,0,0.0096,0,48,0,1,0,-4.70511650133605e-06,-0.000490116302222505,0.000490116302222505,1,1
slope_bias,46,1,identity_scale,0.965320932287281,0.965320932287281,0.965316227170779,-4.70511650130234e-06,0.1688,0.1688,0.1784,1,0,0.946188340807175,0.0538116591928251,0,0.000922617646947894,0.000766015436466468,0.000824117229030151,-0.00113698325427403,0.0096,48,0,0.0096,0,48,0,1,0,-4.70511650133605e-06,-0.000490116302222505,0.000490116302222505,1,1
slope_bias,46,1.25,expanded,0.965320932287281,0.965320932287281,0.965316227170779,-4.70511650130234e-06,0.1688,0.1688,0.1784,1,0,0.946188340807175,0.0538116591928251,0.00276547888945574,0.000922617646947894,0.00187435227312847,0.000824117229030151,-0.00142122906784253,0.0096,48,0,0.0096,0,48,0,1,0,-4.70511650133605e-06,-0.000490116302222505,0.000490116302222505,1,1
slope_bias,46,1.5,expanded,0.965320932287281,0.965320932287281,0.965316227170779,-4.70511650130234e-06,0.1688,0.1688,0.1784,1,0,0.946188340807175,0.0538116591928251,0.0110619155578229,0.000922617646947894,0.00841308745744293,0.000824117229030151,-0.00170547488141104,0.0096,48,0,0.0096,0,48,0,1,0,-4.70511650133605e-06,-0.000490116302222505,0.000490116302222505,1,1
slope_bias,46,2,expanded,0.965320932287281,0.965320932287281,0.965316227170779,-4.70511650130234e-06,0.1688,0.1688,0.1784,1,0,0.946188340807175,0.0538116591928251,0.0442476622312918,0.000922617646947894,0.0377817528690292,0.000824117229030151,-0.00227396650854805,0.0096,48,0,0.0096,0,48,0,1,0,-4.70511650133605e-06,-0.000490116302222505,0.000490116302222505,1,1
slope_bias,47,0.25,compressed,0.965454519454638,0.965454519454638,0.965379673820994,-7.48456336440162e-05,0.16,0.16,0.125,1,0,1,0,0.0257223066547241,0.00114335468760702,0.0275714475680436,8.80004254217315e-05,0.0011668898011282,0.035,175,0,0.035,0,175,0,1,0,-7.48456336439511e-05,0.00213844667554146,0.00213844667554146,1,1
slope_bias,47,0.5,compressed,0.965454519454638,0.965454519454638,0.965379673820994,-7.48456336440162e-05,0.16,0.16,0.125,1,0,1,0,0.0114321362909885,0.00114335468760702,0.0129011229994637,8.80004254217315e-05,0.00233377960225639,0.035,175,0,0.035,0,175,0,1,0,-7.48456336439511e-05,0.00213844667554146,0.00213844667554146,1,1
slope_bias,47,0.75,compressed,0.965454519454638,0.965454519454638,0.965379673820994,-7.48456336440162e-05,0.16,0.16,0.125,1,0,1,0,0.00285803407274713,0.00114335468760702,0.00384097421153496,8.80004254217315e-05,0.00350066940338459,0.035,175,0,0.035,0,175,0,1,0,-7.48456336439511e-05,0.00213844667554146,0.00213844667554146,1,1
slope_bias,47,1,identity_scale,0.965454519454638,0.965454519454638,0.965379673820994,-7.48456336440162e-05,0.16,0.16,0.125,1,0,1,0,0,0.00114335468760702,0.00039100120425729,8.80004254217315e-05,0.00466755920451278,0.035,175,0,0.035,0,175,0,1,0,-7.48456336439511e-05,0.00213844667554146,0.00213844667554146,1,1
slope_bias,47,1.25,expanded,0.965454519454638,0.965454519454638,0.965379673820994,-7.48456336440162e-05,0.16,0.16,0.125,1,0,1,0,0.00285803407274713,0.00114335468760702,0.00255120397763071,8.80004254217315e-05,0.00583444900564098,0.035,175,0,0.035,0,175,0,1,0,-7.48456336439511e-05,0.00213844667554146,0.00213844667554146,1,1
slope_bias,47,1.5,expanded,0.965454519454638,0.965454519454638,0.965379673820994,-7.48456336440162e-05,0.16,0.16,0.125,1,0,1,0,0.0114321362909885,0.00114335468760702,0.0103215825316552,8.80004254217315e-05,0.00700133880676918,0.035,175,0,0.035,0,175,0,1,0,-7.48456336439511e-05,0.00213844667554146,0.00213844667554146,1,1
slope_bias,47,2,expanded,0.965454519454638,0.965454519454638,0.965379673820994,-7.48456336440162e-05,0.16,0.16,0.125,1,0,1,0,0.045728545163954,0.00114335468760702,0.0426928669816575,8.80004254217315e-05,0.00933511840902557,0.035,175,0,0.035,0,175,0,1,0,-7.48456336439511e-05,0.00213844667554146,0.00213844667554146,1,1
slope_bias,48,0.25,compressed,0.965668576163691,0.965668576163691,0.965388290949742,-0.00028028521394885,0.1606,0.1606,0.2284,1,0,0.703152364273205,0.296847635726795,0.0245070872952659,0.0016542342866915,0.0263625126046052,0.00099939572474766,-0.00217740187698795,0.0678,339,0,0.0678,0,339,0,1,0,-0.000280285213948904,-0.00413400020573605,0.00413400020573605,1,1
slope_bias,48,0.5,compressed,0.965668576163691,0.965668576163691,0.965388290949742,-0.00028028521394885,0.1606,0.1606,0.2284,1,0,0.703152364273205,0.296847635726795,0.0108920387978959,0.0016542342866915,0.0124044154352832,0.00099939572474766,-0.0043548037539759,0.0678,339,0,0.0678,0,339,0,1,0,-0.000280285213948904,-0.00413400020573605,0.00413400020573605,1,1
slope_bias,48,0.75,compressed,0.965668576163691,0.965668576163691,0.965388290949742,-0.00028028521394885,0.1606,0.1606,0.2284,1,0,0.703152364273205,0.296847635726795,0.00272300969947398,0.0016542342866915,0.00378459233774674,0.00099939572474766,-0.00653220563096385,0.0678,339,0,0.0678,0,339,0,1,0,-0.000280285213948904,-0.00413400020573605,0.00413400020573605,1,1
slope_bias,48,1,identity_scale,0.965668576163691,0.965668576163691,0.965388290949742,-0.00028028521394885,0.1606,0.1606,0.2284,1,0,0.703152364273205,0.296847635726795,0,0.0016542342866915,0.000503043311995719,0.00099939572474766,-0.0087096075079518,0.0678,339,0,0.0678,0,339,0,1,0,-0.000280285213948904,-0.00413400020573605,0.00413400020573605,1,1
slope_bias,48,1.25,expanded,0.965668576163691,0.965668576163691,0.965388290949742,-0.00028028521394885,0.1606,0.1606,0.2284,1,0,0.703152364273205,0.296847635726795,0.00272300969947398,0.0016542342866915,0.00255976835803017,0.00099939572474766,-0.0108870093849398,0.0678,339,0,0.0678,0,339,0,1,0,-0.000280285213948904,-0.00413400020573605,0.00413400020573605,1,1
slope_bias,48,1.5,expanded,0.965668576163691,0.965668576163691,0.965388290949742,-0.00028028521394885,0.1606,0.1606,0.2284,1,0,0.703152364273205,0.296847635726795,0.0108920387978959,0.0016542342866915,0.0099547674758501,0.00099939572474766,-0.0130644112619277,0.0678,339,0,0.0678,0,339,0,1,0,-0.000280285213948904,-0.00413400020573605,0.00413400020573605,1,1
slope_bias,48,2,expanded,0.965668576163691,0.965668576163691,0.965388290949742,-0.00028028521394885,0.1606,0.1606,0.2284,1,0,0.703152364273205,0.296847635726795,0.0435681551915837,0.0016542342866915,0.0407595879268464,0.00099939572474766,-0.0174192150159036,0.0678,339,0,0.0678,0,339,0,1,0,-0.000280285213948904,-0.00413400020573605,0.00413400020573605,1,1
slope_bias,49,0.25,compressed,0.965517886298715,0.965517886298715,0.965458726765927,-5.91595327884553e-05,0.1616,0.1616,0.1306,1,0,1,0,0.0239934480635963,0.000940361735463264,0.0243128389813826,0.000199128145365976,0.00103740635636826,0.031,155,0,0.031,0,155,0,1,0,-5.91595327884657e-05,0.00190837202543438,0.00190837202543438,1,1
slope_bias,49,0.5,compressed,0.965517886298715,0.965517886298715,0.965458726765927,-5.91595327884553e-05,0.1616,0.1616,0.1306,1,0,1,0,0.0106637546949317,0.000940361735463264,0.0111123474792503,0.000199128145365976,0.00207481271273652,0.031,155,0,0.031,0,155,0,1,0,-5.91595327884657e-05,0.00190837202543438,0.00190837202543438,1,1
slope_bias,49,0.75,compressed,0.965517886298715,0.965517886298715,0.965458726765927,-5.91595327884553e-05,0.1616,0.1616,0.1306,1,0,1,0,0.00266593867373292,0.000940361735463264,0.00313549961725948,0.000199128145365976,0.00311221906910478,0.031,155,0,0.031,0,155,0,1,0,-5.91595327884657e-05,0.00190837202543438,0.00190837202543438,1,1
slope_bias,49,1,identity_scale,0.965517886298715,0.965517886298715,0.965458726765927,-5.91595327884553e-05,0.1616,0.1616,0.1306,1,0,1,0,0,0.000940361735463264,0.000382295395410046,0.000199128145365976,0.00414962542547304,0.031,155,0,0.031,0,155,0,1,0,-5.91595327884657e-05,0.00190837202543438,0.00190837202543438,1,1
slope_bias,49,1.25,expanded,0.965517886298715,0.965517886298715,0.965458726765927,-5.91595327884553e-05,0.1616,0.1616,0.1306,1,0,1,0,0.00266593867373292,0.000940361735463264,0.00285273481370204,0.000199128145365976,0.0051870317818413,0.031,155,0,0.031,0,155,0,1,0,-5.91595327884657e-05,0.00190837202543438,0.00190837202543438,1,1
slope_bias,49,1.5,expanded,0.965517886298715,0.965517886298715,0.965458726765927,-5.91595327884553e-05,0.1616,0.1616,0.1306,1,0,1,0,0.0106637546949317,0.000940361735463264,0.0105468178721355,0.000199128145365976,0.00622443813820955,0.031,155,0,0.031,0,155,0,1,0,-5.91595327884657e-05,0.00190837202543438,0.00190837202543438,1,1
slope_bias,49,2,expanded,0.965517886298715,0.965517886298715,0.965458726765927,-5.91595327884553e-05,0.1616,0.1616,0.1306,1,0,1,0,0.0426550187797268,0.000940361735463264,0.0416059149094266,0.000199128145365976,0.00829925085094607,0.031,155,0,0.031,0,155,0,1,0,-5.91595327884657e-05,0.00190837202543438,0.00190837202543438,1,1
slope_bias,50,0.25,compressed,0.96513717249675,0.96513717249675,0.964225375128156,-0.000911797368593703,0.1556,0.1556,0.2794,1,0,0.556907659269864,0.443092340730136,0.0245946823849286,0.00144017534983703,0.0215868199352397,0.000611439874269451,-0.00378569473034959,0.1238,619,0,0.1238,0,619,0,1,0,-0.000911797368593678,-0.00736508375277608,0.00736508375277608,1,1
slope_bias,50,0.5,compressed,0.96513717249675,0.96513717249675,0.964225375128156,-0.000911797368593703,0.1556,0.1556,0.2794,1,0,0.556907659269864,0.443092340730136,0.0109309699488571,0.00144017534983703,0.00940768089445426,0.000611439874269451,-0.00757138946069919,0.1238,619,0,0.1238,0,619,0,1,0,-0.000911797368593678,-0.00736508375277608,0.00736508375277608,1,1
slope_bias,50,0.75,compressed,0.96513717249675,0.96513717249675,0.964225375128156,-0.000911797368593703,0.1556,0.1556,0.2794,1,0,0.556907659269864,0.443092340730136,0.00273274248721429,0.00144017534983703,0.00258780565114147,0.000611439874269451,-0.0113570841910488,0.1238,619,0,0.1238,0,619,0,1,0,-0.000911797368593678,-0.00736508375277608,0.00736508375277608,1,1
slope_bias,50,1,identity_scale,0.96513717249675,0.96513717249675,0.964225375128156,-0.000911797368593703,0.1556,0.1556,0.2794,1,0,0.556907659269864,0.443092340730136,0,0.00144017534983703,0.00112719420530133,0.000611439874269451,-0.0151427789213984,0.1238,619,0,0.1238,0,619,0,1,0,-0.000911797368593678,-0.00736508375277608,0.00736508375277608,1,1
slope_bias,50,1.25,expanded,0.96513717249675,0.96513717249675,0.964225375128156,-0.000911797368593703,0.1556,0.1556,0.2794,1,0,0.556907659269864,0.443092340730136,0.00273274248721429,0.00144017534983703,0.00502584655693383,0.000611439874269451,-0.018928473651748,0.1238,619,0,0.1238,0,619,0,1,0,-0.000911797368593678,-0.00736508375277608,0.00736508375277608,1,1
slope_bias,50,1.5,expanded,0.96513717249675,0.96513717249675,0.964225375128156,-0.000911797368593703,0.1556,0.1556,0.2794,1,0,0.556907659269864,0.443092340730136,0.0109309699488571,0.00144017534983703,0.014283762706039,0.000611439874269451,-0.0227141683820976,0.1238,619,0,0.1238,0,619,0,1,0,-0.000911797368593678,-0.00736508375277608,0.00736508375277608,1,1
slope_bias,50,2,expanded,0.96513717249675,0.96513717249675,0.964225375128156,-0.000911797368593703,0.1556,0.1556,0.2794,1,0,0.556907659269864,0.443092340730136,0.0437238797954286,0.00144017534983703,0.0488773863966672,0.000611439874269451,-0.0302855578427967,0.1238,619,0,0.1238,0,619,0,1,0,-0.000911797368593678,-0.00736508375277608,0.00736508375277608,1,1
slope_bias,51,0.25,compressed,0.963770137272835,0.963770137272835,0.963645921443448,-0.000124215829387375,0.1704,0.1704,0.128,1,0,1,0,0.0250564858621777,0.00091370974259595,0.0256308484077493,0.000799747033056578,0.00148359565194081,0.0424,212,0,0.0424,0,212,0,1,0,-0.00012421582938745,0.00292961861762854,0.00292961861762854,1,1
slope_bias,51,0.5,compressed,0.963770137272835,0.963770137272835,0.963645921443448,-0.000124215829387375,0.1704,0.1704,0.128,1,0,1,0,0.0111362159387457,0.00091370974259595,0.0117205216106032,0.000799747033056578,0.00296719130388162,0.0424,212,0,0.0424,0,212,0,1,0,-0.00012421582938745,0.00292961861762854,0.00292961861762854,1,1
slope_bias,51,0.75,compressed,0.963770137272835,0.963770137272835,0.963645921443448,-0.000124215829387375,0.1704,0.1704,0.128,1,0,1,0,0.00278405398468641,0.00091370974259595,0.00327360624889473,0.000799747033056578,0.00445078695582243,0.0424,212,0,0.0424,0,212,0,1,0,-0.00012421582938745,0.00292961861762854,0.00292961861762854,1,1
slope_bias,51,1,identity_scale,0.963770137272835,0.963770137272835,0.963645921443448,-0.000124215829387375,0.1704,0.1704,0.128,1,0,1,0,0,0.00091370974259595,0.000290102322623776,0.000799747033056578,0.00593438260776324,0.0424,212,0,0.0424,0,212,0,1,0,-0.00012421582938745,0.00292961861762854,0.00292961861762854,1,1
slope_bias,51,1.25,expanded,0.963770137272835,0.963770137272835,0.963645921443448,-0.000124215829387375,0.1704,0.1704,0.128,1,0,1,0,0.00278405398468641,0.00091370974259595,0.00277000983179037,0.000799747033056578,0.00741797825970406,0.0424,212,0,0.0424,0,212,0,1,0,-0.00012421582938745,0.00292961861762854,0.00292961861762854,1,1
slope_bias,51,1.5,expanded,0.963770137272835,0.963770137272835,0.963645921443448,-0.000124215829387375,0.1704,0.1704,0.128,1,0,1,0,0.0111362159387457,0.00091370974259595,0.0107133287763945,0.000799747033056578,0.00890157391164487,0.0424,212,0,0.0424,0,212,0,1,0,-0.00012421582938745,0.00292961861762854,0.00292961861762854,1,1
slope_bias,51,2,expanded,0.963770137272835,0.963770137272835,0.963645921443448,-0.000124215829387375,0.1704,0.1704,0.128,1,0,1,0,0.0445448637549826,0.00091370974259595,0.0429902009719154,0.000799747033056578,0.0118687652155265,0.0424,212,0,0.0424,0,212,0,1,0,-0.00012421582938745,0.00292961861762854,0.00292961861762854,1,1
slope_bias,52,0.25,compressed,0.965942373499064,0.965942373499064,0.965403225080692,-0.000539148418372104,0.1554,0.1554,0.0766,1,0,1,0,0.0244963974448963,0.00152550651728022,0.0262414178976595,0.000763613938607641,0.00395069510736584,0.0788,394,0,0.0788,0,394,0,1,0,-0.000539148418372092,0.00684198500472198,0.00684198500472198,1,1
slope_bias,52,0.5,compressed,0.965942373499064,0.965942373499064,0.965403225080692,-0.000539148418372104,0.1554,0.1554,0.0766,1,0,1,0,0.0108872877532873,0.00152550651728022,0.0123492543701715,0.000763613938607641,0.00790139021473169,0.0788,394,0,0.0788,0,394,0,1,0,-0.000539148418372092,0.00684198500472198,0.00684198500472198,1,1
slope_bias,52,0.75,compressed,0.965942373499064,0.965942373499064,0.965403225080692,-0.000539148418372104,0.1554,0.1554,0.0766,1,0,1,0,0.00272182193832182,0.00152550651728022,0.00379165966009165,0.000763613938607641,0.0118520853220975,0.0788,394,0,0.0788,0,394,0,1,0,-0.000539148418372092,0.00684198500472198,0.00684198500472198,1,1
slope_bias,52,1,identity_scale,0.965942373499064,0.965942373499064,0.965403225080692,-0.000539148418372104,0.1554,0.1554,0.0766,1,0,1,0,0,0.00152550651728022,0.000568633767419811,0.000763613938607641,0.0158027804294634,0.0788,394,0,0.0788,0,394,0,1,0,-0.000539148418372092,0.00684198500472198,0.00684198500472198,1,1
slope_bias,52,1.25,expanded,0.965942373499064,0.965942373499064,0.965403225080692,-0.000539148418372104,0.1554,0.1554,0.0766,1,0,1,0,0.00272182193832182,0.00152550651728022,0.00268017669215602,0.000763613938607641,0.0197534755368292,0.0788,394,0,0.0788,0,394,0,1,0,-0.000539148418372092,0.00684198500472198,0.00684198500472198,1,1
slope_bias,52,1.5,expanded,0.965942373499064,0.965942373499064,0.965403225080692,-0.000539148418372104,0.1554,0.1554,0.0766,1,0,1,0,0.0108872877532873,0.00152550651728022,0.0101262884343003,0.000763613938607641,0.0237041706441951,0.0788,394,0,0.0788,0,394,0,1,0,-0.000539148418372092,0.00684198500472198,0.00684198500472198,1,1
slope_bias,52,2,expanded,0.965942373499064,0.965942373499064,0.965403225080692,-0.000539148418372104,0.1554,0.1554,0.0766,1,0,1,0,0.0435491510131491,0.00152550651728022,0.041022218370813,0.000763613938607641,0.0316055608589267,0.0788,394,0,0.0788,0,394,0,1,0,-0.000539148418372092,0.00684198500472198,0.00684198500472198,1,1
slope_bias,53,0.25,compressed,0.965630753708102,0.965630753708102,0.964128790301776,-0.0015019634063268,0.1672,0.1672,0.3188,1,0,0.524466750313676,0.475533249686324,0.0250722284191516,0.00308144807955895,0.0233296625793526,0.00258679934929861,-0.00473782315089411,0.1516,758,0,0.1516,0,758,0,1,0,-0.00150196340632675,-0.00990741033197068,0.00990741033197068,1,1
slope_bias,53,0.5,compressed,0.965630753708102,0.965630753708102,0.964128790301776,-0.0015019634063268,0.1672,0.1672,0.3188,1,0,0.524466750313676,0.475533249686324,0.011143212630734,0.00308144807955895,0.0103137057463247,0.00258679934929861,-0.00947564630178821,0.1516,758,0,0.1516,0,758,0,1,0,-0.00150196340632675,-0.00990741033197068,0.00990741033197068,1,1
slope_bias,53,0.75,compressed,0.965630753708102,0.965630753708102,0.964128790301776,-0.0015019634063268,0.1672,0.1672,0.3188,1,0,0.524466750313676,0.475533249686324,0.00278580315768351,0.00308144807955895,0.00276055947145656,0.00258679934929861,-0.0142134694526823,0.1516,758,0,0.1516,0,758,0,1,0,-0.00150196340632675,-0.00990741033197068,0.00990741033197068,1,1
slope_bias,53,1,identity_scale,0.965630753708102,0.965630753708102,0.964128790301776,-0.0015019634063268,0.1672,0.1672,0.3188,1,0,0.524466750313676,0.475533249686324,0,0.00308144807955895,0.000670223754748132,0.00258679934929861,-0.0189512926035764,0.1516,758,0,0.1516,0,758,0,1,0,-0.00150196340632675,-0.00990741033197068,0.00990741033197068,1,1
slope_bias,53,1.25,expanded,0.965630753708102,0.965630753708102,0.964128790301776,-0.0015019634063268,0.1672,0.1672,0.3188,1,0,0.524466750313676,0.475533249686324,0.00278580315768351,0.00308144807955895,0.00404269859619943,0.00258679934929861,-0.0236891157544705,0.1516,758,0,0.1516,0,758,0,1,0,-0.00150196340632675,-0.00990741033197068,0.00990741033197068,1,1
slope_bias,53,1.5,expanded,0.965630753708102,0.965630753708102,0.964128790301776,-0.0015019634063268,0.1672,0.1672,0.3188,1,0,0.524466750313676,0.475533249686324,0.011143212630734,0.00308144807955895,0.0128779839958104,0.00258679934929861,-0.0284269389053646,0.1516,758,0,0.1516,0,758,0,1,0,-0.00150196340632675,-0.00990741033197068,0.00990741033197068,1,1
slope_bias,53,2,expanded,0.965630753708102,0.965630753708102,0.964128790301776,-0.0015019634063268,0.1672,0.1672,0.3188,1,0,0.524466750313676,0.475533249686324,0.0445728505229362,0.00308144807955895,0.0469369864695116,0.00258679934929861,-0.0379025852071528,0.1516,758,0,0.1516,0,758,0,1,0,-0.00150196340632675,-0.00990741033197068,0.00990741033197068,1,1
slope_bias,54,0.25,compressed,0.965668669767958,0.965668669767958,0.964504252883286,-0.00116441688467273,0.1674,0.1674,0.3022,1,0,0.553937789543349,0.446062210456651,0.0242380414333107,0.000903949843694817,0.0234583641900603,0.00120132565038067,-0.00425630408633204,0.1348,674,0,0.1348,0,674,0,1,0,-0.00116441688467267,-0.00863810745306136,0.00863810745306136,1,1
slope_bias,54,0.5,compressed,0.965668669767958,0.965668669767958,0.964504252883286,-0.00116441688467273,0.1674,0.1674,0.3022,1,0,0.553937789543349,0.446062210456651,0.0107724628592492,0.000903949843694817,0.0105431135701517,0.00120132565038067,-0.00851260817266408,0.1348,674,0,0.1348,0,674,0,1,0,-0.00116441688467267,-0.00863810745306136,0.00863810745306136,1,1
slope_bias,54,0.75,compressed,0.965668669767958,0.965668669767958,0.964504252883286,-0.00116441688467273,0.1674,0.1674,0.3022,1,0,0.553937789543349,0.446062210456651,0.0026931157148123,0.000903949843694817,0.00290185702059467,0.00120132565038067,-0.0127689122589961,0.1348,674,0,0.1348,0,674,0,1,0,-0.00116441688467267,-0.00863810745306136,0.00863810745306136,1,1
slope_bias,54,1,identity_scale,0.965668669767958,0.965668669767958,0.964504252883286,-0.00116441688467273,0.1674,0.1674,0.3022,1,0,0.553937789543349,0.446062210456651,0,0.000903949843694817,0.000534594541389303,0.00120132565038067,-0.0170252163453282,0.1348,674,0,0.1348,0,674,0,1,0,-0.00116441688467267,-0.00863810745306136,0.00863810745306136,1,1
slope_bias,54,1.25,expanded,0.965668669767958,0.965668669767958,0.964504252883286,-0.00116441688467273,0.1674,0.1674,0.3022,1,0,0.553937789543349,0.446062210456651,0.0026931157148123,0.000903949843694817,0.00344132613253558,0.00120132565038067,-0.0212815204316602,0.1348,674,0,0.1348,0,674,0,1,0,-0.00116441688467267,-0.00863810745306136,0.00863810745306136,1,1
slope_bias,54,1.5,expanded,0.965668669767958,0.965668669767958,0.964504252883286,-0.00116441688467273,0.1674,0.1674,0.3022,1,0,0.553937789543349,0.446062210456651,0.0107724628592492,0.000903949843694817,0.0116220517940335,0.00120132565038067,-0.0255378245179922,0.1348,674,0,0.1348,0,674,0,1,0,-0.00116441688467267,-0.00863810745306136,0.00863810745306136,1,1
slope_bias,54,2,expanded,0.965668669767958,0.965668669767958,0.964504252883286,-0.00116441688467273,0.1674,0.1674,0.3022,1,0,0.553937789543349,0.446062210456651,0.0430898514369969,0.000903949843694817,0.0438054853280843,0.00120132565038067,-0.0340504326906563,0.1348,674,0,0.1348,0,674,0,1,0,-0.00116441688467267,-0.00863810745306136,0.00863810745306136,1,1
slope_bias,55,0.25,compressed,0.963914386587492,0.963914386587492,0.963722312036082,-0.000192074551410015,0.154,0.154,0.1012,1,0,1,0,0.0255234439879018,0.000884320212779482,0.0211519074505371,0.00124656772608055,0.00193349391390696,0.0528,264,0,0.0528,0,264,0,1,0,-0.000192074551410027,0.00363777559488687,0.00363777559488687,1,1
slope_bias,55,0.5,compressed,0.963914386587492,0.963914386587492,0.963722312036082,-0.000192074551410015,0.154,0.154,0.1012,1,0,1,0,0.0113437528835119,0.000884320212779482,0.00868513748873219,0.00124656772608055,0.00386698782781392,0.0528,264,0,0.0528,0,264,0,1,0,-0.000192074551410027,0.00363777559488687,0.00363777559488687,1,1
slope_bias,55,0.75,compressed,0.963914386587492,0.963914386587492,0.963722312036082,-0.000192074551410015,0.154,0.154,0.1012,1,0,1,0,0.00283593822087798,0.000884320212779482,0.00179469326798508,0.00124656772608055,0.00580048174172088,0.0528,264,0,0.0528,0,264,0,1,0,-0.000192074551410027,0.00363777559488687,0.00363777559488687,1,1
slope_bias,55,1,identity_scale,0.963914386587492,0.963914386587492,0.963722312036082,-0.000192074551410015,0.154,0.154,0.1012,1,0,1,0,0,0.000884320212779482,0.000480574788295729,0.00124656772608055,0.00773397565562783,0.0528,264,0,0.0528,0,264,0,1,0,-0.000192074551410027,0.00363777559488687,0.00363777559488687,1,1
slope_bias,55,1.25,expanded,0.963914386587492,0.963914386587492,0.963722312036082,-0.000192074551410015,0.154,0.154,0.1012,1,0,1,0,0.00283593822087798,0.000884320212779482,0.00474278204966415,0.00124656772608055,0.00966746956953479,0.0528,264,0,0.0528,0,264,0,1,0,-0.000192074551410027,0.00363777559488687,0.00363777559488687,1,1
slope_bias,55,1.5,expanded,0.963914386587492,0.963914386587492,0.963722312036082,-0.000192074551410015,0.154,0.154,0.1012,1,0,1,0,0.0113437528835119,0.000884320212779482,0.0145813150520903,0.00124656772608055,0.0116009634834418,0.0528,264,0,0.0528,0,264,0,1,0,-0.000192074551410027,0.00363777559488687,0.00363777559488687,1,1
slope_bias,55,2,expanded,0.963914386587492,0.963914386587492,0.963722312036082,-0.000192074551410015,0.154,0.154,0.1012,1,0,1,0,0.0453750115340477,0.000884320212779482,0.050987358280116,0.00124656772608055,0.0154679513112557,0.0528,264,0,0.0528,0,264,0,1,0,-0.000192074551410027,0.00363777559488687,0.00363777559488687,1,1
slope_bias,56,0.25,compressed,0.966051900585591,0.966051900585591,0.963901958654542,-0.00214994193104945,0.1648,0.1648,0.0248,1,0,1,0,0.0257072330360032,0.00231107153526844,0.0226024229745072,0.00070291908028256,0.012227276817922,0.14,700,0,0.14,0,700,0,1,0,-0.00214994193104948,0.0153567280789248,0.0153567280789248,1,1
slope_bias,56,0.5,compressed,0.966051900585591,0.966051900585591,0.963901958654542,-0.00214994193104945,0.1648,0.1648,0.0248,1,0,1,0,0.0114254369048903,0.00231107153526844,0.00970670543046857,0.00070291908028256,0.0244545536358441,0.14,700,0,0.14,0,700,0,1,0,-0.00214994193104948,0.0153567280789248,0.0153567280789248,1,1
slope_bias,56,0.75,compressed,0.966051900585591,0.966051900585591,0.963901958654542,-0.00214994193104945,0.1648,0.1648,0.0248,1,0,1,0,0.00285635922622258,0.00231107153526844,0.0024240379247988,0.00070291908028256,0.0366818304537661,0.14,700,0,0.14,0,700,0,1,0,-0.00214994193104948,0.0153567280789248,0.0153567280789248,1,1
slope_bias,56,1,identity_scale,0.966051900585591,0.966051900585591,0.963901958654542,-0.00214994193104945,0.1648,0.1648,0.0248,1,0,1,0,0,0.00231107153526844,0.000754420457497899,0.00070291908028256,0.0489091072716882,0.14,700,0,0.14,0,700,0,1,0,-0.00214994193104948,0.0153567280789248,0.0153567280789248,1,1
slope_bias,56,1.25,expanded,0.966051900585591,0.966051900585591,0.963901958654542,-0.00214994193104945,0.1648,0.1648,0.0248,1,0,1,0,0.00285635922622258,0.00231107153526844,0.00469785302856588,0.00070291908028256,0.0611363840896102,0.14,700,0,0.14,0,700,0,1,0,-0.00214994193104948,0.0153567280789248,0.0153567280789248,1,1
slope_bias,56,1.5,expanded,0.966051900585591,0.966051900585591,0.963901958654542,-0.00214994193104945,0.1648,0.1648,0.0248,1,0,1,0,0.0114254369048903,0.00231107153526844,0.0142543356380027,0.00070291908028256,0.0733636609075323,0.14,700,0,0.14,0,700,0,1,0,-0.00214994193104948,0.0153567280789248,0.0153567280789248,1,1
slope_bias,56,2,expanded,0.966051900585591,0.966051900585591,0.963901958654542,-0.00214994193104945,0.1648,0.1648,0.0248,1,0,1,0,0.0457017476195612,0.00231107153526844,0.0502064509719831,0.00070291908028256,0.0978182145433763,0.14,700,0,0.14,0,700,0,1,0,-0.00214994193104948,0.0153567280789248,0.0153567280789248,1,1
slope_bias,57,0.25,compressed,0.966531456426955,0.966531456426955,0.966393294880428,-0.000138161546527238,0.1608,0.1608,0.115,1,0,1,0,0.0234089993731011,0.00135895410281145,0.0269701813669567,0.000778717690311967,0.00155258160574848,0.0458,229,0,0.0458,0,229,0,1,0,-0.000138161546527315,0.00301662765343483,0.00301662765343483,1,1
slope_bias,57,0.5,compressed,0.966531456426955,0.966531456426955,0.966393294880428,-0.000138161546527238,0.1608,0.1608,0.115,1,0,1,0,0.0104039997213783,0.00135895410281145,0.0129915344541311,0.000778717690311967,0.00310516321149695,0.0458,229,0,0.0458,0,229,0,1,0,-0.000138161546527315,0.00301662765343483,0.00301662765343483,1,1
slope_bias,57,0.75,compressed,0.966531456426955,0.966531456426955,0.966393294880428,-0.000138161546527238,0.1608,0.1608,0.115,1,0,1,0,0.00260099993034456,0.00135895410281145,0.0041053929512835,0.000778717690311967,0.00465774481724543,0.0458,229,0,0.0458,0,229,0,1,0,-0.000138161546527315,0.00301662765343483,0.00301662765343483,1,1
slope_bias,57,1,identity_scale,0.966531456426955,0.966531456426955,0.966393294880428,-0.000138161546527238,0.1608,0.1608,0.115,1,0,1,0,0,0.00135895410281145,0.000311756858413888,0.000778717690311967,0.00621032642299391,0.0458,229,0,0.0458,0,229,0,1,0,-0.000138161546527315,0.00301662765343483,0.00301662765343483,1,1
slope_bias,57,1.25,expanded,0.966531456426955,0.966531456426955,0.966393294880428,-0.000138161546527238,0.1608,0.1608,0.115,1,0,1,0,0.00260099993034456,0.00135895410281145,0.00161062617552227,0.000778717690311967,0.00776290802874238,0.0458,229,0,0.0458,0,229,0,1,0,-0.000138161546527315,0.00301662765343483,0.00301662765343483,1,1
slope_bias,57,1.5,expanded,0.966531456426955,0.966531456426955,0.966393294880428,-0.000138161546527238,0.1608,0.1608,0.115,1,0,1,0,0.0104039997213783,0.00135895410281145,0.00800200090260863,0.000778717690311967,0.00931548963449086,0.0458,229,0,0.0458,0,229,0,1,0,-0.000138161546527315,0.00301662765343483,0.00301662765343483,1,1
slope_bias,57,2,expanded,0.966531456426955,0.966531456426955,0.966393294880428,-0.000138161546527238,0.1608,0.1608,0.115,1,0,1,0,0.041615998885513,0.00135895410281145,0.0360622665867153,0.000778717690311967,0.0124206528459878,0.0458,229,0,0.0458,0,229,0,1,0,-0.000138161546527315,0.00301662765343483,0.00301662765343483,1,1
slope_bias,58,0.25,compressed,0.964645323846871,0.964645323846871,0.964597910995214,-4.74128516566585e-05,0.1596,0.1596,0.1324,1,0,1,0,0.0250610514102225,0.00114764472251737,0.0271203218712889,0.000604040772416624,0.000884181793269934,0.0272,136,0,0.0272,0,136,0,1,0,-4.74128516566168e-05,0.00174311954619915,0.00174311954619915,1,1
slope_bias,58,0.5,compressed,0.964645323846871,0.964645323846871,0.964597910995214,-4.74128516566585e-05,0.1596,0.1596,0.1324,1,0,1,0,0.01113824507121,0.00114764472251737,0.012723284454833,0.000604040772416624,0.00176836358653987,0.0272,136,0,0.0272,0,136,0,1,0,-4.74128516566168e-05,0.00174311954619915,0.00174311954619915,1,1
slope_bias,58,0.75,compressed,0.964645323846871,0.964645323846871,0.964597910995214,-4.74128516566585e-05,0.1596,0.1596,0.1324,1,0,1,0,0.0027845612678025,0.00114764472251737,0.00379172286191487,0.000604040772416624,0.0026525453798098,0.0272,136,0,0.0272,0,136,0,1,0,-4.74128516566168e-05,0.00174311954619915,0.00174311954619915,1,1
slope_bias,58,1,identity_scale,0.964645323846871,0.964645323846871,0.964597910995214,-4.74128516566585e-05,0.1596,0.1596,0.1324,1,0,1,0,0,0.00114764472251737,0.000325637092534488,0.000604040772416624,0.00353672717307973,0.0272,136,0,0.0272,0,136,0,1,0,-4.74128516566168e-05,0.00174311954619915,0.00174311954619915,1,1
slope_bias,58,1.25,expanded,0.964645323846871,0.964645323846871,0.964597910995214,-4.74128516566585e-05,0.1596,0.1596,0.1324,1,0,1,0,0.0027845612678025,0.00114764472251737,0.00232502714669186,0.000604040772416624,0.00442090896634967,0.0272,136,0,0.0272,0,136,0,1,0,-4.74128516566168e-05,0.00174311954619915,0.00174311954619915,1,1
slope_bias,58,1.5,expanded,0.964645323846871,0.964645323846871,0.964597910995214,-4.74128516566585e-05,0.1596,0.1596,0.1324,1,0,1,0,0.01113824507121,0.00114764472251737,0.00978989302438698,0.000604040772416624,0.0053050907596196,0.0272,136,0,0.0272,0,136,0,1,0,-4.74128516566168e-05,0.00174311954619915,0.00174311954619915,1,1
slope_bias,58,2,expanded,0.964645323846871,0.964645323846871,0.964597910995214,-4.74128516566585e-05,0.1596,0.1596,0.1324,1,0,1,0,0.0445529802848399,0.00114764472251737,0.0411160522503905,0.000604040772416624,0.00707345434615947,0.0272,136,0,0.0272,0,136,0,1,0,-4.74128516566168e-05,0.00174311954619915,0.00174311954619915,1,1
slope_bias,59,0.25,compressed,0.965224844131475,0.965224844131475,0.964171854001078,-0.00105299013039706,0.166,0.166,0.0504,1,0,1,0,0.0242573220527891,0.000941661475529429,0.0267953658531287,0.000613666637993913,0.0061778873792252,0.1156,578,0,0.1156,0,578,0,1,0,-0.001052990130397,0.00910891116260383,0.00910891116260383,1,1
slope_bias,59,0.5,compressed,0.965224844131475,0.965224844131475,0.964171854001078,-0.00105299013039706,0.166,0.166,0.0504,1,0,1,0,0.0107810320234618,0.000941661475529429,0.0128004745275947,0.000613666637993913,0.0123557747584504,0.1156,578,0,0.1156,0,578,0,1,0,-0.001052990130397,0.00910891116260383,0.00910891116260383,1,1
slope_bias,59,0.75,compressed,0.965224844131475,0.965224844131475,0.964171854001078,-0.00105299013039706,0.166,0.166,0.0504,1,0,1,0,0.00269525800586545,0.000941661475529429,0.00407717508670947,0.000613666637993913,0.0185336621376756,0.1156,578,0,0.1156,0,578,0,1,0,-0.001052990130397,0.00910891116260383,0.00910891116260383,1,1
slope_bias,59,1,identity_scale,0.965224844131475,0.965224844131475,0.964171854001078,-0.00105299013039706,0.166,0.166,0.0504,1,0,1,0,0,0.000941661475529429,0.000625467530473084,0.000613666637993913,0.0247115495169008,0.1156,578,0,0.1156,0,578,0,1,0,-0.001052990130397,0.00910891116260383,0.00910891116260383,1,1
slope_bias,59,1.25,expanded,0.965224844131475,0.965224844131475,0.964171854001078,-0.00105299013039706,0.166,0.166,0.0504,1,0,1,0,0.00269525800586545,0.000941661475529429,0.00244535185888552,0.000613666637993913,0.030889436896126,0.1156,578,0,0.1156,0,578,0,1,0,-0.001052990130397,0.00910891116260383,0.00910891116260383,1,1
slope_bias,59,1.5,expanded,0.965224844131475,0.965224844131475,0.964171854001078,-0.00105299013039706,0.166,0.166,0.0504,1,0,1,0,0.0107810320234618,0.000941661475529429,0.00953682807194677,0.000613666637993913,0.0370673242753512,0.1156,578,0,0.1156,0,578,0,1,0,-0.001052990130397,0.00910891116260383,0.00910891116260383,1,1
slope_bias,59,2,expanded,0.965224844131475,0.965224844131475,0.964171854001078,-0.00105299013039706,0.166,0.166,0.0504,1,0,1,0,0.0431241280938472,0.000941661475529429,0.0395345561520157,0.000613666637993913,0.0494230990338016,0.1156,578,0,0.1156,0,578,0,1,0,-0.001052990130397,0.00910891116260383,0.00910891116260383,1,1
slope_bias,60,0.25,compressed,0.964902299354666,0.964902299354666,0.964794909043842,-0.00010739031082363,0.1622,0.1622,0.2016,1,0,0.804563492063492,0.195436507936508,0.0255107406681026,0.00164735797825783,0.0216881575655265,0.0010602057033907,-0.00140749016257652,0.0394,197,0,0.0394,0,197,0,1,0,-0.000107390310823597,-0.00272564240669028,0.00272564240669028,1,1
slope_bias,60,0.5,compressed,0.964902299354666,0.964902299354666,0.964794909043842,-0.00010739031082363,0.1622,0.1622,0.2016,1,0,0.804563492063492,0.195436507936508,0.0113381069636012,0.00164735797825783,0.00901251793654832,0.0010602057033907,-0.00281498032515304,0.0394,197,0,0.0394,0,197,0,1,0,-0.000107390310823597,-0.00272564240669028,0.00272564240669028,1,1
slope_bias,60,0.75,compressed,0.964902299354666,0.964902299354666,0.964794909043842,-0.00010739031082363,0.1622,0.1622,0.2016,1,0,0.804563492063492,0.195436507936508,0.00283452674090029,0.00164735797825783,0.00189923161461729,0.0010602057033907,-0.00422247048772956,0.0394,197,0,0.0394,0,197,0,1,0,-0.000107390310823597,-0.00272564240669028,0.00272564240669028,1,1
slope_bias,60,1,identity_scale,0.964902299354666,0.964902299354666,0.964794909043842,-0.00010739031082363,0.1622,0.1622,0.2016,1,0,0.804563492063492,0.195436507936508,0,0.00164735797825783,0.000348298599733442,0.0010602057033907,-0.00562996065030608,0.0394,197,0,0.0394,0,197,0,1,0,-0.000107390310823597,-0.00272564240669028,0.00272564240669028,1,1
slope_bias,60,1.25,expanded,0.964902299354666,0.964902299354666,0.964794909043842,-0.00010739031082363,0.1622,0.1622,0.2016,1,0,0.804563492063492,0.195436507936508,0.00283452674090029,0.00164735797825783,0.00435971889189677,0.0010602057033907,-0.0070374508128826,0.0394,197,0,0.0394,0,197,0,1,0,-0.000107390310823597,-0.00272564240669028,0.00272564240669028,1,1
slope_bias,60,1.5,expanded,0.964902299354666,0.964902299354666,0.964794909043842,-0.00010739031082363,0.1622,0.1622,0.2016,1,0,0.804563492063492,0.195436507936508,0.0113381069636012,0.00164735797825783,0.0139334924911073,0.0010602057033907,-0.00844494097545912,0.0394,197,0,0.0394,0,197,0,1,0,-0.000107390310823597,-0.00272564240669028,0.00272564240669028,1,1
slope_bias,60,2,expanded,0.964902299354666,0.964902299354666,0.964794909043842,-0.00010739031082363,0.1622,0.1622,0.2016,1,0,0.804563492063492,0.195436507936508,0.0453524278544047,0.00164735797825783,0.0497680996106698,0.0010602057033907,-0.0112599213006122,0.0394,197,0,0.0394,0,197,0,1,0,-0.000107390310823597,-0.00272564240669028,0.00272564240669028,1,1
slope_bias,61,0.25,compressed,0.967141023904047,0.967141023904047,0.966444592974226,-0.00069643092982119,0.163,0.163,0.265,1,0,0.615094339622642,0.384905660377359,0.0247984139199104,0.0013193782411513,0.0204595085055313,0.00134140473128259,-0.00326976730888645,0.102,510,0,0.102,0,510,0,1,0,-0.000696430929821194,-0.00682775421393328,0.00682775421393328,1,1
slope_bias,61,0.5,compressed,0.967141023904047,0.967141023904047,0.966444592974226,-0.00069643092982119,0.163,0.163,0.265,1,0,0.615094339622642,0.384905660377359,0.011021517297738,0.0013193782411513,0.00832838329488881,0.00134140473128259,-0.0065395346177729,0.102,510,0,0.102,0,510,0,1,0,-0.000696430929821194,-0.00682775421393328,0.00682775421393328,1,1
slope_bias,61,0.75,compressed,0.967141023904047,0.967141023904047,0.966444592974226,-0.00069643092982119,0.163,0.163,0.265,1,0,0.615094339622642,0.384905660377359,0.00275537932443449,0.0013193782411513,0.00160618290181898,0.00134140473128259,-0.00980930192665935,0.102,510,0,0.102,0,510,0,1,0,-0.000696430929821194,-0.00682775421393328,0.00682775421393328,1,1
slope_bias,61,1,identity_scale,0.967141023904047,0.967141023904047,0.966444592974226,-0.00069643092982119,0.163,0.163,0.265,1,0,0.615094339622642,0.384905660377359,0,0.0013193782411513,0.000292907326321782,0.00134140473128259,-0.0130790692355458,0.102,510,0,0.102,0,510,0,1,0,-0.000696430929821194,-0.00682775421393328,0.00682775421393328,1,1
slope_bias,61,1.25,expanded,0.967141023904047,0.967141023904047,0.966444592974226,-0.00069643092982119,0.163,0.163,0.265,1,0,0.615094339622642,0.384905660377359,0.00275537932443449,0.0013193782411513,0.00438855656839723,0.00134140473128259,-0.0163488365444323,0.102,510,0,0.102,0,510,0,1,0,-0.000696430929821194,-0.00682775421393328,0.00682775421393328,1,1
slope_bias,61,1.5,expanded,0.967141023904047,0.967141023904047,0.966444592974226,-0.00069643092982119,0.163,0.163,0.265,1,0,0.615094339622642,0.384905660377359,0.011021517297738,0.0013193782411513,0.0138931306280453,0.00134140473128259,-0.0196186038533187,0.102,510,0,0.102,0,510,0,1,0,-0.000696430929821194,-0.00682775421393328,0.00682775421393328,1,1
slope_bias,61,2,expanded,0.967141023904047,0.967141023904047,0.966444592974226,-0.00069643092982119,0.163,0.163,0.265,1,0,0.615094339622642,0.384905660377359,0.0440860691909518,0.0013193782411513,0.0491290532000594,0.00134140473128259,-0.0261581384710916,0.102,510,0,0.102,0,510,0,1,0,-0.000696430929821194,-0.00682775421393328,0.00682775421393328,1,1
slope_bias,62,0.25,compressed,0.965018336492883,0.965018336492883,0.964080788239544,-0.000937548253339582,0.1628,0.1628,0.0564,1,0,1,0,0.0243477422419141,0.000709433962265369,0.0196408181470822,0.00123720800715308,0.0054950989870026,0.1064,532,0,0.1064,0,532,0,1,0,-0.000937548253339618,0.00881154373439491,0.00881154373439491,1,1
slope_bias,62,0.5,compressed,0.965018336492883,0.965018336492883,0.964080788239544,-0.000937548253339582,0.1628,0.1628,0.0564,1,0,1,0,0.010821218774184,0.000709433962265369,0.00811116655537552,0.00123720800715308,0.0109901979740052,0.1064,532,0,0.1064,0,532,0,1,0,-0.000937548253339618,0.00881154373439491,0.00881154373439491,1,1
slope_bias,62,0.75,compressed,0.965018336492883,0.965018336492883,0.964080788239544,-0.000937548253339582,0.1628,0.1628,0.0564,1,0,1,0,0.00270530469354601,0.000709433962265369,0.00188498101425765,0.00123720800715308,0.0164852969610078,0.1064,532,0,0.1064,0,532,0,1,0,-0.000937548253339618,0.00881154373439491,0.00881154373439491,1,1
slope_bias,62,1,identity_scale,0.965018336492883,0.965018336492883,0.964080788239544,-0.000937548253339582,0.1628,0.1628,0.0564,1,0,1,0,0,0.000709433962265369,0.000962261523728607,0.00123720800715308,0.0219803959480104,0.1064,532,0,0.1064,0,532,0,1,0,-0.000937548253339618,0.00881154373439491,0.00881154373439491,1,1
slope_bias,62,1.25,expanded,0.965018336492883,0.965018336492883,0.964080788239544,-0.000937548253339582,0.1628,0.1628,0.0564,1,0,1,0,0.00270530469354601,0.000709433962265369,0.00534300808378839,0.00123720800715308,0.027475494935013,0.1064,532,0,0.1064,0,532,0,1,0,-0.000937548253339618,0.00881154373439491,0.00881154373439491,1,1
slope_bias,62,1.5,expanded,0.965018336492883,0.965018336492883,0.964080788239544,-0.000937548253339582,0.1628,0.1628,0.0564,1,0,1,0,0.010821218774184,0.000709433962265369,0.015027220694437,0.00123720800715308,0.0329705939220156,0.1064,532,0,0.1064,0,532,0,1,0,-0.000937548253339618,0.00881154373439491,0.00881154373439491,1,1
slope_bias,62,2,expanded,0.965018336492883,0.965018336492883,0.964080788239544,-0.000937548253339582,0.1628,0.1628,0.0564,1,0,1,0,0.0432848750967361,0.000709433962265369,0.0503060440675007,0.00123720800715308,0.0439607918960208,0.1064,532,0,0.1064,0,532,0,1,0,-0.000937548253339618,0.00881154373439491,0.00881154373439491,1,1
slope_bias,63,0.25,compressed,0.964964038466739,0.964964038466739,0.964819487285899,-0.000144551180839891,0.158,0.158,0.2082,1,0,0.758885686839577,0.241114313160423,0.0256460581682845,0.00115588633644888,0.0289137522383903,0.000804926150754728,-0.00150501953983145,0.0502,251,0,0.0502,0,251,0,1,0,-0.000144551180839857,-0.00287950559441947,0.00287950559441947,1,1
slope_bias,63,0.5,compressed,0.964964038466739,0.964964038466739,0.964819487285899,-0.000144551180839891,0.158,0.158,0.2082,1,0,0.758885686839577,0.241114313160423,0.0113982480747931,0.00115588633644888,0.0140110406935758,0.000804926150754728,-0.00301003907966291,0.0502,251,0,0.0502,0,251,0,1,0,-0.000144551180839857,-0.00287950559441947,0.00287950559441947,1,1
slope_bias,63,0.75,compressed,0.964964038466739,0.964964038466739,0.964819487285899,-0.000144551180839891,0.158,0.158,0.2082,1,0,0.758885686839577,0.241114313160423,0.00284956201869828,0.00115588633644888,0.00469848544595344,0.000804926150754728,-0.00451505861949436,0.0502,251,0,0.0502,0,251,0,1,0,-0.000144551180839857,-0.00287950559441947,0.00287950559441947,1,1
slope_bias,63,1,identity_scale,0.964964038466739,0.964964038466739,0.964819487285899,-0.000144551180839891,0.158,0.158,0.2082,1,0,0.758885686839577,0.241114313160423,0,0.00115588633644888,0.000976086495523323,0.000804926150754728,-0.00602007815932582,0.0502,251,0,0.0502,0,251,0,1,0,-0.000144551180839857,-0.00287950559441947,0.00287950559441947,1,1
slope_bias,63,1.25,expanded,0.964964038466739,0.964964038466739,0.964819487285899,-0.000144551180839891,0.158,0.158,0.2082,1,0,0.758885686839577,0.241114313160423,0.00284956201869828,0.00115588633644888,0.00284384384228543,0.000804926150754728,-0.00752509769915727,0.0502,251,0,0.0502,0,251,0,1,0,-0.000144551180839857,-0.00287950559441947,0.00287950559441947,1,1
slope_bias,63,1.5,expanded,0.964964038466739,0.964964038466739,0.964819487285899,-0.000144551180839891,0.158,0.158,0.2082,1,0,0.758885686839577,0.241114313160423,0.0113982480747931,0.00115588633644888,0.0103017574862398,0.000804926150754728,-0.00903011723898872,0.0502,251,0,0.0502,0,251,0,1,0,-0.000144551180839857,-0.00287950559441947,0.00287950559441947,1,1
slope_bias,63,2,expanded,0.964964038466739,0.964964038466739,0.964819487285899,-0.000144551180839891,0.158,0.158,0.2082,1,0,0.758885686839577,0.241114313160423,0.0455929922991725,0.00115588633644888,0.0419880536657251,0.000804926150754728,-0.0120401563186516,0.0502,251,0,0.0502,0,251,0,1,0,-0.000144551180839857,-0.00287950559441947,0.00287950559441947,1,1
slope_bias,64,0.25,compressed,0.965119280794277,0.965119280794277,0.965060679330463,-5.86014638140897e-05,0.1632,0.1632,0.1908,1,0,0.855345911949686,0.144654088050314,0.0250332405731258,0.00222601655972305,0.0230001444383918,0.00230847030938982,-0.000939828101634621,0.0276,138,0,0.0276,0,138,0,1,0,-5.86014638140717e-05,-0.00212324144253883,0.00212324144253883,1,1
slope_bias,64,0.5,compressed,0.965119280794277,0.965119280794277,0.965060679330463,-5.86014638140897e-05,0.1632,0.1632,0.1908,1,0,0.855345911949686,0.144654088050314,0.011125884699167,0.00222601655972305,0.0101967068126681,0.00230847030938982,-0.00187965620326924,0.0276,138,0,0.0276,0,138,0,1,0,-5.86014638140717e-05,-0.00212324144253883,0.00212324144253883,1,1
slope_bias,64,0.75,compressed,0.965119280794277,0.965119280794277,0.965060679330463,-5.86014638140897e-05,0.1632,0.1632,0.1908,1,0,0.855345911949686,0.144654088050314,0.00278147117479176,0.00222601655972305,0.0028516707905387,0.00230847030938982,-0.00281948430490386,0.0276,138,0,0.0276,0,138,0,1,0,-5.86014638140717e-05,-0.00212324144253883,0.00212324144253883,1,1
slope_bias,64,1,identity_scale,0.965119280794277,0.965119280794277,0.965060679330463,-5.86014638140897e-05,0.1632,0.1632,0.1908,1,0,0.855345911949686,0.144654088050314,0,0.00222601655972305,0.000965036372003642,0.00230847030938982,-0.00375931240653848,0.0276,138,0,0.0276,0,138,0,1,0,-5.86014638140717e-05,-0.00212324144253883,0.00212324144253883,1,1
slope_bias,64,1.25,expanded,0.965119280794277,0.965119280794277,0.965060679330463,-5.86014638140897e-05,0.1632,0.1632,0.1908,1,0,0.855345911949686,0.144654088050314,0.00278147117479176,0.00222601655972305,0.00453680355706292,0.00230847030938982,-0.00469914050817311,0.0276,138,0,0.0276,0,138,0,1,0,-5.86014638140717e-05,-0.00212324144253883,0.00212324144253883,1,1
slope_bias,64,1.5,expanded,0.965119280794277,0.965119280794277,0.965060679330463,-5.86014638140897e-05,0.1632,0.1632,0.1908,1,0,0.855345911949686,0.144654088050314,0.011125884699167,0.00222601655972305,0.0135669723457165,0.00230847030938982,-0.00563896860980773,0.0276,138,0,0.0276,0,138,0,1,0,-5.86014638140717e-05,-0.00212324144253883,0.00212324144253883,1,1
slope_bias,64,2,expanded,0.965119280794277,0.965119280794277,0.965060679330463,-5.86014638140897e-05,0.1632,0.1632,0.1908,1,0,0.855345911949686,0.144654088050314,0.0445035387966681,0.00222601655972305,0.0480025147338068,0.00230847030938982,-0.00751862481307697,0.0276,138,0,0.0276,0,138,0,1,0,-5.86014638140717e-05,-0.00212324144253883,0.00212324144253883,1,1
slope_bias,65,0.25,compressed,0.96581199486288,0.96581199486288,0.964825969964357,-0.00098602489852273,0.1624,0.1624,0.051,1,0,1,0,0.0244990411859889,0.00158893961928989,0.0262159109825769,0.00110230241092731,0.00550860467841602,0.1114,557,0,0.1114,0,557,0,1,0,-0.000986024898522701,0.00885121093826483,0.00885121093826483,1,1
slope_bias,65,0.5,compressed,0.96581199486288,0.96581199486288,0.964825969964357,-0.00098602489852273,0.1624,0.1624,0.051,1,0,1,0,0.0108884627493284,0.00158893961928989,0.0122878975516746,0.00110230241092731,0.011017209356832,0.1114,557,0,0.1114,0,557,0,1,0,-0.000986024898522701,0.00885121093826483,0.00885121093826483,1,1
slope_bias,65,0.75,compressed,0.96581199486288,0.96581199486288,0.964825969964357,-0.00098602489852273,0.1624,0.1624,0.051,1,0,1,0,0.0027221156873321,0.00158893961928989,0.00369512588360746,0.00110230241092731,0.0165258140352481,0.1114,557,0,0.1114,0,557,0,1,0,-0.000986024898522701,0.00885121093826483,0.00885121093826483,1,1
slope_bias,65,1,identity_scale,0.96581199486288,0.96581199486288,0.964825969964357,-0.00098602489852273,0.1624,0.1624,0.051,1,0,1,0,0,0.00158893961928989,0.000437595978375634,0.00110230241092731,0.0220344187136641,0.1114,557,0,0.1114,0,557,0,1,0,-0.000986024898522701,0.00885121093826483,0.00885121093826483,1,1
slope_bias,65,1.25,expanded,0.96581199486288,0.96581199486288,0.964825969964357,-0.00098602489852273,0.1624,0.1624,0.051,1,0,1,0,0.0027221156873321,0.00158893961928989,0.00251530783597907,0.00110230241092731,0.0275430233920801,0.1114,557,0,0.1114,0,557,0,1,0,-0.000986024898522701,0.00885121093826483,0.00885121093826483,1,1
slope_bias,65,1.5,expanded,0.96581199486288,0.96581199486288,0.964825969964357,-0.00098602489852273,0.1624,0.1624,0.051,1,0,1,0,0.0108884627493284,0.00158893961928989,0.00992826145641777,0.00110230241092731,0.0330516280704961,0.1114,557,0,0.1114,0,557,0,1,0,-0.000986024898522701,0.00885121093826483,0.00885121093826483,1,1
slope_bias,65,2,expanded,0.96581199486288,0.96581199486288,0.964825969964357,-0.00098602489852273,0.1624,0.1624,0.051,1,0,1,0,0.0435538509973136,0.00158893961928989,0.040759893985801,0.00110230241092731,0.0440688374273281,0.1114,557,0,0.1114,0,557,0,1,0,-0.000986024898522701,0.00885121093826483,0.00885121093826483,1,1
slope_bias,66,0.25,compressed,0.965403248007165,0.965403248007165,0.964003839136807,-0.00139940887035828,0.1616,0.1616,0.036,1,0,1,0,0.0240874682275335,0.000756985935623965,0.0230460156594006,0.000804154076473168,0.0082072905833746,0.1256,628,0,0.1256,0,628,0,1,0,-0.0013994088703583,0.0111417903690947,0.0111417903690947,1,1
slope_bias,66,0.5,compressed,0.965403248007165,0.965403248007165,0.964003839136807,-0.00139940887035828,0.1616,0.1616,0.036,1,0,1,0,0.0107055414344593,0.000756985935623965,0.0102274904144858,0.000804154076473168,0.0164145811667492,0.1256,628,0,0.1256,0,628,0,1,0,-0.0013994088703583,0.0111417903690947,0.0111417903690947,1,1
slope_bias,66,0.75,compressed,0.965403248007165,0.965403248007165,0.964003839136807,-0.00139940887035828,0.1616,0.1616,0.036,1,0,1,0,0.00267638535861483,0.000756985935623965,0.00266080033972436,0.000804154076473168,0.0246218717501238,0.1256,628,0,0.1256,0,628,0,1,0,-0.0013994088703583,0.0111417903690947,0.0111417903690947,1,1
slope_bias,66,1,identity_scale,0.965403248007165,0.965403248007165,0.964003839136807,-0.00139940887035828,0.1616,0.1616,0.036,1,0,1,0,0,0.000756985935623965,0.000345945435116225,0.000804154076473168,0.0328291623334984,0.1256,628,0,0.1256,0,628,0,1,0,-0.0013994088703583,0.0111417903690947,0.0111417903690947,1,1
slope_bias,66,1.25,expanded,0.965403248007165,0.965403248007165,0.964003839136807,-0.00139940887035828,0.1616,0.1616,0.036,1,0,1,0,0.00267638535861483,0.000756985935623965,0.00328292570066143,0.000804154076473168,0.041036452916873,0.1256,628,0,0.1256,0,628,0,1,0,-0.0013994088703583,0.0111417903690947,0.0111417903690947,1,1
slope_bias,66,1.5,expanded,0.965403248007165,0.965403248007165,0.964003839136807,-0.00139940887035828,0.1616,0.1616,0.036,1,0,1,0,0.0107055414344593,0.000756985935623965,0.01147174113636,0.000804154076473168,0.0492437435002476,0.1256,628,0,0.1256,0,628,0,1,0,-0.0013994088703583,0.0111417903690947,0.0111417903690947,1,1
slope_bias,66,2,expanded,0.965403248007165,0.965403248007165,0.964003839136807,-0.00139940887035828,0.1616,0.1616,0.036,1,0,1,0,0.0428221657378373,0.000756985935623965,0.043604877518217,0.000804154076473168,0.0656583246669968,0.1256,628,0,0.1256,0,628,0,1,0,-0.0013994088703583,0.0111417903690947,0.0111417903690947,1,1
slope_bias,67,0.25,compressed,0.96624785362313,0.96624785362313,0.96610303189267,-0.000144821730460598,0.1722,0.1722,0.1236,1,0,1,0,0.0251822015707879,0.00169040441640299,0.0324029207019932,0.000541825784263862,0.00156176868250904,0.0486,243,0,0.0486,0,243,0,1,0,-0.000144821730460577,0.00297987099713121,0.00297987099713121,1,1
slope_bias,67,0.5,compressed,0.96624785362313,0.96624785362313,0.96610303189267,-0.000144821730460598,0.1722,0.1722,0.1236,1,0,1,0,0.0111920895870169,0.00169040441640299,0.0164248899375865,0.000541825784263862,0.00312353736501808,0.0486,243,0,0.0486,0,243,0,1,0,-0.000144821730460577,0.00297987099713121,0.00297987099713121,1,1
slope_bias,67,0.75,compressed,0.96624785362313,0.96624785362313,0.96610303189267,-0.000144821730460598,0.1722,0.1722,0.1236,1,0,1,0,0.00279802239675421,0.00169040441640299,0.00593411443934055,0.000541825784263862,0.00468530604752712,0.0486,243,0,0.0486,0,243,0,1,0,-0.000144821730460577,0.00297987099713121,0.00297987099713121,1,1
slope_bias,67,1,identity_scale,0.96624785362313,0.96624785362313,0.96610303189267,-0.000144821730460598,0.1722,0.1722,0.1236,1,0,1,0,0,0.00169040441640299,0.00093059420725551,0.000541825784263862,0.00624707473003616,0.0486,243,0,0.0486,0,243,0,1,0,-0.000144821730460577,0.00297987099713121,0.00297987099713121,1,1
slope_bias,67,1.25,expanded,0.96624785362313,0.96624785362313,0.96610303189267,-0.000144821730460598,0.1722,0.1722,0.1236,1,0,1,0,0.00279802239675421,0.00169040441640299,0.00141432924133135,0.000541825784263862,0.0078088434125452,0.0486,243,0,0.0486,0,243,0,1,0,-0.000144821730460577,0.00297987099713121,0.00297987099713121,1,1
slope_bias,67,1.5,expanded,0.96624785362313,0.96624785362313,0.96610303189267,-0.000144821730460598,0.1722,0.1722,0.1236,1,0,1,0,0.0111920895870169,0.00169040441640299,0.00738531954156805,0.000541825784263862,0.00937061209505424,0.0486,243,0,0.0486,0,243,0,1,0,-0.000144821730460577,0.00297987099713121,0.00297987099713121,1,1
slope_bias,67,2,expanded,0.96624785362313,0.96624785362313,0.96610303189267,-0.000144821730460598,0.1722,0.1722,0.1236,1,0,1,0,0.0447683583480674,0.00169040441640299,0.0357890659405241,0.000541825784263862,0.0124941494600723,0.0486,243,0,0.0486,0,243,0,1,0,-0.000144821730460577,0.00297987099713121,0.00297987099713121,1,1
slope_bias,68,0.25,compressed,0.966137853727279,0.966137853727279,0.966133641245643,-4.21248163540167e-06,0.1606,0.1606,0.1698,1,0,0.945818610129564,0.0541813898704358,0.0249221728542607,0.00193741315501845,0.0269976961362148,0.00103605933002747,-0.000236739877009173,0.0092,46,0,0.0092,0,46,0,1,0,-4.21248163531931e-06,-0.000457878438621664,0.000457878438621664,1,1
slope_bias,68,0.5,compressed,0.966137853727279,0.966137853727279,0.966133641245643,-4.21248163540167e-06,0.1606,0.1606,0.1698,1,0,0.945818610129564,0.0541813898704358,0.0110765212685603,0.00193741315501845,0.0129532263886694,0.00103605933002747,-0.000473479754018347,0.0092,46,0,0.0092,0,46,0,1,0,-4.21248163531931e-06,-0.000457878438621664,0.000457878438621664,1,1
slope_bias,68,0.75,compressed,0.966137853727279,0.966137853727279,0.966133641245643,-4.21248163540167e-06,0.1606,0.1606,0.1698,1,0,0.945818610129564,0.0541813898704358,0.00276913031714008,0.00193741315501845,0.00433770109438552,0.00103605933002747,-0.00071021963102752,0.0092,46,0,0.0092,0,46,0,1,0,-4.21248163531931e-06,-0.000457878438621664,0.000457878438621664,1,1
slope_bias,68,1,identity_scale,0.966137853727279,0.966137853727279,0.966133641245643,-4.21248163540167e-06,0.1606,0.1606,0.1698,1,0,0.945818610129564,0.0541813898704358,0,0.00193741315501845,0.001151120253363,0.00103605933002747,-0.000946959508036693,0.0092,46,0,0.0092,0,46,0,1,0,-4.21248163531931e-06,-0.000457878438621664,0.000457878438621664,1,1
slope_bias,68,1.25,expanded,0.966137853727279,0.966137853727279,0.966133641245643,-4.21248163540167e-06,0.1606,0.1606,0.1698,1,0,0.945818610129564,0.0541813898704358,0.00276913031714008,0.00193741315501845,0.00339348386560188,0.00103605933002747,-0.00118369938504587,0.0092,46,0,0.0092,0,46,0,1,0,-4.21248163531931e-06,-0.000457878438621664,0.000457878438621664,1,1
slope_bias,68,1.5,expanded,0.966137853727279,0.966137853727279,0.966133641245643,-4.21248163540167e-06,0.1606,0.1606,0.1698,1,0,0.945818610129564,0.0541813898704358,0.0110765212685603,0.00193741315501845,0.0110647919311022,0.00103605933002747,-0.00142043926205504,0.0092,46,0,0.0092,0,46,0,1,0,-4.21248163531931e-06,-0.000457878438621664,0.000457878438621664,1,1
slope_bias,68,2,expanded,0.966137853727279,0.966137853727279,0.966133641245643,-4.21248163540167e-06,0.1606,0.1606,0.1698,1,0,0.945818610129564,0.0541813898704358,0.0443060850742412,0.00193741315501845,0.0426942414218869,0.00103605933002747,-0.00189391901607339,0.0092,46,0,0.0092,0,46,0,1,0,-4.21248163531931e-06,-0.000457878438621664,0.000457878438621664,1,1
slope_bias,69,0.25,compressed,0.965884964844643,0.965884964844643,0.964688643169495,-0.00119632167514816,0.1654,0.1654,0.044,1,0,1,0,0.024810665916777,0.000835847595856169,0.0238120741737155,0.000914903683808704,0.0068861793976765,0.1214,607,0,0.1214,0,607,0,1,0,-0.00119632167514817,0.0098543795316983,0.0098543795316983,1,1
slope_bias,69,0.5,compressed,0.965884964844643,0.965884964844643,0.964688643169495,-0.00119632167514816,0.1654,0.1654,0.044,1,0,1,0,0.0110269626296787,0.000835847595856169,0.0106703567108362,0.000914903683808704,0.013772358795353,0.1214,607,0,0.1214,0,607,0,1,0,-0.00119632167514817,0.0098543795316983,0.0098543795316983,1,1
slope_bias,69,0.75,compressed,0.965884964844643,0.965884964844643,0.964688643169495,-0.00119632167514816,0.1654,0.1654,0.044,1,0,1,0,0.00275674065741967,0.000835847595856169,0.00292862416908946,0.000914903683808704,0.0206585381930295,0.1214,607,0,0.1214,0,607,0,1,0,-0.00119632167514817,0.0098543795316983,0.0098543795316983,1,1
slope_bias,69,1,identity_scale,0.965884964844643,0.965884964844643,0.964688643169495,-0.00119632167514816,0.1654,0.1654,0.044,1,0,1,0,0,0.000835847595856169,0.000586876548475323,0.000914903683808704,0.027544717590706,0.1214,607,0,0.1214,0,607,0,1,0,-0.00119632167514817,0.0098543795316983,0.0098543795316983,1,1
slope_bias,69,1.25,expanded,0.965884964844643,0.965884964844643,0.964688643169495,-0.00119632167514816,0.1654,0.1654,0.044,1,0,1,0,0.00275674065741967,0.000835847595856169,0.00364511384899378,0.000914903683808704,0.0344308969883825,0.1214,607,0,0.1214,0,607,0,1,0,-0.00119632167514817,0.0098543795316983,0.0098543795316983,1,1
slope_bias,69,1.5,expanded,0.965884964844643,0.965884964844643,0.964688643169495,-0.00119632167514816,0.1654,0.1654,0.044,1,0,1,0,0.0110269626296787,0.000835847595856169,0.0121033360706448,0.000914903683808704,0.041317076386059,0.1214,607,0,0.1214,0,607,0,1,0,-0.00119632167514817,0.0098543795316983,0.0098543795316983,1,1
slope_bias,69,2,expanded,0.965884964844643,0.965884964844643,0.964688643169495,-0.00119632167514816,0.1654,0.1654,0.044,1,0,1,0,0.0441078505187147,0.000835847595856169,0.0452197352773447,0.000914903683808704,0.055089435181412,0.1214,607,0,0.1214,0,607,0,1,0,-0.00119632167514817,0.0098543795316983,0.0098543795316983,1,1
slope_bias,70,0.25,compressed,0.96391408122331,0.96391408122331,0.963258429887503,-0.000655651335807583,0.163,0.163,0.2622,1,0,0.621662852784134,0.378337147215866,0.0248919899782605,0.00153240514868209,0.0268204842878087,0.00110717331110713,-0.00334255859363547,0.0992,496,0,0.0992,0,496,0,1,0,-0.000655651335807519,-0.0066093884658016,0.0066093884658016,1,1
slope_bias,70,0.5,compressed,0.96391408122331,0.96391408122331,0.963258429887503,-0.000655651335807583,0.163,0.163,0.2622,1,0,0.621662852784134,0.378337147215866,0.0110631066570047,0.00153240514868209,0.0129074297120391,0.00110717331110713,-0.00668511718727094,0.0992,496,0,0.0992,0,496,0,1,0,-0.000655651335807519,-0.0066093884658016,0.0066093884658016,1,1
slope_bias,70,0.75,compressed,0.96391408122331,0.96391408122331,0.963258429887503,-0.000655651335807583,0.163,0.163,0.2622,1,0,0.621662852784134,0.378337147215866,0.00276577666425117,0.00153240514868209,0.00442205265562823,0.00110717331110713,-0.0100276757809064,0.0992,496,0,0.0992,0,496,0,1,0,-0.000655651335807519,-0.0066093884658016,0.0066093884658016,1,1
slope_bias,70,1,identity_scale,0.96391408122331,0.96391408122331,0.963258429887503,-0.000655651335807583,0.163,0.163,0.2622,1,0,0.621662852784134,0.378337147215866,0,0.00153240514868209,0.0013643531185762,0.00110717331110713,-0.0133702343745419,0.0992,496,0,0.0992,0,496,0,1,0,-0.000655651335807519,-0.0066093884658016,0.0066093884658016,1,1
slope_bias,70,1.25,expanded,0.96391408122331,0.96391408122331,0.963258429887503,-0.000655651335807583,0.163,0.163,0.2622,1,0,0.621662852784134,0.378337147215866,0.00276577666425117,0.00153240514868209,0.00373433110088296,0.00110717331110713,-0.0167127929681773,0.0992,496,0,0.0992,0,496,0,1,0,-0.000655651335807519,-0.0066093884658016,0.0066093884658016,1,1
slope_bias,70,1.5,expanded,0.96391408122331,0.96391408122331,0.963258429887503,-0.000655651335807583,0.163,0.163,0.2622,1,0,0.621662852784134,0.378337147215866,0.0110631066570047,0.00153240514868209,0.0115319866025485,0.00110717331110713,-0.0200553515618128,0.0992,496,0,0.0992,0,496,0,1,0,-0.000655651335807519,-0.0066093884658016,0.0066093884658016,1,1
slope_bias,70,2,expanded,0.96391408122331,0.96391408122331,0.963258429887503,-0.000655651335807583,0.163,0.163,0.2622,1,0,0.621662852784134,0.378337147215866,0.0442524266280187,0.00153240514868209,0.0434103301639561,0.00110717331110713,-0.0267404687490838,0.0992,496,0,0.0992,0,496,0,1,0,-0.000655651335807519,-0.0066093884658016,0.0066093884658016,1,1
slope_bias,71,0.25,compressed,0.964367545134648,0.964367545134648,0.964097976211631,-0.000269568923016661,0.154,0.154,0.0946,1,0,1,0,0.0247734187554358,0.000812615681851765,0.0331234228249219,0.000947213989083688,0.00247112750875786,0.0594,297,0,0.0594,0,297,0,1,0,-0.000269568923016585,0.00453819735718157,0.00453819735718157,1,1
slope_bias,71,0.5,compressed,0.964367545134648,0.964367545134648,0.964097976211631,-0.000269568923016661,0.154,0.154,0.0946,1,0,1,0,0.0110104083357493,0.000812615681851765,0.017060794093412,0.000947213989083688,0.00494225501751572,0.0594,297,0,0.0594,0,297,0,1,0,-0.000269568923016585,0.00453819735718157,0.00453819735718157,1,1
slope_bias,71,0.75,compressed,0.964367545134648,0.964367545134648,0.964097976211631,-0.000269568923016661,0.154,0.154,0.0946,1,0,1,0,0.00275260208393732,0.000812615681851765,0.00640275549287705,0.000947213989083688,0.00741338252627358,0.0594,297,0,0.0594,0,297,0,1,0,-0.000269568923016585,0.00453819735718157,0.00453819735718157,1,1
slope_bias,71,1,identity_scale,0.964367545134648,0.964367545134648,0.964097976211631,-0.000269568923016661,0.154,0.154,0.0946,1,0,1,0,0,0.000812615681851765,0.00114930702331696,0.000947213989083688,0.00988451003503144,0.0594,297,0,0.0594,0,297,0,1,0,-0.000269568923016585,0.00453819735718157,0.00453819735718157,1,1
slope_bias,71,1.25,expanded,0.964367545134648,0.964367545134648,0.964097976211631,-0.000269568923016661,0.154,0.154,0.0946,1,0,1,0,0.00275260208393732,0.000812615681851765,0.00130044868473176,0.000947213989083688,0.0123556375437893,0.0594,297,0,0.0594,0,297,0,1,0,-0.000269568923016585,0.00453819735718157,0.00453819735718157,1,1
slope_bias,71,1.5,expanded,0.964367545134648,0.964367545134648,0.964097976211631,-0.000269568923016661,0.154,0.154,0.0946,1,0,1,0,0.0110104083357493,0.000812615681851765,0.00685618047712145,0.000947213989083688,0.0148267650525472,0.0594,297,0,0.0594,0,297,0,1,0,-0.000269568923016585,0.00453819735718157,0.00453819735718157,1,1
slope_bias,71,2,expanded,0.964367545134648,0.964367545134648,0.964097976211631,-0.000269568923016661,0.154,0.154,0.0946,1,0,1,0,0.0440416333429971,0.000812615681851765,0.0341814144548255,0.000947213989083688,0.0197690200700629,0.0594,297,0,0.0594,0,297,0,1,0,-0.000269568923016585,0.00453819735718157,0.00453819735718157,1,1
slope_bias,72,0.25,compressed,0.966457010850184,0.966457010850184,0.966416912260897,-4.00985892872185e-05,0.154,0.154,0.128,1,0,1,0,0.0257126106655311,0.00132537352248094,0.0216797064710904,0.00246466455059773,0.000833195269205889,0.026,130,0,0.026,0,130,0,1,0,-4.00985892871319e-05,0.00154225343412046,0.00154225343412046,1,1
slope_bias,72,0.5,compressed,0.966457010850184,0.966457010850184,0.966416912260897,-4.00985892872185e-05,0.154,0.154,0.128,1,0,1,0,0.0114278269624583,0.00132537352248094,0.00919997201138236,0.00246466455059773,0.00166639053841178,0.026,130,0,0.026,0,130,0,1,0,-4.00985892871319e-05,0.00154225343412046,0.00154225343412046,1,1
slope_bias,72,0.75,compressed,0.966457010850184,0.966457010850184,0.966416912260897,-4.00985892872185e-05,0.154,0.154,0.128,1,0,1,0,0.00285695674061457,0.00132537352248094,0.0023308482240348,0.00246466455059773,0.00249958580761767,0.026,130,0,0.026,0,130,0,1,0,-4.00985892871319e-05,0.00154225343412046,0.00154225343412046,1,1
slope_bias,72,1,identity_scale,0.966457010850184,0.966457010850184,0.966416912260897,-4.00985892872185e-05,0.154,0.154,0.128,1,0,1,0,0,0.00132537352248094,0.00107233510904775,0.00246466455059773,0.00333278107682355,0.026,130,0,0.026,0,130,0,1,0,-4.00985892871319e-05,0.00154225343412046,0.00154225343412046,1,1
slope_bias,72,1.25,expanded,0.966457010850184,0.966457010850184,0.966416912260897,-4.00985892872185e-05,0.154,0.154,0.128,1,0,1,0,0.00285695674061457,0.00132537352248094,0.00542443266642124,0.00246466455059773,0.00416597634602944,0.026,130,0,0.026,0,130,0,1,0,-4.00985892871319e-05,0.00154225343412046,0.00154225343412046,1,1
slope_bias,72,1.5,expanded,0.966457010850184,0.966457010850184,0.966416912260897,-4.00985892872185e-05,0.154,0.154,0.128,1,0,1,0,0.0114278269624583,0.00132537352248094,0.0153871408961552,0.00246466455059773,0.00499917161523533,0.026,130,0,0.026,0,130,0,1,0,-4.00985892871319e-05,0.00154225343412046,0.00154225343412046,1,1
slope_bias,72,2,expanded,0.966457010850184,0.966457010850184,0.966416912260897,-4.00985892872185e-05,0.154,0.154,0.128,1,0,1,0,0.0457113078498331,0.00132537352248094,0.0521443893727048,0.00246466455059773,0.00666556215364711,0.026,130,0,0.026,0,130,0,1,0,-4.00985892871319e-05,0.00154225343412046,0.00154225343412046,1,1
slope_bias,73,0.25,compressed,0.965018690283501,0.965018690283501,0.964571622060588,-0.000447068222913849,0.1626,0.1626,0.0838,1,0,1,0,0.0250134715496754,0.000792120936144097,0.0228108394263523,0.00130184888469815,0.00320627392828218,0.0788,394,0,0.0788,0,394,0,1,0,-0.00044706822291382,0.00567345460550533,0.00567345460550533,1,1
slope_bias,73,0.5,compressed,0.965018690283501,0.965018690283501,0.964571622060588,-0.000447068222913849,0.1626,0.1626,0.0838,1,0,1,0,0.0111170984665224,0.000792120936144097,0.0100784624364119,0.00130184888469815,0.00641254785656437,0.0788,394,0,0.0788,0,394,0,1,0,-0.00044706822291382,0.00567345460550533,0.00567345460550533,1,1
slope_bias,73,0.75,compressed,0.965018690283501,0.965018690283501,0.964571622060588,-0.000447068222913849,0.1626,0.1626,0.0838,1,0,1,0,0.0027792746166306,0.000792120936144097,0.00279666002782563,0.00130184888469815,0.00961882178484655,0.0788,394,0,0.0788,0,394,0,1,0,-0.00044706822291382,0.00567345460550533,0.00567345460550533,1,1
slope_bias,73,1,identity_scale,0.965018690283501,0.965018690283501,0.964571622060588,-0.000447068222913849,0.1626,0.1626,0.0838,1,0,1,0,0,0.000792120936144097,0.000965432200593635,0.00130184888469815,0.0128250957131287,0.0788,394,0,0.0788,0,394,0,1,0,-0.00044706822291382,0.00567345460550533,0.00567345460550533,1,1
slope_bias,73,1.25,expanded,0.965018690283501,0.965018690283501,0.964571622060588,-0.000447068222913849,0.1626,0.1626,0.0838,1,0,1,0,0.0027792746166306,0.000792120936144097,0.00458477895471588,0.00130184888469815,0.0160313696414109,0.0788,394,0,0.0788,0,394,0,1,0,-0.00044706822291382,0.00567345460550533,0.00567345460550533,1,1
slope_bias,73,1.5,expanded,0.965018690283501,0.965018690283501,0.964571622060588,-0.000447068222913849,0.1626,0.1626,0.0838,1,0,1,0,0.0111170984665224,0.000792120936144097,0.0136547002901924,0.00130184888469815,0.0192376435696931,0.0788,394,0,0.0788,0,394,0,1,0,-0.00044706822291382,0.00567345460550533,0.00567345460550533,1,1
slope_bias,73,2,expanded,0.965018690283501,0.965018690283501,0.964571622060588,-0.000447068222913849,0.1626,0.1626,0.0838,1,0,1,0,0.0444683938660896,0.000792120936144097,0.0481462667052081,0.00130184888469815,0.0256501914262575,0.0788,394,0,0.0788,0,394,0,1,0,-0.00044706822291382,0.00567345460550533,0.00567345460550533,1,1
slope_bias,74,0.25,compressed,0.964799923653371,0.964799923653371,0.964799550364827,-3.73288544741612e-07,0.1646,0.1646,0.1616,1,0,1,0,0.0245640737983409,0.00100084295113505,0.0238295744190026,0.00149356609212143,8.74076970213411e-05,0.003,15,0,0.003,0,15,0,1,0,-3.7328854473877e-07,0.000124429514912923,0.000124429514912923,1,1
slope_bias,74,0.5,compressed,0.964799923653371,0.964799923653371,0.964799550364827,-3.73288544741612e-07,0.1646,0.1646,0.1616,1,0,1,0,0.010917366132596,0.00100084295113505,0.0106383327818833,0.00149356609212143,0.000174815394042682,0.003,15,0,0.003,0,15,0,1,0,-3.7328854473877e-07,0.000124429514912923,0.000124429514912923,1,1
slope_bias,74,0.75,compressed,0.964799923653371,0.964799923653371,0.964799550364827,-3.73288544741612e-07,0.1646,0.1646,0.1616,1,0,1,0,0.00272934153314899,0.00100084295113505,0.00280059887376389,0.00149356609212143,0.000262223091064023,0.003,15,0,0.003,0,15,0,1,0,-3.7328854473877e-07,0.000124429514912923,0.000124429514912923,1,1
slope_bias,74,1,identity_scale,0.964799923653371,0.964799923653371,0.964799550364827,-3.73288544741612e-07,0.1646,0.1646,0.1616,1,0,1,0,0,0.00100084295113505,0.000316372694644268,0.00149356609212143,0.000349630788085364,0.003,15,0,0.003,0,15,0,1,0,-3.7328854473877e-07,0.000124429514912923,0.000124429514912923,1,1
slope_bias,74,1.25,expanded,0.964799923653371,0.964799923653371,0.964799550364827,-3.73288544741612e-07,0.1646,0.1646,0.1616,1,0,1,0,0.00272934153314899,0.00100084295113505,0.00318565424452447,0.00149356609212143,0.000437038485106705,0.003,15,0,0.003,0,15,0,1,0,-3.7328854473877e-07,0.000124429514912923,0.000124429514912923,1,1
slope_bias,74,1.5,expanded,0.964799923653371,0.964799923653371,0.964799550364827,-3.73288544741612e-07,0.1646,0.1646,0.1616,1,0,1,0,0.010917366132596,0.00100084295113505,0.0114084435234045,0.00149356609212143,0.000524446182128047,0.003,15,0,0.003,0,15,0,1,0,-3.7328854473877e-07,0.000124429514912923,0.000124429514912923,1,1
slope_bias,74,2,expanded,0.964799923653371,0.964799923653371,0.964799550364827,-3.73288544741612e-07,0.1646,0.1646,0.1616,1,0,1,0,0.0436694645303838,0.00100084295113505,0.043914545268164,0.00149356609212143,0.000699261576170729,0.003,15,0,0.003,0,15,0,1,0,-3.7328854473877e-07,0.000124429514912923,0.000124429514912923,1,1
slope_bias,75,0.25,compressed,0.965373716541644,0.965373716541644,0.965238050122042,-0.00013566641960272,0.1578,0.1578,0.1124,1,0,1,0,0.0253477377775848,0.00205193789080037,0.0233083933964973,0.00173297303947401,0.00163116930548685,0.0454,227,0,0.0454,0,227,0,1,0,-0.00013566641960275,0.00298824712781387,0.00298824712781387,1,1
slope_bias,75,0.5,compressed,0.965373716541644,0.965373716541644,0.965238050122042,-0.00013566641960272,0.1578,0.1578,0.1124,1,0,1,0,0.0112656612344821,0.00205193789080037,0.0101624913317173,0.00173297303947401,0.00326233861097369,0.0454,227,0,0.0454,0,227,0,1,0,-0.00013566641960275,0.00298824712781387,0.00298824712781387,1,1
slope_bias,75,0.75,compressed,0.965373716541644,0.965373716541644,0.965238050122042,-0.00013566641960272,0.1578,0.1578,0.1124,1,0,1,0,0.00281641530862053,0.00205193789080037,0.00254080684268516,0.00173297303947401,0.00489350791646054,0.0454,227,0,0.0454,0,227,0,1,0,-0.00013566641960275,0.00298824712781387,0.00298824712781387,1,1
slope_bias,75,1,identity_scale,0.965373716541644,0.965373716541644,0.965238050122042,-0.00013566641960272,0.1578,0.1578,0.1124,1,0,1,0,0,0.00205193789080037,0.000443339929400966,0.00173297303947401,0.00652467722194738,0.0454,227,0,0.0454,0,227,0,1,0,-0.00013566641960275,0.00298824712781387,0.00298824712781387,1,1
slope_bias,75,1.25,expanded,0.965373716541644,0.965373716541644,0.965238050122042,-0.00013566641960272,0.1578,0.1578,0.1124,1,0,1,0,0.00281641530862053,0.00205193789080037,0.00387009059186467,0.00173297303947401,0.00815584652743423,0.0454,227,0,0.0454,0,227,0,1,0,-0.00013566641960275,0.00298824712781387,0.00298824712781387,1,1
slope_bias,75,1.5,expanded,0.965373716541644,0.965373716541644,0.965238050122042,-0.00013566641960272,0.1578,0.1578,0.1124,1,0,1,0,0.0112656612344821,0.00205193789080037,0.0128210588300763,0.00173297303947401,0.00978701583292107,0.0454,227,0,0.0454,0,227,0,1,0,-0.00013566641960275,0.00298824712781387,0.00298824712781387,1,1
slope_bias,75,2,expanded,0.965373716541644,0.965373716541644,0.965238050122042,-0.00013566641960272,0.1578,0.1578,0.1124,1,0,1,0,0.0450626449379285,0.00205193789080037,0.0472956480337432,0.00173297303947401,0.0130493544438948,0.0454,227,0,0.0454,0,227,0,1,0,-0.00013566641960275,0.00298824712781387,0.00298824712781387,1,1
slope_bias,76,0.25,compressed,0.964153449302606,0.964153449302606,0.963710184935877,-0.000443264366729257,0.1648,0.1648,0.0858,1,0,1,0,0.0247452891943357,0.000666783219686517,0.0215351433446856,0.0017182560706397,0.00303813969852432,0.079,395,0,0.079,0,395,0,1,0,-0.000443264366729231,0.00561094135100292,0.00561094135100292,1,1
slope_bias,76,0.5,compressed,0.964153449302606,0.964153449302606,0.963710184935877,-0.000443264366729257,0.1648,0.1648,0.0858,1,0,1,0,0.0109979063085937,0.000666783219686517,0.00926656970018905,0.0017182560706397,0.00607627939704863,0.079,395,0,0.079,0,395,0,1,0,-0.000443264366729231,0.00561094135100292,0.00561094135100292,1,1
slope_bias,76,0.75,compressed,0.964153449302606,0.964153449302606,0.963710184935877,-0.000443264366729257,0.1648,0.1648,0.0858,1,0,1,0,0.00274947657714841,0.000666783219686517,0.00239450067202517,0.0017182560706397,0.00911441909557295,0.079,395,0,0.079,0,395,0,1,0,-0.000443264366729231,0.00561094135100292,0.00561094135100292,1,1
slope_bias,76,1,identity_scale,0.964153449302606,0.964153449302606,0.963710184935877,-0.000443264366729257,0.1648,0.1648,0.0858,1,0,1,0,0,0.000666783219686517,0.000918936260193923,0.0017182560706397,0.0121525587940973,0.079,395,0,0.079,0,395,0,1,0,-0.000443264366729231,0.00561094135100292,0.00561094135100292,1,1
slope_bias,76,1.25,expanded,0.964153449302606,0.964153449302606,0.963710184935877,-0.000443264366729257,0.1648,0.1648,0.0858,1,0,1,0,0.00274947657714841,0.000666783219686517,0.00483987646469532,0.0017182560706397,0.0151906984926216,0.079,395,0,0.079,0,395,0,1,0,-0.000443264366729231,0.00561094135100292,0.00561094135100292,1,1
slope_bias,76,1.5,expanded,0.964153449302606,0.964153449302606,0.963710184935877,-0.000443264366729257,0.1648,0.1648,0.0858,1,0,1,0,0.0109979063085937,0.000666783219686517,0.0141573212855294,0.0017182560706397,0.0182288381911459,0.079,395,0,0.079,0,395,0,1,0,-0.000443264366729231,0.00561094135100292,0.00561094135100292,1,1
slope_bias,76,2,expanded,0.964153449302606,0.964153449302606,0.963710184935877,-0.000443264366729257,0.1648,0.1648,0.0858,1,0,1,0,0.0439916252343746,0.000666783219686517,0.0489817247761954,0.0017182560706397,0.0243051175881945,0.079,395,0,0.079,0,395,0,1,0,-0.000443264366729231,0.00561094135100292,0.00561094135100292,1,1
slope_bias,77,0.25,compressed,0.965906499801453,0.965906499801453,0.965899505710651,-6.99409080207047e-06,0.1544,0.1544,0.1646,1,0,0.938031591737546,0.0619684082624544,0.0243373979582333,0.00135897626962776,0.0193153567861571,0.000648039180642013,-0.00033097327668638,0.0102,51,0,0.0102,0,51,0,1,0,-6.99409080204716e-06,-0.00068569517667129,0.00068569517667129,1,1
slope_bias,77,0.5,compressed,0.965906499801453,0.965906499801453,0.965899505710651,-6.99409080207047e-06,0.1544,0.1544,0.1646,1,0,0.938031591737546,0.0619684082624544,0.0108166213147704,0.00135897626962776,0.00775729446162786,0.000648039180642013,-0.000661946553372761,0.0102,51,0,0.0102,0,51,0,1,0,-6.99409080204716e-06,-0.00068569517667129,0.00068569517667129,1,1
slope_bias,77,0.75,compressed,0.965906499801453,0.965906499801453,0.965899505710651,-6.99409080207047e-06,0.1544,0.1544,0.1646,1,0,0.938031591737546,0.0619684082624544,0.00270415532869259,0.00135897626962776,0.0014980628847647,0.000648039180642013,-0.000992919830059141,0.0102,51,0,0.0102,0,51,0,1,0,-6.99409080204716e-06,-0.00068569517667129,0.00068569517667129,1,1
slope_bias,77,1,identity_scale,0.965906499801453,0.965906499801453,0.965899505710651,-6.99409080207047e-06,0.1544,0.1544,0.1646,1,0,0.938031591737546,0.0619684082624544,0,0.00135897626962776,0.00053766205556763,0.000648039180642013,-0.00132389310674552,0.0102,51,0,0.0102,0,51,0,1,0,-6.99409080204716e-06,-0.00068569517667129,0.00068569517667129,1,1
slope_bias,77,1.25,expanded,0.965906499801453,0.965906499801453,0.965899505710651,-6.99409080207047e-06,0.1544,0.1544,0.1646,1,0,0.938031591737546,0.0619684082624544,0.00270415532869259,0.00135897626962776,0.00487609197403664,0.000648039180642013,-0.0016548663834319,0.0102,51,0,0.0102,0,51,0,1,0,-6.99409080204716e-06,-0.00068569517667129,0.00068569517667129,1,1
slope_bias,77,1.5,expanded,0.965906499801453,0.965906499801453,0.965899505710651,-6.99409080207047e-06,0.1544,0.1544,0.1646,1,0,0.938031591737546,0.0619684082624544,0.0108166213147704,0.00135897626962776,0.0145133526401717,0.000648039180642013,-0.00198583966011828,0.0102,51,0,0.0102,0,51,0,1,0,-6.99409080204716e-06,-0.00068569517667129,0.00068569517667129,1,1
slope_bias,77,2,expanded,0.965906499801453,0.965906499801453,0.965899505710651,-6.99409080207047e-06,0.1544,0.1544,0.1646,1,0,0.938031591737546,0.0619684082624544,0.0432664852590814,0.00135897626962776,0.0496843662154402,0.000648039180642013,-0.00264778621349104,0.0102,51,0,0.0102,0,51,0,1,0,-6.99409080204716e-06,-0.00068569517667129,0.00068569517667129,1,1
slope_bias,78,0.25,compressed,0.963914743088963,0.963914743088963,0.963834725763945,-8.00173250177227e-05,0.1572,0.1572,0.1924,1,0,0.817047817047817,0.182952182952183,0.0243946269490604,0.00153881504263094,0.0219115158456578,0.00235284525906987,-0.00119920707224186,0.0352,176,0,0.0352,0,176,0,1,0,-8.00173250177235e-05,-0.00227321946073078,0.00227321946073078,1,1
slope_bias,78,0.5,compressed,0.963914743088963,0.963914743088963,0.963834725763945,-8.00173250177227e-05,0.1572,0.1572,0.1924,1,0,0.817047817047817,0.182952182952183,0.0108420564218046,0.00153881504263094,0.00956672882902886,0.00235284525906987,-0.00239841414448372,0.0352,176,0,0.0352,0,176,0,1,0,-8.00173250177235e-05,-0.00227321946073078,0.00227321946073078,1,1
slope_bias,78,0.75,compressed,0.963914743088963,0.963914743088963,0.963834725763945,-8.00173250177227e-05,0.1572,0.1572,0.1924,1,0,0.817047817047817,0.182952182952183,0.00271051410545115,0.00153881504263094,0.00253455887801294,0.00235284525906987,-0.00359762121672558,0.0352,176,0,0.0352,0,176,0,1,0,-8.00173250177235e-05,-0.00227321946073078,0.00227321946073078,1,1
slope_bias,78,1,identity_scale,0.963914743088963,0.963914743088963,0.963834725763945,-8.00173250177227e-05,0.1572,0.1572,0.1924,1,0,0.817047817047817,0.182952182952183,0,0.00153881504263094,0.000815005992609982,0.00235284525906987,-0.00479682828896744,0.0352,176,0,0.0352,0,176,0,1,0,-8.00173250177235e-05,-0.00227321946073078,0.00227321946073078,1,1
slope_bias,78,1.25,expanded,0.963914743088963,0.963914743088963,0.963834725763945,-8.00173250177227e-05,0.1572,0.1572,0.1924,1,0,0.817047817047817,0.182952182952183,0.00271051410545115,0.00153881504263094,0.00440807017282001,0.00235284525906987,-0.0059960353612093,0.0352,176,0,0.0352,0,176,0,1,0,-8.00173250177235e-05,-0.00227321946073078,0.00227321946073078,1,1
slope_bias,78,1.5,expanded,0.963914743088963,0.963914743088963,0.963834725763945,-8.00173250177227e-05,0.1572,0.1572,0.1924,1,0,0.817047817047817,0.182952182952183,0.0108420564218046,0.00153881504263094,0.013313751418643,0.00235284525906987,-0.00719524243345115,0.0352,176,0,0.0352,0,176,0,1,0,-8.00173250177235e-05,-0.00227321946073078,0.00227321946073078,1,1
slope_bias,78,2,expanded,0.963914743088963,0.963914743088963,0.963834725763945,-8.00173250177227e-05,0.1572,0.1572,0.1924,1,0,0.817047817047817,0.182952182952183,0.0433682256872185,0.00153881504263094,0.047062965107128,0.00235284525906987,-0.00959365657793487,0.0352,176,0,0.0352,0,176,0,1,0,-8.00173250177235e-05,-0.00227321946073078,0.00227321946073078,1,1
slope_bias,79,0.25,compressed,0.965189283490975,0.965189283490975,0.965000564173406,-0.000188719317569142,0.169,0.169,0.2206,1,0,0.766092475067996,0.233907524932004,0.0246732322362004,0.00142591830086616,0.0202422008716373,0.00262027878330985,-0.00186432196089481,0.0516,258,0,0.0516,0,258,0,1,0,-0.000188719317569212,-0.0036573511156824,0.0036573511156824,1,1
slope_bias,79,0.5,compressed,0.965189283490975,0.965189283490975,0.965000564173406,-0.000188719317569142,0.169,0.169,0.2206,1,0,0.766092475067996,0.233907524932004,0.0109658809938669,0.00142591830086616,0.00841545582786014,0.00262027878330985,-0.00372864392178962,0.0516,258,0,0.0516,0,258,0,1,0,-0.000188719317569212,-0.0036573511156824,0.0036573511156824,1,1
slope_bias,79,0.75,compressed,0.965189283490975,0.965189283490975,0.965000564173406,-0.000188719317569142,0.169,0.169,0.2206,1,0,0.766092475067996,0.233907524932004,0.00274147024846671,0.00142591830086616,0.00196375091962646,0.00262027878330985,-0.00559296588268443,0.0516,258,0,0.0516,0,258,0,1,0,-0.000188719317569212,-0.0036573511156824,0.0036573511156824,1,1
slope_bias,79,1,identity_scale,0.965189283490975,0.965189283490975,0.965000564173406,-0.000188719317569142,0.169,0.169,0.2206,1,0,0.766092475067996,0.233907524932004,0,0.00142591830086616,0.000887086146936287,0.00262027878330985,-0.00745728784357924,0.0516,258,0,0.0516,0,258,0,1,0,-0.000188719317569212,-0.0036573511156824,0.0036573511156824,1,1
slope_bias,79,1.25,expanded,0.965189283490975,0.965189283490975,0.965000564173406,-0.000188719317569142,0.169,0.169,0.2206,1,0,0.766092475067996,0.233907524932004,0.00274147024846671,0.00142591830086616,0.00518546150978962,0.00262027878330985,-0.00932160980447405,0.0516,258,0,0.0516,0,258,0,1,0,-0.000188719317569212,-0.0036573511156824,0.0036573511156824,1,1
slope_bias,79,1.5,expanded,0.965189283490975,0.965189283490975,0.965000564173406,-0.000188719317569142,0.169,0.169,0.2206,1,0,0.766092475067996,0.233907524932004,0.0109658809938669,0.00142591830086616,0.0148588770081865,0.00262027878330985,-0.0111859317653689,0.0516,258,0,0.0516,0,258,0,1,0,-0.000188719317569212,-0.0036573511156824,0.0036573511156824,1,1
slope_bias,79,2,expanded,0.965189283490975,0.965189283490975,0.965000564173406,-0.000188719317569142,0.169,0.169,0.2206,1,0,0.766092475067996,0.233907524932004,0.0438635239754674,0.00142591830086616,0.0503308284116107,0.00262027878330985,-0.0149145756871585,0.0516,258,0,0.0516,0,258,0,1,0,-0.000188719317569212,-0.0036573511156824,0.0036573511156824,1,1
slope_bias,80,0.25,compressed,0.964345906022354,0.964345906022354,0.963969713870918,-0.000376192151435695,0.1664,0.1664,0.2434,1,0,0.683648315529992,0.316351684470008,0.0253825005597167,0.000969872041119053,0.0249300317502908,0.000827034791061792,-0.00242055004303257,0.077,385,0,0.077,0,385,0,1,0,-0.000376192151435748,-0.00488561235630842,0.00488561235630842,1,1
slope_bias,80,0.5,compressed,0.964345906022354,0.964345906022354,0.963969713870918,-0.000376192151435695,0.1664,0.1664,0.2434,1,0,0.683648315529992,0.316351684470008,0.0112811113598741,0.000969872041119053,0.0112037563142782,0.000827034791061792,-0.00484110008606514,0.077,385,0,0.077,0,385,0,1,0,-0.000376192151435748,-0.00488561235630842,0.00488561235630842,1,1
slope_bias,80,0.75,compressed,0.964345906022354,0.964345906022354,0.963969713870918,-0.000376192151435695,0.1664,0.1664,0.2434,1,0,0.683648315529992,0.316351684470008,0.00282027783996852,0.000969872041119053,0.00300855794458474,0.000827034791061792,-0.00726165012909771,0.077,385,0,0.077,0,385,0,1,0,-0.000376192151435748,-0.00488561235630842,0.00488561235630842,1,1
slope_bias,80,1,identity_scale,0.964345906022354,0.964345906022354,0.963969713870918,-0.000376192151435695,0.1664,0.1664,0.2434,1,0,0.683648315529992,0.316351684470008,0,0.000969872041119053,0.000344436641210387,0.000827034791061792,-0.00968220017213028,0.077,385,0,0.077,0,385,0,1,0,-0.000376192151435748,-0.00488561235630842,0.00488561235630842,1,1
slope_bias,80,1.25,expanded,0.964345906022354,0.964345906022354,0.963969713870918,-0.000376192151435695,0.1664,0.1664,0.2434,1,0,0.683648315529992,0.316351684470008,0.00282027783996852,0.000969872041119053,0.00321139240415515,0.000827034791061792,-0.0121027502151629,0.077,385,0,0.077,0,385,0,1,0,-0.000376192151435748,-0.00488561235630842,0.00488561235630842,1,1
slope_bias,80,1.5,expanded,0.964345906022354,0.964345906022354,0.963969713870918,-0.000376192151435695,0.1664,0.1664,0.2434,1,0,0.683648315529992,0.316351684470008,0.0112811113598741,0.000969872041119053,0.011609425233419,0.000827034791061792,-0.0145233002581954,0.077,385,0,0.077,0,385,0,1,0,-0.000376192151435748,-0.00488561235630842,0.00488561235630842,1,1
slope_bias,80,2,expanded,0.964345906022354,0.964345906022354,0.963969713870918,-0.000376192151435695,0.1664,0.1664,0.2434,1,0,0.683648315529992,0.316351684470008,0.0451244454394963,0.000969872041119053,0.0449987220909041,0.000827034791061792,-0.0193644003442606,0.077,385,0,0.077,0,385,0,1,0,-0.000376192151435748,-0.00488561235630842,0.00488561235630842,1,1
slope_bias,81,0.25,compressed,0.964631708425512,0.964631708425512,0.963580965199698,-0.00105074322581367,0.1508,0.1508,0.274,1,0,0.55036496350365,0.44963503649635,0.0245627182785595,0.00144390055962918,0.0249935103387732,0.000235596017806203,-0.00401808045226731,0.1232,616,0,0.1232,0,616,0,1,0,-0.00105074322581366,-0.00852875994978619,0.00852875994978619,1,1
slope_bias,81,0.5,compressed,0.964631708425512,0.964631708425512,0.963580965199698,-0.00105074322581367,0.1508,0.1508,0.274,1,0,0.55036496350365,0.44963503649635,0.0109167636793598,0.00144390055962918,0.0114390221691564,0.000235596017806203,-0.00803616090453463,0.1232,616,0,0.1232,0,616,0,1,0,-0.00105074322581366,-0.00852875994978619,0.00852875994978619,1,1
slope_bias,81,0.75,compressed,0.964631708425512,0.964631708425512,0.963580965199698,-0.00105074322581367,0.1508,0.1508,0.274,1,0,0.55036496350365,0.44963503649635,0.00272919091983995,0.00144390055962918,0.00323666939410089,0.000235596017806203,-0.0120542413568019,0.1232,616,0,0.1232,0,616,0,1,0,-0.00105074322581366,-0.00852875994978619,0.00852875994978619,1,1
slope_bias,81,1,identity_scale,0.964631708425512,0.964631708425512,0.963580965199698,-0.00105074322581367,0.1508,0.1508,0.274,1,0,0.55036496350365,0.44963503649635,0,0.00144390055962918,0.000386452013606679,0.000235596017806203,-0.0160723218090693,0.1232,616,0,0.1232,0,616,0,1,0,-0.00105074322581366,-0.00852875994978619,0.00852875994978619,1,1
slope_bias,81,1.25,expanded,0.964631708425512,0.964631708425512,0.963580965199698,-0.00105074322581367,0.1508,0.1508,0.274,1,0,0.55036496350365,0.44963503649635,0.00272919091983995,0.00144390055962918,0.00288837002767376,0.000235596017806203,-0.0200904022613366,0.1232,616,0,0.1232,0,616,0,1,0,-0.00105074322581366,-0.00852875994978619,0.00852875994978619,1,1
slope_bias,81,1.5,expanded,0.964631708425512,0.964631708425512,0.963580965199698,-0.00105074322581367,0.1508,0.1508,0.274,1,0,0.55036496350365,0.44963503649635,0.0109167636793598,0.00144390055962918,0.0107424234363021,0.000235596017806203,-0.0241084827136039,0.1232,616,0,0.1232,0,616,0,1,0,-0.00105074322581366,-0.00852875994978619,0.00852875994978619,1,1
slope_bias,81,2,expanded,0.964631708425512,0.964631708425512,0.963580965199698,-0.00105074322581367,0.1508,0.1508,0.274,1,0,0.55036496350365,0.44963503649635,0.0436670547174391,0.00144390055962918,0.0425069364372428,0.000235596017806203,-0.0321446436181385,0.1232,616,0,0.1232,0,616,0,1,0,-0.00105074322581366,-0.00852875994978619,0.00852875994978619,1,1
slope_bias,82,0.25,compressed,0.965490945686674,0.965490945686674,0.965372444478363,-0.000118501208311139,0.1586,0.1586,0.1174,1,0,1,0,0.0249305685070397,0.00113462732044594,0.0319216554368778,0.000665730331625446,0.00150128030331045,0.0412,206,0,0.0412,0,206,0,1,0,-0.000118501208311154,0.00287624292017365,0.00287624292017365,1,1
slope_bias,82,0.5,compressed,0.965490945686674,0.965490945686674,0.965372444478363,-0.000118501208311139,0.1586,0.1586,0.1174,1,0,1,0,0.0110802526697954,0.00113462732044594,0.0161127906441774,0.000665730331625446,0.00300256060662091,0.0412,206,0,0.0412,0,206,0,1,0,-0.000118501208311154,0.00287624292017365,0.00287624292017365,1,1
slope_bias,82,0.75,compressed,0.965490945686674,0.965490945686674,0.965372444478363,-0.000118501208311139,0.1586,0.1586,0.1174,1,0,1,0,0.00277006316744885,0.00113462732044594,0.00573737443931666,0.000665730331625446,0.00450384090993136,0.0412,206,0,0.0412,0,206,0,1,0,-0.000118501208311154,0.00287624292017365,0.00287624292017365,1,1
slope_bias,82,1,identity_scale,0.965490945686674,0.965490945686674,0.965372444478363,-0.000118501208311139,0.1586,0.1586,0.1174,1,0,1,0,0,0.00113462732044594,0.000795406822295573,0.000665730331625446,0.00600512121324182,0.0412,206,0,0.0412,0,206,0,1,0,-0.000118501208311154,0.00287624292017365,0.00287624292017365,1,1
slope_bias,82,1.25,expanded,0.965490945686674,0.965490945686674,0.965372444478363,-0.000118501208311139,0.1586,0.1586,0.1174,1,0,1,0,0.00277006316744885,0.00113462732044594,0.00128688779311414,0.000665730331625446,0.00750640151655227,0.0412,206,0,0.0412,0,206,0,1,0,-0.000118501208311154,0.00287624292017365,0.00287624292017365,1,1
slope_bias,82,1.5,expanded,0.965490945686674,0.965490945686674,0.965372444478363,-0.000118501208311139,0.1586,0.1586,0.1174,1,0,1,0,0.0110802526697954,0.00113462732044594,0.00721181735177237,0.000665730331625446,0.00900768181986272,0.0412,206,0,0.0412,0,206,0,1,0,-0.000118501208311154,0.00287624292017365,0.00287624292017365,1,1
slope_bias,82,2,expanded,0.965490945686674,0.965490945686674,0.965372444478363,-0.000118501208311139,0.1586,0.1586,0.1174,1,0,1,0,0.0443210106791816,0.00113462732044594,0.0353620222326078,0.000665730331625446,0.0120102424264836,0.0412,206,0,0.0412,0,206,0,1,0,-0.000118501208311154,0.00287624292017365,0.00287624292017365,1,1
slope_bias,83,0.25,compressed,0.965060359786511,0.965060359786511,0.964202567417309,-0.000857792369202359,0.156,0.156,0.274,1,0,0.569343065693431,0.430656934306569,0.0242456349666299,0.00199055798164506,0.0236685795807022,0.00191214925123013,-0.00362491931383227,0.118,590,0,0.118,0,590,0,1,0,-0.000857792369202396,-0.00726942685764742,0.00726942685764742,1,1
slope_bias,83,0.5,compressed,0.965060359786511,0.965060359786511,0.964202567417309,-0.000857792369202359,0.156,0.156,0.274,1,0,0.569343065693431,0.430656934306569,0.0107758377629466,0.00199055798164506,0.0107941385911667,0.00191214925123013,-0.00724983862766454,0.118,590,0,0.118,0,590,0,1,0,-0.000857792369202396,-0.00726942685764742,0.00726942685764742,1,1
slope_bias,83,0.75,compressed,0.965060359786511,0.965060359786511,0.964202567417309,-0.000857792369202359,0.156,0.156,0.274,1,0,0.569343065693431,0.430656934306569,0.00269395944073666,0.00199055798164506,0.0031989523729859,0.00191214925123013,-0.0108747579414968,0.118,590,0,0.118,0,590,0,1,0,-0.000857792369202396,-0.00726942685764742,0.00726942685764742,1,1
slope_bias,83,1,identity_scale,0.965060359786511,0.965060359786511,0.964202567417309,-0.000857792369202359,0.156,0.156,0.274,1,0,0.569343065693431,0.430656934306569,0,0.00199055798164506,0.000883020926159861,0.00191214925123013,-0.0144996772553291,0.118,590,0,0.118,0,590,0,1,0,-0.000857792369202396,-0.00726942685764742,0.00726942685764742,1,1
slope_bias,83,1.25,expanded,0.965060359786511,0.965060359786511,0.964202567417309,-0.000857792369202359,0.156,0.156,0.274,1,0,0.569343065693431,0.430656934306569,0.00269395944073666,0.00199055798164506,0.00384634425068856,0.00191214925123013,-0.0181245965691613,0.118,590,0,0.118,0,590,0,1,0,-0.000857792369202396,-0.00726942685764742,0.00726942685764742,1,1
slope_bias,83,1.5,expanded,0.965060359786511,0.965060359786511,0.964202567417309,-0.000857792369202359,0.156,0.156,0.274,1,0,0.569343065693431,0.430656934306569,0.0107758377629466,0.00199055798164506,0.012088922346572,0.00191214925123013,-0.0217495158829936,0.118,590,0,0.118,0,590,0,1,0,-0.000857792369202396,-0.00726942685764742,0.00726942685764742,1,1
slope_bias,83,2,expanded,0.965060359786511,0.965060359786511,0.964202567417309,-0.000857792369202359,0.156,0.156,0.274,1,0,0.569343065693431,0.430656934306569,0.0431033510517866,0.00199055798164506,0.0444118428524031,0.00191214925123013,-0.0289993545106582,0.118,590,0,0.118,0,590,0,1,0,-0.000857792369202396,-0.00726942685764742,0.00726942685764742,1,1
slope_bias,84,0.25,compressed,0.965273699383661,0.965273699383661,0.963918350036063,-0.00135534934759762,0.1514,0.1514,0.037,1,0,1,0,0.0250437426797632,0.0013464799861781,0.019886922588828,0.00114078310758537,0.00799799627038578,0.1144,572,0,0.1144,0,572,0,1,0,-0.00135534934759755,0.0118474593321464,0.0118474593321464,1,1
slope_bias,84,0.5,compressed,0.965273699383661,0.965273699383661,0.963918350036063,-0.00135534934759762,0.1514,0.1514,0.037,1,0,1,0,0.011130552302117,0.0013464799861781,0.00797140386960484,0.00114078310758537,0.0159959925407716,0.1144,572,0,0.1144,0,572,0,1,0,-0.00135534934759755,0.0118474593321464,0.0118474593321464,1,1
slope_bias,84,0.75,compressed,0.965273699383661,0.965273699383661,0.963918350036063,-0.00135534934759762,0.1514,0.1514,0.037,1,0,1,0,0.00278263807552924,0.0013464799861781,0.00151970574652548,0.00114078310758537,0.0239939888111573,0.1144,572,0,0.1144,0,572,0,1,0,-0.00135534934759755,0.0118474593321464,0.0118474593321464,1,1
slope_bias,84,1,identity_scale,0.965273699383661,0.965273699383661,0.963918350036063,-0.00135534934759762,0.1514,0.1514,0.037,1,0,1,0,0,0.0013464799861781,0.000531828219589935,0.00114078310758537,0.0319919850815431,0.1144,572,0,0.1144,0,572,0,1,0,-0.00135534934759755,0.0118474593321464,0.0118474593321464,1,1
slope_bias,84,1.25,expanded,0.965273699383661,0.965273699383661,0.963918350036063,-0.00135534934759762,0.1514,0.1514,0.037,1,0,1,0,0.00278263807552924,0.0013464799861781,0.00500777128879821,0.00114078310758537,0.0399899813519289,0.1144,572,0,0.1144,0,572,0,1,0,-0.00135534934759755,0.0118474593321464,0.0118474593321464,1,1
slope_bias,84,1.5,expanded,0.965273699383661,0.965273699383661,0.963918350036063,-0.00135534934759762,0.1514,0.1514,0.037,1,0,1,0,0.011130552302117,0.0013464799861781,0.0149475349541503,0.00114078310758537,0.0479879776223147,0.1144,572,0,0.1144,0,572,0,1,0,-0.00135534934759755,0.0118474593321464,0.0118474593321464,1,1
slope_bias,84,2,expanded,0.965273699383661,0.965273699383661,0.963918350036063,-0.00135534934759762,0.1514,0.1514,0.037,1,0,1,0,0.0445222092084679,0.0013464799861781,0.0512185240732859,0.00114078310758537,0.0639839701630862,0.1144,572,0,0.1144,0,572,0,1,0,-0.00135534934759755,0.0118474593321464,0.0118474593321464,1,1
slope_bias,85,0.25,compressed,0.966044633832613,0.966044633832613,0.965986452471285,-5.81813613282911e-05,0.1582,0.1582,0.1902,1,0,0.831756046267087,0.168243953732913,0.0259112399403912,0.000885188914454094,0.0253227514357788,0.000465575690488779,-0.000903764949135716,0.032,160,0,0.032,0,160,0,1,0,-5.81813613282392e-05,-0.00181816754150748,0.00181816754150748,1,1
slope_bias,85,0.5,compressed,0.966044633832613,0.966044633832613,0.965986452471285,-5.81813613282911e-05,0.1582,0.1582,0.1902,1,0,0.831756046267087,0.168243953732913,0.0115161066401739,0.000885188914454094,0.0113722221450447,0.000465575690488779,-0.00180752989827143,0.032,160,0,0.032,0,160,0,1,0,-5.81813613282392e-05,-0.00181816754150748,0.00181816754150748,1,1
slope_bias,85,0.75,compressed,0.966044633832613,0.966044633832613,0.965986452471285,-5.81813613282911e-05,0.1582,0.1582,0.1902,1,0,0.831756046267087,0.168243953732913,0.00287902666004346,0.000885188914454094,0.00307656140706854,0.000465575690488779,-0.00271129484740715,0.032,160,0,0.032,0,160,0,1,0,-5.81813613282392e-05,-0.00181816754150748,0.00181816754150748,1,1
slope_bias,85,1,identity_scale,0.966044633832613,0.966044633832613,0.965986452471285,-5.81813613282911e-05,0.1582,0.1582,0.1902,1,0,0.831756046267087,0.168243953732913,0,0.000885188914454094,0.00043576922185025,0.000465575690488779,-0.00361505979654286,0.032,160,0,0.032,0,160,0,1,0,-5.81813613282392e-05,-0.00181816754150748,0.00181816754150748,1,1
slope_bias,85,1.25,expanded,0.966044633832613,0.966044633832613,0.965986452471285,-5.81813613282911e-05,0.1582,0.1582,0.1902,1,0,0.831756046267087,0.168243953732913,0.00287902666004346,0.000885188914454094,0.00344984558938984,0.000465575690488779,-0.00451882474567858,0.032,160,0,0.032,0,160,0,1,0,-5.81813613282392e-05,-0.00181816754150748,0.00181816754150748,1,1
slope_bias,85,1.5,expanded,0.966044633832613,0.966044633832613,0.965986452471285,-5.81813613282911e-05,0.1582,0.1582,0.1902,1,0,0.831756046267087,0.168243953732913,0.0115161066401739,0.000885188914454094,0.0121187905096873,0.000465575690488779,-0.0054225896948143,0.032,160,0,0.032,0,160,0,1,0,-5.81813613282392e-05,-0.00181816754150748,0.00181816754150748,1,1
slope_bias,85,2,expanded,0.966044633832613,0.966044633832613,0.965986452471285,-5.81813613282911e-05,0.1582,0.1582,0.1902,1,0,0.831756046267087,0.168243953732913,0.0460644265606954,0.000885188914454094,0.0464212860085559,0.000465575690488779,-0.00723011959308573,0.032,160,0,0.032,0,160,0,1,0,-5.81813613282392e-05,-0.00181816754150748,0.00181816754150748,1,1
slope_bias,86,0.25,compressed,0.964558493130199,0.964558493130199,0.96421638130855,-0.000342111821649116,0.1688,0.1688,0.2378,1,0,0.709840201850294,0.290159798149706,0.0239377976623153,0.00106717167938307,0.0300388768006808,0.00121229766317647,-0.00251084839975005,0.069,345,0,0.069,0,345,0,1,0,-0.000342111821649054,-0.00495814234273991,0.00495814234273991,1,1
slope_bias,86,0.5,compressed,0.964558493130199,0.964558493130199,0.96421638130855,-0.000342111821649116,0.1688,0.1688,0.2378,1,0,0.709840201850294,0.290159798149706,0.0106390211832513,0.00106717167938307,0.015174894226895,0.00121229766317647,-0.0050216967995001,0.069,345,0,0.069,0,345,0,1,0,-0.000342111821649054,-0.00495814234273991,0.00495814234273991,1,1
slope_bias,86,0.75,compressed,0.964558493130199,0.964558493130199,0.96421638130855,-0.000342111821649116,0.1688,0.1688,0.2378,1,0,0.709840201850294,0.290159798149706,0.00265975529581281,0.00106717167938307,0.00552348793683994,0.00121229766317647,-0.00753254519925015,0.069,345,0,0.069,0,345,0,1,0,-0.000342111821649054,-0.00495814234273991,0.00495814234273991,1,1
slope_bias,86,1,identity_scale,0.964558493130199,0.964558493130199,0.96421638130855,-0.000342111821649116,0.1688,0.1688,0.2378,1,0,0.709840201850294,0.290159798149706,0,0.00106717167938307,0.00108465793051552,0.00121229766317647,-0.0100433935990002,0.069,345,0,0.069,0,345,0,1,0,-0.000342111821649054,-0.00495814234273991,0.00495814234273991,1,1
slope_bias,86,1.25,expanded,0.964558493130199,0.964558493130199,0.96421638130855,-0.000342111821649116,0.1688,0.1688,0.2378,1,0,0.709840201850294,0.290159798149706,0.00265975529581281,0.00106717167938307,0.00185840420792176,0.00121229766317647,-0.0125542419987502,0.069,345,0,0.069,0,345,0,1,0,-0.000342111821649054,-0.00495814234273991,0.00495814234273991,1,1
slope_bias,86,1.5,expanded,0.964558493130199,0.964558493130199,0.96421638130855,-0.000342111821649116,0.1688,0.1688,0.2378,1,0,0.709840201850294,0.290159798149706,0.0106390211832513,0.00106717167938307,0.00784472676905866,0.00121229766317647,-0.0150650903985003,0.069,345,0,0.069,0,345,0,1,0,-0.000342111821649054,-0.00495814234273991,0.00495814234273991,1,1
slope_bias,86,2,expanded,0.964558493130199,0.964558493130199,0.96421638130855,-0.000342111821649116,0.1688,0.1688,0.2378,1,0,0.709840201850294,0.290159798149706,0.042556084733005,0.00106717167938307,0.0354551007425244,0.00121229766317647,-0.0200867871980004,0.069,345,0,0.069,0,345,0,1,0,-0.000342111821649054,-0.00495814234273991,0.00495814234273991,1,1
slope_bias,87,0.25,compressed,0.965315681418172,0.965315681418172,0.965036667447632,-0.000279013970540309,0.164,0.164,0.2294,1,0,0.714908456843941,0.285091543156059,0.025844024827241,0.00147661531541351,0.033454382734698,0.0013052844054281,-0.00223303744982556,0.0654,327,0,0.0654,0,327,0,1,0,-0.000279013970540314,-0.00426626866269593,0.00426626866269593,1,1
slope_bias,87,0.5,compressed,0.965315681418172,0.965315681418172,0.965036667447632,-0.000279013970540309,0.164,0.164,0.2294,1,0,0.714908456843941,0.285091543156059,0.0114862332565515,0.00147661531541351,0.0169628096288666,0.0013052844054281,-0.00446607489965112,0.0654,327,0,0.0654,0,327,0,1,0,-0.000279013970540314,-0.00426626866269593,0.00426626866269593,1,1
slope_bias,87,0.75,compressed,0.965315681418172,0.965315681418172,0.965036667447632,-0.000279013970540309,0.164,0.164,0.2294,1,0,0.714908456843941,0.285091543156059,0.00287155831413788,0.00147661531541351,0.0061158925653226,0.0013052844054281,-0.00669911234947668,0.0654,327,0,0.0654,0,327,0,1,0,-0.000279013970540314,-0.00426626866269593,0.00426626866269593,1,1
slope_bias,87,1,identity_scale,0.965315681418172,0.965315681418172,0.965036667447632,-0.000279013970540309,0.164,0.164,0.2294,1,0,0.714908456843941,0.285091543156059,0,0.00147661531541351,0.000913631544065922,0.0013052844054281,-0.00893214979930224,0.0654,327,0,0.0654,0,327,0,1,0,-0.000279013970540314,-0.00426626866269593,0.00426626866269593,1,1
slope_bias,87,1.25,expanded,0.965315681418172,0.965315681418172,0.965036667447632,-0.000279013970540309,0.164,0.164,0.2294,1,0,0.714908456843941,0.285091543156059,0.00287155831413788,0.00147661531541351,0.00135602656509659,0.0013052844054281,-0.0111651872491278,0.0654,327,0,0.0654,0,327,0,1,0,-0.000279013970540314,-0.00426626866269593,0.00426626866269593,1,1
slope_bias,87,1.5,expanded,0.965315681418172,0.965315681418172,0.965036667447632,-0.000279013970540309,0.164,0.164,0.2294,1,0,0.714908456843941,0.285091543156059,0.0114862332565515,0.00147661531541351,0.0074430776284146,0.0013052844054281,-0.0133982246989534,0.0654,327,0,0.0654,0,327,0,1,0,-0.000279013970540314,-0.00426626866269593,0.00426626866269593,1,1
slope_bias,87,2,expanded,0.965315681418172,0.965315681418172,0.965036667447632,-0.000279013970540309,0.164,0.164,0.2294,1,0,0.714908456843941,0.285091543156059,0.0459449330262061,0.00147661531541351,0.0365511478819126,0.0013052844054281,-0.0178642995986045,0.0654,327,0,0.0654,0,327,0,1,0,-0.000279013970540314,-0.00426626866269593,0.00426626866269593,1,1
slope_bias,88,0.25,compressed,0.964362421718068,0.964362421718068,0.964324583993396,-3.78377246722517e-05,0.1642,0.1642,0.138,1,0,1,0,0.0253448706404039,0.00157454260589842,0.0236735554209595,0.00162343109506712,0.000836116440411178,0.0262,131,0,0.0262,0,131,0,1,0,-3.78377246722731e-05,0.00144418796459058,0.00144418796459058,1,1
slope_bias,88,0.5,compressed,0.964362421718068,0.964362421718068,0.964324583993396,-3.78377246722517e-05,0.1642,0.1642,0.138,1,0,1,0,0.0112643869512906,0.00157454260589842,0.0103738528460963,0.00162343109506712,0.00167223288082236,0.0262,131,0,0.0262,0,131,0,1,0,-3.78377246722731e-05,0.00144418796459058,0.00144418796459058,1,1
slope_bias,88,0.75,compressed,0.964362421718068,0.964362421718068,0.964324583993396,-3.78377246722517e-05,0.1642,0.1642,0.138,1,0,1,0,0.00281609673782266,0.00157454260589842,0.00260454174433007,0.00162343109506712,0.00250834932123353,0.0262,131,0,0.0262,0,131,0,1,0,-3.78377246722731e-05,0.00144418796459058,0.00144418796459058,1,1
slope_bias,88,1,identity_scale,0.964362421718068,0.964362421718068,0.964324583993396,-3.78377246722517e-05,0.1642,0.1642,0.138,1,0,1,0,0,0.00157454260589842,0.0003656221156609,0.00162343109506712,0.00334446576164471,0.0262,131,0,0.0262,0,131,0,1,0,-3.78377246722731e-05,0.00144418796459058,0.00144418796459058,1,1
slope_bias,88,1.25,expanded,0.964362421718068,0.964362421718068,0.964324583993396,-3.78377246722517e-05,0.1642,0.1642,0.138,1,0,1,0,0.00281609673782266,0.00157454260589842,0.00365709396008875,0.00162343109506712,0.00418058220205589,0.0262,131,0,0.0262,0,131,0,1,0,-3.78377246722731e-05,0.00144418796459058,0.00144418796459058,1,1
slope_bias,88,1.5,expanded,0.964362421718068,0.964362421718068,0.964324583993396,-3.78377246722517e-05,0.1642,0.1642,0.138,1,0,1,0,0.0112643869512906,0.00157454260589842,0.0124789572776136,0.00162343109506712,0.00501669864246707,0.0262,131,0,0.0262,0,131,0,1,0,-3.78377246722731e-05,0.00144418796459058,0.00144418796459058,1,1
slope_bias,88,2,expanded,0.964362421718068,0.964362421718068,0.964324583993396,-3.78377246722517e-05,0.1642,0.1642,0.138,1,0,1,0,0.0450575478051625,0.00157454260589842,0.0467138583319544,0.00162343109506712,0.00668893152328942,0.0262,131,0,0.0262,0,131,0,1,0,-3.78377246722731e-05,0.00144418796459058,0.00144418796459058,1,1
slope_bias,89,0.25,compressed,0.965022507053698,0.965022507053698,0.964781810823348,-0.000240696230350279,0.1588,0.1588,0.2202,1,0,0.721162579473206,0.278837420526794,0.0245006208685605,0.00168754954901292,0.0282081193483108,0.00123735888811128,-0.00206522439320478,0.0614,307,0,0.0614,0,307,0,1,0,-0.000240696230350294,-0.00392013404479306,0.00392013404479306,1,1
slope_bias,89,0.5,compressed,0.965022507053698,0.965022507053698,0.964781810823348,-0.000240696230350279,0.1588,0.1588,0.2202,1,0,0.721162579473206,0.278837420526794,0.0108891648304713,0.00168754954901292,0.0136195980681057,0.00123735888811128,-0.00413044878640956,0.0614,307,0,0.0614,0,307,0,1,0,-0.000240696230350294,-0.00392013404479306,0.00392013404479306,1,1
slope_bias,89,0.75,compressed,0.965022507053698,0.965022507053698,0.964781810823348,-0.000240696230350279,0.1588,0.1588,0.2202,1,0,0.721162579473206,0.278837420526794,0.00272229120761783,0.00168754954901292,0.00436180061069417,0.00123735888811128,-0.00619567317961434,0.0614,307,0,0.0614,0,307,0,1,0,-0.000240696230350294,-0.00392013404479306,0.00392013404479306,1,1
slope_bias,89,1,identity_scale,0.965022507053698,0.965022507053698,0.964781810823348,-0.000240696230350279,0.1588,0.1588,0.2202,1,0,0.721162579473206,0.278837420526794,0,0.00168754954901292,0.000434726976076098,0.00123735888811128,-0.00826089757281912,0.0614,307,0,0.0614,0,307,0,1,0,-0.000240696230350294,-0.00392013404479306,0.00392013404479306,1,1
slope_bias,89,1.25,expanded,0.965022507053698,0.965022507053698,0.964781810823348,-0.000240696230350279,0.1588,0.1588,0.2202,1,0,0.721162579473206,0.278837420526794,0.00272229120761783,0.00168754954901292,0.00183837716425152,0.00123735888811128,-0.0103261219660239,0.0614,307,0,0.0614,0,307,0,1,0,-0.000240696230350294,-0.00392013404479306,0.00392013404479306,1,1
slope_bias,89,1.5,expanded,0.965022507053698,0.965022507053698,0.964781810823348,-0.000240696230350279,0.1588,0.1588,0.2202,1,0,0.721162579473206,0.278837420526794,0.0108891648304713,0.00168754954901292,0.00857275117522043,0.00123735888811128,-0.0123913463592287,0.0614,307,0,0.0614,0,307,0,1,0,-0.000240696230350294,-0.00392013404479306,0.00392013404479306,1,1
slope_bias,89,2,expanded,0.965022507053698,0.965022507053698,0.964781810823348,-0.000240696230350279,0.1588,0.1588,0.2202,1,0,0.721162579473206,0.278837420526794,0.0435566593218853,0.00168754954901292,0.0380336706655387,0.00123735888811128,-0.0165217951456382,0.0614,307,0,0.0614,0,307,0,1,0,-0.000240696230350294,-0.00392013404479306,0.00392013404479306,1,1
slope_bias,90,0.25,compressed,0.965775803848294,0.965775803848294,0.965690833458755,-8.49703895392517e-05,0.1622,0.1622,0.127,1,0,1,0,0.0237730991549061,0.000964964555176203,0.023707572744993,0.00111959420079235,0.00127063976751637,0.0352,176,0,0.0352,0,176,0,1,0,-8.49703895392129e-05,0.00241393152100037,0.00241393152100037,1,1
slope_bias,90,0.5,compressed,0.965775803848294,0.965775803848294,0.965690833458755,-8.49703895392517e-05,0.1622,0.1622,0.127,1,0,1,0,0.010565821846625,0.000964964555176203,0.0108615267506109,0.00111959420079235,0.00254127953503275,0.0352,176,0,0.0352,0,176,0,1,0,-8.49703895392129e-05,0.00241393152100037,0.00241393152100037,1,1
slope_bias,90,0.75,compressed,0.965775803848294,0.965775803848294,0.965690833458755,-8.49703895392517e-05,0.1622,0.1622,0.127,1,0,1,0,0.00264145546165624,0.000964964555176203,0.003190100961446,0.00111959420079235,0.00381191930254912,0.0352,176,0,0.0352,0,176,0,1,0,-8.49703895392129e-05,0.00241393152100037,0.00241393152100037,1,1
slope_bias,90,1,identity_scale,0.965775803848294,0.965775803848294,0.965690833458755,-8.49703895392517e-05,0.1622,0.1622,0.127,1,0,1,0,0,0.000964964555176203,0.00069329537749828,0.00111959420079235,0.0050825590700655,0.0352,176,0,0.0352,0,176,0,1,0,-8.49703895392129e-05,0.00241393152100037,0.00241393152100037,1,1
slope_bias,90,1.25,expanded,0.965775803848294,0.965775803848294,0.965690833458755,-8.49703895392517e-05,0.1622,0.1622,0.127,1,0,1,0,0.00264145546165624,0.000964964555176203,0.00337110999876776,0.00111959420079235,0.00635319883758187,0.0352,176,0,0.0352,0,176,0,1,0,-8.49703895392129e-05,0.00241393152100037,0.00241393152100037,1,1
slope_bias,90,1.5,expanded,0.965775803848294,0.965775803848294,0.965690833458755,-8.49703895392517e-05,0.1622,0.1622,0.127,1,0,1,0,0.010565821846625,0.000964964555176203,0.0112235448252544,0.00111959420079235,0.00762383860509824,0.0352,176,0,0.0352,0,176,0,1,0,-8.49703895392129e-05,0.00241393152100037,0.00241393152100037,1,1
slope_bias,90,2,expanded,0.965775803848294,0.965775803848294,0.965690833458755,-8.49703895392517e-05,0.1622,0.1622,0.127,1,0,1,0,0.0422632873864998,0.000964964555176203,0.0424522750938793,0.00111959420079235,0.010165118140131,0.0352,176,0,0.0352,0,176,0,1,0,-8.49703895392129e-05,0.00241393152100037,0.00241393152100037,1,1
slope_bias,91,0.25,compressed,0.966500037082792,0.966500037082792,0.966494018014883,-6.01906790820284e-06,0.1638,0.1638,0.154,1,0,1,0,0.0232364469887125,0.00138338257069938,0.0206192185215791,0.000356297323442674,0.000302236485348023,0.0098,49,0,0.0098,0,49,0,1,0,-6.01906790811138e-06,0.000614190602868508,0.000614190602868508,1,1
slope_bias,91,0.5,compressed,0.966500037082792,0.966500037082792,0.966494018014883,-6.01906790820284e-06,0.1638,0.1638,0.154,1,0,1,0,0.0103273097727611,0.00138338257069938,0.00874485370327895,0.000356297323442674,0.000604472970696046,0.0098,49,0,0.0098,0,49,0,1,0,-6.01906790811138e-06,0.000614190602868508,0.000614190602868508,1,1
slope_bias,91,0.75,compressed,0.966500037082792,0.966500037082792,0.966494018014883,-6.01906790820284e-06,0.1638,0.1638,0.154,1,0,1,0,0.00258182744319028,0.00138338257069938,0.00193013723776534,0.000356297323442674,0.000906709456044069,0.0098,49,0,0.0098,0,49,0,1,0,-6.01906790811138e-06,0.000614190602868508,0.000614190602868508,1,1
slope_bias,91,1,identity_scale,0.966500037082792,0.966500037082792,0.966494018014883,-6.01906790820284e-06,0.1638,0.1638,0.154,1,0,1,0,0,0.00138338257069938,0.00017506912503826,0.000356297323442674,0.00120894594139209,0.0098,49,0,0.0098,0,49,0,1,0,-6.01906790811138e-06,0.000614190602868508,0.000614190602868508,1,1
slope_bias,91,1.25,expanded,0.966500037082792,0.966500037082792,0.966494018014883,-6.01906790820284e-06,0.1638,0.1638,0.154,1,0,1,0,0.00258182744319028,0.00138338257069938,0.00347964936509772,0.000356297323442674,0.00151118242674012,0.0098,49,0,0.0098,0,49,0,1,0,-6.01906790811138e-06,0.000614190602868508,0.000614190602868508,1,1
slope_bias,91,1.5,expanded,0.966500037082792,0.966500037082792,0.966494018014883,-6.01906790820284e-06,0.1638,0.1638,0.154,1,0,1,0,0.0103273097727611,0.00138338257069938,0.0118438779579437,0.000356297323442674,0.00181341891208814,0.0098,49,0,0.0098,0,49,0,1,0,-6.01906790811138e-06,0.000614190602868508,0.000614190602868508,1,1
slope_bias,91,2,expanded,0.966500037082792,0.966500037082792,0.966494018014883,-6.01906790820284e-06,0.1638,0.1638,0.154,1,0,1,0,0.0413092390910445,0.00138338257069938,0.0437512802019953,0.000356297323442674,0.00241789188278418,0.0098,49,0,0.0098,0,49,0,1,0,-6.01906790811138e-06,0.000614190602868508,0.000614190602868508,1,1
slope_bias,92,0.25,compressed,0.965712964924289,0.965712964924289,0.965219648358562,-0.000493316565727264,0.1588,0.1588,0.077,1,0,1,0,0.0247068724547174,0.00119303151813411,0.0228066142452352,0.000836015058399006,0.00352792708034444,0.0818,409,0,0.0818,0,409,0,1,0,-0.000493316565727246,0.00603076486219127,0.00603076486219127,1,1
slope_bias,92,0.5,compressed,0.965712964924289,0.965712964924289,0.965219648358562,-0.000493316565727264,0.1588,0.1588,0.077,1,0,1,0,0.0109808322020966,0.00119303151813411,0.00991294860720235,0.000836015058399006,0.00705585416068888,0.0818,409,0,0.0818,0,409,0,1,0,-0.000493316565727246,0.00603076486219127,0.00603076486219127,1,1
slope_bias,92,0.75,compressed,0.965712964924289,0.965712964924289,0.965219648358562,-0.000493316565727264,0.1588,0.1588,0.077,1,0,1,0,0.00274520805052415,0.00119303151813411,0.00240031133729987,0.000836015058399006,0.0105837812410333,0.0818,409,0,0.0818,0,409,0,1,0,-0.000493316565727246,0.00603076486219127,0.00603076486219127,1,1
slope_bias,92,1,identity_scale,0.965712964924289,0.965712964924289,0.965219648358562,-0.000493316565727264,0.1588,0.1588,0.077,1,0,1,0,0,0.00119303151813411,0.00026870243552775,0.000836015058399006,0.0141117083213778,0.0818,409,0,0.0818,0,409,0,1,0,-0.000493316565727246,0.00603076486219127,0.00603076486219127,1,1
slope_bias,92,1.25,expanded,0.965712964924289,0.965712964924289,0.965219648358562,-0.000493316565727264,0.1588,0.1588,0.077,1,0,1,0,0.00274520805052415,0.00119303151813411,0.00351812190188598,0.000836015058399006,0.0176396354017222,0.0818,409,0,0.0818,0,409,0,1,0,-0.000493316565727246,0.00603076486219127,0.00603076486219127,1,1
slope_bias,92,1.5,expanded,0.965712964924289,0.965712964924289,0.965219648358562,-0.000493316565727264,0.1588,0.1588,0.077,1,0,1,0,0.0109808322020966,0.00119303151813411,0.0121485697363746,0.000836015058399006,0.0211675624820666,0.0818,409,0,0.0818,0,409,0,1,0,-0.000493316565727246,0.00603076486219127,0.00603076486219127,1,1
slope_bias,92,2,expanded,0.965712964924289,0.965712964924289,0.965219648358562,-0.000493316565727264,0.1588,0.1588,0.077,1,0,1,0,0.0439233288083865,0.00119303151813411,0.0455525505097428,0.000836015058399006,0.0282234166427555,0.0818,409,0,0.0818,0,409,0,1,0,-0.000493316565727246,0.00603076486219127,0.00603076486219127,1,1
slope_bias,93,0.25,compressed,0.966253987923585,0.966253987923585,0.965664622534991,-0.000589365388594221,0.1602,0.1602,0.0736,1,0,1,0,0.0259773515849435,0.00129846600189092,0.0202460735576476,0.00107856369547151,0.00372129421333359,0.0866,433,0,0.0866,0,433,0,1,0,-0.00058936538859419,0.00680560494912459,0.00680560494912459,1,1
slope_bias,93,0.5,compressed,0.966253987923585,0.966253987923585,0.965664622534991,-0.000589365388594221,0.1602,0.1602,0.0736,1,0,1,0,0.0115454895933082,0.00129846600189092,0.00806239265611896,0.00107856369547151,0.00744258842666717,0.0866,433,0,0.0866,0,433,0,1,0,-0.00058936538859419,0.00680560494912459,0.00680560494912459,1,1
slope_bias,93,0.75,compressed,0.966253987923585,0.966253987923585,0.965664622534991,-0.000589365388594221,0.1602,0.1602,0.0736,1,0,1,0,0.00288637239832706,0.00129846600189092,0.00154462019331543,0.00107856369547151,0.0111638826400008,0.0866,433,0,0.0866,0,433,0,1,0,-0.00058936538859419,0.00680560494912459,0.00680560494912459,1,1
slope_bias,93,1,identity_scale,0.966253987923585,0.966253987923585,0.965664622534991,-0.000589365388594221,0.1602,0.1602,0.0736,1,0,1,0,0,0.00129846600189092,0.000692756169237028,0.00107856369547151,0.0148851768533343,0.0866,433,0,0.0866,0,433,0,1,0,-0.00058936538859419,0.00680560494912459,0.00680560494912459,1,1
slope_bias,93,1.25,expanded,0.966253987923585,0.966253987923585,0.965664622534991,-0.000589365388594221,0.1602,0.1602,0.0736,1,0,1,0,0.00288637239832706,0.00129846600189092,0.00550680058388375,0.00107856369547151,0.0186064710666679,0.0866,433,0,0.0866,0,433,0,1,0,-0.00058936538859419,0.00680560494912459,0.00680560494912459,1,1
slope_bias,93,1.5,expanded,0.966253987923585,0.966253987923585,0.965664622534991,-0.000589365388594221,0.1602,0.1602,0.0736,1,0,1,0,0.0115454895933082,0.00129846600189092,0.0159867534372556,0.00107856369547151,0.0223277652800015,0.0866,433,0,0.0866,0,433,0,1,0,-0.00058936538859419,0.00680560494912459,0.00680560494912459,1,1
slope_bias,93,2,expanded,0.966253987923585,0.966253987923585,0.965664622534991,-0.000589365388594221,0.1602,0.1602,0.0736,1,0,1,0,0.0461819583732329,0.00129846600189092,0.0539443844601747,0.00107856369547151,0.0297703537066687,0.0866,433,0,0.0866,0,433,0,1,0,-0.00058936538859419,0.00680560494912459,0.00680560494912459,1,1
slope_bias,94,0.25,compressed,0.964648102275973,0.964648102275973,0.961973357900429,-0.00267474437554405,0.1566,0.1566,0.3658,1,0,0.428102788408967,0.571897211591033,0.0244341017123109,0.00100924116515354,0.0281733436030381,0.000886579579970812,-0.00661023911762135,0.2092,1046,0,0.2092,0,1046,0,1,0,-0.00267474437554401,-0.0127855849691396,0.0127855849691396,1,1
slope_bias,94,0.5,compressed,0.964648102275973,0.964648102275973,0.961973357900429,-0.00267474437554405,0.1566,0.1566,0.3658,1,0,0.428102788408967,0.571897211591033,0.0108596007610271,0.00100924116515354,0.0136803384831197,0.000886579579970812,-0.0132204782352427,0.2092,1046,0,0.2092,0,1046,0,1,0,-0.00267474437554401,-0.0127855849691396,0.0127855849691396,1,1
slope_bias,94,0.75,compressed,0.964648102275973,0.964648102275973,0.961973357900429,-0.00267474437554405,0.1566,0.1566,0.3658,1,0,0.428102788408967,0.571897211591033,0.00271490019025677,0.00100924116515354,0.00451079094011591,0.000886579579970812,-0.019830717352864,0.2092,1046,0,0.2092,0,1046,0,1,0,-0.00267474437554401,-0.0127855849691396,0.0127855849691396,1,1
slope_bias,94,1,identity_scale,0.964648102275973,0.964648102275973,0.961973357900429,-0.00267474437554405,0.1566,0.1566,0.3658,1,0,0.428102788408967,0.571897211591033,0,0.00100924116515354,0.000664700974026728,0.000886579579970812,-0.0264409564704854,0.2092,1046,0,0.2092,0,1046,0,1,0,-0.00267474437554401,-0.0127855849691396,0.0127855849691396,1,1
slope_bias,94,1.25,expanded,0.964648102275973,0.964648102275973,0.961973357900429,-0.00267474437554405,0.1566,0.1566,0.3658,1,0,0.428102788408967,0.571897211591033,0.00271490019025677,0.00100924116515354,0.00214206858485216,0.000886579579970812,-0.0330511955881067,0.2092,1046,0,0.2092,0,1046,0,1,0,-0.00267474437554401,-0.0127855849691396,0.0127855849691396,1,1
slope_bias,94,1.5,expanded,0.964648102275973,0.964648102275973,0.961973357900429,-0.00267474437554405,0.1566,0.1566,0.3658,1,0,0.428102788408967,0.571897211591033,0.0108596007610271,0.00100924116515354,0.0089428937725922,0.000886579579970812,-0.0396614347057281,0.2092,1046,0,0.2092,0,1046,0,1,0,-0.00267474437554401,-0.0127855849691396,0.0127855849691396,1,1
slope_bias,94,2,expanded,0.964648102275973,0.964648102275973,0.961973357900429,-0.00267474437554405,0.1566,0.1566,0.3658,1,0,0.428102788408967,0.571897211591033,0.0434384030441084,0.00100924116515354,0.0385149168788161,0.000886579579970812,-0.0528819129409708,0.2092,1046,0,0.2092,0,1046,0,1,0,-0.00267474437554401,-0.0127855849691396,0.0127855849691396,1,1
slope_bias,95,0.25,compressed,0.965996194215995,0.965996194215995,0.965587212709667,-0.000408981506327066,0.157,0.157,0.0806,1,0,1,0,0.0247599017547461,0.00204924857752639,0.0266080078086522,0.0010845278578406,0.00323460173322793,0.0764,382,0,0.0764,0,382,0,1,0,-0.000408981506327055,0.00535316107757925,0.00535316107757925,1,1
slope_bias,95,0.5,compressed,0.965996194215995,0.965996194215995,0.965587212709667,-0.000408981506327066,0.157,0.157,0.0806,1,0,1,0,0.0110044007798872,0.00204924857752639,0.0125046269592838,0.0010845278578406,0.00646920346645585,0.0764,382,0,0.0764,0,382,0,1,0,-0.000408981506327055,0.00535316107757925,0.00535316107757925,1,1
slope_bias,95,0.75,compressed,0.965996194215995,0.965996194215995,0.965587212709667,-0.000408981506327066,0.157,0.157,0.0806,1,0,1,0,0.00275110019497179,0.00204924857752639,0.0037879426496607,0.0010845278578406,0.00970380519968378,0.0764,382,0,0.0764,0,382,0,1,0,-0.000408981506327055,0.00535316107757925,0.00535316107757925,1,1
slope_bias,95,1,identity_scale,0.965996194215995,0.965996194215995,0.965587212709667,-0.000408981506327066,0.157,0.157,0.0806,1,0,1,0,0,0.00204924857752639,0.000457954879782891,0.0010845278578406,0.0129384069329117,0.0764,382,0,0.0764,0,382,0,1,0,-0.000408981506327055,0.00535316107757925,0.00535316107757925,1,1
slope_bias,95,1.25,expanded,0.965996194215995,0.965996194215995,0.965587212709667,-0.000408981506327066,0.157,0.157,0.0806,1,0,1,0,0.00275110019497179,0.00204924857752639,0.0025146636496504,0.0010845278578406,0.0161730086661396,0.0764,382,0,0.0764,0,382,0,1,0,-0.000408981506327055,0.00535316107757925,0.00535316107757925,1,1
slope_bias,95,1.5,expanded,0.965996194215995,0.965996194215995,0.965587212709667,-0.000408981506327066,0.157,0.157,0.0806,1,0,1,0,0.0110044007798872,0.00204924857752639,0.00995806895926321,0.0010845278578406,0.0194076103993676,0.0764,382,0,0.0764,0,382,0,1,0,-0.000408981506327055,0.00535316107757925,0.00535316107757925,1,1
slope_bias,95,2,expanded,0.965996194215995,0.965996194215995,0.965587212709667,-0.000408981506327066,0.157,0.157,0.0806,1,0,1,0,0.0440176031195487,0.00204924857752639,0.0410049691977248,0.0010845278578406,0.0258768138658234,0.0764,382,0,0.0764,0,382,0,1,0,-0.000408981506327055,0.00535316107757925,0.00535316107757925,1,1
slope_bias,96,0.25,compressed,0.964664854259536,0.964664854259536,0.96438735890076,-0.000277495358775859,0.1626,0.1626,0.0998,1,0,1,0,0.0245921839607468,0.000918453046286993,0.0234339577663915,0.00208207163551871,0.00259402769413561,0.0628,314,0,0.0628,0,314,0,1,0,-0.000277495358775807,0.00441871590407335,0.00441871590407335,1,1
slope_bias,96,0.5,compressed,0.964664854259536,0.964664854259536,0.96438735890076,-0.000277495358775859,0.1626,0.1626,0.0998,1,0,1,0,0.0109298595381097,0.000918453046286993,0.0103829150960201,0.00208207163551871,0.00518805538827122,0.0628,314,0,0.0628,0,314,0,1,0,-0.000277495358775807,0.00441871590407335,0.00441871590407335,1,1
slope_bias,96,0.75,compressed,0.964664854259536,0.964664854259536,0.96438735890076,-0.000277495358775859,0.1626,0.1626,0.0998,1,0,1,0,0.00273246488452742,0.000918453046286993,0.00269974296061354,0.00208207163551871,0.00778208308240683,0.0628,314,0,0.0628,0,314,0,1,0,-0.000277495358775807,0.00441871590407335,0.00441871590407335,1,1
slope_bias,96,1,identity_scale,0.964664854259536,0.964664854259536,0.96438735890076,-0.000277495358775859,0.1626,0.1626,0.0998,1,0,1,0,0,0.000918453046286993,0.000384441360171862,0.00208207163551871,0.0103761107765424,0.0628,314,0,0.0628,0,314,0,1,0,-0.000277495358775807,0.00441871590407335,0.00441871590407335,1,1
slope_bias,96,1.25,expanded,0.964664854259536,0.964664854259536,0.96438735890076,-0.000277495358775859,0.1626,0.1626,0.0998,1,0,1,0,0.00273246488452742,0.000918453046286993,0.00343701029469504,0.00208207163551871,0.012970138470678,0.0628,314,0,0.0628,0,314,0,1,0,-0.000277495358775807,0.00441871590407335,0.00441871590407335,1,1
slope_bias,96,1.5,expanded,0.964664854259536,0.964664854259536,0.96438735890076,-0.000277495358775859,0.1626,0.1626,0.0998,1,0,1,0,0.0109298595381097,0.000918453046286993,0.0118574497641831,0.00208207163551871,0.0155641661648137,0.0628,314,0,0.0628,0,314,0,1,0,-0.000277495358775807,0.00441871590407335,0.00441871590407335,1,1
slope_bias,96,2,expanded,0.964664854259536,0.964664854259536,0.96438735890076,-0.000277495358775859,0.1626,0.1626,0.0998,1,0,1,0,0.0437194381524387,0.000918453046286993,0.0448019403080537,0.00208207163551871,0.0207522215530849,0.0628,314,0,0.0628,0,314,0,1,0,-0.000277495358775807,0.00441871590407335,0.00441871590407335,1,1
slope_bias,97,0.25,compressed,0.965313839353567,0.965313839353567,0.964179591516421,-0.00113424783714666,0.15,0.15,0.2826,1,0,0.530785562632696,0.469214437367304,0.0236804798046389,0.00157765069281227,0.0238018336804683,0.00230507361037336,-0.00412188051489454,0.1326,663,0,0.1326,0,663,0,1,0,-0.00113424783714665,-0.0085539052575162,0.0085539052575162,1,1
slope_bias,97,0.5,compressed,0.965313839353567,0.965313839353567,0.964179591516421,-0.00113424783714666,0.15,0.15,0.2826,1,0,0.530785562632696,0.469214437367304,0.0105246576909506,0.00157765069281227,0.0111741303191563,0.00230507361037336,-0.00824376102978908,0.1326,663,0,0.1326,0,663,0,1,0,-0.00113424783714665,-0.0085539052575162,0.0085539052575162,1,1
slope_bias,97,0.75,compressed,0.965313839353567,0.965313839353567,0.964179591516421,-0.00113424783714666,0.15,0.15,0.2826,1,0,0.530785562632696,0.469214437367304,0.00263116442273765,0.00157765069281227,0.00370634056982453,0.00230507361037336,-0.0123656415446836,0.1326,663,0,0.1326,0,663,0,1,0,-0.00113424783714665,-0.0085539052575162,0.0085539052575162,1,1
slope_bias,97,1,identity_scale,0.965313839353567,0.965313839353567,0.964179591516421,-0.00113424783714666,0.15,0.15,0.2826,1,0,0.530785562632696,0.469214437367304,0,0.00157765069281227,0.00139846443247307,0.00230507361037336,-0.0164875220595782,0.1326,663,0,0.1326,0,663,0,1,0,-0.00113424783714665,-0.0085539052575162,0.0085539052575162,1,1
slope_bias,97,1.25,expanded,0.965313839353567,0.965313839353567,0.964179591516421,-0.00113424783714666,0.15,0.15,0.2826,1,0,0.530785562632696,0.469214437367304,0.00263116442273765,0.00157765069281227,0.00425050190710189,0.00230507361037336,-0.0206094025744727,0.1326,663,0,0.1326,0,663,0,1,0,-0.00113424783714665,-0.0085539052575162,0.0085539052575162,1,1
slope_bias,97,1.5,expanded,0.965313839353567,0.965313839353567,0.964179591516421,-0.00113424783714666,0.15,0.15,0.2826,1,0,0.530785562632696,0.469214437367304,0.0105246576909506,0.00157765069281227,0.012262452993711,0.00230507361037336,-0.0247312830893672,0.1326,663,0,0.1326,0,663,0,1,0,-0.00113424783714665,-0.0085539052575162,0.0085539052575162,1,1
slope_bias,97,2,expanded,0.965313839353567,0.965313839353567,0.964179591516421,-0.00113424783714666,0.15,0.15,0.2826,1,0,0.530785562632696,0.469214437367304,0.0420986307638024,0.00157765069281227,0.0437660960028701,0.00230507361037336,-0.0329750441191563,0.1326,663,0,0.1326,0,663,0,1,0,-0.00113424783714665,-0.0085539052575162,0.0085539052575162,1,1
slope_bias,98,0.25,compressed,0.964609452575617,0.964609452575617,0.964600067061825,-9.38551379126018e-06,0.1524,0.1524,0.1642,1,0,0.928136419001218,0.071863580998782,0.0247355777684145,0.00289340185720378,0.0219561742256509,0.000868938532883969,-0.000354469130016494,0.0118,59,0,0.0118,0,59,0,1,0,-9.38551379131878e-06,-0.000795382524688032,0.000795382524688032,1,1
slope_bias,98,0.5,compressed,0.964609452575617,0.964609452575617,0.964600067061825,-9.38551379126018e-06,0.1524,0.1524,0.1642,1,0,0.928136419001218,0.071863580998782,0.0109935901192953,0.00289340185720378,0.0094710548170093,0.000868938532883969,-0.000708938260032987,0.0118,59,0,0.0118,0,59,0,1,0,-9.38551379131878e-06,-0.000795382524688032,0.000795382524688032,1,1
slope_bias,98,0.75,compressed,0.964609452575617,0.964609452575617,0.964600067061825,-9.38551379126018e-06,0.1524,0.1524,0.1642,1,0,0.928136419001218,0.071863580998782,0.00274839752982383,0.00289340185720378,0.0023791535661969,0.000868938532883969,-0.00106340739004948,0.0118,59,0,0.0118,0,59,0,1,0,-9.38551379131878e-06,-0.000795382524688032,0.000795382524688032,1,1
slope_bias,98,1,identity_scale,0.964609452575617,0.964609452575617,0.964600067061825,-9.38551379126018e-06,0.1524,0.1524,0.1642,1,0,0.928136419001218,0.071863580998782,0,0.00289340185720378,0.000680470473213707,0.000868938532883969,-0.00141787652006597,0.0118,59,0,0.0118,0,59,0,1,0,-9.38551379131878e-06,-0.000795382524688032,0.000795382524688032,1,1
slope_bias,98,1.25,expanded,0.964609452575617,0.964609452575617,0.964600067061825,-9.38551379126018e-06,0.1524,0.1524,0.1642,1,0,0.928136419001218,0.071863580998782,0.00274839752982383,0.00289340185720378,0.00437500553805973,0.000868938532883969,-0.00177234565008247,0.0118,59,0,0.0118,0,59,0,1,0,-9.38551379131878e-06,-0.000795382524688032,0.000795382524688032,1,1
slope_bias,98,1.5,expanded,0.964609452575617,0.964609452575617,0.964600067061825,-9.38551379126018e-06,0.1524,0.1524,0.1642,1,0,0.928136419001218,0.071863580998782,0.0109935901192953,0.00289340185720378,0.013462758760735,0.000868938532883969,-0.00212681478009896,0.0118,59,0,0.0118,0,59,0,1,0,-9.38551379131878e-06,-0.000795382524688032,0.000795382524688032,1,1
slope_bias,98,2,expanded,0.964609452575617,0.964609452575617,0.964600067061825,-9.38551379126018e-06,0.1524,0.1524,0.1642,1,0,0.928136419001218,0.071863580998782,0.0439743604771813,0.00289340185720378,0.0478179196795731,0.000868938532883969,-0.00283575304013195,0.0118,59,0,0.0118,0,59,0,1,0,-9.38551379131878e-06,-0.000795382524688032,0.000795382524688032,1,1
slope_bias,99,0.25,compressed,0.965124076616478,0.965124076616478,0.965067008206459,-5.70684100195118e-05,0.1542,0.1542,0.188,1,0,0.820212765957447,0.179787234042553,0.0252312948091027,0.000663686403580576,0.0269590608829083,0.000645142675843478,-0.000949468766152595,0.0338,169,0,0.0338,0,169,0,1,0,-5.70684100194563e-05,-0.00168841449761705,0.00168841449761705,1,1
slope_bias,99,0.5,compressed,0.965124076616478,0.965124076616478,0.965067008206459,-5.70684100195118e-05,0.1542,0.1542,0.188,1,0,0.820212765957447,0.179787234042553,0.0112139088040457,0.000663686403580576,0.012682236665202,0.000645142675843478,-0.00189893753230519,0.0338,169,0,0.0338,0,169,0,1,0,-5.70684100194563e-05,-0.00168841449761705,0.00168841449761705,1,1
slope_bias,99,0.75,compressed,0.965124076616478,0.965124076616478,0.965067008206459,-5.70684100195118e-05,0.1542,0.1542,0.188,1,0,0.820212765957447,0.179787234042553,0.00280347720101141,0.000663686403580576,0.00390544955124734,0.000645142675843478,-0.00284840629845778,0.0338,169,0,0.0338,0,169,0,1,0,-5.70684100194563e-05,-0.00168841449761705,0.00168841449761705,1,1
slope_bias,99,1,identity_scale,0.965124076616478,0.965124076616478,0.965067008206459,-5.70684100195118e-05,0.1542,0.1542,0.188,1,0,0.820212765957447,0.179787234042553,0,0.000663686403580576,0.000628699541044264,0.000645142675843478,-0.00379787506461038,0.0338,169,0,0.0338,0,169,0,1,0,-5.70684100194563e-05,-0.00168841449761705,0.00168841449761705,1,1
slope_bias,99,1.25,expanded,0.965124076616478,0.965124076616478,0.965067008206459,-5.70684100195118e-05,0.1542,0.1542,0.188,1,0,0.820212765957447,0.179787234042553,0.00280347720101141,0.000663686403580576,0.00285198663459278,0.000645142675843478,-0.00474734383076297,0.0338,169,0,0.0338,0,169,0,1,0,-5.70684100194563e-05,-0.00168841449761705,0.00168841449761705,1,1
slope_bias,99,1.5,expanded,0.965124076616478,0.965124076616478,0.965067008206459,-5.70684100195118e-05,0.1542,0.1542,0.188,1,0,0.820212765957447,0.179787234042553,0.0112139088040457,0.000663686403580576,0.0105753108318929,0.000645142675843478,-0.00569681259691557,0.0338,169,0,0.0338,0,169,0,1,0,-5.70684100194563e-05,-0.00168841449761705,0.00168841449761705,1,1
slope_bias,99,2,expanded,0.965124076616478,0.965124076616478,0.965067008206459,-5.70684100195118e-05,0.1542,0.1542,0.188,1,0,0.820212765957447,0.179787234042553,0.0448556352161826,0.000663686403580576,0.0425220705377478,0.000645142675843478,-0.00759575012922076,0.0338,169,0,0.0338,0,169,0,1,0,-5.70684100194563e-05,-0.00168841449761705,0.00168841449761705,1,1
slope_bias,100,0.25,compressed,0.966255618093231,0.966255618093231,0.965542042308105,-0.00071357578512643,0.1776,0.1776,0.2728,1,0,0.651026392961877,0.348973607038123,0.025826973352668,0.00409273427306979,0.025003067894633,0.000808813246826103,-0.00361330540124927,0.0952,476,0,0.0952,0,476,0,1,0,-0.000713575785126465,-0.00749554396141245,0.00749554396141245,1,1
slope_bias,100,0.5,compressed,0.966255618093231,0.966255618093231,0.965542042308105,-0.00071357578512643,0.1776,0.1776,0.2728,1,0,0.651026392961877,0.348973607038123,0.011478654823408,0.00409273427306979,0.0112722314125207,0.000808813246826103,-0.00722661080249853,0.0952,476,0,0.0952,0,476,0,1,0,-0.000713575785126465,-0.00749554396141245,0.00749554396141245,1,1
slope_bias,100,0.75,compressed,0.966255618093231,0.966255618093231,0.965542042308105,-0.00071357578512643,0.1776,0.1776,0.2728,1,0,0.651026392961877,0.348973607038123,0.002869663705852,0.00409273427306979,0.00317394544431357,0.000808813246826103,-0.0108399162037478,0.0952,476,0,0.0952,0,476,0,1,0,-0.000713575785126465,-0.00749554396141245,0.00749554396141245,1,1
slope_bias,100,1,identity_scale,0.966255618093231,0.966255618093231,0.965542042308105,-0.00071357578512643,0.1776,0.1776,0.2728,1,0,0.651026392961877,0.348973607038123,0,0.00409273427306979,0.00070820999001177,0.000808813246826103,-0.0144532216049971,0.0952,476,0,0.0952,0,476,0,1,0,-0.000713575785126465,-0.00749554396141245,0.00749554396141245,1,1
slope_bias,100,1.25,expanded,0.966255618093231,0.966255618093231,0.965542042308105,-0.00071357578512643,0.1776,0.1776,0.2728,1,0,0.651026392961877,0.348973607038123,0.002869663705852,0.00409273427306979,0.00387502504961527,0.000808813246826103,-0.0180665270062463,0.0952,476,0,0.0952,0,476,0,1,0,-0.000713575785126465,-0.00749554396141245,0.00749554396141245,1,1
slope_bias,100,1.5,expanded,0.966255618093231,0.966255618093231,0.965542042308105,-0.00071357578512643,0.1776,0.1776,0.2728,1,0,0.651026392961877,0.348973607038123,0.011478654823408,0.00409273427306979,0.0126743906231241,0.000808813246826103,-0.0216798324074956,0.0952,476,0,0.0952,0,476,0,1,0,-0.000713575785126465,-0.00749554396141245,0.00749554396141245,1,1
slope_bias,100,2,expanded,0.966255618093231,0.966255618093231,0.965542042308105,-0.00071357578512643,0.1776,0.1776,0.2728,1,0,0.651026392961877,0.348973607038123,0.045914619293632,0.00409273427306979,0.0471707733118575,0.000808813246826103,-0.0289064432099941,0.0952,476,0,0.0952,0,476,0,1,0,-0.000713575785126465,-0.00749554396141245,0.00749554396141245,1,1
slope_bias,101,0.25,compressed,0.965512414283502,0.965512414283502,0.965397477127881,-0.00011493715562072,0.1628,0.1628,0.2052,1,0,0.793372319688109,0.206627680311891,0.0242845844122083,0.00443823923325026,0.0183482758495402,0.00147389807180726,-0.00135121339882996,0.0424,212,0,0.0424,0,212,0,1,0,-0.000114937155620673,-0.00271078197218568,0.00271078197218568,1,1
slope_bias,101,0.5,compressed,0.965512414283502,0.965512414283502,0.965397477127881,-0.00011493715562072,0.1628,0.1628,0.2052,1,0,0.793372319688109,0.206627680311891,0.0107931486276481,0.00443823923325026,0.00716660572070015,0.00147389807180726,-0.00270242679765992,0.0424,212,0,0.0424,0,212,0,1,0,-0.000114937155620673,-0.00271078197218568,0.00271078197218568,1,1
slope_bias,101,0.75,compressed,0.965512414283502,0.965512414283502,0.965397477127881,-0.00011493715562072,0.1628,0.1628,0.2052,1,0,0.793372319688109,0.206627680311891,0.00269828715691203,0.00443823923325026,0.00126907618709089,0.00147389807180726,-0.00405364019648988,0.0424,212,0,0.0424,0,212,0,1,0,-0.000114937155620673,-0.00271078197218568,0.00271078197218568,1,1
slope_bias,101,1,identity_scale,0.965512414283502,0.965512414283502,0.965397477127881,-0.00011493715562072,0.1628,0.1628,0.2052,1,0,0.793372319688109,0.206627680311891,0,0.00443823923325026,0.000655687248712437,0.00147389807180726,-0.00540485359531984,0.0424,212,0,0.0424,0,212,0,1,0,-0.000114937155620673,-0.00271078197218568,0.00271078197218568,1,1
slope_bias,101,1.25,expanded,0.965512414283502,0.965512414283502,0.965397477127881,-0.00011493715562072,0.1628,0.1628,0.2052,1,0,0.793372319688109,0.206627680311891,0.00269828715691203,0.00443823923325026,0.00532643890556478,0.00147389807180726,-0.0067560669941498,0.0424,212,0,0.0424,0,212,0,1,0,-0.000114937155620673,-0.00271078197218568,0.00271078197218568,1,1
slope_bias,101,1.5,expanded,0.965512414283502,0.965512414283502,0.965397477127881,-0.00011493715562072,0.1628,0.1628,0.2052,1,0,0.793372319688109,0.206627680311891,0.0107931486276481,0.00443823923325026,0.0152813311576479,0.00147389807180726,-0.00810728039297976,0.0424,212,0,0.0424,0,212,0,1,0,-0.000114937155620673,-0.00271078197218568,0.00271078197218568,1,1
slope_bias,101,2,expanded,0.965512414283502,0.965512414283502,0.965397477127881,-0.00011493715562072,0.1628,0.1628,0.2052,1,0,0.793372319688109,0.206627680311891,0.0431725945105925,0.00443823923325026,0.0510435374475066,0.00147389807180726,-0.0108097071906397,0.0424,212,0,0.0424,0,212,0,1,0,-0.000114937155620673,-0.00271078197218568,0.00271078197218568,1,1
slope_bias,102,0.25,compressed,0.96505246186179,0.96505246186179,0.965052405407921,-5.64538684688642e-08,0.1496,0.1496,0.1486,1,0,1,0,0.0253025982949721,0.00148859612542271,0.0295070392653678,0.000828433837540864,4.0967861704988e-05,0.001,5,0,0.001,0,5,0,1,0,-5.64538685164484e-08,5.64538685164484e-05,5.64538685164484e-05,1,1
slope_bias,102,0.5,compressed,0.96505246186179,0.96505246186179,0.965052405407921,-5.64538684688642e-08,0.1496,0.1496,0.1486,1,0,1,0,0.0112455992422098,0.00148859612542271,0.0143786434741482,0.000828433837540864,8.1935723409976e-05,0.001,5,0,0.001,0,5,0,1,0,-5.64538685164484e-08,5.64538685164484e-05,5.64538685164484e-05,1,1
slope_bias,102,0.75,compressed,0.96505246186179,0.96505246186179,0.965052405407921,-5.64538684688642e-08,0.1496,0.1496,0.1486,1,0,1,0,0.00281139981055245,0.00148859612542271,0.00476194419112983,0.000828433837540864,0.000122903585114964,0.001,5,0,0.001,0,5,0,1,0,-5.64538685164484e-08,5.64538685164484e-05,5.64538685164484e-05,1,1
slope_bias,102,1,identity_scale,0.96505246186179,0.96505246186179,0.965052405407921,-5.64538684688642e-08,0.1496,0.1496,0.1486,1,0,1,0,0,0.00148859612542271,0.000656941416312695,0.000828433837540864,0.000163871446819952,0.001,5,0,0.001,0,5,0,1,0,-5.64538685164484e-08,5.64538685164484e-05,5.64538685164484e-05,1,1
slope_bias,102,1.25,expanded,0.96505246186179,0.96505246186179,0.965052405407921,-5.64538684688642e-08,0.1496,0.1496,0.1486,1,0,1,0,0.00281139981055245,0.00148859612542271,0.00206363514969679,0.000828433837540864,0.00020483930852494,0.001,5,0,0.001,0,5,0,1,0,-5.64538685164484e-08,5.64538685164484e-05,5.64538685164484e-05,1,1
slope_bias,102,1.5,expanded,0.96505246186179,0.96505246186179,0.965052405407921,-5.64538684688642e-08,0.1496,0.1496,0.1486,1,0,1,0,0.0112455992422098,0.00148859612542271,0.00898202539128213,0.000828433837540864,0.000245807170229928,0.001,5,0,0.001,0,5,0,1,0,-5.64538685164484e-08,5.64538685164484e-05,5.64538685164484e-05,1,1
slope_bias,102,2,expanded,0.96505246186179,0.96505246186179,0.965052405407921,-5.64538684688642e-08,0.1496,0.1496,0.1486,1,0,1,0,0.0449823969688392,0.00148859612542271,0.0393538953990565,0.000828433837540864,0.000327742893639904,0.001,5,0,0.001,0,5,0,1,0,-5.64538685164484e-08,5.64538685164484e-05,5.64538685164484e-05,1,1
slope_bias,103,0.25,compressed,0.964931573082403,0.964931573082403,0.963630629334236,-0.00130094374816692,0.1592,0.1592,0.0396,1,0,1,0,0.0265791047467711,0.00129415887453802,0.0244528206621509,0.0018521736615065,0.00729502078100214,0.1196,598,0,0.1196,0,598,0,1,0,-0.00130094374816688,0.0108774560883519,0.0108774560883519,1,1
slope_bias,103,0.5,compressed,0.964931573082403,0.964931573082403,0.963630629334236,-0.00130094374816692,0.1592,0.1592,0.0396,1,0,1,0,0.0118129354430094,0.00129415887453802,0.0107119556699426,0.0018521736615065,0.0145900415620043,0.1196,598,0,0.1196,0,598,0,1,0,-0.00130094374816688,0.0108774560883519,0.0108774560883519,1,1
slope_bias,103,0.75,compressed,0.964931573082403,0.964931573082403,0.963630629334236,-0.00130094374816692,0.1592,0.1592,0.0396,1,0,1,0,0.00295323386075234,0.00129415887453802,0.00277808040546628,0.0018521736615065,0.0218850623430064,0.1196,598,0,0.1196,0,598,0,1,0,-0.00130094374816688,0.0108774560883519,0.0108774560883519,1,1
slope_bias,103,1,identity_scale,0.964931573082403,0.964931573082403,0.963630629334236,-0.00130094374816692,0.1592,0.1592,0.0396,1,0,1,0,0,0.00129415887453802,0.000651194868722052,0.0018521736615065,0.0291800831240086,0.1196,598,0,0.1196,0,598,0,1,0,-0.00130094374816688,0.0108774560883519,0.0108774560883519,1,1
slope_bias,103,1.25,expanded,0.964931573082403,0.964931573082403,0.963630629334236,-0.00130094374816692,0.1592,0.1592,0.0396,1,0,1,0,0.00295323386075234,0.00129415887453802,0.00433129905970989,0.0018521736615065,0.0364751039050107,0.1196,598,0,0.1196,0,598,0,1,0,-0.00130094374816688,0.0108774560883519,0.0108774560883519,1,1
slope_bias,103,1.5,expanded,0.964931573082403,0.964931573082403,0.963630629334236,-0.00130094374816692,0.1592,0.1592,0.0396,1,0,1,0,0.0118129354430094,0.00129415887453802,0.0138183929784298,0.0018521736615065,0.0437701246860128,0.1196,598,0,0.1196,0,598,0,1,0,-0.00130094374816688,0.0108774560883519,0.0108774560883519,1,1
slope_bias,103,2,expanded,0.964931573082403,0.964931573082403,0.963630629334236,-0.00130094374816692,0.1592,0.1592,0.0396,1,0,1,0,0.0472517417720375,0.00129415887453802,0.0502135499990658,0.0018521736615065,0.0583601662480171,0.1196,598,0,0.1196,0,598,0,1,0,-0.00130094374816688,0.0108774560883519,0.0108774560883519,1,1
slope_bias,104,0.25,compressed,0.965393509133581,0.965393509133581,0.963965896486743,-0.00142761264683844,0.1586,0.1586,0.3072,1,0,0.516276041666667,0.483723958333333,0.0240267216917333,0.0026345159183797,0.0235407667161329,0.00121055431500831,-0.00463829024669316,0.1486,743,0,0.1486,0,743,0,1,0,-0.00142761264683845,-0.00960708376068945,0.00960708376068945,1,1
slope_bias,104,0.5,compressed,0.965393509133581,0.965393509133581,0.963965896486743,-0.00142761264683844,0.1586,0.1586,0.3072,1,0,0.516276041666667,0.483723958333333,0.0106785429741037,0.0026345159183797,0.0107202844831696,0.00121055431500831,-0.00927658049338631,0.1486,743,0,0.1486,0,743,0,1,0,-0.00142761264683845,-0.00960708376068945,0.00960708376068945,1,1
slope_bias,104,0.75,compressed,0.965393509133581,0.965393509133581,0.963965896486743,-0.00142761264683844,0.1586,0.1586,0.3072,1,0,0.516276041666667,0.483723958333333,0.00266963574352592,0.0026345159183797,0.00313735559347129,0.00121055431500831,-0.0139148707400795,0.1486,743,0,0.1486,0,743,0,1,0,-0.00142761264683845,-0.00960708376068945,0.00960708376068945,1,1
slope_bias,104,1,identity_scale,0.965393509133581,0.965393509133581,0.963965896486743,-0.00142761264683844,0.1586,0.1586,0.3072,1,0,0.516276041666667,0.483723958333333,0,0.0026345159183797,0.000791980047037832,0.00121055431500831,-0.0185531609867726,0.1486,743,0,0.1486,0,743,0,1,0,-0.00142761264683845,-0.00960708376068945,0.00960708376068945,1,1
slope_bias,104,1.25,expanded,0.965393509133581,0.965393509133581,0.963965896486743,-0.00142761264683844,0.1586,0.1586,0.3072,1,0,0.516276041666667,0.483723958333333,0.00266963574352592,0.0026345159183797,0.00368415784386928,0.00121055431500831,-0.0231914512334658,0.1486,743,0,0.1486,0,743,0,1,0,-0.00142761264683845,-0.00960708376068945,0.00960708376068945,1,1
slope_bias,104,1.5,expanded,0.965393509133581,0.965393509133581,0.963965896486743,-0.00142761264683844,0.1586,0.1586,0.3072,1,0,0.516276041666667,0.483723958333333,0.0106785429741037,0.0026345159183797,0.0118138889839656,0.00121055431500831,-0.0278297414801589,0.1486,743,0,0.1486,0,743,0,1,0,-0.00142761264683845,-0.00960708376068945,0.00960708376068945,1,1
slope_bias,104,2,expanded,0.965393509133581,0.965393509133581,0.963965896486743,-0.00142761264683844,0.1586,0.1586,0.3072,1,0,0.516276041666667,0.483723958333333,0.0427141718964147,0.0026345159183797,0.0437860112939531,0.00121055431500831,-0.0371063219735452,0.1486,743,0,0.1486,0,743,0,1,0,-0.00142761264683845,-0.00960708376068945,0.00960708376068945,1,1
slope_bias,105,0.25,compressed,0.965789540889082,0.965789540889082,0.965454047798378,-0.000335493090704575,0.1578,0.1578,0.2274,1,0,0.693931398416887,0.306068601583113,0.0244654625019065,0.00110209606484003,0.0284228397931297,0.000519453874013951,-0.00246640804168805,0.0696,348,0,0.0696,0,348,0,1,0,-0.000335493090704637,-0.00482030302736548,0.00482030302736548,1,1
slope_bias,105,0.5,compressed,0.965789540889082,0.965789540889082,0.965454047798378,-0.000335493090704575,0.1578,0.1578,0.2274,1,0,0.693931398416887,0.306068601583113,0.0108735388897362,0.00110209606484003,0.0138119801926193,0.000519453874013951,-0.00493281608337609,0.0696,348,0,0.0696,0,348,0,1,0,-0.000335493090704637,-0.00482030302736548,0.00482030302736548,1,1
slope_bias,105,0.75,compressed,0.965789540889082,0.965789540889082,0.965454047798378,-0.000335493090704575,0.1578,0.1578,0.2274,1,0,0.693931398416887,0.306068601583113,0.00271838472243406,0.00110209606484003,0.00453356910883095,0.000519453874013951,-0.00739922412506414,0.0696,348,0,0.0696,0,348,0,1,0,-0.000335493090704637,-0.00482030302736548,0.00482030302736548,1,1
slope_bias,105,1,identity_scale,0.965789540889082,0.965789540889082,0.965454047798378,-0.000335493090704575,0.1578,0.1578,0.2274,1,0,0.693931398416887,0.306068601583113,0,0.00110209606484003,0.000587606541764675,0.000519453874013951,-0.00986563216675218,0.0696,348,0,0.0696,0,348,0,1,0,-0.000335493090704637,-0.00482030302736548,0.00482030302736548,1,1
slope_bias,105,1.25,expanded,0.965789540889082,0.965789540889082,0.965454047798378,-0.000335493090704575,0.1578,0.1578,0.2274,1,0,0.693931398416887,0.306068601583113,0.00271838472243406,0.00110209606484003,0.00197409249142047,0.000519453874013951,-0.0123320402084402,0.0696,348,0,0.0696,0,348,0,1,0,-0.000335493090704637,-0.00482030302736548,0.00482030302736548,1,1
slope_bias,105,1.5,expanded,0.965789540889082,0.965789540889082,0.965454047798378,-0.000335493090704575,0.1578,0.1578,0.2274,1,0,0.693931398416887,0.306068601583113,0.0108735388897362,0.00110209606484003,0.00869302695779834,0.000519453874013951,-0.0147984482501283,0.0696,348,0,0.0696,0,348,0,1,0,-0.000335493090704637,-0.00482030302736548,0.00482030302736548,1,1
slope_bias,105,2,expanded,0.965789540889082,0.965789540889082,0.965454047798378,-0.000335493090704575,0.1578,0.1578,0.2274,1,0,0.693931398416887,0.306068601583113,0.0434941555589449,0.00110209606484003,0.0381282414407203,0.000519453874013951,-0.0197312643335044,0.0696,348,0,0.0696,0,348,0,1,0,-0.000335493090704637,-0.00482030302736548,0.00482030302736548,1,1
slope_bias,106,0.25,compressed,0.965106353600218,0.965106353600218,0.964436178551452,-0.000670175048765986,0.1552,0.1552,0.064,1,0,1,0,0.0252401945464571,0.00100639463627008,0.0272299283519683,0.000655654196747781,0.00448758209540034,0.0912,456,0,0.0912,0,456,0,1,0,-0.000670175048766001,0.00734841062243422,0.00734841062243422,1,1
slope_bias,106,0.5,compressed,0.965106353600218,0.965106353600218,0.964436178551452,-0.000670175048765986,0.1552,0.1552,0.064,1,0,1,0,0.0112178642428698,0.00100639463627008,0.0127230365854371,0.000655654196747781,0.00897516419080069,0.0912,456,0,0.0912,0,456,0,1,0,-0.000670175048766001,0.00734841062243422,0.00734841062243422,1,1
slope_bias,106,0.75,compressed,0.965106353600218,0.965106353600218,0.964436178551452,-0.000670175048765986,0.1552,0.1552,0.064,1,0,1,0,0.00280446606071745,0.00100639463627008,0.00372075253158437,0.000655654196747781,0.013462746286201,0.0912,456,0,0.0912,0,456,0,1,0,-0.000670175048766001,0.00734841062243422,0.00734841062243422,1,1
slope_bias,106,1,identity_scale,0.965106353600218,0.965106353600218,0.964436178551452,-0.000670175048765986,0.1552,0.1552,0.064,1,0,1,0,0,0.00100639463627008,0.000223076190410228,0.000655654196747781,0.0179503283816014,0.0912,456,0,0.0912,0,456,0,1,0,-0.000670175048766001,0.00734841062243422,0.00734841062243422,1,1
slope_bias,106,1.25,expanded,0.965106353600218,0.965106353600218,0.964436178551452,-0.000670175048765986,0.1552,0.1552,0.064,1,0,1,0,0.00280446606071745,0.00100639463627008,0.00223000756191462,0.000655654196747781,0.0224379104770017,0.0912,456,0,0.0912,0,456,0,1,0,-0.000670175048766001,0.00734841062243422,0.00734841062243422,1,1
slope_bias,106,1.5,expanded,0.965106353600218,0.965106353600218,0.964436178551452,-0.000670175048765986,0.1552,0.1552,0.064,1,0,1,0,0.0112178642428698,0.00100639463627008,0.00974154664609756,0.000655654196747781,0.0269254925724021,0.0912,456,0,0.0912,0,456,0,1,0,-0.000670175048766001,0.00734841062243422,0.00734841062243422,1,1
slope_bias,106,2,expanded,0.965106353600218,0.965106353600218,0.964436178551452,-0.000670175048765986,0.1552,0.1552,0.064,1,0,1,0,0.0448714569714792,0.00100639463627008,0.041278447952499,0.000655654196747781,0.0359006567632028,0.0912,456,0,0.0912,0,456,0,1,0,-0.000670175048766001,0.00734841062243422,0.00734841062243422,1,1
slope_bias,107,0.25,compressed,0.966877486920064,0.966877486920064,0.966842088486654,-3.53984334101609e-05,0.1596,0.1596,0.1848,1,0,0.863636363636364,0.136363636363636,0.0245437436058488,0.000679847476544941,0.023093219196351,0.00071347047017125,-0.00071965062385318,0.0252,126,0,0.0252,0,126,0,1,0,-3.53984334101871e-05,-0.00140469973849949,0.00140469973849949,1,1
slope_bias,107,0.5,compressed,0.966877486920064,0.966877486920064,0.966842088486654,-3.53984334101609e-05,0.1596,0.1596,0.1848,1,0,0.863636363636364,0.136363636363636,0.0109083304914883,0.000679847476544941,0.0102200914470478,0.00071347047017125,-0.00143930124770636,0.0252,126,0,0.0252,0,126,0,1,0,-3.53984334101871e-05,-0.00140469973849949,0.00140469973849949,1,1
slope_bias,107,0.75,compressed,0.966877486920064,0.966877486920064,0.966842088486654,-3.53984334101609e-05,0.1596,0.1596,0.1848,1,0,0.863636363636364,0.136363636363636,0.00272708262287209,0.000679847476544941,0.00269679984741828,0.00071347047017125,-0.00215895187155954,0.0252,126,0,0.0252,0,126,0,1,0,-3.53984334101871e-05,-0.00140469973849949,0.00140469973849949,1,1
slope_bias,107,1,identity_scale,0.966877486920064,0.966877486920064,0.966842088486654,-3.53984334101609e-05,0.1596,0.1596,0.1848,1,0,0.863636363636364,0.136363636363636,0,0.000679847476544941,0.000523344397462515,0.00071347047017125,-0.00287860249541272,0.0252,126,0,0.0252,0,126,0,1,0,-3.53984334101871e-05,-0.00140469973849949,0.00140469973849949,1,1
slope_bias,107,1.25,expanded,0.966877486920064,0.966877486920064,0.966842088486654,-3.53984334101609e-05,0.1596,0.1596,0.1848,1,0,0.863636363636364,0.136363636363636,0.00272708262287209,0.000679847476544941,0.00369972509718049,0.00071347047017125,-0.0035982531192659,0.0252,126,0,0.0252,0,126,0,1,0,-3.53984334101871e-05,-0.00140469973849949,0.00140469973849949,1,1
slope_bias,107,1.5,expanded,0.966877486920064,0.966877486920064,0.966842088486654,-3.53984334101609e-05,0.1596,0.1596,0.1848,1,0,0.863636363636364,0.136363636363636,0.0109083304914883,0.000679847476544941,0.0122259419465722,0.00071347047017125,-0.00431790374311908,0.0252,126,0,0.0252,0,126,0,1,0,-3.53984334101871e-05,-0.00140469973849949,0.00140469973849949,1,1
slope_bias,107,2,expanded,0.966877486920064,0.966877486920064,0.966842088486654,-3.53984334101609e-05,0.1596,0.1596,0.1848,1,0,0.863636363636364,0.136363636363636,0.0436333219659534,0.000679847476544941,0.0453278840943769,0.00071347047017125,-0.00575720499082544,0.0252,126,0,0.0252,0,126,0,1,0,-3.53984334101871e-05,-0.00140469973849949,0.00140469973849949,1,1
slope_bias,108,0.25,compressed,0.965637797234646,0.965637797234646,0.965499640951121,-0.000138156283525093,0.1588,0.1588,0.1134,1,0,1,0,0.0239781105724144,0.000627830677882513,0.0263417611500222,0.000868025182290363,0.00172934654397691,0.0454,227,0,0.0454,0,227,0,1,0,-0.000138156283525032,0.00304308994548529,0.00304308994548529,1,1
slope_bias,108,0.5,compressed,0.965637797234646,0.965637797234646,0.965499640951121,-0.000138156283525093,0.1588,0.1588,0.1134,1,0,1,0,0.0106569380321842,0.000627830677882513,0.0126613719474823,0.000868025182290363,0.00345869308795382,0.0454,227,0,0.0454,0,227,0,1,0,-0.000138156283525032,0.00304308994548529,0.00304308994548529,1,1
slope_bias,108,0.75,compressed,0.965637797234646,0.965637797234646,0.965499640951121,-0.000138156283525093,0.1588,0.1588,0.1134,1,0,1,0,0.00266423450804605,0.000627830677882513,0.00419909494402003,0.000868025182290363,0.00518803963193074,0.0454,227,0,0.0454,0,227,0,1,0,-0.000138156283525032,0.00304308994548529,0.00304308994548529,1,1
slope_bias,108,1,identity_scale,0.965637797234646,0.965637797234646,0.965499640951121,-0.000138156283525093,0.1588,0.1588,0.1134,1,0,1,0,0,0.000627830677882513,0.000954930139635393,0.000868025182290363,0.00691738617590765,0.0454,227,0,0.0454,0,227,0,1,0,-0.000138156283525032,0.00304308994548529,0.00304308994548529,1,1
slope_bias,108,1.25,expanded,0.965637797234646,0.965637797234646,0.965499640951121,-0.000138156283525093,0.1588,0.1588,0.1134,1,0,1,0,0.00266423450804605,0.000627830677882513,0.0029288775343284,0.000868025182290363,0.00864673271988456,0.0454,227,0,0.0454,0,227,0,1,0,-0.000138156283525032,0.00304308994548529,0.00304308994548529,1,1
slope_bias,108,1.5,expanded,0.965637797234646,0.965637797234646,0.965499640951121,-0.000138156283525093,0.1588,0.1588,0.1134,1,0,1,0,0.0106569380321842,0.000627830677882513,0.010120937128099,0.000868025182290363,0.0103760792638615,0.0454,227,0,0.0454,0,227,0,1,0,-0.000138156283525032,0.00304308994548529,0.00304308994548529,1,1
slope_bias,108,2,expanded,0.965637797234646,0.965637797234646,0.965499640951121,-0.000138156283525093,0.1588,0.1588,0.1134,1,0,1,0,0.0426277521287367,0.000627830677882513,0.0401593929128733,0.000868025182290363,0.0138347723518153,0.0454,227,0,0.0454,0,227,0,1,0,-0.000138156283525032,0.00304308994548529,0.00304308994548529,1,1
slope_bias,109,0.25,compressed,0.965785177999304,0.965785177999304,0.965726236997165,-5.89410021392123e-05,0.1584,0.1584,0.1914,1,0,0.827586206896552,0.172413793103448,0.023630284229699,0.000892438823949602,0.0237992418106028,0.00031465942535826,-0.00103519057190715,0.033,165,0,0.033,0,165,0,1,0,-5.89410021391348e-05,-0.00178609097391317,0.00178609097391317,1,1
slope_bias,109,0.5,compressed,0.965785177999304,0.965785177999304,0.965726236997165,-5.89410021392123e-05,0.1584,0.1584,0.1914,1,0,0.827586206896552,0.172413793103448,0.0105023485465329,0.000892438823949602,0.0107852972443109,0.00031465942535826,-0.0020703811438143,0.033,165,0,0.033,0,165,0,1,0,-5.89410021391348e-05,-0.00178609097391317,0.00178609097391317,1,1
slope_bias,109,0.75,compressed,0.965785177999304,0.965785177999304,0.965726236997165,-5.89410021392123e-05,0.1584,0.1584,0.1914,1,0,0.827586206896552,0.172413793103448,0.00262558713663322,0.000892438823949602,0.00291309476194254,0.00031465942535826,-0.00310557171572146,0.033,165,0,0.033,0,165,0,1,0,-5.89410021391348e-05,-0.00178609097391317,0.00178609097391317,1,1
slope_bias,109,1,identity_scale,0.965785177999304,0.965785177999304,0.965726236997165,-5.89410021392123e-05,0.1584,0.1584,0.1914,1,0,0.827586206896552,0.172413793103448,0,0.000892438823949602,0.000182634363497826,0.00031465942535826,-0.00414076228762861,0.033,165,0,0.033,0,165,0,1,0,-5.89410021391348e-05,-0.00178609097391317,0.00178609097391317,1,1
slope_bias,109,1.25,expanded,0.965785177999304,0.965785177999304,0.965726236997165,-5.89410021392123e-05,0.1584,0.1584,0.1914,1,0,0.827586206896552,0.172413793103448,0.00262558713663322,0.000892438823949602,0.00259391604897673,0.00031465942535826,-0.00517595285953576,0.033,165,0,0.033,0,165,0,1,0,-5.89410021391348e-05,-0.00178609097391317,0.00178609097391317,1,1
slope_bias,109,1.5,expanded,0.965785177999304,0.965785177999304,0.965726236997165,-5.89410021392123e-05,0.1584,0.1584,0.1914,1,0,0.827586206896552,0.172413793103448,0.0105023485465329,0.000892438823949602,0.0101469398183792,0.00031465942535826,-0.00621114343144291,0.033,165,0,0.033,0,165,0,1,0,-5.89410021391348e-05,-0.00178609097391317,0.00178609097391317,1,1
slope_bias,109,2,expanded,0.965785177999304,0.965785177999304,0.965726236997165,-5.89410021392123e-05,0.1584,0.1584,0.1914,1,0,0.827586206896552,0.172413793103448,0.0420093941861315,0.000892438823949602,0.0406782136089551,0.00031465942535826,-0.00828152457525722,0.033,165,0,0.033,0,165,0,1,0,-5.89410021391348e-05,-0.00178609097391317,0.00178609097391317,1,1
slope_bias,110,0.25,compressed,0.964897974558411,0.964897974558411,0.964164649050624,-0.000733325507787819,0.1622,0.1622,0.2636,1,0,0.615326251896813,0.384673748103187,0.0244830497753416,0.000916728368251839,0.0298716009761133,0.00176875385789452,-0.00354190959581699,0.1014,507,0,0.1014,0,507,0,1,0,-0.000733325507787847,-0.00723200698015629,0.00723200698015629,1,1
slope_bias,110,0.5,compressed,0.964897974558411,0.964897974558411,0.964164649050624,-0.000733325507787819,0.1622,0.1622,0.2636,1,0,0.615326251896813,0.384673748103187,0.0108813554557074,0.000916728368251839,0.0152641179800095,0.00176875385789452,-0.00708381919163398,0.1014,507,0,0.1014,0,507,0,1,0,-0.000733325507787847,-0.00723200698015629,0.00723200698015629,1,1
slope_bias,110,0.75,compressed,0.964897974558411,0.964897974558411,0.964164649050624,-0.000733325507787819,0.1622,0.1622,0.2636,1,0,0.615326251896813,0.384673748103187,0.00272033886392684,0.000916728368251839,0.00599188721561849,0.00176875385789452,-0.010625728787451,0.1014,507,0,0.1014,0,507,0,1,0,-0.000733325507787847,-0.00723200698015629,0.00723200698015629,1,1
slope_bias,110,1,identity_scale,0.964897974558411,0.964897974558411,0.964164649050624,-0.000733325507787819,0.1622,0.1622,0.2636,1,0,0.615326251896813,0.384673748103187,0,0.000916728368251839,0.00205490868294024,0.00176875385789452,-0.014167638383268,0.1014,507,0,0.1014,0,507,0,1,0,-0.000733325507787847,-0.00723200698015629,0.00723200698015629,1,1
slope_bias,110,1.25,expanded,0.964897974558411,0.964897974558411,0.964164649050624,-0.000733325507787819,0.1622,0.1622,0.2636,1,0,0.615326251896813,0.384673748103187,0.00272033886392684,0.000916728368251839,0.00345318238197476,0.00176875385789452,-0.0177095479790849,0.1014,507,0,0.1014,0,507,0,1,0,-0.000733325507787847,-0.00723200698015629,0.00723200698015629,1,1
slope_bias,110,1.5,expanded,0.964897974558411,0.964897974558411,0.964164649050624,-0.000733325507787819,0.1622,0.1622,0.2636,1,0,0.615326251896813,0.384673748103187,0.0108813554557074,0.000916728368251839,0.010186708312722,0.00176875385789452,-0.0212514575749019,0.1014,507,0,0.1014,0,507,0,1,0,-0.000733325507787847,-0.00723200698015629,0.00723200698015629,1,1
slope_bias,110,2,expanded,0.964897974558411,0.964897974558411,0.964164649050624,-0.000733325507787819,0.1622,0.1622,0.2636,1,0,0.615326251896813,0.384673748103187,0.0435254218228295,0.000916728368251839,0.0396595168693549,0.00176875385789452,-0.0283352767665359,0.1014,507,0,0.1014,0,507,0,1,0,-0.000733325507787847,-0.00723200698015629,0.00723200698015629,1,1
slope_bias,111,0.25,compressed,0.965091393535654,0.965091393535654,0.964736185535003,-0.000355208000650364,0.15,0.15,0.0808,1,0,1,0,0.0254799434390217,0.00112453408749919,0.0260284976512246,0.000635269817684356,0.00282428907694909,0.0692,346,0,0.0692,0,346,0,1,0,-0.000355208000650371,0.00513306359321346,0.00513306359321346,1,1
slope_bias,111,0.5,compressed,0.965091393535654,0.965091393535654,0.964736185535003,-0.000355208000650364,0.15,0.15,0.0808,1,0,1,0,0.0113244193062319,0.00112453408749919,0.012091066706379,0.000635269817684356,0.00564857815389819,0.0692,346,0,0.0692,0,346,0,1,0,-0.000355208000650371,0.00513306359321346,0.00513306359321346,1,1
slope_bias,111,0.75,compressed,0.965091393535654,0.965091393535654,0.964736185535003,-0.000355208000650364,0.15,0.15,0.0808,1,0,1,0,0.00283110482655797,0.00112453408749919,0.00371115498778051,0.000635269817684356,0.00847286723084728,0.0692,346,0,0.0692,0,346,0,1,0,-0.000355208000650371,0.00513306359321346,0.00513306359321346,1,1
slope_bias,111,1,identity_scale,0.965091393535654,0.965091393535654,0.964736185535003,-0.000355208000650364,0.15,0.15,0.0808,1,0,1,0,0,0.00112453408749919,0.000888762495429129,0.000635269817684356,0.0112971563077964,0.0692,346,0,0.0692,0,346,0,1,0,-0.000355208000650371,0.00513306359321346,0.00513306359321346,1,1
slope_bias,111,1.25,expanded,0.965091393535654,0.965091393535654,0.964736185535003,-0.000355208000650364,0.15,0.15,0.0808,1,0,1,0,0.00283110482655797,0.00112453408749919,0.00362388922932486,0.000635269817684356,0.0141214453847455,0.0692,346,0,0.0692,0,346,0,1,0,-0.000355208000650371,0.00513306359321346,0.00513306359321346,1,1
slope_bias,111,1.5,expanded,0.965091393535654,0.965091393535654,0.964736185535003,-0.000355208000650364,0.15,0.15,0.0808,1,0,1,0,0.0113244193062319,0.00112453408749919,0.0119165351894677,0.000635269817684356,0.0169457344616946,0.0692,346,0,0.0692,0,346,0,1,0,-0.000355208000650371,0.00513306359321346,0.00513306359321346,1,1
slope_bias,111,2,expanded,0.965091393535654,0.965091393535654,0.964736185535003,-0.000355208000650364,0.15,0.15,0.0808,1,0,1,0,0.0452976772249275,0.00112453408749919,0.0451743847884948,0.000635269817684356,0.0225943126155928,0.0692,346,0,0.0692,0,346,0,1,0,-0.000355208000650371,0.00513306359321346,0.00513306359321346,1,1
slope_bias,112,0.25,compressed,0.965952734899071,0.965952734899071,0.965312927498187,-0.000639807400883652,0.166,0.166,0.2652,1,0,0.625942684766214,0.374057315233786,0.0240713012185679,0.000813099826890391,0.0277546702834226,0.00113215177212399,-0.00319656751267913,0.0992,496,0,0.0992,0,496,0,1,0,-0.000639807400883617,-0.00644967137987517,0.00644967137987517,1,1
slope_bias,112,0.5,compressed,0.965952734899071,0.965952734899071,0.965312927498187,-0.000639807400883652,0.166,0.166,0.2652,1,0,0.625942684766214,0.374057315233786,0.0106983560971413,0.000813099826890391,0.0135631939397541,0.00113215177212399,-0.00639313502535827,0.0992,496,0,0.0992,0,496,0,1,0,-0.000639807400883617,-0.00644967137987517,0.00644967137987517,1,1
slope_bias,112,0.75,compressed,0.965952734899071,0.965952734899071,0.965312927498187,-0.000639807400883652,0.166,0.166,0.2652,1,0,0.625942684766214,0.374057315233786,0.00267458902428532,0.000813099826890391,0.00461592686401625,0.00113215177212399,-0.0095897025380374,0.0992,496,0,0.0992,0,496,0,1,0,-0.000639807400883617,-0.00644967137987517,0.00644967137987517,1,1
slope_bias,112,1,identity_scale,0.965952734899071,0.965952734899071,0.965312927498187,-0.000639807400883652,0.166,0.166,0.2652,1,0,0.625942684766214,0.374057315233786,0,0.000813099826890391,0.000912869056208932,0.00113215177212399,-0.0127862700507165,0.0992,496,0,0.0992,0,496,0,1,0,-0.000639807400883617,-0.00644967137987517,0.00644967137987517,1,1
slope_bias,112,1.25,expanded,0.965952734899071,0.965952734899071,0.965312927498187,-0.000639807400883652,0.166,0.166,0.2652,1,0,0.625942684766214,0.374057315233786,0.00267458902428532,0.000813099826890391,0.00245402051633219,0.00113215177212399,-0.0159828375633957,0.0992,496,0,0.0992,0,496,0,1,0,-0.000639807400883617,-0.00644967137987517,0.00644967137987517,1,1
slope_bias,112,1.5,expanded,0.965952734899071,0.965952734899071,0.965312927498187,-0.000639807400883652,0.166,0.166,0.2652,1,0,0.625942684766214,0.374057315233786,0.0106983560971413,0.000813099826890391,0.00923938124438601,0.00113215177212399,-0.0191794050760748,0.0992,496,0,0.0992,0,496,0,1,0,-0.000639807400883617,-0.00644967137987517,0.00644967137987517,1,1
slope_bias,112,2,expanded,0.965952734899071,0.965952734899071,0.965312927498187,-0.000639807400883652,0.166,0.166,0.2652,1,0,0.625942684766214,0.374057315233786,0.0427934243885651,0.000813099826890391,0.0385427305042854,0.00113215177212399,-0.0255725401014331,0.0992,496,0,0.0992,0,496,0,1,0,-0.000639807400883617,-0.00644967137987517,0.00644967137987517,1,1
slope_bias,113,0.25,compressed,0.965312344438559,0.965312344438559,0.964135911107303,-0.00117643333125661,0.1552,0.1552,0.2956,1,0,0.525033829499323,0.474966170500677,0.0250330152688539,0.00104942615797584,0.0261931955725302,0.000866428429155313,-0.00417385863774489,0.1404,702,0,0.1404,0,702,0,1,0,-0.00117643333125661,-0.00837915478102996,0.00837915478102996,1,1
slope_bias,113,0.5,compressed,0.965312344438559,0.965312344438559,0.964135911107303,-0.00117643333125661,0.1552,0.1552,0.2956,1,0,0.525033829499323,0.474966170500677,0.011125784563935,0.00104942615797584,0.012123291114605,0.000866428429155313,-0.00834771727548977,0.1404,702,0,0.1404,0,702,0,1,0,-0.00117643333125661,-0.00837915478102996,0.00837915478102996,1,1
slope_bias,113,0.75,compressed,0.965312344438559,0.965312344438559,0.964135911107303,-0.00117643333125661,0.1552,0.1552,0.2956,1,0,0.525033829499323,0.474966170500677,0.00278144614098376,0.00104942615797584,0.00351030069238663,0.000866428429155313,-0.0125215759132347,0.1404,702,0,0.1404,0,702,0,1,0,-0.00117643333125661,-0.00837915478102996,0.00837915478102996,1,1
slope_bias,113,1,identity_scale,0.965312344438559,0.965312344438559,0.964135911107303,-0.00117643333125661,0.1552,0.1552,0.2956,1,0,0.525033829499323,0.474966170500677,0,0.00104942615797584,0.000354224305875212,0.000866428429155313,-0.0166954345509796,0.1404,702,0,0.1404,0,702,0,1,0,-0.00117643333125661,-0.00837915478102996,0.00837915478102996,1,1
slope_bias,113,1.25,expanded,0.965312344438559,0.965312344438559,0.964135911107303,-0.00117643333125661,0.1552,0.1552,0.2956,1,0,0.525033829499323,0.474966170500677,0.00278144614098376,0.00104942615797584,0.00265506195507071,0.000866428429155313,-0.0208692931887244,0.1404,702,0,0.1404,0,702,0,1,0,-0.00117643333125661,-0.00837915478102996,0.00837915478102996,1,1
slope_bias,113,1.5,expanded,0.965312344438559,0.965312344438559,0.964135911107303,-0.00117643333125661,0.1552,0.1552,0.2956,1,0,0.525033829499323,0.474966170500677,0.011125784563935,0.00104942615797584,0.0104128136399731,0.000866428429155313,-0.0250431518264693,0.1404,702,0,0.1404,0,702,0,1,0,-0.00117643333125661,-0.00837915478102996,0.00837915478102996,1,1
slope_bias,113,2,expanded,0.965312344438559,0.965312344438559,0.964135911107303,-0.00117643333125661,0.1552,0.1552,0.2956,1,0,0.525033829499323,0.474966170500677,0.0445031382557402,0.00104942615797584,0.0422990591168987,0.000866428429155313,-0.0333908691019591,0.1404,702,0,0.1404,0,702,0,1,0,-0.00117643333125661,-0.00837915478102996,0.00837915478102996,1,1
slope_bias,114,0.25,compressed,0.965996848363897,0.965996848363897,0.965044835375208,-0.000952012988688855,0.1582,0.1582,0.2796,1,0,0.565808297567954,0.434191702432046,0.0253052245647632,0.0014400969032076,0.0258454144432733,0.00150615404620225,-0.0038545333950164,0.1214,607,0,0.1214,0,607,0,1,0,-0.000952012988688882,-0.00784195213088041,0.00784195213088041,1,1
slope_bias,114,0.5,compressed,0.965996848363897,0.965996848363897,0.965044835375208,-0.000952012988688855,0.1582,0.1582,0.2796,1,0,0.565808297567954,0.434191702432046,0.0112467664732281,0.0014400969032076,0.0119345498645995,0.00150615404620225,-0.0077090667900328,0.1214,607,0,0.1214,0,607,0,1,0,-0.000952012988688882,-0.00784195213088041,0.00784195213088041,1,1
slope_bias,114,0.75,compressed,0.965996848363897,0.965996848363897,0.965044835375208,-0.000952012988688855,0.1582,0.1582,0.2796,1,0,0.565808297567954,0.434191702432046,0.00281169161830702,0.0014400969032076,0.00354022734245083,0.00150615404620225,-0.0115636001850492,0.1214,607,0,0.1214,0,607,0,1,0,-0.000952012988688882,-0.00784195213088041,0.00784195213088041,1,1
slope_bias,114,1,identity_scale,0.965996848363897,0.965996848363897,0.965044835375208,-0.000952012988688855,0.1582,0.1582,0.2796,1,0,0.565808297567954,0.434191702432046,0,0.0014400969032076,0.000662446876827337,0.00150615404620225,-0.0154181335800656,0.1214,607,0,0.1214,0,607,0,1,0,-0.000952012988688882,-0.00784195213088041,0.00784195213088041,1,1
slope_bias,114,1.25,expanded,0.965996848363897,0.965996848363897,0.965044835375208,-0.000952012988688855,0.1582,0.1582,0.2796,1,0,0.565808297567954,0.434191702432046,0.00281169161830702,0.0014400969032076,0.00330120846772902,0.00150615404620225,-0.019272666975082,0.1214,607,0,0.1214,0,607,0,1,0,-0.000952012988688882,-0.00784195213088041,0.00784195213088041,1,1
slope_bias,114,1.5,expanded,0.965996848363897,0.965996848363897,0.965044835375208,-0.000952012988688855,0.1582,0.1582,0.2796,1,0,0.565808297567954,0.434191702432046,0.0112467664732281,0.0014400969032076,0.0114565121151559,0.00150615404620225,-0.0231272003700984,0.1214,607,0,0.1214,0,607,0,1,0,-0.000952012988688882,-0.00784195213088041,0.00784195213088041,1,1
slope_bias,114,2,expanded,0.965996848363897,0.965996848363897,0.965044835375208,-0.000952012988688855,0.1582,0.1582,0.2796,1,0,0.565808297567954,0.434191702432046,0.0449870658929124,0.0014400969032076,0.0443167455795851,0.00150615404620225,-0.0308362671601312,0.1214,607,0,0.1214,0,607,0,1,0,-0.000952012988688882,-0.00784195213088041,0.00784195213088041,1,1
slope_bias,115,0.25,compressed,0.965878487671174,0.965878487671174,0.965154678775872,-0.000723808895301992,0.1452,0.1452,0.256,1,0,0.5671875,0.4328125,0.024167677974022,0.00147139374108172,0.0237593792723598,0.00187155747071041,-0.00326133646816859,0.1108,554,0,0.1108,0,554,0,1,0,-0.000723808895302034,-0.00653257125723857,0.00653257125723857,1,1
slope_bias,115,0.5,compressed,0.965878487671174,0.965878487671174,0.965154678775872,-0.000723808895301992,0.1452,0.1452,0.256,1,0,0.5671875,0.4328125,0.0107411902106765,0.00147139374108172,0.0108347417783686,0.00187155747071041,-0.00652267293633718,0.1108,554,0,0.1108,0,554,0,1,0,-0.000723808895302034,-0.00653257125723857,0.00653257125723857,1,1
slope_bias,115,0.75,compressed,0.965878487671174,0.965878487671174,0.965154678775872,-0.000723808895301992,0.1452,0.1452,0.256,1,0,0.5671875,0.4328125,0.00268529755266911,0.00147139374108172,0.00318205323848927,0.00187155747071041,-0.00978400940450577,0.1108,554,0,0.1108,0,554,0,1,0,-0.000723808895302034,-0.00653257125723857,0.00653257125723857,1,1
slope_bias,115,1,identity_scale,0.965878487671174,0.965878487671174,0.965154678775872,-0.000723808895301992,0.1452,0.1452,0.256,1,0,0.5671875,0.4328125,0,0.00147139374108172,0.000801313652721943,0.00187155747071041,-0.0130453458726744,0.1108,554,0,0.1108,0,554,0,1,0,-0.000723808895302034,-0.00653257125723857,0.00653257125723857,1,1
slope_bias,115,1.25,expanded,0.965878487671174,0.965878487671174,0.965154678775872,-0.000723808895301992,0.1452,0.1452,0.256,1,0,0.5671875,0.4328125,0.00268529755266911,0.00147139374108172,0.00369252302106657,0.00187155747071041,-0.016306682340843,0.1108,554,0,0.1108,0,554,0,1,0,-0.000723808895302034,-0.00653257125723857,0.00653257125723857,1,1
slope_bias,115,1.5,expanded,0.965878487671174,0.965878487671174,0.965154678775872,-0.000723808895301992,0.1452,0.1452,0.256,1,0,0.5671875,0.4328125,0.0107411902106765,0.00147139374108172,0.0118556813435232,0.00187155747071041,-0.0195680188090115,0.1108,554,0,0.1108,0,554,0,1,0,-0.000723808895302034,-0.00653257125723857,0.00653257125723857,1,1
slope_bias,115,2,expanded,0.965878487671174,0.965878487671174,0.965154678775872,-0.000723808895301992,0.1452,0.1452,0.256,1,0,0.5671875,0.4328125,0.0429647608427058,0.00147139374108172,0.0439978448507722,0.00187155747071041,-0.0260906917453487,0.1108,554,0,0.1108,0,554,0,1,0,-0.000723808895302034,-0.00653257125723857,0.00653257125723857,1,1
slope_bias,116,0.25,compressed,0.964579890762012,0.964579890762012,0.96417765293496,-0.000402237827052843,0.1622,0.1622,0.0862,1,0,1,0,0.0249288322561457,0.0019328352072471,0.0259172366233129,0.00181405481529456,0.00303372386516479,0.076,380,0,0.076,0,380,0,1,0,-0.000402237827052814,0.00529260298753702,0.00529260298753702,1,1
slope_bias,116,0.5,compressed,0.964579890762012,0.964579890762012,0.96417765293496,-0.000402237827052843,0.1622,0.1622,0.0862,1,0,1,0,0.0110794810027314,0.0019328352072471,0.0120633162749083,0.00181405481529456,0.00606744773032958,0.076,380,0,0.076,0,380,0,1,0,-0.000402237827052814,0.00529260298753702,0.00529260298753702,1,1
slope_bias,116,0.75,compressed,0.964579890762012,0.964579890762012,0.96417765293496,-0.000402237827052843,0.1622,0.1622,0.0862,1,0,1,0,0.00276987025068285,0.0019328352072471,0.00364622055067722,0.00181405481529456,0.00910117159549437,0.076,380,0,0.076,0,380,0,1,0,-0.000402237827052814,0.00529260298753702,0.00529260298753702,1,1
slope_bias,116,1,identity_scale,0.964579890762012,0.964579890762012,0.96417765293496,-0.000402237827052843,0.1622,0.1622,0.0862,1,0,1,0,0,0.0019328352072471,0.000665949450619589,0.00181405481529456,0.0121348954606592,0.076,380,0,0.076,0,380,0,1,0,-0.000402237827052814,0.00529260298753702,0.00529260298753702,1,1
slope_bias,116,1.25,expanded,0.964579890762012,0.964579890762012,0.96417765293496,-0.000402237827052843,0.1622,0.1622,0.0862,1,0,1,0,0.00276987025068285,0.0019328352072471,0.00312250297473542,0.00181405481529456,0.0151686193258239,0.076,380,0,0.076,0,380,0,1,0,-0.000402237827052814,0.00529260298753702,0.00529260298753702,1,1
slope_bias,116,1.5,expanded,0.964579890762012,0.964579890762012,0.96417765293496,-0.000402237827052843,0.1622,0.1622,0.0862,1,0,1,0,0.0110794810027314,0.0019328352072471,0.0110158811230247,0.00181405481529456,0.0182023431909887,0.076,380,0,0.076,0,380,0,1,0,-0.000402237827052814,0.00529260298753702,0.00529260298753702,1,1
slope_bias,116,2,expanded,0.964579890762012,0.964579890762012,0.96417765293496,-0.000402237827052843,0.1622,0.1622,0.0862,1,0,1,0,0.0443179240109257,0.0019328352072471,0.0431131112921237,0.00181405481529456,0.0242697909213183,0.076,380,0,0.076,0,380,0,1,0,-0.000402237827052814,0.00529260298753702,0.00529260298753702,1,1
slope_bias,117,0.25,compressed,0.964979088157153,0.964979088157153,0.96465826887195,-0.000320819285203111,0.1526,0.1526,0.2222,1,0,0.686768676867687,0.313231323132313,0.0245702352753803,0.00109328831807571,0.0253154073797368,0.00114983318157626,-0.00244226151426169,0.0696,348,0,0.0696,0,348,0,1,0,-0.000320819285203115,-0.0046094724885505,0.0046094724885505,1,1
slope_bias,117,0.5,compressed,0.964979088157153,0.964979088157153,0.96465826887195,-0.000320819285203111,0.1526,0.1526,0.2222,1,0,0.686768676867687,0.313231323132313,0.0109201045668357,0.00109328831807571,0.0116201670567086,0.00114983318157626,-0.00488452302852338,0.0696,348,0,0.0696,0,348,0,1,0,-0.000320819285203115,-0.0046094724885505,0.0046094724885505,1,1
slope_bias,117,0.75,compressed,0.964979088157153,0.964979088157153,0.96465826887195,-0.000320819285203111,0.1526,0.1526,0.2222,1,0,0.686768676867687,0.313231323132313,0.00273002614170893,0.00109328831807571,0.00327597059230753,0.00114983318157626,-0.00732678454278507,0.0696,348,0,0.0696,0,348,0,1,0,-0.000320819285203115,-0.0046094724885505,0.0046094724885505,1,1
slope_bias,117,1,identity_scale,0.964979088157153,0.964979088157153,0.96465826887195,-0.000320819285203111,0.1526,0.1526,0.2222,1,0,0.686768676867687,0.313231323132313,0,0.00109328831807571,0.000282817986533444,0.00114983318157626,-0.00976904605704676,0.0696,348,0,0.0696,0,348,0,1,0,-0.000320819285203115,-0.0046094724885505,0.0046094724885505,1,1
slope_bias,117,1.25,expanded,0.964979088157153,0.964979088157153,0.96465826887195,-0.000320819285203111,0.1526,0.1526,0.2222,1,0,0.686768676867687,0.313231323132313,0.00273002614170893,0.00109328831807571,0.00264070923938639,0.00114983318157626,-0.0122113075713085,0.0696,348,0,0.0696,0,348,0,1,0,-0.000320819285203115,-0.0046094724885505,0.0046094724885505,1,1
slope_bias,117,1.5,expanded,0.964979088157153,0.964979088157153,0.96465826887195,-0.000320819285203111,0.1526,0.1526,0.2222,1,0,0.686768676867687,0.313231323132313,0.0109201045668357,0.00109328831807571,0.0103496443508664,0.00114983318157626,-0.0146535690855701,0.0696,348,0,0.0696,0,348,0,1,0,-0.000320819285203115,-0.0046094724885505,0.0046094724885505,1,1
slope_bias,117,2,expanded,0.964979088157153,0.964979088157153,0.96465826887195,-0.000320819285203111,0.1526,0.1526,0.2222,1,0,0.686768676867687,0.313231323132313,0.0436804182673428,0.00109328831807571,0.0418206461497074,0.00114983318157626,-0.0195380921140935,0.0696,348,0,0.0696,0,348,0,1,0,-0.000320819285203115,-0.0046094724885505,0.0046094724885505,1,1
slope_bias,118,0.25,compressed,0.96490387713013,0.96490387713013,0.964287497933504,-0.00061637919662616,0.1548,0.1548,0.0634,1,0,1,0,0.0254671225788509,0.00244392250288492,0.0241389006249792,0.000988051999965786,0.00418540482844398,0.0914,457,0,0.0914,0,457,0,1,0,-0.000616379196626117,0.00674375488650019,0.00674375488650019,1,1
slope_bias,118,0.5,compressed,0.96490387713013,0.96490387713013,0.964287497933504,-0.00061637919662616,0.1548,0.1548,0.0634,1,0,1,0,0.011318721146156,0.00244392250288492,0.0107966186495326,0.000988051999965786,0.00837080965688797,0.0914,457,0,0.0914,0,457,0,1,0,-0.000616379196626117,0.00674375488650019,0.00674375488650019,1,1
slope_bias,118,0.75,compressed,0.96490387713013,0.96490387713013,0.964287497933504,-0.00061637919662616,0.1548,0.1548,0.0634,1,0,1,0,0.00282968028653899,0.00244392250288492,0.00301634990605278,0.000988051999965786,0.012556214485332,0.0914,457,0,0.0914,0,457,0,1,0,-0.000616379196626117,0.00674375488650019,0.00674375488650019,1,1
slope_bias,118,1,identity_scale,0.96490387713013,0.96490387713013,0.964287497933504,-0.00061637919662616,0.1548,0.1548,0.0634,1,0,1,0,0,0.00244392250288492,0.000798094394539783,0.000988051999965786,0.0167416193137759,0.0914,457,0,0.0914,0,457,0,1,0,-0.000616379196626117,0.00674375488650019,0.00674375488650019,1,1
slope_bias,118,1.25,expanded,0.96490387713013,0.96490387713013,0.964287497933504,-0.00061637919662616,0.1548,0.1548,0.0634,1,0,1,0,0.00282968028653899,0.00244392250288492,0.00414185211499358,0.000988051999965786,0.0209270241422199,0.0914,457,0,0.0914,0,457,0,1,0,-0.000616379196626117,0.00674375488650019,0.00674375488650019,1,1
slope_bias,118,1.5,expanded,0.96490387713013,0.96490387713013,0.964287497933504,-0.00061637919662616,0.1548,0.1548,0.0634,1,0,1,0,0.011318721146156,0.00244392250288492,0.0130476230674142,0.000988051999965786,0.0251124289706639,0.0914,457,0,0.0914,0,457,0,1,0,-0.000616379196626117,0.00674375488650019,0.00674375488650019,1,1
slope_bias,118,2,expanded,0.96490387713013,0.96490387713013,0.964287497933504,-0.00061637919662616,0.1548,0.1548,0.0634,1,0,1,0,0.0452748845846239,0.00244392250288492,0.0475452046681557,0.000988051999965786,0.0334832386275519,0.0914,457,0,0.0914,0,457,0,1,0,-0.000616379196626117,0.00674375488650019,0.00674375488650019,1,1
slope_bias,119,0.25,compressed,0.963660874990753,0.963660874990753,0.960550590409922,-0.00311028458083185,0.1474,0.1474,0.002,1,0,1,0,0.0256653467328016,0.0025641020312851,0.0259425240146583,0.0020897435522869,0.0289225727556972,0.1454,727,0,0.1454,0,727,0,1,0,-0.00311028458083185,0.0213912282037954,0.0213912282037954,1,1
slope_bias,119,0.5,compressed,0.963660874990753,0.963660874990753,0.960550590409922,-0.00311028458083185,0.1474,0.1474,0.002,1,0,1,0,0.0114068207701341,0.0025641020312851,0.0119028301623203,0.0020897435522869,0.0578451455113943,0.1454,727,0,0.1454,0,727,0,1,0,-0.00311028458083185,0.0213912282037954,0.0213912282037954,1,1
slope_bias,119,0.75,compressed,0.963660874990753,0.963660874990753,0.960550590409922,-0.00311028458083185,0.1474,0.1474,0.002,1,0,1,0,0.00285170519253351,0.0025641020312851,0.00345967482307799,0.0020897435522869,0.0867677182670915,0.1454,727,0,0.1454,0,727,0,1,0,-0.00311028458083185,0.0213912282037954,0.0213912282037954,1,1
slope_bias,119,1,identity_scale,0.963660874990753,0.963660874990753,0.960550590409922,-0.00311028458083185,0.1474,0.1474,0.002,1,0,1,0,0,0.0025641020312851,0.000613057996931461,0.0020897435522869,0.115690291022789,0.1454,727,0,0.1454,0,727,0,1,0,-0.00311028458083185,0.0213912282037954,0.0213912282037954,1,1
slope_bias,119,1.25,expanded,0.963660874990753,0.963660874990753,0.960550590409922,-0.00311028458083185,0.1474,0.1474,0.002,1,0,1,0,0.00285170519253351,0.0025641020312851,0.00336297968388067,0.0020897435522869,0.144612863778486,0.1454,727,0,0.1454,0,727,0,1,0,-0.00311028458083185,0.0213912282037954,0.0213912282037954,1,1
slope_bias,119,1.5,expanded,0.963660874990753,0.963660874990753,0.960550590409922,-0.00311028458083185,0.1474,0.1474,0.002,1,0,1,0,0.0114068207701341,0.0025641020312851,0.0117094398839256,0.0020897435522869,0.173535436534183,0.1454,727,0,0.1454,0,727,0,1,0,-0.00311028458083185,0.0213912282037954,0.0213912282037954,1,1
slope_bias,119,2,expanded,0.963660874990753,0.963660874990753,0.960550590409922,-0.00311028458083185,0.1474,0.1474,0.002,1,0,1,0,0.0456272830805362,0.0025641020312851,0.0451919758233028,0.0020897435522869,0.231380582045577,0.1454,727,0,0.1454,0,727,0,1,0,-0.00311028458083185,0.0213912282037954,0.0213912282037954,1,1
slope_bias,120,0.25,compressed,0.964632382407909,0.964632382407909,0.962767465168245,-0.00186491723966409,0.1608,0.1608,0.3342,1,0,0.481149012567325,0.518850987432675,0.0252093540748872,0.00181038750215265,0.0279897543100742,0.00245647894533796,-0.00541724602723614,0.1734,867,0,0.1734,0,867,0,1,0,-0.00186491723966405,-0.0107550013821456,0.0107550013821456,1,1
slope_bias,120,0.5,compressed,0.964632382407909,0.964632382407909,0.962767465168245,-0.00186491723966409,0.1608,0.1608,0.3342,1,0,0.481149012567325,0.518850987432675,0.0112041573666165,0.00181038750215265,0.0134197809604593,0.00245647894533796,-0.0108344920544723,0.1734,867,0,0.1734,0,867,0,1,0,-0.00186491723966405,-0.0107550013821456,0.0107550013821456,1,1
slope_bias,120,0.75,compressed,0.964632382407909,0.964632382407909,0.962767465168245,-0.00186491723966409,0.1608,0.1608,0.3342,1,0,0.481149012567325,0.518850987432675,0.00280103934165414,0.00181038750215265,0.00434441843249457,0.00245647894533796,-0.0162517380817084,0.1734,867,0,0.1734,0,867,0,1,0,-0.00186491723966405,-0.0107550013821456,0.0107550013821456,1,1
slope_bias,120,1,identity_scale,0.964632382407909,0.964632382407909,0.962767465168245,-0.00186491723966409,0.1608,0.1608,0.3342,1,0,0.481149012567325,0.518850987432675,0,0.00181038750215265,0.000763666726180027,0.00245647894533796,-0.0216689841089446,0.1734,867,0,0.1734,0,867,0,1,0,-0.00186491723966405,-0.0107550013821456,0.0107550013821456,1,1
slope_bias,120,1.25,expanded,0.964632382407909,0.964632382407909,0.962767465168245,-0.00186491723966409,0.1608,0.1608,0.3342,1,0,0.481149012567325,0.518850987432675,0.00280103934165414,0.00181038750215265,0.00267752584151566,0.00245647894533796,-0.0270862301361807,0.1734,867,0,0.1734,0,867,0,1,0,-0.00186491723966405,-0.0107550013821456,0.0107550013821456,1,1
slope_bias,120,1.5,expanded,0.964632382407909,0.964632382407909,0.962767465168245,-0.00186491723966409,0.1608,0.1608,0.3342,1,0,0.481149012567325,0.518850987432675,0.0112041573666165,0.00181038750215265,0.0100859957785015,0.00245647894533796,-0.0325034761634169,0.1734,867,0,0.1734,0,867,0,1,0,-0.00186491723966405,-0.0107550013821456,0.0107550013821456,1,1
slope_bias,120,2,expanded,0.964632382407909,0.964632382407909,0.962767465168245,-0.00186491723966409,0.1608,0.1608,0.3342,1,0,0.481149012567325,0.518850987432675,0.0448166294664662,0.00181038750215265,0.0413867681174236,0.00245647894533796,-0.0433379682178892,0.1734,867,0,0.1734,0,867,0,1,0,-0.00186491723966405,-0.0107550013821456,0.0107550013821456,1,1
slope_bias,121,0.25,compressed,0.965413670929708,0.965413670929708,0.965150519646637,-0.000263151283070529,0.1556,0.1556,0.2176,1,0,0.715073529411765,0.284926470588235,0.02554488367017,0.00172012512613035,0.0237027213686702,0.00098365064690574,-0.00220889004509944,0.062,310,0,0.062,0,310,0,1,0,-0.000263151283070532,-0.00424437553339568,0.00424437553339568,1,1
slope_bias,121,0.5,compressed,0.965413670929708,0.965413670929708,0.965150519646637,-0.000263151283070529,0.1556,0.1556,0.2176,1,0,0.715073529411765,0.284926470588235,0.0113532816311867,0.00172012512613035,0.0103121014325249,0.00098365064690574,-0.00441778009019889,0.062,310,0,0.062,0,310,0,1,0,-0.000263151283070532,-0.00424437553339568,0.00424437553339568,1,1
slope_bias,121,0.75,compressed,0.965413670929708,0.965413670929708,0.965150519646637,-0.000263151283070529,0.1556,0.1556,0.2176,1,0,0.715073529411765,0.284926470588235,0.00283832040779667,0.00172012512613035,0.00248866971338245,0.00098365064690574,-0.00662667013529833,0.062,310,0,0.062,0,310,0,1,0,-0.000263151283070532,-0.00424437553339568,0.00424437553339568,1,1
slope_bias,121,1,identity_scale,0.965413670929708,0.965413670929708,0.965150519646637,-0.000263151283070529,0.1556,0.1556,0.2176,1,0,0.715073529411765,0.284926470588235,0,0.00172012512613035,0.000232426211242764,0.00098365064690574,-0.00883556018039777,0.062,310,0,0.062,0,310,0,1,0,-0.000263151283070532,-0.00424437553339568,0.00424437553339568,1,1
slope_bias,121,1.25,expanded,0.965413670929708,0.965413670929708,0.965150519646637,-0.000263151283070529,0.1556,0.1556,0.2176,1,0,0.715073529411765,0.284926470588235,0.00283832040779667,0.00172012512613035,0.00354337092610587,0.00098365064690574,-0.0110444502254972,0.062,310,0,0.062,0,310,0,1,0,-0.000263151283070532,-0.00424437553339568,0.00424437553339568,1,1
slope_bias,121,1.5,expanded,0.965413670929708,0.965413670929708,0.965150519646637,-0.000263151283070529,0.1556,0.1556,0.2176,1,0,0.715073529411765,0.284926470588235,0.0113532816311867,0.00172012512613035,0.0124215038579718,0.00098365064690574,-0.0132533402705967,0.062,310,0,0.062,0,310,0,1,0,-0.000263151283070532,-0.00424437553339568,0.00424437553339568,1,1
slope_bias,121,2,expanded,0.965413670929708,0.965413670929708,0.965150519646637,-0.000263151283070529,0.1556,0.1556,0.2176,1,0,0.715073529411765,0.284926470588235,0.0454131265247467,0.00172012512613035,0.046879334372712,0.00098365064690574,-0.0176711203607955,0.062,310,0,0.062,0,310,0,1,0,-0.000263151283070532,-0.00424437553339568,0.00424437553339568,1,1
slope_bias,122,0.25,compressed,0.966109360945938,0.966109360945938,0.966080693625303,-2.86673206351118e-05,0.1648,0.1648,0.187,1,0,0.881283422459893,0.118716577540107,0.0244647687982793,0.000757589301076209,0.0201322150863886,0.000995105133257827,-0.000708264081443949,0.0222,111,0,0.0222,0,111,0,1,0,-2.86673206351188e-05,-0.00129132074932968,0.00129132074932968,1,1
slope_bias,122,0.5,compressed,0.966109360945938,0.966109360945938,0.966080693625303,-2.86673206351118e-05,0.1648,0.1648,0.187,1,0,0.881283422459893,0.118716577540107,0.010873230577013,0.000757589301076209,0.00821665242485029,0.000995105133257827,-0.0014165281628879,0.0222,111,0,0.0222,0,111,0,1,0,-2.86673206351188e-05,-0.00129132074932968,0.00129132074932968,1,1
slope_bias,122,0.75,compressed,0.966109360945938,0.966109360945938,0.966080693625303,-2.86673206351118e-05,0.1648,0.1648,0.187,1,0,0.881283422459893,0.118716577540107,0.00271830764425325,0.000757589301076209,0.00163545706056471,0.000995105133257827,-0.00212479224433185,0.0222,111,0,0.0222,0,111,0,1,0,-2.86673206351188e-05,-0.00129132074932968,0.00129132074932968,1,1
slope_bias,122,1,identity_scale,0.966109360945938,0.966109360945938,0.966080693625303,-2.86673206351118e-05,0.1648,0.1648,0.187,1,0,0.881283422459893,0.118716577540107,0,0.000757589301076209,0.000388628993531881,0.000995105133257827,-0.0028330563257758,0.0222,111,0,0.0222,0,111,0,1,0,-2.86673206351188e-05,-0.00129132074932968,0.00129132074932968,1,1
slope_bias,122,1.25,expanded,0.966109360945938,0.966109360945938,0.966080693625303,-2.86673206351118e-05,0.1648,0.1648,0.187,1,0,0.881283422459893,0.118716577540107,0.00271830764425325,0.000757589301076209,0.0044761682237518,0.000995105133257827,-0.00354132040721975,0.0222,111,0,0.0222,0,111,0,1,0,-2.86673206351188e-05,-0.00129132074932968,0.00129132074932968,1,1
slope_bias,122,1.5,expanded,0.966109360945938,0.966109360945938,0.966080693625303,-2.86673206351118e-05,0.1648,0.1648,0.187,1,0,0.881283422459893,0.118716577540107,0.010873230577013,0.000757589301076209,0.0138980747512245,0.000995105133257827,-0.00424958448866369,0.0222,111,0,0.0222,0,111,0,1,0,-2.86673206351188e-05,-0.00129132074932968,0.00129132074932968,1,1
slope_bias,122,2,expanded,0.966109360945938,0.966109360945938,0.966080693625303,-2.86673206351118e-05,0.1648,0.1648,0.187,1,0,0.881283422459893,0.118716577540107,0.043492922308052,0.000757589301076209,0.048744989697928,0.000995105133257827,-0.00566611265155159,0.0222,111,0,0.0222,0,111,0,1,0,-2.86673206351188e-05,-0.00129132074932968,0.00129132074932968,1,1
slope_bias,123,0.25,compressed,0.964990619109888,0.964990619109888,0.964942676461543,-4.79426483454004e-05,0.1706,0.1706,0.1402,1,0,1,0,0.0241162028311015,0.00123083972305534,0.0247096586664036,0.000802427175317928,0.000814930612628301,0.0304,152,0,0.0304,0,152,0,1,0,-4.79426483453918e-05,0.00157706080083526,0.00157706080083526,1,1
slope_bias,123,0.5,compressed,0.964990619109888,0.964990619109888,0.964942676461543,-4.79426483454004e-05,0.1706,0.1706,0.1402,1,0,1,0,0.0107183123693784,0.00123083972305534,0.0114335665550414,0.000802427175317928,0.0016298612252566,0.0304,152,0,0.0304,0,152,0,1,0,-4.79426483453918e-05,0.00157706080083526,0.00157706080083526,1,1
slope_bias,123,0.75,compressed,0.964990619109888,0.964990619109888,0.964942676461543,-4.79426483454004e-05,0.1706,0.1706,0.1402,1,0,1,0,0.00267957809234461,0.00123083972305534,0.00341362117772114,0.000802427175317928,0.0024447918378849,0.0304,152,0,0.0304,0,152,0,1,0,-4.79426483453918e-05,0.00157706080083526,0.00157706080083526,1,1
slope_bias,123,1,identity_scale,0.964990619109888,0.964990619109888,0.964942676461543,-4.79426483454004e-05,0.1706,0.1706,0.1402,1,0,1,0,0,0.00123083972305534,0.000649822534442885,0.000802427175317928,0.0032597224505132,0.0304,152,0,0.0304,0,152,0,1,0,-4.79426483453918e-05,0.00157706080083526,0.00157706080083526,1,1
slope_bias,123,1.25,expanded,0.964990619109888,0.964990619109888,0.964942676461543,-4.79426483454004e-05,0.1706,0.1706,0.1402,1,0,1,0,0.00267957809234461,0.00123083972305534,0.00314217062520659,0.000802427175317928,0.0040746530631415,0.0304,152,0,0.0304,0,152,0,1,0,-4.79426483453918e-05,0.00157706080083526,0.00157706080083526,1,1
slope_bias,123,1.5,expanded,0.964990619109888,0.964990619109888,0.964942676461543,-4.79426483454004e-05,0.1706,0.1706,0.1402,1,0,1,0,0.0107183123693784,0.00123083972305534,0.0108906654500123,0.000802427175317928,0.00488958367576981,0.0304,152,0,0.0304,0,152,0,1,0,-4.79426483453918e-05,0.00157706080083526,0.00157706080083526,1,1
slope_bias,123,2,expanded,0.964990619109888,0.964990619109888,0.964942676461543,-4.79426483454004e-05,0.1706,0.1706,0.1402,1,0,1,0,0.0428732494775137,0.00123083972305534,0.0421560953017495,0.000802427175317928,0.00651944490102641,0.0304,152,0,0.0304,0,152,0,1,0,-4.79426483453918e-05,0.00157706080083526,0.00157706080083526,1,1
slope_bias,124,0.25,compressed,0.966256038933407,0.966256038933407,0.966243205026925,-1.28339064816574e-05,0.1648,0.1648,0.1782,1,0,0.924803591470258,0.0751964085297419,0.0245145488912185,0.00105009678617394,0.0181362992073923,0.00100721065204069,-0.00046212216214489,0.0134,67,0,0.0134,0,67,0,1,0,-1.28339064816507e-05,-0.000957754215048562,0.000957754215048562,1,1
slope_bias,124,0.5,compressed,0.966256038933407,0.966256038933407,0.966243205026925,-1.28339064816574e-05,0.1648,0.1648,0.1782,1,0,0.924803591470258,0.0751964085297419,0.0108953550627638,0.00105009678617394,0.00710984080121624,0.00100721065204069,-0.00092424432428978,0.0134,67,0,0.0134,0,67,0,1,0,-1.28339064816507e-05,-0.000957754215048562,0.000957754215048562,1,1
slope_bias,124,0.75,compressed,0.966256038933407,0.966256038933407,0.966243205026925,-1.28339064816574e-05,0.1648,0.1648,0.1782,1,0,0.924803591470258,0.0751964085297419,0.00272383876569095,0.00105009678617394,0.00142892967213049,0.00100721065204069,-0.00138636648643467,0.0134,67,0,0.0134,0,67,0,1,0,-1.28339064816507e-05,-0.000957754215048562,0.000957754215048562,1,1
slope_bias,124,1,identity_scale,0.966256038933407,0.966256038933407,0.966243205026925,-1.28339064816574e-05,0.1648,0.1648,0.1782,1,0,0.924803591470258,0.0751964085297419,0,0.00105009678617394,0.00109356582013502,0.00100721065204069,-0.00184848864857956,0.0134,67,0,0.0134,0,67,0,1,0,-1.28339064816507e-05,-0.000957754215048562,0.000957754215048562,1,1
slope_bias,124,1.25,expanded,0.966256038933407,0.966256038933407,0.966243205026925,-1.28339064816574e-05,0.1648,0.1648,0.1782,1,0,0.924803591470258,0.0751964085297419,0.00272383876569095,0.00105009678617394,0.00610374924522983,0.00100721065204069,-0.00231061081072445,0.0134,67,0,0.0134,0,67,0,1,0,-1.28339064816507e-05,-0.000957754215048562,0.000957754215048562,1,1
slope_bias,124,1.5,expanded,0.966256038933407,0.966256038933407,0.966243205026925,-1.28339064816574e-05,0.1648,0.1648,0.1782,1,0,0.924803591470258,0.0751964085297419,0.0108953550627638,0.00105009678617394,0.0164594799474149,0.00100721065204069,-0.00277273297286934,0.0134,67,0,0.0134,0,67,0,1,0,-1.28339064816507e-05,-0.000957754215048562,0.000957754215048562,1,1
slope_bias,124,2,expanded,0.966256038933407,0.966256038933407,0.966243205026925,-1.28339064816574e-05,0.1648,0.1648,0.1782,1,0,0.924803591470258,0.0751964085297419,0.0435814202510552,0.00105009678617394,0.0532075831830559,0.00100721065204069,-0.00369697729715912,0.0134,67,0,0.0134,0,67,0,1,0,-1.28339064816507e-05,-0.000957754215048562,0.000957754215048562,1,1
slope_bias,125,0.25,compressed,0.963716565247647,0.963716565247647,0.963280871372141,-0.000435693875505905,0.1604,0.1604,0.0848,1,0,1,0,0.0248104681624488,0.0014640210901435,0.0258085563982664,0.000403876376396778,0.00319742605033718,0.0756,378,0,0.0756,0,378,0,1,0,-0.000435693875505938,0.0057631465014013,0.0057631465014013,1,1
slope_bias,125,0.5,compressed,0.963716565247647,0.963716565247647,0.963280871372141,-0.000435693875505905,0.1604,0.1604,0.0848,1,0,1,0,0.0110268747388661,0.0014640210901435,0.0119330278074924,0.000403876376396778,0.00639485210067436,0.0756,378,0,0.0756,0,378,0,1,0,-0.000435693875505938,0.0057631465014013,0.0057631465014013,1,1
slope_bias,125,0.75,compressed,0.963716565247647,0.963716565247647,0.963280871372141,-0.000435693875505905,0.1604,0.1604,0.0848,1,0,1,0,0.00275671868471653,0.0014640210901435,0.00346502188652074,0.000403876376396778,0.00959227815101155,0.0756,378,0,0.0756,0,378,0,1,0,-0.000435693875505938,0.0057631465014013,0.0057631465014013,1,1
slope_bias,125,1,identity_scale,0.963716565247647,0.963716565247647,0.963280871372141,-0.000435693875505905,0.1604,0.1604,0.0848,1,0,1,0,0,0.0014640210901435,0.000404538635351411,0.000403876376396778,0.0127897042013487,0.0756,378,0,0.0756,0,378,0,1,0,-0.000435693875505938,0.0057631465014013,0.0057631465014013,1,1
slope_bias,125,1.25,expanded,0.963716565247647,0.963716565247647,0.963280871372141,-0.000435693875505905,0.1604,0.1604,0.0848,1,0,1,0,0.00275671868471653,0.0014640210901435,0.00275157805398442,0.000403876376396778,0.0159871302516859,0.0756,378,0,0.0756,0,378,0,1,0,-0.000435693875505938,0.0057631465014013,0.0057631465014013,1,1
slope_bias,125,1.5,expanded,0.963716565247647,0.963716565247647,0.963280871372141,-0.000435693875505905,0.1604,0.1604,0.0848,1,0,1,0,0.0110268747388661,0.0014640210901435,0.0105061401424198,0.000403876376396778,0.0191845563020231,0.0756,378,0,0.0756,0,378,0,1,0,-0.000435693875505938,0.0057631465014013,0.0057631465014013,1,1
slope_bias,125,2,expanded,0.963716565247647,0.963716565247647,0.963280871372141,-0.000435693875505905,0.1604,0.1604,0.0848,1,0,1,0,0.0441074989554645,0.0014640210901435,0.0422378323286975,0.000403876376396778,0.0255794084026975,0.0756,378,0,0.0756,0,378,0,1,0,-0.000435693875505938,0.0057631465014013,0.0057631465014013,1,1
slope_bias,126,0.25,compressed,0.964404158346774,0.964404158346774,0.961937571356347,-0.00246658699042746,0.1552,0.1552,0.3484,1,0,0.445464982778416,0.554535017221584,0.0252674793960663,0.00105222047439707,0.0307245770757091,0.00122403280803037,-0.00631248460717768,0.1932,966,0,0.1932,0,966,0,1,0,-0.00246658699042741,-0.0127670134080094,0.0127670134080094,1,1
slope_bias,126,0.5,compressed,0.964404158346774,0.964404158346774,0.961937571356347,-0.00246658699042746,0.1552,0.1552,0.3484,1,0,0.445464982778416,0.554535017221584,0.0112299908426961,0.00105222047439707,0.0152630465950455,0.00122403280803037,-0.0126249692143554,0.1932,966,0,0.1932,0,966,0,1,0,-0.00246658699042741,-0.0127670134080094,0.0127670134080094,1,1
slope_bias,126,0.75,compressed,0.964404158346774,0.964404158346774,0.961937571356347,-0.00246658699042746,0.1552,0.1552,0.3484,1,0,0.445464982778416,0.554535017221584,0.00280749771067403,0.00105222047439707,0.00531026393340615,0.00122403280803037,-0.018937453821533,0.1932,966,0,0.1932,0,966,0,1,0,-0.00246658699042741,-0.0127670134080094,0.0127670134080094,1,1
slope_bias,126,1,identity_scale,0.964404158346774,0.964404158346774,0.961937571356347,-0.00246658699042746,0.1552,0.1552,0.3484,1,0,0.445464982778416,0.554535017221584,0,0.00105222047439707,0.00086622909079102,0.00122403280803037,-0.0252499384287107,0.1932,966,0,0.1932,0,966,0,1,0,-0.00246658699042741,-0.0127670134080094,0.0127670134080094,1,1
slope_bias,126,1.25,expanded,0.964404158346774,0.964404158346774,0.961937571356347,-0.00246658699042746,0.1552,0.1552,0.3484,1,0,0.445464982778416,0.554535017221584,0.00280749771067403,0.00105222047439707,0.00193094206720011,0.00122403280803037,-0.0315624230358884,0.1932,966,0,0.1932,0,966,0,1,0,-0.00246658699042741,-0.0127670134080094,0.0127670134080094,1,1
slope_bias,126,1.5,expanded,0.964404158346774,0.964404158346774,0.961937571356347,-0.00246658699042746,0.1552,0.1552,0.3484,1,0,0.445464982778416,0.554535017221584,0.0112299908426961,0.00105222047439707,0.00850440286263342,0.00122403280803037,-0.0378749076430661,0.1932,966,0,0.1932,0,966,0,1,0,-0.00246658699042741,-0.0127670134080094,0.0127670134080094,1,1
slope_bias,126,2,expanded,0.964404158346774,0.964404158346774,0.961937571356347,-0.00246658699042746,0.1552,0.1552,0.3484,1,0,0.445464982778416,0.554535017221584,0.0449199633707845,0.00105222047439707,0.0381775679105727,0.00122403280803037,-0.0504998768574214,0.1932,966,0,0.1932,0,966,0,1,0,-0.00246658699042741,-0.0127670134080094,0.0127670134080094,1,1
slope_bias,127,0.25,compressed,0.965205368508336,0.965205368508336,0.964483167898228,-0.000722200610107082,0.1578,0.1578,0.2668,1,0,0.591454272863568,0.408545727136432,0.0241197323928975,0.00202592857149825,0.0218473511145787,0.00138356363312377,-0.00347729735368343,0.109,545,0,0.109,0,545,0,1,0,-0.000722200610107009,-0.0066256936707065,0.0066256936707065,1,1
slope_bias,127,0.5,compressed,0.965205368508336,0.965205368508336,0.964483167898228,-0.000722200610107082,0.1578,0.1578,0.2668,1,0,0.591454272863568,0.408545727136432,0.01071988106351,0.00202592857149825,0.00936099553386046,0.00138356363312377,-0.00695459470736687,0.109,545,0,0.109,0,545,0,1,0,-0.000722200610107009,-0.0066256936707065,0.0066256936707065,1,1
slope_bias,127,0.75,compressed,0.965205368508336,0.965205368508336,0.964483167898228,-0.000722200610107082,0.1578,0.1578,0.2668,1,0,0.591454272863568,0.408545727136432,0.0026799702658775,0.00202592857149825,0.00212620246413219,0.00138356363312377,-0.0104318920610503,0.109,545,0,0.109,0,545,0,1,0,-0.000722200610107009,-0.0066256936707065,0.0066256936707065,1,1
slope_bias,127,1,identity_scale,0.965205368508336,0.965205368508336,0.964483167898228,-0.000722200610107082,0.1578,0.1578,0.2668,1,0,0.591454272863568,0.408545727136432,0,0.00202592857149825,0.000142971905393894,0.00138356363312377,-0.0139091894147337,0.109,545,0,0.109,0,545,0,1,0,-0.000722200610107009,-0.0066256936707065,0.0066256936707065,1,1
slope_bias,127,1.25,expanded,0.965205368508336,0.965205368508336,0.964483167898228,-0.000722200610107082,0.1578,0.1578,0.2668,1,0,0.591454272863568,0.408545727136432,0.0026799702658775,0.00202592857149825,0.00341130385764558,0.00138356363312377,-0.0173864867684172,0.109,545,0,0.109,0,545,0,1,0,-0.000722200610107009,-0.0066256936707065,0.0066256936707065,1,1
slope_bias,127,1.5,expanded,0.965205368508336,0.965205368508336,0.964483167898228,-0.000722200610107082,0.1578,0.1578,0.2668,1,0,0.591454272863568,0.408545727136432,0.01071988106351,0.00202592857149825,0.0119311983208872,0.00138356363312377,-0.0208637841221006,0.109,545,0,0.109,0,545,0,1,0,-0.000722200610107009,-0.0066256936707065,0.0066256936707065,1,1
slope_bias,127,2,expanded,0.965205368508336,0.965205368508336,0.964483167898228,-0.000722200610107082,0.1578,0.1578,0.2668,1,0,0.591454272863568,0.408545727136432,0.0428795242540401,0.00202592857149825,0.0447256747803405,0.00138356363312377,-0.0278183788294675,0.109,545,0,0.109,0,545,0,1,0,-0.000722200610107009,-0.0066256936707065,0.0066256936707065,1,1
slope_bias,128,0.25,compressed,0.967004478140901,0.967004478140901,0.966480873457271,-0.000523604683630552,0.1544,0.1544,0.2436,1,0,0.633825944170772,0.366174055829228,0.0237975936870758,0.000992843298669103,0.0236400700621103,0.00102487171213494,-0.00291734699391849,0.0892,446,0,0.0892,0,446,0,1,0,-0.000523604683630564,-0.00587000766401978,0.00587000766401978,1,1
slope_bias,128,0.5,compressed,0.967004478140901,0.967004478140901,0.966480873457271,-0.000523604683630552,0.1544,0.1544,0.2436,1,0,0.633825944170772,0.366174055829228,0.010576708305367,0.000992843298669103,0.010820662058926,0.00102487171213494,-0.00583469398783698,0.0892,446,0,0.0892,0,446,0,1,0,-0.000523604683630564,-0.00587000766401978,0.00587000766401978,1,1
slope_bias,128,0.75,compressed,0.967004478140901,0.967004478140901,0.966480873457271,-0.000523604683630552,0.1544,0.1544,0.2436,1,0,0.633825944170772,0.366174055829228,0.00264417707634176,0.000992843298669103,0.00317953494434591,0.00102487171213494,-0.00875204098175547,0.0892,446,0,0.0892,0,446,0,1,0,-0.000523604683630564,-0.00587000766401978,0.00587000766401978,1,1
slope_bias,128,1,identity_scale,0.967004478140901,0.967004478140901,0.966480873457271,-0.000523604683630552,0.1544,0.1544,0.2436,1,0,0.633825944170772,0.366174055829228,0,0.000992843298669103,0.000716688718370129,0.00102487171213494,-0.011669387975674,0.0892,446,0,0.0892,0,446,0,1,0,-0.000523604683630564,-0.00587000766401978,0.00587000766401978,1,1
slope_bias,128,1.25,expanded,0.967004478140901,0.967004478140901,0.966480873457271,-0.000523604683630552,0.1544,0.1544,0.2436,1,0,0.633825944170772,0.366174055829228,0.00264417707634176,0.000992843298669103,0.00343212338099861,0.00102487171213494,-0.0145867349695925,0.0892,446,0,0.0892,0,446,0,1,0,-0.000523604683630564,-0.00587000766401978,0.00587000766401978,1,1
slope_bias,128,1.5,expanded,0.967004478140901,0.967004478140901,0.966480873457271,-0.000523604683630552,0.1544,0.1544,0.2436,1,0,0.633825944170772,0.366174055829228,0.010576708305367,0.000992843298669103,0.0113258389322313,0.00102487171213494,-0.0175040819635109,0.0892,446,0,0.0892,0,446,0,1,0,-0.000523604683630564,-0.00587000766401978,0.00587000766401978,1,1
slope_bias,128,2,expanded,0.967004478140901,0.967004478140901,0.966480873457271,-0.000523604683630552,0.1544,0.1544,0.2436,1,0,0.633825944170772,0.366174055829228,0.0423068332214681,0.000992843298669103,0.0426481127005096,0.00102487171213494,-0.0233387759513479,0.0892,446,0,0.0892,0,446,0,1,0,-0.000523604683630564,-0.00587000766401978,0.00587000766401978,1,1
slope_bias,129,0.25,compressed,0.965575571033817,0.965575571033817,0.96538242632498,-0.000193144708837578,0.1592,0.1592,0.1076,1,0,1,0,0.0255290169214449,0.0012178810411224,0.0211802609095954,0.00237479162693706,0.00202528248301023,0.0516,258,0,0.0516,0,258,0,1,0,-0.000193144708837555,0.00374311451235571,0.00374311451235571,1,1
slope_bias,129,0.5,compressed,0.965575571033817,0.965575571033817,0.96538242632498,-0.000193144708837578,0.1592,0.1592,0.1076,1,0,1,0,0.0113462297428644,0.0012178810411224,0.00893183156319668,0.00237479162693706,0.00405056496602047,0.0516,258,0,0.0516,0,258,0,1,0,-0.000193144708837555,0.00374311451235571,0.00374311451235571,1,1
slope_bias,129,0.75,compressed,0.965575571033817,0.965575571033817,0.96538242632498,-0.000193144708837578,0.1592,0.1592,0.1076,1,0,1,0,0.0028365574357161,0.0012178810411224,0.00224952427828142,0.00237479162693706,0.0060758474490307,0.0516,258,0,0.0516,0,258,0,1,0,-0.000193144708837555,0.00374311451235571,0.00374311451235571,1,1
slope_bias,129,1,identity_scale,0.965575571033817,0.965575571033817,0.96538242632498,-0.000193144708837578,0.1592,0.1592,0.1076,1,0,1,0,0,0.0012178810411224,0.00113333905484959,0.00237479162693706,0.00810112993204093,0.0516,258,0,0.0516,0,258,0,1,0,-0.000193144708837555,0.00374311451235571,0.00374311451235571,1,1
slope_bias,129,1.25,expanded,0.965575571033817,0.965575571033817,0.96538242632498,-0.000193144708837578,0.1592,0.1592,0.1076,1,0,1,0,0.0028365574357161,0.0012178810411224,0.00558327589290119,0.00237479162693706,0.0101264124150512,0.0516,258,0,0.0516,0,258,0,1,0,-0.000193144708837555,0.00374311451235571,0.00374311451235571,1,1
slope_bias,129,1.5,expanded,0.965575571033817,0.965575571033817,0.96538242632498,-0.000193144708837578,0.1592,0.1592,0.1076,1,0,1,0,0.0113462297428644,0.0012178810411224,0.0155993347924362,0.00237479162693706,0.0121516948980614,0.0516,258,0,0.0516,0,258,0,1,0,-0.000193144708837555,0.00374311451235571,0.00374311451235571,1,1
slope_bias,129,2,expanded,0.965575571033817,0.965575571033817,0.96538242632498,-0.000193144708837578,0.1592,0.1592,0.1076,1,0,1,0,0.0453849189714576,0.0012178810411224,0.0523298187759565,0.00237479162693706,0.0162022598640819,0.0516,258,0,0.0516,0,258,0,1,0,-0.000193144708837555,0.00374311451235571,0.00374311451235571,1,1
slope_bias,130,0.25,compressed,0.965281203130771,0.965281203130771,0.964681188185749,-0.000600014945021599,0.1612,0.1612,0.26,1,0,0.62,0.38,0.0256116723107533,0.000758711316709362,0.0329871940120697,0.000324469311512838,-0.00319115613326387,0.0988,494,0,0.0988,0,494,0,1,0,-0.000600014945021639,-0.00607302575932833,0.00607302575932833,1,1
slope_bias,130,0.5,compressed,0.965281203130771,0.965281203130771,0.964681188185749,-0.000600014945021599,0.1612,0.1612,0.26,1,0,0.62,0.38,0.0113829654714459,0.000758711316709362,0.0166477654119162,0.000324469311512838,-0.00638231226652775,0.0988,494,0,0.0988,0,494,0,1,0,-0.000600014945021639,-0.00607302575932833,0.00607302575932833,1,1
slope_bias,130,0.75,compressed,0.965281203130771,0.965281203130771,0.964681188185749,-0.000600014945021599,0.1612,0.1612,0.26,1,0,0.62,0.38,0.00284574136786147,0.000758711316709362,0.00589501467852579,0.000324469311512838,-0.00957346839979162,0.0988,494,0,0.0988,0,494,0,1,0,-0.000600014945021639,-0.00607302575932833,0.00607302575932833,1,1
slope_bias,130,1,identity_scale,0.965281203130771,0.965281203130771,0.964681188185749,-0.000600014945021599,0.1612,0.1612,0.26,1,0,0.62,0.38,0,0.000758711316709362,0.000728941811898593,0.000324469311512838,-0.0127646245330555,0.0988,494,0,0.0988,0,494,0,1,0,-0.000600014945021639,-0.00607302575932833,0.00607302575932833,1,1
slope_bias,130,1.25,expanded,0.965281203130771,0.965281203130771,0.964681188185749,-0.000600014945021599,0.1612,0.1612,0.26,1,0,0.62,0.38,0.00284574136786147,0.000758711316709362,0.00114954681203457,0.000324469311512838,-0.0159557806663194,0.0988,494,0,0.0988,0,494,0,1,0,-0.000600014945021639,-0.00607302575932833,0.00607302575932833,1,1
slope_bias,130,1.5,expanded,0.965281203130771,0.965281203130771,0.964681188185749,-0.000600014945021599,0.1612,0.1612,0.26,1,0,0.62,0.38,0.0113829654714459,0.000758711316709362,0.00715682967893372,0.000324469311512838,-0.0191469367995832,0.0988,494,0,0.0988,0,494,0,1,0,-0.000600014945021639,-0.00607302575932833,0.00607302575932833,1,1
slope_bias,130,2,expanded,0.965281203130771,0.965281203130771,0.964681188185749,-0.000600014945021599,0.1612,0.1612,0.26,1,0,0.62,0.38,0.0455318618857836,0.000758711316709362,0.0359314290130215,0.000324469311512838,-0.025529249066111,0.0988,494,0,0.0988,0,494,0,1,0,-0.000600014945021639,-0.00607302575932833,0.00607302575932833,1,1
slope_bias,131,0.25,compressed,0.966066952905753,0.966066952905753,0.96581469623721,-0.000252256668542672,0.1644,0.1644,0.1032,1,0,1,0,0.0247467674689874,0.00230299145252282,0.0271714010276021,0.00101800116197411,0.00234018088778659,0.0612,306,0,0.0612,0,306,0,1,0,-0.000252256668542715,0.00412184098926004,0.00412184098926004,1,1
slope_bias,131,0.5,compressed,0.966066952905753,0.966066952905753,0.96581469623721,-0.000252256668542672,0.1644,0.1644,0.1032,1,0,1,0,0.01099856331955,0.00230299145252282,0.0128168070096831,0.00101800116197411,0.00468036177557318,0.0612,306,0,0.0612,0,306,0,1,0,-0.000252256668542715,0.00412184098926004,0.00412184098926004,1,1
slope_bias,131,0.75,compressed,0.966066952905753,0.966066952905753,0.96581469623721,-0.000252256668542672,0.1644,0.1644,0.1032,1,0,1,0,0.00274964082988749,0.00230299145252282,0.0038575080010842,0.00101800116197411,0.00702054266335978,0.0612,306,0,0.0612,0,306,0,1,0,-0.000252256668542715,0.00412184098926004,0.00412184098926004,1,1
slope_bias,131,1,identity_scale,0.966066952905753,0.966066952905753,0.96581469623721,-0.000252256668542672,0.1644,0.1644,0.1032,1,0,1,0,0,0.00230299145252282,0.000293504001805307,0.00101800116197411,0.00936072355114637,0.0612,306,0,0.0612,0,306,0,1,0,-0.000252256668542715,0.00412184098926004,0.00412184098926004,1,1
slope_bias,131,1.25,expanded,0.966066952905753,0.966066952905753,0.96581469623721,-0.000252256668542672,0.1644,0.1644,0.1032,1,0,1,0,0.00274964082988749,0.00230299145252282,0.00212479501184646,0.00101800116197411,0.011700904438933,0.0612,306,0,0.0612,0,306,0,1,0,-0.000252256668542715,0.00412184098926004,0.00412184098926004,1,1
slope_bias,131,1.5,expanded,0.966066952905753,0.966066952905753,0.96581469623721,-0.000252256668542672,0.1644,0.1644,0.1032,1,0,1,0,0.01099856331955,0.00230299145252282,0.00935138103120764,0.00101800116197411,0.0140410853267196,0.0612,306,0,0.0612,0,306,0,1,0,-0.000252256668542715,0.00412184098926004,0.00412184098926004,1,1
slope_bias,131,2,expanded,0.966066952905753,0.966066952905753,0.96581469623721,-0.000252256668542672,0.1644,0.1644,0.1032,1,0,1,0,0.0439942532781999,0.00230299145252282,0.0399904380978901,0.00101800116197411,0.0187214471022927,0.0612,306,0,0.0612,0,306,0,1,0,-0.000252256668542715,0.00412184098926004,0.00412184098926004,1,1
slope_bias,132,0.25,compressed,0.965008635598654,0.965008635598654,0.964805816886698,-0.000202818711955821,0.1596,0.1596,0.1048,1,0,1,0,0.0245084785435969,0.000905570598436381,0.0266997129711742,0.00099259227929409,0.00195395293874179,0.0548,274,0,0.0548,0,274,0,1,0,-0.000202818711955826,0.00370107138605522,0.00370107138605522,1,1
slope_bias,132,0.5,compressed,0.965008635598654,0.965008635598654,0.964805816886698,-0.000202818711955821,0.1596,0.1596,0.1048,1,0,1,0,0.0108926571304875,0.000905570598436381,0.0125933449064196,0.00099259227929409,0.00390790587748358,0.0548,274,0,0.0548,0,274,0,1,0,-0.000202818711955826,0.00370107138605522,0.00370107138605522,1,1
slope_bias,132,0.75,compressed,0.965008635598654,0.965008635598654,0.964805816886698,-0.000202818711955821,0.1596,0.1596,0.1048,1,0,1,0,0.00272316428262188,0.000905570598436381,0.00383068962442073,0.00099259227929409,0.00586185881622536,0.0548,274,0,0.0548,0,274,0,1,0,-0.000202818711955826,0.00370107138605522,0.00370107138605522,1,1
slope_bias,132,1,identity_scale,0.965008635598654,0.965008635598654,0.964805816886698,-0.000202818711955821,0.1596,0.1596,0.1048,1,0,1,0,0,0.000905570598436381,0.000411747125177665,0.00099259227929409,0.00781581175496715,0.0548,274,0,0.0548,0,274,0,1,0,-0.000202818711955826,0.00370107138605522,0.00370107138605522,1,1
slope_bias,132,1.25,expanded,0.965008635598654,0.965008635598654,0.964805816886698,-0.000202818711955821,0.1596,0.1596,0.1048,1,0,1,0,0.00272316428262188,0.000905570598436381,0.00233651740869038,0.00099259227929409,0.00976976469370894,0.0548,274,0,0.0548,0,274,0,1,0,-0.000202818711955826,0.00370107138605522,0.00370107138605522,1,1
slope_bias,132,1.5,expanded,0.965008635598654,0.965008635598654,0.964805816886698,-0.000202818711955821,0.1596,0.1596,0.1048,1,0,1,0,0.0108926571304875,0.000905570598436381,0.00960500047495888,0.00099259227929409,0.0117237176324507,0.0548,274,0,0.0548,0,274,0,1,0,-0.000202818711955826,0.00370107138605522,0.00370107138605522,1,1
slope_bias,132,2,expanded,0.965008635598654,0.965008635598654,0.964805816886698,-0.000202818711955821,0.1596,0.1596,0.1048,1,0,1,0,0.04357062852195,0.000905570598436381,0.0401731049557632,0.00099259227929409,0.0156316235099343,0.0548,274,0,0.0548,0,274,0,1,0,-0.000202818711955826,0.00370107138605522,0.00370107138605522,1,1
slope_bias,133,0.25,compressed,0.966176734682438,0.966176734682438,0.966025478557682,-0.000151256124756416,0.1644,0.1644,0.1154,1,0,1,0,0.0251427984146099,0.00175813949642395,0.0269269853800812,0.00137983955797464,0.00171835816318935,0.049,245,0,0.049,0,245,0,1,0,-0.000151256124756363,0.00308685968890538,0.00308685968890538,1,1
slope_bias,133,0.5,compressed,0.966176734682438,0.966176734682438,0.966025478557682,-0.000151256124756416,0.1644,0.1644,0.1154,1,0,1,0,0.01117457707316,0.00175813949642395,0.012802693040918,0.00137983955797464,0.00343671632637871,0.049,245,0,0.049,0,245,0,1,0,-0.000151256124756363,0.00308685968890538,0.00308685968890538,1,1
slope_bias,133,0.75,compressed,0.966176734682438,0.966176734682438,0.966025478557682,-0.000151256124756416,0.1644,0.1644,0.1154,1,0,1,0,0.00279364426828999,0.00175813949642395,0.00415591133904568,0.00137983955797464,0.00515507448956806,0.049,245,0,0.049,0,245,0,1,0,-0.000151256124756363,0.00308685968890538,0.00308685968890538,1,1
slope_bias,133,1,identity_scale,0.966176734682438,0.966176734682438,0.966025478557682,-0.000151256124756416,0.1644,0.1644,0.1154,1,0,1,0,0,0.00175813949642395,0.000986640274464219,0.00137983955797464,0.00687343265275742,0.049,245,0,0.049,0,245,0,1,0,-0.000151256124756363,0.00308685968890538,0.00308685968890538,1,1
slope_bias,133,1.25,expanded,0.966176734682438,0.966176734682438,0.966025478557682,-0.000151256124756416,0.1644,0.1644,0.1154,1,0,1,0,0.00279364426828999,0.00175813949642395,0.00329487984717363,0.00137983955797464,0.00859179081594677,0.049,245,0,0.049,0,245,0,1,0,-0.000151256124756363,0.00308685968890538,0.00308685968890538,1,1
slope_bias,133,1.5,expanded,0.966176734682438,0.966176734682438,0.966025478557682,-0.000151256124756416,0.1644,0.1644,0.1154,1,0,1,0,0.01117457707316,0.00175813949642395,0.0110806300571739,0.00137983955797464,0.0103101489791361,0.049,245,0,0.049,0,245,0,1,0,-0.000151256124756363,0.00308685968890538,0.00308685968890538,1,1
slope_bias,133,2,expanded,0.966176734682438,0.966176734682438,0.966025478557682,-0.000151256124756416,0.1644,0.1644,0.1154,1,0,1,0,0.0446983082926398,0.00175813949642395,0.0430846623890471,0.00137983955797464,0.0137468653055148,0.049,245,0,0.049,0,245,0,1,0,-0.000151256124756363,0.00308685968890538,0.00308685968890538,1,1
slope_bias,134,0.25,compressed,0.965922657025181,0.965922657025181,0.965117932761658,-0.000804724263523071,0.1578,0.1578,0.2716,1,0,0.58100147275405,0.41899852724595,0.0244600820683697,0.00180725867297192,0.0289043570949192,0.00137625619847371,-0.00349620186935906,0.1138,569,0,0.1138,0,569,0,1,0,-0.000804724263523123,-0.00707139071637191,0.00707139071637191,1,1
slope_bias,134,0.5,compressed,0.965922657025181,0.965922657025181,0.965117932761658,-0.000804724263523071,0.1578,0.1578,0.2716,1,0,0.58100147275405,0.41899852724595,0.0108711475859421,0.00180725867297192,0.014235305628527,0.00137625619847371,-0.00699240373871812,0.1138,569,0,0.1138,0,569,0,1,0,-0.000804724263523123,-0.00707139071637191,0.00707139071637191,1,1
slope_bias,134,0.75,compressed,0.965922657025181,0.965922657025181,0.965117932761658,-0.000804724263523071,0.1578,0.1578,0.2716,1,0,0.58100147275405,0.41899852724595,0.00271778689648552,0.00180725867297192,0.00489341607431604,0.00137625619847371,-0.0104886056080772,0.1138,569,0,0.1138,0,569,0,1,0,-0.000804724263523123,-0.00707139071637191,0.00707139071637191,1,1
slope_bias,134,1,identity_scale,0.965922657025181,0.965922657025181,0.965117932761658,-0.000804724263523071,0.1578,0.1578,0.2716,1,0,0.58100147275405,0.41899852724595,0,0.00180725867297192,0.000878688432286326,0.00137625619847371,-0.0139848074774362,0.1138,569,0,0.1138,0,569,0,1,0,-0.000804724263523123,-0.00707139071637191,0.00707139071637191,1,1
slope_bias,134,1.25,expanded,0.965922657025181,0.965922657025181,0.965117932761658,-0.000804724263523071,0.1578,0.1578,0.2716,1,0,0.58100147275405,0.41899852724595,0.00271778689648552,0.00180725867297192,0.00219112270243787,0.00137625619847371,-0.0174810093467953,0.1138,569,0,0.1138,0,569,0,1,0,-0.000804724263523123,-0.00707139071637191,0.00707139071637191,1,1
slope_bias,134,1.5,expanded,0.965922657025181,0.965922657025181,0.965117932761658,-0.000804724263523071,0.1578,0.1578,0.2716,1,0,0.58100147275405,0.41899852724595,0.0108711475859421,0.00180725867297192,0.00883071888477066,0.00137625619847371,-0.0209772112161544,0.1138,569,0,0.1138,0,569,0,1,0,-0.000804724263523123,-0.00707139071637191,0.00707139071637191,1,1
slope_bias,134,2,expanded,0.965922657025181,0.965922657025181,0.965117932761658,-0.000804724263523071,0.1578,0.1578,0.2716,1,0,0.58100147275405,0.41899852724595,0.0434845903437684,0.00180725867297192,0.03809139698598,0.00137625619847371,-0.0279696149548725,0.1138,569,0,0.1138,0,569,0,1,0,-0.000804724263523123,-0.00707139071637191,0.00707139071637191,1,1
slope_bias,135,0.25,compressed,0.966295337348935,0.966295337348935,0.966145849830872,-0.000149487518062763,0.1644,0.1644,0.2116,1,0,0.776937618147448,0.223062381852552,0.0236663587983757,0.000795600522074043,0.0237209396176164,0.000272380447793838,-0.00159043336615328,0.0472,236,0,0.0472,0,236,0,1,0,-0.000149487518062693,-0.00316710843353163,0.00316710843353163,1,1
slope_bias,135,0.5,compressed,0.966295337348935,0.966295337348935,0.966145849830872,-0.000149487518062763,0.1644,0.1644,0.2116,1,0,0.776937618147448,0.223062381852552,0.010518381688167,0.000795600522074043,0.0108144471353862,0.000272380447793838,-0.00318086673230655,0.0472,236,0,0.0472,0,236,0,1,0,-0.000149487518062693,-0.00316710843353163,0.00316710843353163,1,1
slope_bias,135,0.75,compressed,0.966295337348935,0.966295337348935,0.966145849830872,-0.000149487518062763,0.1644,0.1644,0.2116,1,0,0.776937618147448,0.223062381852552,0.00262959542204175,0.000795600522074043,0.00305903561168133,0.000272380447793838,-0.00477130009845983,0.0472,236,0,0.0472,0,236,0,1,0,-0.000149487518062693,-0.00316710843353163,0.00316710843353163,1,1
slope_bias,135,1,identity_scale,0.966295337348935,0.966295337348935,0.966145849830872,-0.000149487518062763,0.1644,0.1644,0.2116,1,0,0.776937618147448,0.223062381852552,0,0.000795600522074043,0.000454705046501925,0.000272380447793838,-0.00636173346461311,0.0472,236,0,0.0472,0,236,0,1,0,-0.000149487518062693,-0.00316710843353163,0.00316710843353163,1,1
slope_bias,135,1.25,expanded,0.966295337348935,0.966295337348935,0.966145849830872,-0.000149487518062763,0.1644,0.1644,0.2116,1,0,0.776937618147448,0.223062381852552,0.00262959542204175,0.000795600522074043,0.00300145543984795,0.000272380447793838,-0.00795216683076638,0.0472,236,0,0.0472,0,236,0,1,0,-0.000149487518062693,-0.00316710843353163,0.00316710843353163,1,1
slope_bias,135,1.5,expanded,0.966295337348935,0.966295337348935,0.966145849830872,-0.000149487518062763,0.1644,0.1644,0.2116,1,0,0.776937618147448,0.223062381852552,0.010518381688167,0.000795600522074043,0.0106992867917194,0.000272380447793838,-0.00954260019691966,0.0472,236,0,0.0472,0,236,0,1,0,-0.000149487518062693,-0.00316710843353163,0.00316710843353163,1,1
slope_bias,135,2,expanded,0.966295337348935,0.966295337348935,0.966145849830872,-0.000149487518062763,0.1644,0.1644,0.2116,1,0,0.776937618147448,0.223062381852552,0.042073526752668,0.000795600522074043,0.0415481923710386,0.000272380447793838,-0.0127234669292262,0.0472,236,0,0.0472,0,236,0,1,0,-0.000149487518062693,-0.00316710843353163,0.00316710843353163,1,1
slope_bias,136,0.25,compressed,0.965327002236382,0.965327002236382,0.965206941324837,-0.000120060911544817,0.1666,0.1666,0.211,1,0,0.78957345971564,0.21042654028436,0.025147968527084,0.00224607188699181,0.0250005181814866,0.00298143486924398,-0.00138360327871448,0.0444,222,0,0.0444,0,222,0,1,0,-0.000120060911544798,-0.00270407458434229,0.00270407458434229,1,1
slope_bias,136,0.5,compressed,0.965327002236382,0.965327002236382,0.965206941324837,-0.000120060911544817,0.1666,0.1666,0.211,1,0,0.78957345971564,0.21042654028436,0.0111768749009262,0.00224607188699181,0.0114666162116197,0.00298143486924398,-0.00276720655742896,0.0444,222,0,0.0444,0,222,0,1,0,-0.000120060911544798,-0.00270407458434229,0.00270407458434229,1,1
slope_bias,136,0.75,compressed,0.965327002236382,0.965327002236382,0.965206941324837,-0.000120060911544817,0.1666,0.1666,0.211,1,0,0.78957345971564,0.21042654028436,0.00279421872523156,0.00224607188699181,0.00341250052120871,0.00298143486924398,-0.00415080983614344,0.0444,222,0,0.0444,0,222,0,1,0,-0.000120060911544798,-0.00270407458434229,0.00270407458434229,1,1
slope_bias,136,1,identity_scale,0.965327002236382,0.965327002236382,0.965206941324837,-0.000120060911544817,0.1666,0.1666,0.211,1,0,0.78957345971564,0.21042654028436,0,0.00224607188699181,0.000838171110253672,0.00298143486924398,-0.00553441311485792,0.0444,222,0,0.0444,0,222,0,1,0,-0.000120060911544798,-0.00270407458434229,0.00270407458434229,1,1
slope_bias,136,1.25,expanded,0.965327002236382,0.965327002236382,0.965206941324837,-0.000120060911544817,0.1666,0.1666,0.211,1,0,0.78957345971564,0.21042654028436,0.00279421872523156,0.00224607188699181,0.00374362797875456,0.00298143486924398,-0.0069180163935724,0.0444,222,0,0.0444,0,222,0,1,0,-0.000120060911544798,-0.00270407458434229,0.00270407458434229,1,1
slope_bias,136,1.5,expanded,0.965327002236382,0.965327002236382,0.965206941324837,-0.000120060911544817,0.1666,0.1666,0.211,1,0,0.78957345971564,0.21042654028436,0.0111768749009262,0.00224607188699181,0.0121288711267114,0.00298143486924398,-0.00830161967228688,0.0444,222,0,0.0444,0,222,0,1,0,-0.000120060911544798,-0.00270407458434229,0.00270407458434229,1,1
slope_bias,136,2,expanded,0.965327002236382,0.965327002236382,0.965206941324837,-0.000120060911544817,0.1666,0.1666,0.211,1,0,0.78957345971564,0.21042654028436,0.0447074996037049,0.00224607188699181,0.0453387162609928,0.00298143486924398,-0.0110688262297158,0.0444,222,0,0.0444,0,222,0,1,0,-0.000120060911544798,-0.00270407458434229,0.00270407458434229,1,1
slope_bias,137,0.25,compressed,0.964670344300714,0.964670344300714,0.964125684856188,-0.000544659444526197,0.1662,0.1662,0.2616,1,0,0.635321100917431,0.364678899082569,0.0245168120685187,0.00264988095402765,0.0264396274657857,0.000450909088706341,-0.00302920172723095,0.0954,477,0,0.0954,0,477,0,1,0,-0.0005446594445262,-0.00570921849608176,0.00570921849608176,1,1
slope_bias,137,0.5,compressed,0.964670344300714,0.964670344300714,0.964125684856188,-0.000544659444526197,0.1662,0.1662,0.2616,1,0,0.635321100917431,0.364678899082569,0.0108963609193417,0.00264988095402765,0.012582181760684,0.000450909088706341,-0.0060584034544619,0.0954,477,0,0.0954,0,477,0,1,0,-0.0005446594445262,-0.00570921849608176,0.00570921849608176,1,1
slope_bias,137,0.75,compressed,0.964670344300714,0.964670344300714,0.964125684856188,-0.000544659444526197,0.1662,0.1662,0.2616,1,0,0.635321100917431,0.364678899082569,0.00272409022983541,0.00264988095402765,0.00406338348289575,0.000450909088706341,-0.00908760518169285,0.0954,477,0,0.0954,0,477,0,1,0,-0.0005446594445262,-0.00570921849608176,0.00570921849608176,1,1
slope_bias,137,1,identity_scale,0.964670344300714,0.964670344300714,0.964125684856188,-0.000544659444526197,0.1662,0.1662,0.2616,1,0,0.635321100917431,0.364678899082569,0,0.00264988095402765,0.000883232632420981,0.000450909088706341,-0.0121168069089238,0.0954,477,0,0.0954,0,477,0,1,0,-0.0005446594445262,-0.00570921849608176,0.00570921849608176,1,1
slope_bias,137,1.25,expanded,0.964670344300714,0.964670344300714,0.964125684856188,-0.000544659444526197,0.1662,0.1662,0.2616,1,0,0.635321100917431,0.364678899082569,0.00272409022983541,0.00264988095402765,0.0030417292092597,0.000450909088706341,-0.0151460086361548,0.0954,477,0,0.0954,0,477,0,1,0,-0.0005446594445262,-0.00570921849608176,0.00570921849608176,1,1
slope_bias,137,1.5,expanded,0.964670344300714,0.964670344300714,0.964125684856188,-0.000544659444526197,0.1662,0.1662,0.2616,1,0,0.635321100917431,0.364678899082569,0.0108963609193417,0.00264988095402765,0.0105388732134119,0.000450909088706341,-0.0181752103633857,0.0954,477,0,0.0954,0,477,0,1,0,-0.0005446594445262,-0.00570921849608176,0.00570921849608176,1,1
slope_bias,137,2,expanded,0.964670344300714,0.964670344300714,0.964125684856188,-0.000544659444526197,0.1662,0.1662,0.2616,1,0,0.635321100917431,0.364678899082569,0.0435854436773666,0.00264988095402765,0.0415491035036567,0.000450909088706341,-0.0242336138178476,0.0954,477,0,0.0954,0,477,0,1,0,-0.0005446594445262,-0.00570921849608176,0.00570921849608176,1,1
slope_bias,138,0.25,compressed,0.965330009295852,0.965330009295852,0.964869129184411,-0.000460880111441298,0.1618,0.1618,0.2464,1,0,0.656655844155844,0.343344155844156,0.0243737890536766,0.00080692283429361,0.0267570289191394,0.00142035361305283,-0.00266087832801418,0.0846,423,0,0.0846,0,423,0,1,0,-0.000460880111441332,-0.00544775545438926,0.00544775545438926,1,1
slope_bias,138,0.5,compressed,0.965330009295852,0.965330009295852,0.964869129184411,-0.000460880111441298,0.1618,0.1618,0.2464,1,0,0.656655844155844,0.343344155844156,0.0108327951349674,0.00080692283429361,0.0127176414673586,0.00142035361305283,-0.00532175665602835,0.0846,423,0,0.0846,0,423,0,1,0,-0.000460880111441332,-0.00544775545438926,0.00544775545438926,1,1
slope_bias,138,0.75,compressed,0.965330009295852,0.965330009295852,0.964869129184411,-0.000460880111441298,0.1618,0.1618,0.2464,1,0,0.656655844155844,0.343344155844156,0.00270819878374184,0.00080692283429361,0.00398756517183179,0.00142035361305283,-0.00798263498404253,0.0846,423,0,0.0846,0,423,0,1,0,-0.000460880111441332,-0.00544775545438926,0.00544775545438926,1,1
slope_bias,138,1,identity_scale,0.965330009295852,0.965330009295852,0.964869129184411,-0.000460880111441298,0.1618,0.1618,0.2464,1,0,0.656655844155844,0.343344155844156,0,0.00080692283429361,0.000566800032559048,0.00142035361305283,-0.0106435133120567,0.0846,423,0,0.0846,0,423,0,1,0,-0.000460880111441332,-0.00544775545438926,0.00544775545438926,1,1
slope_bias,138,1.25,expanded,0.965330009295852,0.965330009295852,0.964869129184411,-0.000460880111441298,0.1618,0.1618,0.2464,1,0,0.656655844155844,0.343344155844156,0.00270819878374184,0.00080692283429361,0.00245534604954033,0.00142035361305283,-0.0133043916400709,0.0846,423,0,0.0846,0,423,0,1,0,-0.000460880111441332,-0.00544775545438926,0.00544775545438926,1,1
slope_bias,138,1.5,expanded,0.965330009295852,0.965330009295852,0.964869129184411,-0.000460880111441298,0.1618,0.1618,0.2464,1,0,0.656655844155844,0.343344155844156,0.0108327951349674,0.00080692283429361,0.00965320322277563,0.00142035361305283,-0.0159652699680851,0.0846,423,0,0.0846,0,423,0,1,0,-0.000460880111441332,-0.00544775545438926,0.00544775545438926,1,1
slope_bias,138,2,expanded,0.965330009295852,0.965330009295852,0.964869129184411,-0.000460880111441298,0.1618,0.1618,0.2464,1,0,0.656655844155844,0.343344155844156,0.0433311805398695,0.00080692283429361,0.0399768510380083,0.00142035361305283,-0.0212870266241134,0.0846,423,0,0.0846,0,423,0,1,0,-0.000460880111441332,-0.00544775545438926,0.00544775545438926,1,1
slope_bias,139,0.25,compressed,0.967398124035423,0.967398124035423,0.966407289720959,-0.000990834314464228,0.1612,0.1612,0.0538,1,0,1,0,0.0230846354871634,0.00127202894827313,0.0268744437036038,0.000882334353961233,0.00592736717058159,0.1074,537,0,0.1074,0,537,0,1,0,-0.00099083431446423,0.00922564538607291,0.00922564538607291,1,1
slope_bias,139,0.5,compressed,0.967398124035423,0.967398124035423,0.966407289720959,-0.000990834314464228,0.1612,0.1612,0.0538,1,0,1,0,0.0102598379942948,0.00127202894827313,0.0130508012862259,0.000882334353961233,0.0118547343411632,0.1074,537,0,0.1074,0,537,0,1,0,-0.00099083431446423,0.00922564538607291,0.00922564538607291,1,1
slope_bias,139,0.75,compressed,0.967398124035423,0.967398124035423,0.966407289720959,-0.000990834314464228,0.1612,0.1612,0.0538,1,0,1,0,0.00256495949857371,0.00127202894827313,0.0042544825461311,0.000882334353961233,0.0177821015117448,0.1074,537,0,0.1074,0,537,0,1,0,-0.00099083431446423,0.00922564538607291,0.00922564538607291,1,1
slope_bias,139,1,identity_scale,0.967398124035423,0.967398124035423,0.966407289720959,-0.000990834314464228,0.1612,0.1612,0.0538,1,0,1,0,0,0.00127202894827313,0.000485487483319506,0.000882334353961233,0.0237094686823264,0.1074,537,0,0.1074,0,537,0,1,0,-0.00099083431446423,0.00922564538607291,0.00922564538607291,1,1
slope_bias,139,1.25,expanded,0.967398124035423,0.967398124035423,0.966407289720959,-0.000990834314464228,0.1612,0.1612,0.0538,1,0,1,0,0.00256495949857371,0.00127202894827313,0.0017438160977911,0.000882334353961233,0.029636835852908,0.1074,537,0,0.1074,0,537,0,1,0,-0.00099083431446423,0.00922564538607291,0.00922564538607291,1,1
slope_bias,139,1.5,expanded,0.967398124035423,0.967398124035423,0.966407289720959,-0.000990834314464228,0.1612,0.1612,0.0538,1,0,1,0,0.0102598379942948,0.00127202894827313,0.00802946838954587,0.000882334353961233,0.0355642030234896,0.1074,537,0,0.1074,0,537,0,1,0,-0.00099083431446423,0.00922564538607291,0.00922564538607291,1,1
slope_bias,139,2,expanded,0.967398124035423,0.967398124035423,0.966407289720959,-0.000990834314464228,0.1612,0.1612,0.0538,1,0,1,0,0.0410393519771793,0.00127202894827313,0.035682744004905,0.000882334353961233,0.0474189373646528,0.1074,537,0,0.1074,0,537,0,1,0,-0.00099083431446423,0.00922564538607291,0.00922564538607291,1,1
slope_bias,140,0.25,compressed,0.96571073346165,0.96571073346165,0.965676023871085,-3.4709590565063e-05,0.1654,0.1654,0.1904,1,0,0.868697478991597,0.131302521008403,0.0234203420197729,0.00106775080723211,0.0234919993692272,0.00164495815361922,-0.000700421542202012,0.025,125,0,0.025,0,125,0,1,0,-3.47095905650249e-05,-0.00138838362260099,0.00138838362260099,1,1
slope_bias,140,0.5,compressed,0.96571073346165,0.96571073346165,0.965676023871085,-3.4709590565063e-05,0.1654,0.1654,0.1904,1,0,0.868697478991597,0.131302521008403,0.0104090408976768,0.00106775080723211,0.010770233652864,0.00164495815361922,-0.00140084308440402,0.025,125,0,0.025,0,125,0,1,0,-3.47095905650249e-05,-0.00138838362260099,0.00138838362260099,1,1
slope_bias,140,0.75,compressed,0.96571073346165,0.96571073346165,0.965676023871085,-3.4709590565063e-05,0.1654,0.1654,0.1904,1,0,0.868697478991597,0.131302521008403,0.00260226022441921,0.00106775080723211,0.00314562372219377,0.00164495815361922,-0.00210126462660604,0.025,125,0,0.025,0,125,0,1,0,-3.47095905650249e-05,-0.00138838362260099,0.00138838362260099,1,1
slope_bias,140,1,identity_scale,0.96571073346165,0.96571073346165,0.965676023871085,-3.4709590565063e-05,0.1654,0.1654,0.1904,1,0,0.868697478991597,0.131302521008403,0,0.00106775080723211,0.000618169577216373,0.00164495815361922,-0.00280168616880805,0.025,125,0,0.025,0,125,0,1,0,-3.47095905650249e-05,-0.00138838362260099,0.00138838362260099,1,1
slope_bias,140,1.25,expanded,0.96571073346165,0.96571073346165,0.965676023871085,-3.4709590565063e-05,0.1654,0.1654,0.1904,1,0,0.868697478991597,0.131302521008403,0.00260226022441921,0.00106775080723211,0.00318787121793183,0.00164495815361922,-0.00350210771101006,0.025,125,0,0.025,0,125,0,1,0,-3.47095905650249e-05,-0.00138838362260099,0.00138838362260099,1,1
slope_bias,140,1.5,expanded,0.96571073346165,0.96571073346165,0.965676023871085,-3.4709590565063e-05,0.1654,0.1654,0.1904,1,0,0.868697478991597,0.131302521008403,0.0104090408976768,0.00106775080723211,0.0108547286443401,0.00164495815361922,-0.00420252925321207,0.025,125,0,0.025,0,125,0,1,0,-3.47095905650249e-05,-0.00138838362260099,0.00138838362260099,1,1
slope_bias,140,2,expanded,0.96571073346165,0.96571073346165,0.965676023871085,-3.4709590565063e-05,0.1654,0.1654,0.1904,1,0,0.868697478991597,0.131302521008403,0.0416361635907074,0.00106775080723211,0.0414799108542354,0.00164495815361922,-0.0056033723376161,0.025,125,0,0.025,0,125,0,1,0,-3.47095905650249e-05,-0.00138838362260099,0.00138838362260099,1,1
slope_bias,141,0.25,compressed,0.96468047801569,0.96468047801569,0.964602505786109,-7.7972229580725e-05,0.1614,0.1614,0.1266,1,0,1,0,0.0251952908614941,0.00122833823355728,0.0217785806281773,0.0010395922961429,0.00129276531048678,0.0348,174,0,0.0348,0,174,0,1,0,-7.79722295807705e-05,0.00224058130979225,0.00224058130979225,1,1
slope_bias,141,0.5,compressed,0.96468047801569,0.96468047801569,0.964602505786109,-7.7972229580725e-05,0.1614,0.1614,0.1266,1,0,1,0,0.0111979070495529,0.00122833823355728,0.00920828837589483,0.0010395922961429,0.00258553062097355,0.0348,174,0,0.0348,0,174,0,1,0,-7.79722295807705e-05,0.00224058130979225,0.00224058130979225,1,1
slope_bias,141,0.75,compressed,0.96468047801569,0.96468047801569,0.964602505786109,-7.7972229580725e-05,0.1614,0.1614,0.1266,1,0,1,0,0.00279947676238823,0.00122833823355728,0.00213258872920836,0.0010395922961429,0.00387829593146033,0.0348,174,0,0.0348,0,174,0,1,0,-7.79722295807705e-05,0.00224058130979225,0.00224058130979225,1,1
slope_bias,141,1,identity_scale,0.96468047801569,0.96468047801569,0.964602505786109,-7.7972229580725e-05,0.1614,0.1614,0.1266,1,0,1,0,0,0.00122833823355728,0.000551481688117875,0.0010395922961429,0.00517106124194711,0.0348,174,0,0.0348,0,174,0,1,0,-7.79722295807705e-05,0.00224058130979225,0.00224058130979225,1,1
slope_bias,141,1.25,expanded,0.96468047801569,0.96468047801569,0.964602505786109,-7.7972229580725e-05,0.1614,0.1614,0.1266,1,0,1,0,0.00279947676238823,0.00122833823355728,0.00446496725262338,0.0010395922961429,0.00646382655243388,0.0348,174,0,0.0348,0,174,0,1,0,-7.79722295807705e-05,0.00224058130979225,0.00224058130979225,1,1
slope_bias,141,1.5,expanded,0.96468047801569,0.96468047801569,0.964602505786109,-7.7972229580725e-05,0.1614,0.1614,0.1266,1,0,1,0,0.0111979070495529,0.00122833823355728,0.0138730454227249,0.0010395922961429,0.00775659186292066,0.0348,174,0,0.0348,0,174,0,1,0,-7.79722295807705e-05,0.00224058130979225,0.00224058130979225,1,1
slope_bias,141,2,expanded,0.96468047801569,0.96468047801569,0.964602505786109,-7.7972229580725e-05,0.1614,0.1614,0.1266,1,0,1,0,0.0447916281982117,0.00122833823355728,0.0491729795797158,0.0010395922961429,0.0103421224838942,0.0348,174,0,0.0348,0,174,0,1,0,-7.79722295807705e-05,0.00224058130979225,0.00224058130979225,1,1
slope_bias,142,0.25,compressed,0.965009642274147,0.965009642274147,0.963884153961753,-0.00112548831239445,0.1626,0.1626,0.0494,1,0,1,0,0.0247285348764172,0.00105929720918773,0.0259495970578971,0.000441701981383993,0.00636167528528003,0.1132,566,0,0.1132,0,566,0,1,0,-0.00112548831239454,0.00994247625790225,0.00994247625790225,1,1
slope_bias,142,0.5,compressed,0.965009642274147,0.965009642274147,0.963884153961753,-0.00112548831239445,0.1626,0.1626,0.0494,1,0,1,0,0.0109904599450743,0.00105929720918773,0.0119850766391694,0.000441701981383993,0.0127233505705601,0.1132,566,0,0.1132,0,566,0,1,0,-0.00112548831239454,0.00994247625790225,0.00994247625790225,1,1
slope_bias,142,0.75,compressed,0.965009642274147,0.965009642274147,0.963884153961753,-0.00112548831239445,0.1626,0.1626,0.0494,1,0,1,0,0.00274761498626857,0.00105929720918773,0.00341100731618852,0.000441701981383993,0.0190850258558401,0.1132,566,0,0.1132,0,566,0,1,0,-0.00112548831239454,0.00994247625790225,0.00994247625790225,1,1
slope_bias,142,1,identity_scale,0.965009642274147,0.965009642274147,0.963884153961753,-0.00112548831239445,0.1626,0.1626,0.0494,1,0,1,0,0,0.00105929720918773,0.000227389088954391,0.000441701981383993,0.0254467011411201,0.1132,566,0,0.1132,0,566,0,1,0,-0.00112548831239454,0.00994247625790225,0.00994247625790225,1,1
slope_bias,142,1.25,expanded,0.965009642274147,0.965009642274147,0.963884153961753,-0.00112548831239445,0.1626,0.1626,0.0494,1,0,1,0,0.00274761498626857,0.00105929720918773,0.00243422195746704,0.000441701981383993,0.0318083764264002,0.1132,566,0,0.1132,0,566,0,1,0,-0.00112548831239454,0.00994247625790225,0.00994247625790225,1,1
slope_bias,142,1.5,expanded,0.965009642274147,0.965009642274147,0.963884153961753,-0.00112548831239445,0.1626,0.1626,0.0494,1,0,1,0,0.0109904599450743,0.00105929720918773,0.0100315059217265,0.000441701981383993,0.0381700517116802,0.1132,566,0,0.1132,0,566,0,1,0,-0.00112548831239454,0.00994247625790225,0.00994247625790225,1,1
slope_bias,142,2,expanded,0.965009642274147,0.965009642274147,0.963884153961753,-0.00112548831239445,0.1626,0.1626,0.0494,1,0,1,0,0.0439618397802972,0.00105929720918773,0.0413974271374856,0.000441701981383993,0.0508934022822403,0.1132,566,0,0.1132,0,566,0,1,0,-0.00112548831239454,0.00994247625790225,0.00994247625790225,1,1
slope_bias,143,0.25,compressed,0.965365992287212,0.965365992287212,0.963149117029898,-0.0022168752573134,0.1606,0.1606,0.3474,1,0,0.462291306850892,0.537708693149108,0.0251166055301966,0.000945990033569612,0.0315179306968076,0.00183757707366161,-0.00598052528599768,0.1868,934,0,0.1868,0,934,0,1,0,-0.00221687525731339,-0.0118676405637762,0.0118676405637762,1,1
slope_bias,143,0.5,compressed,0.965365992287212,0.965365992287212,0.963149117029898,-0.0022168752573134,0.1606,0.1606,0.3474,1,0,0.462291306850892,0.537708693149108,0.0111629357911985,0.000945990033569612,0.0157972932663477,0.00183757707366161,-0.0119610505719954,0.1868,934,0,0.1868,0,934,0,1,0,-0.00221687525731339,-0.0118676405637762,0.0118676405637762,1,1
slope_bias,143,0.75,compressed,0.965365992287212,0.965365992287212,0.963149117029898,-0.0022168752573134,0.1606,0.1606,0.3474,1,0,0.462291306850892,0.537708693149108,0.00279073394779962,0.000945990033569612,0.00555833645892933,0.00183757707366161,-0.0179415758579931,0.1868,934,0,0.1868,0,934,0,1,0,-0.00221687525731339,-0.0118676405637762,0.0118676405637762,1,1
slope_bias,143,1,identity_scale,0.965365992287212,0.965365992287212,0.963149117029898,-0.0022168752573134,0.1606,0.1606,0.3474,1,0,0.462291306850892,0.537708693149108,0,0.000945990033569612,0.00080106027455248,0.00183757707366161,-0.0239221011439907,0.1868,934,0,0.1868,0,934,0,1,0,-0.00221687525731339,-0.0118676405637762,0.0118676405637762,1,1
slope_bias,143,1.25,expanded,0.965365992287212,0.965365992287212,0.963149117029898,-0.0022168752573134,0.1606,0.1606,0.3474,1,0,0.462291306850892,0.537708693149108,0.00279073394779962,0.000945990033569612,0.00152546471321716,0.00183757707366161,-0.0299026264299884,0.1868,934,0,0.1868,0,934,0,1,0,-0.00221687525731339,-0.0118676405637762,0.0118676405637762,1,1
slope_bias,143,1.5,expanded,0.965365992287212,0.965365992287212,0.963149117029898,-0.0022168752573134,0.1606,0.1606,0.3474,1,0,0.462291306850892,0.537708693149108,0.0111629357911985,0.000945990033569612,0.00773154977492337,0.00183757707366161,-0.0358831517159861,0.1868,934,0,0.1868,0,934,0,1,0,-0.00221687525731339,-0.0118676405637762,0.0118676405637762,1,1
slope_bias,143,2,expanded,0.965365992287212,0.965365992287212,0.963149117029898,-0.0022168752573134,0.1606,0.1606,0.3474,1,0,0.462291306850892,0.537708693149108,0.0446517431647939,0.000945990033569612,0.0365887617674604,0.00183757707366161,-0.0478442022879815,0.1868,934,0,0.1868,0,934,0,1,0,-0.00221687525731339,-0.0118676405637762,0.0118676405637762,1,1
slope_bias,144,0.25,compressed,0.965780359836794,0.965780359836794,0.965570969883507,-0.000209389953287342,0.1632,0.1632,0.223,1,0,0.731838565022422,0.268161434977579,0.0248775479247552,0.000953753495369012,0.0246308042626316,0.00106102943873916,-0.0018459557842789,0.0598,299,0,0.0598,0,299,0,1,0,-0.000209389953287292,-0.00350150423557345,0.00350150423557345,1,1
slope_bias,144,0.5,compressed,0.965780359836794,0.965780359836794,0.965570969883507,-0.000209389953287342,0.1632,0.1632,0.223,1,0,0.731838565022422,0.268161434977579,0.0110566879665579,0.000953753495369012,0.0111499540454148,0.00106102943873916,-0.0036919115685578,0.0598,299,0,0.0598,0,299,0,1,0,-0.000209389953287292,-0.00350150423557345,0.00350150423557345,1,1
slope_bias,144,0.75,compressed,0.965780359836794,0.965780359836794,0.965570969883507,-0.000209389953287342,0.1632,0.1632,0.223,1,0,0.731838565022422,0.268161434977579,0.00276417199163947,0.000953753495369012,0.00309308827420518,0.00106102943873916,-0.00553786735283671,0.0598,299,0,0.0598,0,299,0,1,0,-0.000209389953287292,-0.00350150423557345,0.00350150423557345,1,1
slope_bias,144,1,identity_scale,0.965780359836794,0.965780359836794,0.965570969883507,-0.000209389953287342,0.1632,0.1632,0.223,1,0,0.731838565022422,0.268161434977579,0,0.000953753495369012,0.000460206949002697,0.00106102943873916,-0.00738382313711561,0.0598,299,0,0.0598,0,299,0,1,0,-0.000209389953287292,-0.00350150423557345,0.00350150423557345,1,1
slope_bias,144,1.25,expanded,0.965780359836794,0.965780359836794,0.965570969883507,-0.000209389953287342,0.1632,0.1632,0.223,1,0,0.731838565022422,0.268161434977579,0.00276417199163947,0.000953753495369012,0.00325131006980737,0.00106102943873916,-0.00922977892139451,0.0598,299,0,0.0598,0,299,0,1,0,-0.000209389953287292,-0.00350150423557345,0.00350150423557345,1,1
slope_bias,144,1.5,expanded,0.965780359836794,0.965780359836794,0.965570969883507,-0.000209389953287342,0.1632,0.1632,0.223,1,0,0.731838565022422,0.268161434977579,0.0110566879665579,0.000953753495369012,0.0114663976366192,0.00106102943873916,-0.0110757347056734,0.0598,299,0,0.0598,0,299,0,1,0,-0.000209389953287292,-0.00350150423557345,0.00350150423557345,1,1
slope_bias,144,2,expanded,0.965780359836794,0.965780359836794,0.965570969883507,-0.000209389953287342,0.1632,0.1632,0.223,1,0,0.731838565022422,0.268161434977579,0.0442267518662315,0.000953753495369012,0.0441685261082643,0.00106102943873916,-0.0147676462742312,0.0598,299,0,0.0598,0,299,0,1,0,-0.000209389953287292,-0.00350150423557345,0.00350150423557345,1,1
slope_bias,145,0.25,compressed,0.965413065630721,0.965413065630721,0.965412640786883,-4.24843838442435e-07,0.157,0.157,0.1542,1,0,1,0,0.0247997585944366,0.000938430223381225,0.0255668596196718,0.00141487114180269,7.00224611944467e-05,0.0028,14,0,0.0028,0,14,0,1,0,-4.24843838533806e-07,0.000151729942333502,0.000151729942333502,1,1
slope_bias,145,0.5,compressed,0.965413065630721,0.965413065630721,0.965412640786883,-4.24843838442435e-07,0.157,0.157,0.1542,1,0,1,0,0.0110221149308607,0.000938430223381225,0.0119149587122301,0.00141487114180269,0.000140044922388893,0.0028,14,0,0.0028,0,14,0,1,0,-4.24843838533806e-07,0.000151729942333502,0.000151729942333502,1,1
slope_bias,145,0.75,compressed,0.965413065630721,0.965413065630721,0.965412640786883,-4.24843838442435e-07,0.157,0.157,0.1542,1,0,1,0,0.00275552873271518,0.000938430223381225,0.00367133709180549,0.00141487114180269,0.00021006738358334,0.0028,14,0,0.0028,0,14,0,1,0,-4.24843838533806e-07,0.000151729942333502,0.000151729942333502,1,1
slope_bias,145,1,identity_scale,0.965413065630721,0.965413065630721,0.965412640786883,-4.24843838442435e-07,0.157,0.157,0.1542,1,0,1,0,0,0.000938430223381225,0.00083599475839799,0.00141487114180269,0.000280089844777787,0.0028,14,0,0.0028,0,14,0,1,0,-4.24843838533806e-07,0.000151729942333502,0.000151729942333502,1,1
slope_bias,145,1.25,expanded,0.965413065630721,0.965413065630721,0.965412640786883,-4.24843838442435e-07,0.157,0.157,0.1542,1,0,1,0,0.00275552873271518,0.000938430223381225,0.0034089317120076,0.00141487114180269,0.000350112305972233,0.0028,14,0,0.0028,0,14,0,1,0,-4.24843838533806e-07,0.000151729942333502,0.000151729942333502,1,1
slope_bias,145,1.5,expanded,0.965413065630721,0.965413065630721,0.965412640786883,-4.24843838442435e-07,0.157,0.157,0.1542,1,0,1,0,0.0110221149308607,0.000938430223381225,0.0113901479526343,0.00141487114180269,0.00042013476716668,0.0028,14,0,0.0028,0,14,0,1,0,-4.24843838533806e-07,0.000151729942333502,0.000151729942333502,1,1
slope_bias,145,2,expanded,0.965413065630721,0.965413065630721,0.965412640786883,-4.24843838442435e-07,0.157,0.157,0.1542,1,0,1,0,0.0440884597234429,0.000938430223381225,0.0435774182949391,0.00141487114180269,0.000560179689555573,0.0028,14,0,0.0028,0,14,0,1,0,-4.24843838533806e-07,0.000151729942333502,0.000151729942333502,1,1
slope_bias,146,0.25,compressed,0.964585844198595,0.964585844198595,0.964568521647468,-1.73225511271857e-05,0.1606,0.1606,0.1428,1,0,1,0,0.0243441163144036,0.00068782058315685,0.0282466641206363,0.000401592558363339,0.000490017427021677,0.0178,89,0,0.0178,0,89,0,1,0,-1.73225511272658e-05,0.000973177029621676,0.000973177029621676,1,1
slope_bias,146,0.5,compressed,0.964585844198595,0.964585844198595,0.964568521647468,-1.73225511271857e-05,0.1606,0.1606,0.1428,1,0,1,0,0.010819607250846,0.00068782058315685,0.0138243507335684,0.000401592558363339,0.000980034854043355,0.0178,89,0,0.0178,0,89,0,1,0,-1.73225511272658e-05,0.000973177029621676,0.000973177029621676,1,1
slope_bias,146,0.75,compressed,0.964585844198595,0.964585844198595,0.964568521647468,-1.73225511271857e-05,0.1606,0.1606,0.1428,1,0,1,0,0.00270490181271151,0.00068782058315685,0.00470751224139182,0.000401592558363339,0.00147005228106503,0.0178,89,0,0.0178,0,89,0,1,0,-1.73225511272658e-05,0.000973177029621676,0.000973177029621676,1,1
slope_bias,146,1,identity_scale,0.964585844198595,0.964585844198595,0.964568521647468,-1.73225511271857e-05,0.1606,0.1606,0.1428,1,0,1,0,0,0.00068782058315685,0.000896148644106514,0.000401592558363339,0.00196006970808671,0.0178,89,0,0.0178,0,89,0,1,0,-1.73225511272658e-05,0.000973177029621676,0.000973177029621676,1,1
slope_bias,146,1.25,expanded,0.964585844198595,0.964585844198595,0.964568521647468,-1.73225511271857e-05,0.1606,0.1606,0.1428,1,0,1,0,0.00270490181271151,0.00068782058315685,0.00239025994171251,0.000401592558363339,0.00245008713510839,0.0178,89,0,0.0178,0,89,0,1,0,-1.73225511272658e-05,0.000973177029621676,0.000973177029621676,1,1
slope_bias,146,1.5,expanded,0.964585844198595,0.964585844198595,0.964568521647468,-1.73225511271857e-05,0.1606,0.1606,0.1428,1,0,1,0,0.010819607250846,0.00068782058315685,0.00918984613420981,0.000401592558363339,0.00294010456213006,0.0178,89,0,0.0178,0,89,0,1,0,-1.73225511272658e-05,0.000973177029621676,0.000973177029621676,1,1
slope_bias,146,2,expanded,0.964585844198595,0.964585844198595,0.964568521647468,-1.73225511271857e-05,0.1606,0.1606,0.1428,1,0,1,0,0.0432784290033842,0.00068782058315685,0.0387054432038783,0.000401592558363339,0.00392013941617342,0.0178,89,0,0.0178,0,89,0,1,0,-1.73225511272658e-05,0.000973177029621676,0.000973177029621676,1,1
slope_bias,147,0.25,compressed,0.965252091697183,0.965252091697183,0.965218860319894,-3.32313772894999e-05,0.1588,0.1588,0.1834,1,0,0.865866957470011,0.134133042529989,0.0247473897640831,0.00123254031630685,0.0166442531267726,0.00219250583845048,-0.000710024305566465,0.0246,123,0,0.0246,0,123,0,1,0,-3.32313772894924e-05,-0.00135086899550782,0.00135086899550782,1,1
slope_bias,147,0.5,compressed,0.965252091697183,0.965252091697183,0.965218860319894,-3.32313772894999e-05,0.1588,0.1588,0.1834,1,0,0.865866957470011,0.134133042529989,0.010998839895148,0.00123254031630685,0.0062429673942206,0.00219250583845048,-0.00142004861113293,0.0246,123,0,0.0246,0,123,0,1,0,-3.32313772894924e-05,-0.00135086899550782,0.00135086899550782,1,1
slope_bias,147,0.75,compressed,0.965252091697183,0.965252091697183,0.965218860319894,-3.32313772894999e-05,0.1588,0.1588,0.1834,1,0,0.865866957470011,0.134133042529989,0.00274970997378701,0.00123254031630685,0.00123506527985931,0.00219250583845048,-0.00213007291669939,0.0246,123,0,0.0246,0,123,0,1,0,-3.32313772894924e-05,-0.00135086899550782,0.00135086899550782,1,1
slope_bias,147,1,identity_scale,0.965252091697183,0.965252091697183,0.965218860319894,-3.32313772894999e-05,0.1588,0.1588,0.1834,1,0,0.865866957470011,0.134133042529989,0,0.00123254031630685,0.00162054678368877,0.00219250583845048,-0.00284009722226586,0.0246,123,0,0.0246,0,123,0,1,0,-3.32313772894924e-05,-0.00135086899550782,0.00135086899550782,1,1
slope_bias,147,1.25,expanded,0.965252091697183,0.965252091697183,0.965218860319894,-3.32313772894999e-05,0.1588,0.1588,0.1834,1,0,0.865866957470011,0.134133042529989,0.00274970997378701,0.00123254031630685,0.00739941190570898,0.00219250583845048,-0.00355012152783232,0.0246,123,0,0.0246,0,123,0,1,0,-3.32313772894924e-05,-0.00135086899550782,0.00135086899550782,1,1
slope_bias,147,1.5,expanded,0.965252091697183,0.965252091697183,0.965218860319894,-3.32313772894999e-05,0.1588,0.1588,0.1834,1,0,0.865866957470011,0.134133042529989,0.010998839895148,0.00123254031630685,0.0185716606459199,0.00219250583845048,-0.00426014583339879,0.0246,123,0,0.0246,0,123,0,1,0,-3.32313772894924e-05,-0.00135086899550782,0.00135086899550782,1,1
slope_bias,147,2,expanded,0.965252091697183,0.965252091697183,0.965218860319894,-3.32313772894999e-05,0.1588,0.1588,0.1834,1,0,0.865866957470011,0.134133042529989,0.0439953595805921,0.00123254031630685,0.0570963089809141,0.00219250583845048,-0.00568019444453172,0.0246,123,0,0.0246,0,123,0,1,0,-3.32313772894924e-05,-0.00135086899550782,0.00135086899550782,1,1
slope_bias,148,0.25,compressed,0.966359960508431,0.966359960508431,0.961229727228471,-0.0051302332799601,0.1532,0.1532,0.4366,1,0,0.350893266147503,0.649106733852497,0.0245697205765901,0.00321010870851447,0.0229836679354189,0.00168842995186698,-0.0102567428527331,0.2834,1417,0,0.2834,0,1417,0,1,0,-0.00513023327996014,-0.0181024462948488,0.0181024462948488,1,1
slope_bias,148,0.5,compressed,0.966359960508431,0.966359960508431,0.961229727228471,-0.0051302332799601,0.1532,0.1532,0.4366,1,0,0.350893266147503,0.649106733852497,0.0109198758118178,0.00321010870851447,0.0103121269805437,0.00168842995186698,-0.0205134857054661,0.2834,1417,0,0.2834,0,1417,0,1,0,-0.00513023327996014,-0.0181024462948488,0.0181024462948488,1,1
slope_bias,148,0.75,compressed,0.966359960508431,0.966359960508431,0.961229727228471,-0.0051302332799601,0.1532,0.1532,0.4366,1,0,0.350893266147503,0.649106733852497,0.00272996895295445,0.00321010870851447,0.00299273489340884,0.00168842995186698,-0.0307702285581992,0.2834,1417,0,0.2834,0,1417,0,1,0,-0.00513023327996014,-0.0181024462948488,0.0181024462948488,1,1
slope_bias,148,1,identity_scale,0.966359960508431,0.966359960508431,0.961229727228471,-0.0051302332799601,0.1532,0.1532,0.4366,1,0,0.350893266147503,0.649106733852497,0,0.00321010870851447,0.00102549167401442,0.00168842995186698,-0.0410269714109323,0.2834,1417,0,0.2834,0,1417,0,1,0,-0.00513023327996014,-0.0181024462948488,0.0181024462948488,1,1
slope_bias,148,1.25,expanded,0.966359960508431,0.966359960508431,0.961229727228471,-0.0051302332799601,0.1532,0.1532,0.4366,1,0,0.350893266147503,0.649106733852497,0.00272996895295445,0.00321010870851447,0.0044103973223604,0.00168842995186698,-0.0512837142636653,0.2834,1417,0,0.2834,0,1417,0,1,0,-0.00513023327996014,-0.0181024462948488,0.0181024462948488,1,1
slope_bias,148,1.5,expanded,0.966359960508431,0.966359960508431,0.961229727228471,-0.0051302332799601,0.1532,0.1532,0.4366,1,0,0.350893266147503,0.649106733852497,0.0109198758118178,0.00321010870851447,0.0131474518384468,0.00168842995186698,-0.0615404571163984,0.2834,1417,0,0.2834,0,1417,0,1,0,-0.00513023327996014,-0.0181024462948488,0.0181024462948488,1,1
slope_bias,148,2,expanded,0.966359960508431,0.966359960508431,0.961229727228471,-0.0051302332799601,0.1532,0.1532,0.4366,1,0,0.350893266147503,0.649106733852497,0.0436795032472712,0.00321010870851447,0.0466780074738408,0.00168842995186698,-0.0820539428218645,0.2834,1417,0,0.2834,0,1417,0,1,0,-0.00513023327996014,-0.0181024462948488,0.0181024462948488,1,1
slope_bias,149,0.25,compressed,0.96459471506485,0.96459471506485,0.964049083559975,-0.000545631504875188,0.161,0.161,0.0746,1,0,1,0,0.0248292226056425,0.0023969807649851,0.0239068059516049,0.000693541076192612,0.00373987583925015,0.0864,432,0,0.0864,0,432,0,1,0,-0.000545631504875203,0.00631517945457411,0.00631517945457411,1,1
slope_bias,149,0.5,compressed,0.96459471506485,0.96459471506485,0.964049083559975,-0.000545631504875188,0.161,0.161,0.0746,1,0,1,0,0.0110352100469522,0.0023969807649851,0.0106227960934576,0.000693541076192612,0.00747975167850029,0.0864,432,0,0.0864,0,432,0,1,0,-0.000545631504875203,0.00631517945457411,0.00631517945457411,1,1
slope_bias,149,0.75,compressed,0.96459471506485,0.96459471506485,0.964049083559975,-0.000545631504875188,0.161,0.161,0.0746,1,0,1,0,0.00275880251173806,0.0023969807649851,0.00275382707957953,0.000693541076192612,0.0112196275177504,0.0864,432,0,0.0864,0,432,0,1,0,-0.000545631504875203,0.00631517945457411,0.00631517945457411,1,1
slope_bias,149,1,identity_scale,0.96459471506485,0.96459471506485,0.964049083559975,-0.000545631504875188,0.161,0.161,0.0746,1,0,1,0,0,0.0023969807649851,0.000299898909970595,0.000693541076192612,0.0149595033570006,0.0864,432,0,0.0864,0,432,0,1,0,-0.000545631504875203,0.00631517945457411,0.00631517945457411,1,1
slope_bias,149,1.25,expanded,0.96459471506485,0.96459471506485,0.964049083559975,-0.000545631504875188,0.161,0.161,0.0746,1,0,1,0,0.00275880251173806,0.0023969807649851,0.00326101158463085,0.000693541076192612,0.0186993791962507,0.0864,432,0,0.0864,0,432,0,1,0,-0.000545631504875203,0.00631517945457411,0.00631517945457411,1,1
slope_bias,149,1.5,expanded,0.96459471506485,0.96459471506485,0.964049083559975,-0.000545631504875188,0.161,0.161,0.0746,1,0,1,0,0.0110352100469522,0.0023969807649851,0.0116371651035603,0.000693541076192612,0.0224392550355009,0.0864,432,0,0.0864,0,432,0,1,0,-0.000545631504875203,0.00631517945457411,0.00631517945457411,1,1
slope_bias,149,2,expanded,0.96459471506485,0.96459471506485,0.964049083559975,-0.000545631504875188,0.161,0.161,0.0746,1,0,1,0,0.0441408401878089,0.0023969807649851,0.0446345946742267,0.000693541076192612,0.0299190067140012,0.0864,432,0,0.0864,0,432,0,1,0,-0.000545631504875203,0.00631517945457411,0.00631517945457411,1,1
slope_bias,150,0.25,compressed,0.96500027497796,0.96500027497796,0.964993766300036,-6.50867792384435e-06,0.1654,0.1654,0.1536,1,0,1,0,0.0257033314249232,0.00179617480496898,0.0232988597507688,0.00176824192509464,0.000303089015468994,0.0118,59,0,0.0118,0,59,0,1,0,-6.5086779238352e-06,0.000551582874901289,0.000551582874901289,1,1
slope_bias,150,0.5,compressed,0.96500027497796,0.96500027497796,0.964993766300036,-6.50867792384435e-06,0.1654,0.1654,0.1536,1,0,1,0,0.0114237028555214,0.00179617480496898,0.010196823393576,0.00176824192509464,0.000606178030937987,0.0118,59,0,0.0118,0,59,0,1,0,-6.5086779238352e-06,0.000551582874901289,0.000551582874901289,1,1
slope_bias,150,0.75,compressed,0.96500027497796,0.96500027497796,0.964993766300036,-6.50867792384435e-06,0.1654,0.1654,0.1536,1,0,1,0,0.00285592571388036,0.00179617480496898,0.00270425357774746,0.00176824192509464,0.000909267046406981,0.0118,59,0,0.0118,0,59,0,1,0,-6.5086779238352e-06,0.000551582874901289,0.000551582874901289,1,1
slope_bias,150,1,identity_scale,0.96500027497796,0.96500027497796,0.964993766300036,-6.50867792384435e-06,0.1654,0.1654,0.1536,1,0,1,0,0,0.00179617480496898,0.00082115030328312,0.00176824192509464,0.00121235606187597,0.0118,59,0,0.0118,0,59,0,1,0,-6.5086779238352e-06,0.000551582874901289,0.000551582874901289,1,1
slope_bias,150,1.25,expanded,0.96500027497796,0.96500027497796,0.964993766300036,-6.50867792384435e-06,0.1654,0.1654,0.1536,1,0,1,0,0.00285592571388036,0.00179617480496898,0.00454751357018299,0.00176824192509464,0.00151544507734497,0.0118,59,0,0.0118,0,59,0,1,0,-6.5086779238352e-06,0.000551582874901289,0.000551582874901289,1,1
slope_bias,150,1.5,expanded,0.96500027497796,0.96500027497796,0.964993766300036,-6.50867792384435e-06,0.1654,0.1654,0.1536,1,0,1,0,0.0114237028555214,0.00179617480496898,0.0138833433784471,0.00176824192509464,0.00181853409281396,0.0118,59,0,0.0118,0,59,0,1,0,-6.5086779238352e-06,0.000551582874901289,0.000551582874901289,1,1
slope_bias,150,2,expanded,0.96500027497796,0.96500027497796,0.964993766300036,-6.50867792384435e-06,0.1654,0.1654,0.1536,1,0,1,0,0.0456948114220857,0.00179617480496898,0.0493834026190678,0.00176824192509464,0.00242471212375195,0.0118,59,0,0.0118,0,59,0,1,0,-6.5086779238352e-06,0.000551582874901289,0.000551582874901289,1,1
slope_bias,151,0.25,compressed,0.964816329755612,0.964816329755612,0.964069653243121,-0.000746676512491495,0.1582,0.1582,0.262,1,0,0.60381679389313,0.39618320610687,0.0251638952181999,0.000744579373957631,0.0227373541640504,0.00159351293050518,-0.00353030945856728,0.1038,519,0,0.1038,0,519,0,1,0,-0.000746676512491515,-0.00719341534192211,0.00719341534192211,1,1
slope_bias,151,0.5,compressed,0.964816329755612,0.964816329755612,0.964069653243121,-0.000746676512491495,0.1582,0.1582,0.262,1,0,0.60381679389313,0.39618320610687,0.0111839534303111,0.000744579373957631,0.00991580270953876,0.00159351293050518,-0.00706061891713455,0.1038,519,0,0.1038,0,519,0,1,0,-0.000746676512491515,-0.00719341534192211,0.00719341534192211,1,1
slope_bias,151,0.75,compressed,0.964816329755612,0.964816329755612,0.964069653243121,-0.000746676512491495,0.1582,0.1582,0.262,1,0,0.60381679389313,0.39618320610687,0.00279598835757776,0.000744579373957631,0.00257921500997958,0.00159351293050518,-0.0105909283757018,0.1038,519,0,0.1038,0,519,0,1,0,-0.000746676512491515,-0.00719341534192211,0.00719341534192211,1,1
slope_bias,151,1,identity_scale,0.964816329755612,0.964816329755612,0.964069653243121,-0.000746676512491495,0.1582,0.1582,0.262,1,0,0.60381679389313,0.39618320610687,0,0.000744579373957631,0.000727591065372887,0.00159351293050518,-0.0141212378342691,0.1038,519,0,0.1038,0,519,0,1,0,-0.000746676512491515,-0.00719341534192211,0.00719341534192211,1,1
slope_bias,151,1.25,expanded,0.964816329755612,0.964816329755612,0.964069653243121,-0.000746676512491495,0.1582,0.1582,0.262,1,0,0.60381679389313,0.39618320610687,0.00279598835757776,0.000744579373957631,0.00436093087571867,0.00159351293050518,-0.0176515472928364,0.1038,519,0,0.1038,0,519,0,1,0,-0.000746676512491515,-0.00719341534192211,0.00719341534192211,1,1
slope_bias,151,1.5,expanded,0.964816329755612,0.964816329755612,0.964069653243121,-0.000746676512491495,0.1582,0.1582,0.262,1,0,0.60381679389313,0.39618320610687,0.0111839534303111,0.000744579373957631,0.0134792344410169,0.00159351293050518,-0.0211818567514037,0.1038,519,0,0.1038,0,519,0,1,0,-0.000746676512491515,-0.00719341534192211,0.00719341534192211,1,1
slope_bias,151,2,expanded,0.964816329755612,0.964816329755612,0.964069653243121,-0.000746676512491495,0.1582,0.1582,0.262,1,0,0.60381679389313,0.39618320610687,0.0447358137212442,0.000744579373957631,0.0481707328364709,0.00159351293050518,-0.0282424756685382,0.1038,519,0,0.1038,0,519,0,1,0,-0.000746676512491515,-0.00719341534192211,0.00719341534192211,1,1
slope_bias,152,0.25,compressed,0.964482926658461,0.964482926658461,0.964479731571873,-3.19508658774836e-06,0.1636,0.1636,0.171,1,0,0.95672514619883,0.0432748538011696,0.0255340398534912,0.00166792304289152,0.0264744866578388,0.00110011455051638,-0.000195069621629768,0.0074,37,0,0.0074,0,37,0,1,0,-3.19508658777794e-06,-0.00043176845780783,0.00043176845780783,1,1
slope_bias,152,0.5,compressed,0.964482926658461,0.964482926658461,0.964479731571873,-3.19508658774836e-06,0.1636,0.1636,0.171,1,0,0.95672514619883,0.0432748538011696,0.0113484621571072,0.00166792304289152,0.0121875461061409,0.00110011455051638,-0.000390139243259535,0.0074,37,0,0.0074,0,37,0,1,0,-3.19508658777794e-06,-0.00043176845780783,0.00043176845780783,1,1
slope_bias,152,0.75,compressed,0.964482926658461,0.964482926658461,0.964479731571873,-3.19508658774836e-06,0.1636,0.1636,0.171,1,0,0.95672514619883,0.0432748538011696,0.0028371155392768,0.00166792304289152,0.00346981202589439,0.00110011455051638,-0.000585208864889303,0.0074,37,0,0.0074,0,37,0,1,0,-3.19508658777794e-06,-0.00043176845780783,0.00043176845780783,1,1
slope_bias,152,1,identity_scale,0.964482926658461,0.964482926658461,0.964479731571873,-3.19508658774836e-06,0.1636,0.1636,0.171,1,0,0.95672514619883,0.0432748538011696,0,0.00166792304289152,0.000321284417099368,0.00110011455051638,-0.00078027848651907,0.0074,37,0,0.0074,0,37,0,1,0,-3.19508658777794e-06,-0.00043176845780783,0.00043176845780783,1,1
slope_bias,152,1.25,expanded,0.964482926658461,0.964482926658461,0.964479731571873,-3.19508658774836e-06,0.1636,0.1636,0.171,1,0,0.95672514619883,0.0432748538011696,0.0028371155392768,0.00166792304289152,0.00274196327975582,0.00110011455051638,-0.000975348108148838,0.0074,37,0,0.0074,0,37,0,1,0,-3.19508658777794e-06,-0.00043176845780783,0.00043176845780783,1,1
slope_bias,152,1.5,expanded,0.964482926658461,0.964482926658461,0.964479731571873,-3.19508658774836e-06,0.1636,0.1636,0.171,1,0,0.95672514619883,0.0432748538011696,0.0113484621571072,0.00166792304289152,0.0107318486138637,0.00110011455051638,-0.00117041772977861,0.0074,37,0,0.0074,0,37,0,1,0,-3.19508658777794e-06,-0.00043176845780783,0.00043176845780783,1,1
slope_bias,152,2,expanded,0.964482926658461,0.964482926658461,0.964479731571873,-3.19508658774836e-06,0.1636,0.1636,0.171,1,0,0.95672514619883,0.0432748538011696,0.0453938486284288,0.00166792304289152,0.043419238696434,0.00110011455051638,-0.00156055697303814,0.0074,37,0,0.0074,0,37,0,1,0,-3.19508658777794e-06,-0.00043176845780783,0.00043176845780783,1,1
slope_bias,153,0.25,compressed,0.965574997594212,0.965574997594212,0.965203596173441,-0.000371401420770856,0.1624,0.1624,0.2374,1,0,0.68407750631845,0.31592249368155,0.0236133854315921,0.000860710286652148,0.0220678139659697,0.00162556335859095,-0.0024226385634154,0.075,375,0,0.075,0,375,0,1,0,-0.000371401420770871,-0.00495201894361161,0.00495201894361161,1,1
slope_bias,153,0.5,compressed,0.965574997594212,0.965574997594212,0.965203596173441,-0.000371401420770856,0.1624,0.1624,0.2374,1,0,0.68407750631845,0.31592249368155,0.0104948379695965,0.000860710286652148,0.00985000001707262,0.00162556335859095,-0.00484527712683081,0.075,375,0,0.075,0,375,0,1,0,-0.000371401420770871,-0.00495201894361161,0.00495201894361161,1,1
slope_bias,153,0.75,compressed,0.965574997594212,0.965574997594212,0.965203596173441,-0.000371401420770856,0.1624,0.1624,0.2374,1,0,0.68407750631845,0.31592249368155,0.00262370949239912,0.000860710286652148,0.00277891311823742,0.00162556335859095,-0.00726791569024621,0.075,375,0,0.075,0,375,0,1,0,-0.000371401420770871,-0.00495201894361161,0.00495201894361161,1,1
slope_bias,153,1,identity_scale,0.965574997594212,0.965574997594212,0.965203596173441,-0.000371401420770856,0.1624,0.1624,0.2374,1,0,0.68407750631845,0.31592249368155,0,0.000860710286652148,0.000854553269464095,0.00162556335859095,-0.00969055425366161,0.075,375,0,0.075,0,375,0,1,0,-0.000371401420770871,-0.00495201894361161,0.00495201894361161,1,1
slope_bias,153,1.25,expanded,0.965574997594212,0.965574997594212,0.965203596173441,-0.000371401420770856,0.1624,0.1624,0.2374,1,0,0.68407750631845,0.31592249368155,0.00262370949239912,0.000860710286652148,0.00407692047075264,0.00162556335859095,-0.012113192817077,0.075,375,0,0.075,0,375,0,1,0,-0.000371401420770871,-0.00495201894361161,0.00495201894361161,1,1
slope_bias,153,1.5,expanded,0.965574997594212,0.965574997594212,0.965203596173441,-0.000371401420770856,0.1624,0.1624,0.2374,1,0,0.68407750631845,0.31592249368155,0.0104948379695965,0.000860710286652148,0.0124460147221031,0.00162556335859095,-0.0145358313804924,0.075,375,0,0.075,0,375,0,1,0,-0.000371401420770871,-0.00495201894361161,0.00495201894361161,1,1
slope_bias,153,2,expanded,0.965574997594212,0.965574997594212,0.965203596173441,-0.000371401420770856,0.1624,0.1624,0.2374,1,0,0.68407750631845,0.31592249368155,0.0419793518783859,0.000860710286652148,0.0446243843749896,0.00162556335859095,-0.0193811085073232,0.075,375,0,0.075,0,375,0,1,0,-0.000371401420770871,-0.00495201894361161,0.00495201894361161,1,1
slope_bias,154,0.25,compressed,0.965738151117986,0.965738151117986,0.964390865766823,-0.00134728535116313,0.1602,0.1602,0.3092,1,0,0.518111254851229,0.481888745148771,0.0241030540868772,0.00161382815370123,0.0222195689854285,0.000712836266004623,-0.00465850167099516,0.149,745,0,0.149,0,745,0,1,0,-0.00134728535116311,-0.00904218356485311,0.00904218356485311,1,1
slope_bias,154,0.5,compressed,0.965738151117986,0.965738151117986,0.964390865766823,-0.00134728535116313,0.1602,0.1602,0.3092,1,0,0.518111254851229,0.481888745148771,0.0107124684830565,0.00161382815370123,0.00970188535626376,0.000712836266004623,-0.00931700334199031,0.149,745,0,0.149,0,745,0,1,0,-0.00134728535116311,-0.00904218356485311,0.00904218356485311,1,1
slope_bias,154,0.75,compressed,0.965738151117986,0.965738151117986,0.964390865766823,-0.00134728535116313,0.1602,0.1602,0.3092,1,0,0.518111254851229,0.481888745148771,0.00267811712076413,0.00161382815370123,0.00243294086481659,0.000712836266004623,-0.0139755050129855,0.149,745,0,0.149,0,745,0,1,0,-0.00134728535116311,-0.00904218356485311,0.00904218356485311,1,1
slope_bias,154,1,identity_scale,0.965738151117986,0.965738151117986,0.964390865766823,-0.00134728535116313,0.1602,0.1602,0.3092,1,0,0.518111254851229,0.481888745148771,0,0.00161382815370123,0.000412735511087024,0.000712836266004623,-0.0186340066839806,0.149,745,0,0.149,0,745,0,1,0,-0.00134728535116311,-0.00904218356485311,0.00904218356485311,1,1
slope_bias,154,1.25,expanded,0.965738151117986,0.965738151117986,0.964390865766823,-0.00134728535116313,0.1602,0.1602,0.3092,1,0,0.518111254851229,0.481888745148771,0.00267811712076413,0.00161382815370123,0.00364126929507506,0.000712836266004623,-0.0232925083549758,0.149,745,0,0.149,0,745,0,1,0,-0.00134728535116311,-0.00904218356485311,0.00904218356485311,1,1
slope_bias,154,1.5,expanded,0.965738151117986,0.965738151117986,0.964390865766823,-0.00134728535116313,0.1602,0.1602,0.3092,1,0,0.518111254851229,0.481888745148771,0.0107124684830565,0.00161382815370123,0.0121185422167807,0.000712836266004623,-0.027951010025971,0.149,745,0,0.149,0,745,0,1,0,-0.00134728535116311,-0.00904218356485311,0.00904218356485311,1,1
slope_bias,154,2,expanded,0.965738151117986,0.965738151117986,0.964390865766823,-0.00134728535116313,0.1602,0.1602,0.3092,1,0,0.518111254851229,0.481888745148771,0.0428498739322261,0.00161382815370123,0.0448193054733448,0.000712836266004623,-0.0372680133679613,0.149,745,0,0.149,0,745,0,1,0,-0.00134728535116311,-0.00904218356485311,0.00904218356485311,1,1
slope_bias,155,0.25,compressed,0.965155571919042,0.965155571919042,0.964949677855095,-0.000205894063947221,0.1526,0.1526,0.2114,1,0,0.721854304635762,0.278145695364238,0.0255522451094282,0.00204367265379803,0.0245960615229434,0.000514225396229853,-0.00175593723976855,0.0588,294,0,0.0588,0,294,0,1,0,-0.000205894063947249,-0.00350159972699403,0.00350159972699403,1,1
slope_bias,155,0.5,compressed,0.965155571919042,0.965155571919042,0.964949677855095,-0.000205894063947221,0.1526,0.1526,0.2114,1,0,0.721854304635762,0.278145695364238,0.0113565533819681,0.00204367265379803,0.0111489029369334,0.000514225396229853,-0.0035118744795371,0.0588,294,0,0.0588,0,294,0,1,0,-0.000205894063947249,-0.00350159972699403,0.00350159972699403,1,1
slope_bias,155,0.75,compressed,0.965155571919042,0.965155571919042,0.964949677855095,-0.000205894063947221,0.1526,0.1526,0.2114,1,0,0.721854304635762,0.278145695364238,0.00283913834549202,0.00204367265379803,0.00327739727326597,0.000514225396229853,-0.00526781171930565,0.0588,294,0,0.0588,0,294,0,1,0,-0.000205894063947249,-0.00350159972699403,0.00350159972699403,1,1
slope_bias,155,1,identity_scale,0.965155571919042,0.965155571919042,0.964949677855095,-0.000205894063947221,0.1526,0.1526,0.2114,1,0,0.721854304635762,0.278145695364238,0,0.00204367265379803,0.000981544531941026,0.000514225396229853,-0.00702374895907421,0.0588,294,0,0.0588,0,294,0,1,0,-0.000205894063947249,-0.00350159972699403,0.00350159972699403,1,1
slope_bias,155,1.25,expanded,0.965155571919042,0.965155571919042,0.964949677855095,-0.000205894063947221,0.1526,0.1526,0.2114,1,0,0.721854304635762,0.278145695364238,0.00283913834549202,0.00204367265379803,0.0042613447129586,0.000514225396229853,-0.00877968619884276,0.0588,294,0,0.0588,0,294,0,1,0,-0.000205894063947249,-0.00350159972699403,0.00350159972699403,1,1
slope_bias,155,1.5,expanded,0.965155571919042,0.965155571919042,0.964949677855095,-0.000205894063947221,0.1526,0.1526,0.2114,1,0,0.721854304635762,0.278145695364238,0.0113565533819681,0.00204367265379803,0.0131167978163187,0.000514225396229853,-0.0105356234386113,0.0588,294,0,0.0588,0,294,0,1,0,-0.000205894063947249,-0.00350159972699403,0.00350159972699403,1,1
slope_bias,155,2,expanded,0.965155571919042,0.965155571919042,0.964949677855095,-0.000205894063947221,0.1526,0.1526,0.2114,1,0,0.721854304635762,0.278145695364238,0.0454262135278724,0.00204367265379803,0.0475546627900665,0.000514225396229853,-0.0140474979181484,0.0588,294,0,0.0588,0,294,0,1,0,-0.000205894063947249,-0.00350159972699403,0.00350159972699403,1,1
slope_bias,156,0.25,compressed,0.964964410535337,0.964964410535337,0.964751446557128,-0.000212963978208913,0.1594,0.1594,0.2168,1,0,0.735239852398524,0.264760147601476,0.0245738404982675,0.000774754241173953,0.0293252725829509,0.00100412627870468,-0.00192289923736411,0.0574,287,0,0.0574,0,287,0,1,0,-0.000212963978208918,-0.0037101738363923,0.0037101738363923,1,1
slope_bias,156,0.5,compressed,0.964964410535337,0.964964410535337,0.964751446557128,-0.000212963978208913,0.1594,0.1594,0.2168,1,0,0.735239852398524,0.264760147601476,0.0109217068881189,0.000774754241173953,0.0143986130759678,0.00100412627870468,-0.00384579847472821,0.0574,287,0,0.0574,0,287,0,1,0,-0.000212963978208918,-0.0037101738363923,0.0037101738363923,1,1
slope_bias,156,0.75,compressed,0.964964410535337,0.964964410535337,0.964751446557128,-0.000212963978208913,0.1594,0.1594,0.2168,1,0,0.735239852398524,0.264760147601476,0.00273042672202972,0.000774754241173953,0.00482053853809361,0.00100412627870468,-0.00576869771209232,0.0574,287,0,0.0574,0,287,0,1,0,-0.000212963978208918,-0.0037101738363923,0.0037101738363923,1,1
slope_bias,156,1,identity_scale,0.964964410535337,0.964964410535337,0.964751446557128,-0.000212963978208913,0.1594,0.1594,0.2168,1,0,0.735239852398524,0.264760147601476,0,0.000774754241173953,0.000591048969328347,0.00100412627870468,-0.00769159694945643,0.0574,287,0,0.0574,0,287,0,1,0,-0.000212963978208918,-0.0037101738363923,0.0037101738363923,1,1
slope_bias,156,1.25,expanded,0.964964410535337,0.964964410535337,0.964751446557128,-0.000212963978208913,0.1594,0.1594,0.2168,1,0,0.735239852398524,0.264760147601476,0.00273042672202972,0.000774754241173953,0.00171014436967201,0.00100412627870468,-0.00961449618682053,0.0574,287,0,0.0574,0,287,0,1,0,-0.000212963978208918,-0.0037101738363923,0.0037101738363923,1,1
slope_bias,156,1.5,expanded,0.964964410535337,0.964964410535337,0.964751446557128,-0.000212963978208913,0.1594,0.1594,0.2168,1,0,0.735239852398524,0.264760147601476,0.0109217068881189,0.000774754241173953,0.00817782473912459,0.00100412627870468,-0.0115373954241846,0.0574,287,0,0.0574,0,287,0,1,0,-0.000212963978208918,-0.0037101738363923,0.0037101738363923,1,1
slope_bias,156,2,expanded,0.964964410535337,0.964964410535337,0.964751446557128,-0.000212963978208913,0.1594,0.1594,0.2168,1,0,0.735239852398524,0.264760147601476,0.0436868275524756,0.000774754241173953,0.0371589403853565,0.00100412627870468,-0.0153831938989129,0.0574,287,0,0.0574,0,287,0,1,0,-0.000212963978208918,-0.0037101738363923,0.0037101738363923,1,1
slope_bias,157,0.25,compressed,0.965092737091463,0.965092737091463,0.964800758251604,-0.00029197883985832,0.1472,0.1472,0.2134,1,0,0.689784442361762,0.310215557638238,0.0247998233023146,0.00117427329926423,0.0228722913856554,0.000428801003860423,-0.00227113053808398,0.0662,331,0,0.0662,0,331,0,1,0,-0.000291978839858305,-0.00441055649332787,0.00441055649332787,1,1
slope_bias,157,0.5,compressed,0.965092737091463,0.965092737091463,0.964800758251604,-0.00029197883985832,0.1472,0.1472,0.2134,1,0,0.689784442361762,0.310215557638238,0.0110221436899176,0.00117427329926423,0.0100669220391168,0.000428801003860423,-0.00454226107616795,0.0662,331,0,0.0662,0,331,0,1,0,-0.000291978839858305,-0.00441055649332787,0.00441055649332787,1,1
slope_bias,157,0.75,compressed,0.965092737091463,0.965092737091463,0.964800758251604,-0.00029197883985832,0.1472,0.1472,0.2134,1,0,0.689784442361762,0.310215557638238,0.0027555359224794,0.00117427329926423,0.00267129708186688,0.000428801003860423,-0.00681339161425193,0.0662,331,0,0.0662,0,331,0,1,0,-0.000291978839858305,-0.00441055649332787,0.00441055649332787,1,1
slope_bias,157,1,identity_scale,0.965092737091463,0.965092737091463,0.964800758251604,-0.00029197883985832,0.1472,0.1472,0.2134,1,0,0.689784442361762,0.310215557638238,0,0.00117427329926423,0.00068541651390571,0.000428801003860423,-0.00908452215233591,0.0662,331,0,0.0662,0,331,0,1,0,-0.000291978839858305,-0.00441055649332787,0.00441055649332787,1,1
slope_bias,157,1.25,expanded,0.965092737091463,0.965092737091463,0.964800758251604,-0.00029197883985832,0.1472,0.1472,0.2134,1,0,0.689784442361762,0.310215557638238,0.0027555359224794,0.00117427329926423,0.00410928033523328,0.000428801003860423,-0.0113556526904199,0.0662,331,0,0.0662,0,331,0,1,0,-0.000291978839858305,-0.00441055649332787,0.00441055649332787,1,1
slope_bias,157,1.5,expanded,0.965092737091463,0.965092737091463,0.964800758251604,-0.00029197883985832,0.1472,0.1472,0.2134,1,0,0.689784442361762,0.310215557638238,0.0110221436899176,0.00117427329926423,0.0129428885458496,0.000428801003860423,-0.0136267832285039,0.0662,331,0,0.0662,0,331,0,1,0,-0.000291978839858305,-0.00441055649332787,0.00441055649332787,1,1
slope_bias,157,2,expanded,0.965092737091463,0.965092737091463,0.964800758251604,-0.00029197883985832,0.1472,0.1472,0.2134,1,0,0.689784442361762,0.310215557638238,0.0440885747596704,0.00117427329926423,0.0468393381349484,0.000428801003860423,-0.0181690443046718,0.0662,331,0,0.0662,0,331,0,1,0,-0.000291978839858305,-0.00441055649332787,0.00441055649332787,1,1
slope_bias,158,0.25,compressed,0.964785195575953,0.964785195575953,0.964433391258873,-0.000351804317079263,0.1522,0.1522,0.2298,1,0,0.662315056570931,0.337684943429069,0.0262274645432939,0.00187076704155618,0.0253133162271923,0.00115391906719658,-0.00239317838306979,0.0776,388,0,0.0776,0,388,0,1,0,-0.000351804317079269,-0.00453356078710398,0.00453356078710398,1,1
slope_bias,158,0.5,compressed,0.964785195575953,0.964785195575953,0.964433391258873,-0.000351804317079263,0.1522,0.1522,0.2298,1,0,0.662315056570931,0.337684943429069,0.0116566509081306,0.00187076704155618,0.0114176332105641,0.00115391906719658,-0.00478635676613959,0.0776,388,0,0.0776,0,388,0,1,0,-0.000351804317079269,-0.00453356078710398,0.00453356078710398,1,1
slope_bias,158,0.75,compressed,0.964785195575953,0.964785195575953,0.964433391258873,-0.000351804317079263,0.1522,0.1522,0.2298,1,0,0.662315056570931,0.337684943429069,0.00291416272703265,0.00187076704155618,0.00324159529421237,0.00115391906719658,-0.00717953514920938,0.0776,388,0,0.0776,0,388,0,1,0,-0.000351804317079269,-0.00453356078710398,0.00453356078710398,1,1
slope_bias,158,1,identity_scale,0.964785195575953,0.964785195575953,0.964433391258873,-0.000351804317079263,0.1522,0.1522,0.2298,1,0,0.662315056570931,0.337684943429069,0,0.00187076704155618,0.000785202478137032,0.00115391906719658,-0.00957271353227918,0.0776,388,0,0.0776,0,388,0,1,0,-0.000351804317079269,-0.00453356078710398,0.00453356078710398,1,1
slope_bias,158,1.25,expanded,0.964785195575953,0.964785195575953,0.964433391258873,-0.000351804317079263,0.1522,0.1522,0.2298,1,0,0.662315056570931,0.337684943429069,0.00291416272703265,0.00187076704155618,0.0040484547623381,0.00115391906719658,-0.011965891915349,0.0776,388,0,0.0776,0,388,0,1,0,-0.000351804317079269,-0.00453356078710398,0.00453356078710398,1,1
slope_bias,158,1.5,expanded,0.964785195575953,0.964785195575953,0.964433391258873,-0.000351804317079263,0.1522,0.1522,0.2298,1,0,0.662315056570931,0.337684943429069,0.0116566509081306,0.00187076704155618,0.0130313521468156,0.00115391906719658,-0.0143590702984188,0.0776,388,0,0.0776,0,388,0,1,0,-0.000351804317079269,-0.00453356078710398,0.00453356078710398,1,1
slope_bias,158,2,expanded,0.964785195575953,0.964785195575953,0.964433391258873,-0.000351804317079263,0.1522,0.1522,0.2298,1,0,0.662315056570931,0.337684943429069,0.0466266036325224,0.00187076704155618,0.0481560822165997,0.00115391906719658,-0.0191454270645584,0.0776,388,0,0.0776,0,388,0,1,0,-0.000351804317079269,-0.00453356078710398,0.00453356078710398,1,1
slope_bias,159,0.25,compressed,0.965688829077907,0.965688829077907,0.965649036714312,-3.97923635946373e-05,0.16,0.16,0.1344,1,0,1,0,0.0249078907643827,0.00202000326922132,0.0289794779225704,0.00102249706860754,0.000876501269903546,0.0256,128,0,0.0256,0,128,0,1,0,-3.97923635946942e-05,0.00155438920291774,0.00155438920291774,1,1
slope_bias,159,0.5,compressed,0.965688829077907,0.965688829077907,0.965649036714312,-3.97923635946373e-05,0.16,0.16,0.1344,1,0,1,0,0.011070173673059,0.00202000326922132,0.0141543656962747,0.00102249706860754,0.00175300253980709,0.0256,128,0,0.0256,0,128,0,1,0,-3.97923635946942e-05,0.00155438920291774,0.00155438920291774,1,1
slope_bias,159,0.75,compressed,0.965688829077907,0.965688829077907,0.965649036714312,-3.97923635946373e-05,0.16,0.16,0.1344,1,0,1,0,0.00276754341826475,0.00202000326922132,0.00476003387407319,0.00102249706860754,0.00262950380971064,0.0256,128,0,0.0256,0,128,0,1,0,-3.97923635946942e-05,0.00155438920291774,0.00155438920291774,1,1
slope_bias,159,1,identity_scale,0.965688829077907,0.965688829077907,0.965649036714312,-3.97923635946373e-05,0.16,0.16,0.1344,1,0,1,0,0,0.00202000326922132,0.000796482455965851,0.00102249706860754,0.00350600507961418,0.0256,128,0,0.0256,0,128,0,1,0,-3.97923635946942e-05,0.00155438920291774,0.00155438920291774,1,1
slope_bias,159,1.25,expanded,0.965688829077907,0.965688829077907,0.965649036714312,-3.97923635946373e-05,0.16,0.16,0.1344,1,0,1,0,0.00276754341826475,0.00202000326922132,0.00226371144195269,0.00102249706860754,0.00438250634951773,0.0256,128,0,0.0256,0,128,0,1,0,-3.97923635946942e-05,0.00155438920291774,0.00155438920291774,1,1
slope_bias,159,1.5,expanded,0.965688829077907,0.965688829077907,0.965649036714312,-3.97923635946373e-05,0.16,0.16,0.1344,1,0,1,0,0.011070173673059,0.00202000326922132,0.0091617208320337,0.00102249706860754,0.00525900761942127,0.0256,128,0,0.0256,0,128,0,1,0,-3.97923635946942e-05,0.00155438920291774,0.00155438920291774,1,1
slope_bias,159,2,expanded,0.965688829077907,0.965688829077907,0.965649036714312,-3.97923635946373e-05,0.16,0.16,0.1344,1,0,1,0,0.044280694692236,0.00202000326922132,0.0392500808244782,0.00102249706860754,0.00701201015922837,0.0256,128,0,0.0256,0,128,0,1,0,-3.97923635946942e-05,0.00155438920291774,0.00155438920291774,1,1
slope_bias,160,0.25,compressed,0.964851907056505,0.964851907056505,0.964188788707298,-0.000663118349207181,0.162,0.162,0.262,1,0,0.618320610687023,0.381679389312977,0.0234805227390674,0.00217364159296441,0.0254815965203079,0.00128061330746243,-0.00328528864987643,0.1,500,0,0.1,0,500,0,1,0,-0.000663118349207162,-0.00663118349207162,0.00663118349207162,1,1
slope_bias,160,0.5,compressed,0.964851907056505,0.964851907056505,0.964188788707298,-0.000663118349207181,0.162,0.162,0.262,1,0,0.618320610687023,0.381679389312977,0.01043578788403,0.00217364159296441,0.0120023583832287,0.00128061330746243,-0.00657057729975286,0.1,500,0,0.1,0,500,0,1,0,-0.000663118349207162,-0.00663118349207162,0.00663118349207162,1,1
slope_bias,160,0.75,compressed,0.964851907056505,0.964851907056505,0.964188788707298,-0.000663118349207181,0.162,0.162,0.262,1,0,0.618320610687023,0.381679389312977,0.00260894697100749,0.00217364159296441,0.00363301318259355,0.00128061330746243,-0.00985586594962928,0.1,500,0,0.1,0,500,0,1,0,-0.000663118349207162,-0.00663118349207162,0.00663118349207162,1,1
slope_bias,160,1,identity_scale,0.964851907056505,0.964851907056505,0.964188788707298,-0.000663118349207181,0.162,0.162,0.262,1,0,0.618320610687023,0.381679389312977,0,0.00217364159296441,0.000373560918402516,0.00128061330746243,-0.0131411545995057,0.1,500,0,0.1,0,500,0,1,0,-0.000663118349207162,-0.00663118349207162,0.00663118349207162,1,1
slope_bias,160,1.25,expanded,0.964851907056505,0.964851907056505,0.964188788707298,-0.000663118349207181,0.162,0.162,0.262,1,0,0.618320610687023,0.381679389312977,0.00260894697100749,0.00217364159296441,0.00222400159065558,0.00128061330746243,-0.0164264432493821,0.1,500,0,0.1,0,500,0,1,0,-0.000663118349207162,-0.00663118349207162,0.00663118349207162,1,1
slope_bias,160,1.5,expanded,0.964851907056505,0.964851907056505,0.964188788707298,-0.000663118349207181,0.162,0.162,0.262,1,0,0.618320610687023,0.381679389312977,0.01043578788403,0.00217364159296441,0.00918433519935273,0.00128061330746243,-0.0197117318992586,0.1,500,0,0.1,0,500,0,1,0,-0.000663118349207162,-0.00663118349207162,0.00663118349207162,1,1
slope_bias,160,2,expanded,0.964851907056505,0.964851907056505,0.964188788707298,-0.000663118349207181,0.162,0.162,0.262,1,0,0.618320610687023,0.381679389312977,0.0417431515361199,0.00217364159296441,0.0384346812260793,0.00128061330746243,-0.0262823091990114,0.1,500,0,0.1,0,500,0,1,0,-0.000663118349207162,-0.00663118349207162,0.00663118349207162,1,1
slope_bias,161,0.25,compressed,0.965045678147064,0.965045678147064,0.964982037945595,-6.36402014694282e-05,0.1712,0.1712,0.206,1,0,0.831067961165049,0.168932038834951,0.0230803517314147,0.00105235072943368,0.0224062871388403,0.000810088366786055,-0.000952045918497207,0.0348,174,0,0.0348,0,174,0,1,0,-6.36402014694649e-05,-0.00182874142153635,0.00182874142153635,1,1
slope_bias,161,0.5,compressed,0.965045678147064,0.965045678147064,0.964982037945595,-6.36402014694282e-05,0.1712,0.1712,0.206,1,0,0.831067961165049,0.168932038834951,0.010257934102851,0.00105235072943368,0.0101427291486508,0.000810088366786055,-0.00190409183699441,0.0348,174,0,0.0348,0,174,0,1,0,-6.36402014694649e-05,-0.00182874142153635,0.00182874142153635,1,1
slope_bias,161,0.75,compressed,0.965045678147064,0.965045678147064,0.964982037945595,-6.36402014694282e-05,0.1712,0.1712,0.206,1,0,0.831067961165049,0.168932038834951,0.00256448352571274,0.00105235072943368,0.00290121906293277,0.000810088366786055,-0.00285613775549162,0.0348,174,0,0.0348,0,174,0,1,0,-6.36402014694649e-05,-0.00182874142153635,0.00182874142153635,1,1
slope_bias,161,1,identity_scale,0.965045678147064,0.965045678147064,0.964982037945595,-6.36402014694282e-05,0.1712,0.1712,0.206,1,0,0.831067961165049,0.168932038834951,0,0.00105235072943368,0.000681756881686067,0.000810088366786055,-0.00380818367398883,0.0348,174,0,0.0348,0,174,0,1,0,-6.36402014694649e-05,-0.00182874142153635,0.00182874142153635,1,1
slope_bias,161,1.25,expanded,0.965045678147064,0.965045678147064,0.964982037945595,-6.36402014694282e-05,0.1712,0.1712,0.206,1,0,0.831067961165049,0.168932038834951,0.00256448352571274,0.00105235072943368,0.00348434260491072,0.000810088366786055,-0.00476022959248604,0.0348,174,0,0.0348,0,174,0,1,0,-6.36402014694649e-05,-0.00182874142153635,0.00182874142153635,1,1
slope_bias,161,1.5,expanded,0.965045678147064,0.965045678147064,0.964982037945595,-6.36402014694282e-05,0.1712,0.1712,0.206,1,0,0.831067961165049,0.168932038834951,0.010257934102851,0.00105235072943368,0.0113089762326067,0.000810088366786055,-0.00571227551098325,0.0348,174,0,0.0348,0,174,0,1,0,-6.36402014694649e-05,-0.00182874142153635,0.00182874142153635,1,1
slope_bias,161,2,expanded,0.965045678147064,0.965045678147064,0.964982037945595,-6.36402014694282e-05,0.1712,0.1712,0.206,1,0,0.831067961165049,0.168932038834951,0.0410317364114038,0.00105235072943368,0.0420243872014128,0.000810088366786055,-0.00761636734797766,0.0348,174,0,0.0348,0,174,0,1,0,-6.36402014694649e-05,-0.00182874142153635,0.00182874142153635,1,1
slope_bias,162,0.25,compressed,0.964417627768983,0.964417627768983,0.962679948693043,-0.0017376790759398,0.1654,0.1654,0.3298,1,0,0.501516070345664,0.498483929654336,0.0256713272765401,0.000827209250453085,0.0285732400001808,0.000313204911764785,-0.00523848166284358,0.1644,822,0,0.1644,0,822,0,1,0,-0.00173767907593981,-0.0105698240628942,0.0105698240628942,1,1
slope_bias,162,0.5,compressed,0.964417627768983,0.964417627768983,0.962679948693043,-0.0017376790759398,0.1654,0.1654,0.3298,1,0,0.501516070345664,0.498483929654336,0.0114094787895734,0.000827209250453085,0.0136163932194101,0.000313204911764785,-0.0104769633256872,0.1644,822,0,0.1644,0,822,0,1,0,-0.00173767907593981,-0.0105698240628942,0.0105698240628942,1,1
slope_bias,162,0.75,compressed,0.964417627768983,0.964417627768983,0.962679948693043,-0.0017376790759398,0.1654,0.1654,0.3298,1,0,0.501516070345664,0.498483929654336,0.00285236969739335,0.000827209250453085,0.00426184226777581,0.000313204911764785,-0.0157154449885307,0.1644,822,0,0.1644,0,822,0,1,0,-0.00173767907593981,-0.0105698240628942,0.0105698240628942,1,1
slope_bias,162,1,identity_scale,0.964417627768983,0.964417627768983,0.962679948693043,-0.0017376790759398,0.1654,0.1654,0.3298,1,0,0.501516070345664,0.498483929654336,0,0.000827209250453085,0.000509587145277893,0.000313204911764785,-0.0209539266513743,0.1644,822,0,0.1644,0,822,0,1,0,-0.00173767907593981,-0.0105698240628942,0.0105698240628942,1,1
slope_bias,162,1.25,expanded,0.964417627768983,0.964417627768983,0.962679948693043,-0.0017376790759398,0.1654,0.1654,0.3298,1,0,0.501516070345664,0.498483929654336,0.00285236969739335,0.000827209250453085,0.00235962785191634,0.000313204911764785,-0.0261924083142179,0.1644,822,0,0.1644,0,822,0,1,0,-0.00173767907593981,-0.0105698240628942,0.0105698240628942,1,1
slope_bias,162,1.5,expanded,0.964417627768983,0.964417627768983,0.962679948693043,-0.0017376790759398,0.1654,0.1654,0.3298,1,0,0.501516070345664,0.498483929654336,0.0114094787895734,0.000827209250453085,0.00981196438769116,0.000313204911764785,-0.0314308899770615,0.1644,822,0,0.1644,0,822,0,1,0,-0.00173767907593981,-0.0105698240628942,0.0105698240628942,1,1
slope_bias,162,2,expanded,0.964417627768983,0.964417627768983,0.962679948693043,-0.0017376790759398,0.1654,0.1654,0.3298,1,0,0.501516070345664,0.498483929654336,0.0456379151582935,0.000827209250453085,0.0415235249466499,0.000313204911764785,-0.0419078533027486,0.1644,822,0,0.1644,0,822,0,1,0,-0.00173767907593981,-0.0105698240628942,0.0105698240628942,1,1
slope_bias,163,0.25,compressed,0.965690504138138,0.965690504138138,0.965621512701176,-6.89914369614852e-05,0.157,0.157,0.1256,1,0,1,0,0.0255102808106389,0.000946972499609987,0.0293510459736012,0.00164308275093107,0.00115751041471293,0.0314,157,0,0.0314,0,157,0,1,0,-6.89914369614649e-05,0.00219717952106576,0.00219717952106576,1,1
slope_bias,163,0.5,compressed,0.965690504138138,0.965690504138138,0.965621512701176,-6.89914369614852e-05,0.157,0.157,0.1256,1,0,1,0,0.0113379025825062,0.000946972499609987,0.0143224860272976,0.00164308275093107,0.00231502082942586,0.0314,157,0,0.0314,0,157,0,1,0,-6.89914369614649e-05,0.00219717952106576,0.00219717952106576,1,1
slope_bias,163,0.75,compressed,0.965690504138138,0.965690504138138,0.965621512701176,-6.89914369614852e-05,0.157,0.157,0.1256,1,0,1,0,0.00283447564562655,0.000946972499609987,0.00485398012171949,0.00164308275093107,0.00347253124413879,0.0314,157,0,0.0314,0,157,0,1,0,-6.89914369614649e-05,0.00219717952106576,0.00219717952106576,1,1
slope_bias,163,1,identity_scale,0.965690504138138,0.965690504138138,0.965621512701176,-6.89914369614852e-05,0.157,0.157,0.1256,1,0,1,0,0,0.000946972499609987,0.000945528256866768,0.00164308275093107,0.00463004165885173,0.0314,157,0,0.0314,0,157,0,1,0,-6.89914369614649e-05,0.00219717952106576,0.00219717952106576,1,1
slope_bias,163,1.25,expanded,0.965690504138138,0.965690504138138,0.965621512701176,-6.89914369614852e-05,0.157,0.157,0.1256,1,0,1,0,0.00283447564562655,0.000946972499609987,0.00259713043273946,0.00164308275093107,0.00578755207356466,0.0314,157,0,0.0314,0,157,0,1,0,-6.89914369614649e-05,0.00219717952106576,0.00219717952106576,1,1
slope_bias,163,1.5,expanded,0.965690504138138,0.965690504138138,0.965621512701176,-6.89914369614852e-05,0.157,0.157,0.1256,1,0,1,0,0.0113379025825062,0.000946972499609987,0.00980878664933755,0.00164308275093107,0.00694506248827759,0.0314,157,0,0.0314,0,157,0,1,0,-6.89914369614649e-05,0.00219717952106576,0.00219717952106576,1,1
slope_bias,163,2,expanded,0.965690504138138,0.965690504138138,0.965621512701176,-6.89914369614852e-05,0.157,0.157,0.1256,1,0,1,0,0.0453516103300248,0.000946972499609987,0.04091226120471,0.00164308275093107,0.00926008331770345,0.0314,157,0,0.0314,0,157,0,1,0,-6.89914369614649e-05,0.00219717952106576,0.00219717952106576,1,1
slope_bias,164,0.25,compressed,0.965596432325921,0.965596432325921,0.965469472885492,-0.000126959440429397,0.1696,0.1696,0.1238,1,0,1,0,0.0231466265073506,0.00198927965251458,0.0202233134570291,0.0020993866983613,0.00159839766921724,0.0458,229,0,0.0458,0,229,0,1,0,-0.000126959440429295,0.00277204018404575,0.00277204018404575,1,1
slope_bias,164,0.5,compressed,0.965596432325921,0.965596432325921,0.965469472885492,-0.000126959440429397,0.1696,0.1696,0.1238,1,0,1,0,0.0102873895588225,0.00198927965251458,0.00858134223043558,0.0020993866983613,0.00319679533843448,0.0458,229,0,0.0458,0,229,0,1,0,-0.000126959440429295,0.00277204018404575,0.00277204018404575,1,1
slope_bias,164,0.75,compressed,0.965596432325921,0.965596432325921,0.965469472885492,-0.000126959440429397,0.1696,0.1696,0.1238,1,0,1,0,0.00257184738970562,0.00198927965251458,0.00197660374699578,0.0020993866983613,0.00479519300765172,0.0458,229,0,0.0458,0,229,0,1,0,-0.000126959440429295,0.00277204018404575,0.00277204018404575,1,1
slope_bias,164,1,identity_scale,0.965596432325921,0.965596432325921,0.965469472885492,-0.000126959440429397,0.1696,0.1696,0.1238,1,0,1,0,0,0.00198927965251458,0.000409098006709664,0.0020993866983613,0.00639359067686895,0.0458,229,0,0.0458,0,229,0,1,0,-0.000126959440429295,0.00277204018404575,0.00277204018404575,1,1
slope_bias,164,1.25,expanded,0.965596432325921,0.965596432325921,0.965469472885492,-0.000126959440429397,0.1696,0.1696,0.1238,1,0,1,0,0.00257184738970562,0.00198927965251458,0.00387882500957725,0.0020993866983613,0.00799198834608619,0.0458,229,0,0.0458,0,229,0,1,0,-0.000126959440429295,0.00277204018404575,0.00277204018404575,1,1
slope_bias,164,1.5,expanded,0.965596432325921,0.965596432325921,0.965469472885492,-0.000126959440429397,0.1696,0.1696,0.1238,1,0,1,0,0.0102873895588225,0.00198927965251458,0.0123857847555985,0.0020993866983613,0.00959038601530343,0.0458,229,0,0.0458,0,229,0,1,0,-0.000126959440429295,0.00277204018404575,0.00277204018404575,1,1
slope_bias,164,2,expanded,0.965596432325921,0.965596432325921,0.965469472885492,-0.000126959440429397,0.1696,0.1696,0.1238,1,0,1,0,0.0411495582352899,0.00198927965251458,0.0445114024771022,0.0020993866983613,0.0127871813537379,0.0458,229,0,0.0458,0,229,0,1,0,-0.000126959440429295,0.00277204018404575,0.00277204018404575,1,1
slope_bias,165,0.25,compressed,0.964918142571413,0.964918142571413,0.964234943958899,-0.000683198612514424,0.1664,0.1664,0.0702,1,0,1,0,0.0242012018693433,0.00165055900796599,0.0262942285219398,0.00122682374152381,0.00442403986527493,0.0962,481,0,0.0962,0,481,0,1,0,-0.00068319861251446,0.00710185667894449,0.00710185667894449,1,1
slope_bias,165,0.5,compressed,0.964918142571413,0.964918142571413,0.964234943958899,-0.000683198612514424,0.1664,0.1664,0.0702,1,0,1,0,0.0107560897197081,0.00165055900796599,0.0123325113209304,0.00122682374152381,0.00884807973054985,0.0962,481,0,0.0962,0,481,0,1,0,-0.00068319861251446,0.00710185667894449,0.00710185667894449,1,1
slope_bias,165,0.75,compressed,0.964918142571413,0.964918142571413,0.964234943958899,-0.000683198612514424,0.1664,0.1664,0.0702,1,0,1,0,0.00268902242992704,0.00165055900796599,0.00364812960861483,0.00122682374152381,0.0132721195958248,0.0962,481,0,0.0962,0,481,0,1,0,-0.00068319861251446,0.00710185667894449,0.00710185667894449,1,1
slope_bias,165,1,identity_scale,0.964918142571413,0.964918142571413,0.964234943958899,-0.000683198612514424,0.1664,0.1664,0.0702,1,0,1,0,0,0.00165055900796599,0.000241083384992971,0.00122682374152381,0.0176961594610997,0.0962,481,0,0.0962,0,481,0,1,0,-0.00068319861251446,0.00710185667894449,0.00710185667894449,1,1
slope_bias,165,1.25,expanded,0.964918142571413,0.964918142571413,0.964234943958899,-0.000683198612514424,0.1664,0.1664,0.0702,1,0,1,0,0.00268902242992704,0.00165055900796599,0.00211137265006486,0.00122682374152381,0.0221201993263746,0.0962,481,0,0.0962,0,481,0,1,0,-0.00068319861251446,0.00710185667894449,0.00710185667894449,1,1
slope_bias,165,1.5,expanded,0.964918142571413,0.964918142571413,0.964234943958899,-0.000683198612514424,0.1664,0.1664,0.0702,1,0,1,0,0.0107560897197081,0.00165055900796599,0.00925899740383049,0.00122682374152381,0.0265442391916496,0.0962,481,0,0.0962,0,481,0,1,0,-0.00068319861251446,0.00710185667894449,0.00710185667894449,1,1
slope_bias,165,2,expanded,0.964918142571413,0.964918142571413,0.964234943958899,-0.000683198612514424,0.1664,0.1664,0.0702,1,0,1,0,0.0430243588788326,0.00165055900796599,0.039386253377443,0.00122682374152381,0.0353923189221994,0.0962,481,0,0.0962,0,481,0,1,0,-0.00068319861251446,0.00710185667894449,0.00710185667894449,1,1
slope_bias,166,0.25,compressed,0.965080967192621,0.965080967192621,0.964753114161591,-0.00032785303102989,0.1522,0.1522,0.2254,1,0,0.675244010647737,0.324755989352263,0.0247141395545748,0.00130261590374137,0.0237407397271141,0.00128491625970834,-0.00239177193192813,0.0732,366,0,0.0732,0,366,0,1,0,-0.000327853031029967,-0.00447886654412523,0.00447886654412523,1,1
slope_bias,166,0.5,compressed,0.965080967192621,0.965080967192621,0.964753114161591,-0.00032785303102989,0.1522,0.1522,0.2254,1,0,0.675244010647737,0.324755989352263,0.0109840620242555,0.00130261590374137,0.010492530504444,0.00128491625970834,-0.00478354386385627,0.0732,366,0,0.0732,0,366,0,1,0,-0.000327853031029967,-0.00447886654412523,0.00447886654412523,1,1
slope_bias,166,0.75,compressed,0.965080967192621,0.965080967192621,0.964753114161591,-0.00032785303102989,0.1522,0.1522,0.2254,1,0,0.675244010647737,0.324755989352263,0.00274601550606386,0.00130261590374137,0.00263155020119248,0.00128491625970834,-0.0071753157957844,0.0732,366,0,0.0732,0,366,0,1,0,-0.000327853031029967,-0.00447886654412523,0.00447886654412523,1,1
slope_bias,166,1,identity_scale,0.965080967192621,0.965080967192621,0.964753114161591,-0.00032785303102989,0.1522,0.1522,0.2254,1,0,0.675244010647737,0.324755989352263,0,0.00130261590374137,0.00015779881735945,0.00128491625970834,-0.00956708772771253,0.0732,366,0,0.0732,0,366,0,1,0,-0.000327853031029967,-0.00447886654412523,0.00447886654412523,1,1
slope_bias,166,1.25,expanded,0.965080967192621,0.965080967192621,0.964753114161591,-0.00032785303102989,0.1522,0.1522,0.2254,1,0,0.675244010647737,0.324755989352263,0.00274601550606386,0.00130261590374137,0.00307127635294493,0.00128491625970834,-0.0119588596596407,0.0732,366,0,0.0732,0,366,0,1,0,-0.000327853031029967,-0.00447886654412523,0.00447886654412523,1,1
slope_bias,166,1.5,expanded,0.965080967192621,0.965080967192621,0.964753114161591,-0.00032785303102989,0.1522,0.1522,0.2254,1,0,0.675244010647737,0.324755989352263,0.0109840620242555,0.00130261590374137,0.0113719828079489,0.00128491625970834,-0.0143506315915688,0.0732,366,0,0.0732,0,366,0,1,0,-0.000327853031029967,-0.00447886654412523,0.00447886654412523,1,1
slope_bias,166,2,expanded,0.965080967192621,0.965080967192621,0.964753114161591,-0.00032785303102989,0.1522,0.1522,0.2254,1,0,0.675244010647737,0.324755989352263,0.0439362480970218,0.00130261590374137,0.0441350824762124,0.00128491625970834,-0.0191341754554251,0.0732,366,0,0.0732,0,366,0,1,0,-0.000327853031029967,-0.00447886654412523,0.00447886654412523,1,1
slope_bias,167,0.25,compressed,0.96609727099105,0.96609727099105,0.966092880030975,-4.39096007509576e-06,0.1574,0.1574,0.1488,1,0,1,0,0.0245316205693819,0.000600775664363991,0.0246032061104171,0.000199939807863791,0.000252536704071465,0.0086,43,0,0.0086,0,43,0,1,0,-4.39096007507966e-06,0.00051057675291624,0.00051057675291624,1,1
slope_bias,167,0.5,compressed,0.96609727099105,0.96609727099105,0.966092880030975,-4.39096007509576e-06,0.1574,0.1574,0.1488,1,0,1,0,0.0109029424752808,0.000600775664363991,0.0112578233061301,0.000199939807863791,0.000505073408142931,0.0086,43,0,0.0086,0,43,0,1,0,-4.39096007507966e-06,0.00051057675291624,0.00051057675291624,1,1
slope_bias,167,0.75,compressed,0.96609727099105,0.96609727099105,0.966092880030975,-4.39096007509576e-06,0.1574,0.1574,0.1488,1,0,1,0,0.00272573561882021,0.000600775664363991,0.00325909722213998,0.000199939807863791,0.000757610112214396,0.0086,43,0,0.0086,0,43,0,1,0,-4.39096007507966e-06,0.00051057675291624,0.00051057675291624,1,1
slope_bias,167,1,identity_scale,0.96609727099105,0.96609727099105,0.966092880030975,-4.39096007509576e-06,0.1574,0.1574,0.1488,1,0,1,0,0,0.000600775664363991,0.000607027858446851,0.000199939807863791,0.00101014681628586,0.0086,43,0,0.0086,0,43,0,1,0,-4.39096007507966e-06,0.00051057675291624,0.00051057675291624,1,1
slope_bias,167,1.25,expanded,0.96609727099105,0.96609727099105,0.966092880030975,-4.39096007509576e-06,0.1574,0.1574,0.1488,1,0,1,0,0.00272573561882021,0.000600775664363991,0.0033016152150507,0.000199939807863791,0.00126268352035733,0.0086,43,0,0.0086,0,43,0,1,0,-4.39096007507966e-06,0.00051057675291624,0.00051057675291624,1,1
slope_bias,167,1.5,expanded,0.96609727099105,0.96609727099105,0.966092880030975,-4.39096007509576e-06,0.1574,0.1574,0.1488,1,0,1,0,0.0109029424752808,0.000600775664363991,0.0113428592919515,0.000199939807863791,0.00151522022442879,0.0086,43,0,0.0086,0,43,0,1,0,-4.39096007507966e-06,0.00051057675291624,0.00051057675291624,1,1
slope_bias,167,2,expanded,0.96609727099105,0.96609727099105,0.966092880030975,-4.39096007509576e-06,0.1574,0.1574,0.1488,1,0,1,0,0.0436117699011233,0.000600775664363991,0.0434653176066441,0.000199939807863791,0.00202029363257172,0.0086,43,0,0.0086,0,43,0,1,0,-4.39096007507966e-06,0.00051057675291624,0.00051057675291624,1,1
slope_bias,168,0.25,compressed,0.965659040644751,0.965659040644751,0.965608401014883,-5.06396298675105e-05,0.1572,0.1572,0.1288,1,0,1,0,0.0244841348258366,0.000995183676296112,0.0212905460760429,0.00213779352802538,0.000993053689857831,0.0284,142,0,0.0284,0,142,0,1,0,-5.06396298674828e-05,0.00178308555871418,0.00178308555871418,1,1
slope_bias,168,0.5,compressed,0.965659040644751,0.965659040644751,0.965608401014883,-5.06396298675105e-05,0.1572,0.1572,0.1288,1,0,1,0,0.0108818377003718,0.000995183676296112,0.00923406542614213,0.00213779352802538,0.00198610737971566,0.0284,142,0,0.0284,0,142,0,1,0,-5.06396298674828e-05,0.00178308555871418,0.00178308555871418,1,1
slope_bias,168,0.75,compressed,0.965659040644751,0.965659040644751,0.965608401014883,-5.06396298675105e-05,0.1572,0.1572,0.1288,1,0,1,0,0.00272045942509295,0.000995183676296112,0.00251219758745786,0.00213779352802538,0.00297916106957349,0.0284,142,0,0.0284,0,142,0,1,0,-5.06396298674828e-05,0.00178308555871418,0.00178308555871418,1,1
slope_bias,168,1,identity_scale,0.965659040644751,0.965659040644751,0.965608401014883,-5.06396298675105e-05,0.1572,0.1572,0.1288,1,0,1,0,0,0.000995183676296112,0.00112494255999013,0.00213779352802538,0.00397221475943133,0.0284,142,0,0.0284,0,142,0,1,0,-5.06396298674828e-05,0.00178308555871418,0.00178308555871418,1,1
slope_bias,168,1.25,expanded,0.965659040644751,0.965659040644751,0.965608401014883,-5.06396298675105e-05,0.1572,0.1572,0.1288,1,0,1,0,0.00272045942509295,0.000995183676296112,0.00507230034373895,0.00213779352802538,0.00496526844928916,0.0284,142,0,0.0284,0,142,0,1,0,-5.06396298674828e-05,0.00178308555871418,0.00178308555871418,1,1
slope_bias,168,1.5,expanded,0.965659040644751,0.965659040644751,0.965608401014883,-5.06396298675105e-05,0.1572,0.1572,0.1288,1,0,1,0,0.0108818377003718,0.000995183676296112,0.0143542709387043,0.00213779352802538,0.00595832213914699,0.0284,142,0,0.0284,0,142,0,1,0,-5.06396298674828e-05,0.00178308555871418,0.00178308555871418,1,1
slope_bias,168,2,expanded,0.965659040644751,0.965659040644751,0.965608401014883,-5.06396298675105e-05,0.1572,0.1572,0.1288,1,0,1,0,0.0435273508014872,0.000995183676296112,0.0489220505622846,0.00213779352802538,0.00794442951886265,0.0284,142,0,0.0284,0,142,0,1,0,-5.06396298674828e-05,0.00178308555871418,0.00178308555871418,1,1
slope_bias,169,0.25,compressed,0.965435204663368,0.965435204663368,0.965383867985702,-5.13366776664359e-05,0.159,0.159,0.1888,1,0,0.842161016949153,0.157838983050847,0.0241140932934835,0.00111864098778015,0.0271692161544862,0.00160387255484645,-0.00088268207341477,0.0298,149,0,0.0298,0,149,0,1,0,-5.13366776664744e-05,-0.00172270730424411,0.00172270730424411,1,1
slope_bias,169,0.5,compressed,0.965435204663368,0.965435204663368,0.965383867985702,-5.13366776664359e-05,0.159,0.159,0.1888,1,0,0.842161016949153,0.157838983050847,0.0107173747971038,0.00111864098778015,0.013145646309551,0.00160387255484645,-0.00176536414682954,0.0298,149,0,0.0298,0,149,0,1,0,-5.13366776664744e-05,-0.00172270730424411,0.00172270730424411,1,1
slope_bias,169,0.75,compressed,0.965435204663368,0.965435204663368,0.965383867985702,-5.13366776664359e-05,0.159,0.159,0.1888,1,0,0.842161016949153,0.157838983050847,0.00267934369927594,0.00111864098778015,0.00437075083815814,0.00160387255484645,-0.00264804622024431,0.0298,149,0,0.0298,0,149,0,1,0,-5.13366776664744e-05,-0.00172270730424411,0.00172270730424411,1,1
slope_bias,169,1,identity_scale,0.965435204663368,0.965435204663368,0.965383867985702,-5.13366776664359e-05,0.159,0.159,0.1888,1,0,0.842161016949153,0.157838983050847,0,0.00111864098778015,0.000844529740307441,0.00160387255484645,-0.00353072829365908,0.0298,149,0,0.0298,0,149,0,1,0,-5.13366776664744e-05,-0.00172270730424411,0.00172270730424411,1,1
slope_bias,169,1.25,expanded,0.965435204663368,0.965435204663368,0.965383867985702,-5.13366776664359e-05,0.159,0.159,0.1888,1,0,0.842161016949153,0.157838983050847,0.00267934369927594,0.00111864098778015,0.00256698301599895,0.00160387255484645,-0.00441341036707385,0.0298,149,0,0.0298,0,149,0,1,0,-5.13366776664744e-05,-0.00172270730424411,0.00172270730424411,1,1
slope_bias,169,1.5,expanded,0.965435204663368,0.965435204663368,0.965383867985702,-5.13366776664359e-05,0.159,0.159,0.1888,1,0,0.842161016949153,0.157838983050847,0.0107173747971038,0.00111864098778015,0.00953811066523267,0.00160387255484645,-0.00529609244048862,0.0298,149,0,0.0298,0,149,0,1,0,-5.13366776664744e-05,-0.00172270730424411,0.00172270730424411,1,1
slope_bias,169,2,expanded,0.965435204663368,0.965435204663368,0.965383867985702,-5.13366776664359e-05,0.159,0.159,0.1888,1,0,0.842161016949153,0.157838983050847,0.042869499188415,0.00111864098778015,0.0392263890843267,0.00160387255484645,-0.00706145658731816,0.0298,149,0,0.0298,0,149,0,1,0,-5.13366776664744e-05,-0.00172270730424411,0.00172270730424411,1,1
slope_bias,170,0.25,compressed,0.96504893377071,0.96504893377071,0.964308736097971,-0.000740197672739584,0.1622,0.1622,0.274,1,0,0.591970802919708,0.408029197080292,0.023782424089225,0.000722631874688683,0.0240110924863205,0.000938434063457099,-0.0034029167945816,0.1118,559,0,0.1118,0,559,0,1,0,-0.000740197672739579,-0.00662073052539874,0.00662073052539874,1,1
slope_bias,170,0.5,compressed,0.96504893377071,0.96504893377071,0.964308736097971,-0.000740197672739584,0.1622,0.1622,0.274,1,0,0.591970802919708,0.408029197080292,0.0105699662618778,0.000722631874688683,0.0109091493526409,0.000938434063457099,-0.0068058335891632,0.1118,559,0,0.1118,0,559,0,1,0,-0.000740197672739579,-0.00662073052539874,0.00662073052539874,1,1
slope_bias,170,0.75,compressed,0.96504893377071,0.96504893377071,0.964308736097971,-0.000740197672739584,0.1622,0.1622,0.274,1,0,0.591970802919708,0.408029197080292,0.00264249156546945,0.000722631874688683,0.00298418092957897,0.000938434063457099,-0.0102087503837448,0.1118,559,0,0.1118,0,559,0,1,0,-0.000740197672739579,-0.00662073052539874,0.00662073052539874,1,1
slope_bias,170,1,identity_scale,0.96504893377071,0.96504893377071,0.964308736097971,-0.000740197672739584,0.1622,0.1622,0.274,1,0,0.591970802919708,0.408029197080292,0,0.000722631874688683,0.000236187217134789,0.000938434063457099,-0.0136116671783264,0.1118,559,0,0.1118,0,559,0,1,0,-0.000740197672739579,-0.00662073052539874,0.00662073052539874,1,1
slope_bias,170,1.25,expanded,0.96504893377071,0.96504893377071,0.964308736097971,-0.000740197672739584,0.1622,0.1622,0.274,1,0,0.591970802919708,0.408029197080292,0.00264249156546945,0.000722631874688683,0.00266516821530833,0.000938434063457099,-0.017014583972908,0.1118,559,0,0.1118,0,559,0,1,0,-0.000740197672739579,-0.00662073052539874,0.00662073052539874,1,1
slope_bias,170,1.5,expanded,0.96504893377071,0.96504893377071,0.964308736097971,-0.000740197672739584,0.1622,0.1622,0.274,1,0,0.591970802919708,0.408029197080292,0.0105699662618778,0.000722631874688683,0.0102711239240996,0.000938434063457099,-0.0204175007674896,0.1118,559,0,0.1118,0,559,0,1,0,-0.000740197672739579,-0.00662073052539874,0.00662073052539874,1,1
slope_bias,170,2,expanded,0.96504893377071,0.96504893377071,0.964308736097971,-0.000740197672739584,0.1622,0.1622,0.274,1,0,0.591970802919708,0.408029197080292,0.0422798650475112,0.000722631874688683,0.0410139594735353,0.000938434063457099,-0.0272233343566528,0.1118,559,0,0.1118,0,559,0,1,0,-0.000740197672739579,-0.00662073052539874,0.00662073052539874,1,1
slope_bias,171,0.25,compressed,0.966529398517353,0.966529398517353,0.96651575798596,-1.36405313928556e-05,0.1572,0.1572,0.142,1,0,1,0,0.0244327944532223,0.00195467938890575,0.0246050218880671,0.000386782315787135,0.000506986394615105,0.0152,76,0,0.0152,0,76,0,1,0,-1.36405313928959e-05,0.000897403381111572,0.000897403381111572,1,1
slope_bias,171,0.5,compressed,0.966529398517353,0.966529398517353,0.96651575798596,-1.36405313928556e-05,0.1572,0.1572,0.142,1,0,1,0,0.0108590197569877,0.00195467938890575,0.0111416036164564,0.000386782315787135,0.00101397278923021,0.0152,76,0,0.0152,0,76,0,1,0,-1.36405313928959e-05,0.000897403381111572,0.000897403381111572,1,1
slope_bias,171,0.75,compressed,0.966529398517353,0.966529398517353,0.96651575798596,-1.36405313928556e-05,0.1572,0.1572,0.142,1,0,1,0,0.00271475493924692,0.00195467938890575,0.00300262110100738,0.000386782315787135,0.00152095918384532,0.0152,76,0,0.0152,0,76,0,1,0,-1.36405313928959e-05,0.000897403381111572,0.000897403381111572,1,1
slope_bias,171,1,identity_scale,0.966529398517353,0.966529398517353,0.96651575798596,-1.36405313928556e-05,0.1572,0.1572,0.142,1,0,1,0,0,0.00195467938890575,0.000188074341719996,0.000386782315787135,0.00202794557846042,0.0152,76,0,0.0152,0,76,0,1,0,-1.36405313928959e-05,0.000897403381111572,0.000897403381111572,1,1
slope_bias,171,1.25,expanded,0.966529398517353,0.966529398517353,0.96651575798596,-1.36405313928556e-05,0.1572,0.1572,0.142,1,0,1,0,0.00271475493924692,0.00195467938890575,0.00269796333859427,0.000386782315787135,0.00253493197307553,0.0152,76,0,0.0152,0,76,0,1,0,-1.36405313928959e-05,0.000897403381111572,0.000897403381111572,1,1
slope_bias,171,1.5,expanded,0.966529398517353,0.966529398517353,0.96651575798596,-1.36405313928556e-05,0.1572,0.1572,0.142,1,0,1,0,0.0108590197569877,0.00195467938890575,0.0105322880916302,0.000386782315787135,0.00304191836769063,0.0152,76,0,0.0152,0,76,0,1,0,-1.36405313928959e-05,0.000897403381111572,0.000897403381111572,1,1
slope_bias,171,2,expanded,0.966529398517353,0.966529398517353,0.96651575798596,-1.36405313928556e-05,0.1572,0.1572,0.142,1,0,1,0,0.0434360790279507,0.00195467938890575,0.0421742448661871,0.000386782315787135,0.00405589115692084,0.0152,76,0,0.0152,0,76,0,1,0,-1.36405313928959e-05,0.000897403381111572,0.000897403381111572,1,1
slope_bias,172,0.25,compressed,0.967181287709052,0.967181287709052,0.966873851677206,-0.00030743603184602,0.1646,0.1646,0.0998,1,0,1,0,0.024104125369752,0.00149662029805021,0.022398437215305,0.00133813883014769,0.00278160794153068,0.0648,324,0,0.0648,0,324,0,1,0,-0.000307436031846012,0.00474438320750018,0.00474438320750018,1,1
slope_bias,172,0.5,compressed,0.967181287709052,0.967181287709052,0.966873851677206,-0.00030743603184602,0.1646,0.1646,0.0998,1,0,1,0,0.0107129446087787,0.00149662029805021,0.0100352936787087,0.00133813883014769,0.00556321588306136,0.0648,324,0,0.0648,0,324,0,1,0,-0.000307436031846012,0.00474438320750018,0.00474438320750018,1,1
slope_bias,172,0.75,compressed,0.967181287709052,0.967181287709052,0.966873851677206,-0.00030743603184602,0.1646,0.1646,0.0998,1,0,1,0,0.00267823615219467,0.00149662029805021,0.00291659313186353,0.00133813883014769,0.00834482382459204,0.0648,324,0,0.0648,0,324,0,1,0,-0.000307436031846012,0.00474438320750018,0.00474438320750018,1,1
slope_bias,172,1,identity_scale,0.967181287709052,0.967181287709052,0.966873851677206,-0.00030743603184602,0.1646,0.1646,0.0998,1,0,1,0,0,0.00149662029805021,0.00104233557476959,0.00133813883014769,0.0111264317661227,0.0648,324,0,0.0648,0,324,0,1,0,-0.000307436031846012,0.00474438320750018,0.00474438320750018,1,1
slope_bias,172,1.25,expanded,0.967181287709052,0.967181287709052,0.966873851677206,-0.00030743603184602,0.1646,0.1646,0.0998,1,0,1,0,0.00267823615219467,0.00149662029805021,0.00441252100742682,0.00133813883014769,0.0139080397076534,0.0648,324,0,0.0648,0,324,0,1,0,-0.000307436031846012,0.00474438320750018,0.00474438320750018,1,1
slope_bias,172,1.5,expanded,0.967181287709052,0.967181287709052,0.966873851677206,-0.00030743603184602,0.1646,0.1646,0.0998,1,0,1,0,0.0107129446087787,0.00149662029805021,0.0130271494298352,0.00133813883014769,0.0166896476491841,0.0648,324,0,0.0648,0,324,0,1,0,-0.000307436031846012,0.00474438320750018,0.00474438320750018,1,1
slope_bias,172,2,expanded,0.967181287709052,0.967181287709052,0.966873851677206,-0.00030743603184602,0.1646,0.1646,0.0998,1,0,1,0,0.0428517784351147,0.00149662029805021,0.0459897352439056,0.00133813883014769,0.0222528635322454,0.0648,324,0,0.0648,0,324,0,1,0,-0.000307436031846012,0.00474438320750018,0.00474438320750018,1,1
slope_bias,173,0.25,compressed,0.965155743413243,0.965155743413243,0.964979172869112,-0.00017657054413156,0.1614,0.1614,0.2146,1,0,0.752096924510718,0.247903075489282,0.0248782732027475,0.000960677960435533,0.0223563943630788,0.000616067232901609,-0.0016392718390903,0.0532,266,0,0.0532,0,266,0,1,0,-0.000176570544131577,-0.00331899519044318,0.00331899519044318,1,1
slope_bias,173,0.5,compressed,0.965155743413243,0.965155743413243,0.964979172869112,-0.00017657054413156,0.1614,0.1614,0.2146,1,0,0.752096924510718,0.247903075489282,0.0110570103123322,0.000960677960435533,0.0096067732986804,0.000616067232901609,-0.00327854367818059,0.0532,266,0,0.0532,0,266,0,1,0,-0.000176570544131577,-0.00331899519044318,0.00331899519044318,1,1
slope_bias,173,0.75,compressed,0.965155743413243,0.965155743413243,0.964979172869112,-0.00017657054413156,0.1614,0.1614,0.2146,1,0,0.752096924510718,0.247903075489282,0.00276425257808305,0.000960677960435533,0.00228187361604562,0.000616067232901609,-0.00491781551727089,0.0532,266,0,0.0532,0,266,0,1,0,-0.000176570544131577,-0.00331899519044318,0.00331899519044318,1,1
slope_bias,173,1,identity_scale,0.965155743413243,0.965155743413243,0.964979172869112,-0.00017657054413156,0.1614,0.1614,0.2146,1,0,0.752096924510718,0.247903075489282,0,0.000960677960435533,0.00038169531517448,0.000616067232901609,-0.00655708735636118,0.0532,266,0,0.0532,0,266,0,1,0,-0.000176570544131577,-0.00331899519044318,0.00331899519044318,1,1
slope_bias,173,1.25,expanded,0.965155743413243,0.965155743413243,0.964979172869112,-0.00017657054413156,0.1614,0.1614,0.2146,1,0,0.752096924510718,0.247903075489282,0.00276425257808305,0.000960677960435533,0.00390623839606698,0.000616067232901609,-0.00819635919545148,0.0532,266,0,0.0532,0,266,0,1,0,-0.000176570544131577,-0.00331899519044318,0.00331899519044318,1,1
slope_bias,173,1.5,expanded,0.965155743413243,0.965155743413243,0.964979172869112,-0.00017657054413156,0.1614,0.1614,0.2146,1,0,0.752096924510718,0.247903075489282,0.0110570103123322,0.000960677960435533,0.0128555028587231,0.000616067232901609,-0.00983563103454177,0.0532,266,0,0.0532,0,266,0,1,0,-0.000176570544131577,-0.00331899519044318,0.00331899519044318,1,1
slope_bias,173,2,expanded,0.965155743413243,0.965155743413243,0.964979172869112,-0.00017657054413156,0.1614,0.1614,0.2146,1,0,0.752096924510718,0.247903075489282,0.0442280412493289,0.000960677960435533,0.0470281959293263,0.000616067232901609,-0.0131141747127224,0.0532,266,0,0.0532,0,266,0,1,0,-0.000176570544131577,-0.00331899519044318,0.00331899519044318,1,1
slope_bias,174,0.25,compressed,0.965104036006708,0.965104036006708,0.964852341631519,-0.000251694375189238,0.1592,0.1592,0.1,1,0,1,0,0.0249134348028057,0.00239772546125184,0.0286618699668501,0.000491110413419897,0.00231586134887876,0.0592,296,0,0.0592,0,296,0,1,0,-0.00025169437518928,0.00425159417549459,0.00425159417549459,1,1
slope_bias,174,0.5,compressed,0.965104036006708,0.965104036006708,0.964852341631519,-0.000251694375189238,0.1592,0.1592,0.1,1,0,1,0,0.0110726376901359,0.00239772546125184,0.0138083774021326,0.000491110413419897,0.00463172269775752,0.0592,296,0,0.0592,0,296,0,1,0,-0.00025169437518928,0.00425159417549459,0.00425159417549459,1,1
slope_bias,174,0.75,compressed,0.965104036006708,0.965104036006708,0.964852341631519,-0.000251694375189238,0.1592,0.1592,0.1,1,0,1,0,0.00276815942253396,0.00239772546125184,0.00438030634134955,0.000491110413419897,0.00694758404663629,0.0592,296,0,0.0592,0,296,0,1,0,-0.00025169437518928,0.00425159417549459,0.00425159417549459,1,1
slope_bias,174,1,identity_scale,0.965104036006708,0.965104036006708,0.964852341631519,-0.000251694375189238,0.1592,0.1592,0.1,1,0,1,0,0,0.00239772546125184,0.000377656784500875,0.000491110413419897,0.00926344539551505,0.0592,296,0,0.0592,0,296,0,1,0,-0.00025169437518928,0.00425159417549459,0.00425159417549459,1,1
slope_bias,174,1.25,expanded,0.965104036006708,0.965104036006708,0.964852341631519,-0.000251694375189238,0.1592,0.1592,0.1,1,0,1,0,0.00276815942253396,0.00239772546125184,0.00180042873158659,0.000491110413419897,0.0115793067443938,0.0592,296,0,0.0592,0,296,0,1,0,-0.00025169437518928,0.00425159417549459,0.00425159417549459,1,1
slope_bias,174,1.5,expanded,0.965104036006708,0.965104036006708,0.964852341631519,-0.000251694375189238,0.1592,0.1592,0.1,1,0,1,0,0.0110726376901359,0.00239772546125184,0.0086486221826067,0.000491110413419897,0.0138951680932726,0.0592,296,0,0.0592,0,296,0,1,0,-0.00025169437518928,0.00425159417549459,0.00425159417549459,1,1
slope_bias,174,2,expanded,0.965104036006708,0.965104036006708,0.964852341631519,-0.000251694375189238,0.1592,0.1592,0.1,1,0,1,0,0.0442905507605434,0.00239772546125184,0.0386212735964501,0.000491110413419897,0.0185268907910301,0.0592,296,0,0.0592,0,296,0,1,0,-0.00025169437518928,0.00425159417549459,0.00425159417549459,1,1
slope_bias,175,0.25,compressed,0.964983322530075,0.964983322530075,0.964948566060548,-3.47564695271085e-05,0.1546,0.1546,0.179,1,0,0.863687150837989,0.136312849162011,0.0246330951392381,0.00266353039159578,0.0221706121513586,0.00077018757971813,-0.000744754351284516,0.0244,122,0,0.0244,0,122,0,1,0,-3.47564695271334e-05,-0.0014244454724235,0.0014244454724235,1,1
slope_bias,175,0.5,compressed,0.964983322530075,0.964983322530075,0.964948566060548,-3.47564695271085e-05,0.1546,0.1546,0.179,1,0,0.863687150837989,0.136312849162011,0.0109480422841058,0.00266353039159578,0.00957959929070173,0.00077018757971813,-0.00148950870256903,0.0244,122,0,0.0244,0,122,0,1,0,-3.47564695271334e-05,-0.0014244454724235,0.0014244454724235,1,1
slope_bias,175,0.75,compressed,0.964983322530075,0.964983322530075,0.964948566060548,-3.47564695271085e-05,0.1546,0.1546,0.179,1,0,0.863687150837989,0.136312849162011,0.00273701057102646,0.00266353039159578,0.00235565459567571,0.00077018757971813,-0.00223426305385355,0.0244,122,0,0.0244,0,122,0,1,0,-3.47564695271334e-05,-0.0014244454724235,0.0014244454724235,1,1
slope_bias,175,1,identity_scale,0.964983322530075,0.964983322530075,0.964948566060548,-3.47564695271085e-05,0.1546,0.1546,0.179,1,0,0.863687150837989,0.136312849162011,0,0.00266353039159578,0.000498778066280493,0.00077018757971813,-0.00297901740513806,0.0244,122,0,0.0244,0,122,0,1,0,-3.47564695271334e-05,-0.0014244454724235,0.0014244454724235,1,1
slope_bias,175,1.25,expanded,0.964983322530075,0.964983322530075,0.964948566060548,-3.47564695271085e-05,0.1546,0.1546,0.179,1,0,0.863687150837989,0.136312849162011,0.00273701057102646,0.00266353039159578,0.00400896970251609,0.00077018757971813,-0.00372377175642258,0.0244,122,0,0.0244,0,122,0,1,0,-3.47564695271334e-05,-0.0014244454724235,0.0014244454724235,1,1
slope_bias,175,1.5,expanded,0.964983322530075,0.964983322530075,0.964948566060548,-3.47564695271085e-05,0.1546,0.1546,0.179,1,0,0.863687150837989,0.136312849162011,0.0109480422841058,0.00266353039159578,0.0128862295043825,0.00077018757971813,-0.00446852610770709,0.0244,122,0,0.0244,0,122,0,1,0,-3.47564695271334e-05,-0.0014244454724235,0.0014244454724235,1,1
slope_bias,175,2,expanded,0.964983322530075,0.964983322530075,0.964948566060548,-3.47564695271085e-05,0.1546,0.1546,0.179,1,0,0.863687150837989,0.136312849162011,0.0437921691364234,0.00266353039159578,0.0467419536050077,0.00077018757971813,-0.00595803481027613,0.0244,122,0,0.0244,0,122,0,1,0,-3.47564695271334e-05,-0.0014244454724235,0.0014244454724235,1,1
slope_bias,176,0.25,compressed,0.964382130364778,0.964382130364778,0.964333934043938,-4.81963208399661e-05,0.1598,0.1598,0.133,1,0,1,0,0.0248016687185609,0.00109719357699996,0.0244424140686845,0.000885378067425737,0.000833334008879194,0.0268,134,0,0.0268,0,134,0,1,0,-4.81963208399426e-05,0.00179837018059487,0.00179837018059487,1,1
slope_bias,176,0.5,compressed,0.964382130364778,0.964382130364778,0.964333934043938,-4.81963208399661e-05,0.1598,0.1598,0.133,1,0,1,0,0.011022963874916,0.00109719357699996,0.0109974523879124,0.000885378067425737,0.00166666801775839,0.0268,134,0,0.0268,0,134,0,1,0,-4.81963208399426e-05,0.00179837018059487,0.00179837018059487,1,1
slope_bias,176,0.75,compressed,0.964382130364778,0.964382130364778,0.964333934043938,-4.81963208399661e-05,0.1598,0.1598,0.133,1,0,1,0,0.00275574096872899,0.00109719357699996,0.00296006923051043,0.000885378067425737,0.00250000202663758,0.0268,134,0,0.0268,0,134,0,1,0,-4.81963208399426e-05,0.00179837018059487,0.00179837018059487,1,1
slope_bias,176,1,identity_scale,0.964382130364778,0.964382130364778,0.964333934043938,-4.81963208399661e-05,0.1598,0.1598,0.133,1,0,1,0,0,0.00109719357699996,0.00033026459647863,0.000885378067425737,0.00333333603551678,0.0268,134,0,0.0268,0,134,0,1,0,-4.81963208399426e-05,0.00179837018059487,0.00179837018059487,1,1
slope_bias,176,1.25,expanded,0.964382130364778,0.964382130364778,0.964333934043938,-4.81963208399661e-05,0.1598,0.1598,0.133,1,0,1,0,0.00275574096872899,0.00109719357699996,0.003108038485817,0.000885378067425737,0.00416667004439597,0.0268,134,0,0.0268,0,134,0,1,0,-4.81963208399426e-05,0.00179837018059487,0.00179837018059487,1,1
slope_bias,176,1.5,expanded,0.964382130364778,0.964382130364778,0.964333934043938,-4.81963208399661e-05,0.1598,0.1598,0.133,1,0,1,0,0.011022963874916,0.00109719357699996,0.0112933908985255,0.000885378067425737,0.00500000405327516,0.0268,134,0,0.0268,0,134,0,1,0,-4.81963208399426e-05,0.00179837018059487,0.00179837018059487,1,1
slope_bias,176,2,expanded,0.964382130364778,0.964382130364778,0.964333934043938,-4.81963208399661e-05,0.1598,0.1598,0.133,1,0,1,0,0.0440918554996639,0.00109719357699996,0.0438868312940531,0.000885378067425737,0.00666667207103355,0.0268,134,0,0.0268,0,134,0,1,0,-4.81963208399426e-05,0.00179837018059487,0.00179837018059487,1,1
slope_bias,177,0.25,compressed,0.966139771134639,0.966139771134639,0.966132981622864,-6.78951177557341e-06,0.167,0.167,0.1764,1,0,0.94671201814059,0.0532879818594104,0.0248364381271334,0.00158038732169881,0.0252243136719098,0.00039009127595397,-0.000302526047792018,0.0094,47,0,0.0094,0,47,0,1,0,-6.78951177555465e-06,-0.000722288486761133,0.000722288486761133,1,1
slope_bias,177,0.5,compressed,0.966139771134639,0.966139771134639,0.966132981622864,-6.78951177557341e-06,0.167,0.167,0.1764,1,0,0.94671201814059,0.0532879818594104,0.0110384169453926,0.00158038732169881,0.0114848687364376,0.00039009127595397,-0.000605052095584036,0.0094,47,0,0.0094,0,47,0,1,0,-6.78951177555465e-06,-0.000722288486761133,0.000722288486761133,1,1
slope_bias,177,0.75,compressed,0.966139771134639,0.966139771134639,0.966132981622864,-6.78951177557341e-06,0.167,0.167,0.1764,1,0,0.94671201814059,0.0532879818594104,0.00275960423634816,0.00158038732169881,0.00315896100133731,0.00039009127595397,-0.000907578143376053,0.0094,47,0,0.0094,0,47,0,1,0,-6.78951177555465e-06,-0.000722288486761133,0.000722288486761133,1,1
slope_bias,177,1,identity_scale,0.966139771134639,0.966139771134639,0.966132981622864,-6.78951177557341e-06,0.167,0.167,0.1764,1,0,0.94671201814059,0.0532879818594104,0,0.00158038732169881,0.000246590466608759,0.00039009127595397,-0.00121010419116807,0.0094,47,0,0.0094,0,47,0,1,0,-6.78951177555465e-06,-0.000722288486761133,0.000722288486761133,1,1
slope_bias,177,1.25,expanded,0.966139771134639,0.966139771134639,0.966132981622864,-6.78951177557341e-06,0.167,0.167,0.1764,1,0,0.94671201814059,0.0532879818594104,0.00275960423634816,0.00158038732169881,0.00274775713225199,0.00039009127595397,-0.00151263023896009,0.0094,47,0,0.0094,0,47,0,1,0,-6.78951177555465e-06,-0.000722288486761133,0.000722288486761133,1,1
slope_bias,177,1.5,expanded,0.966139771134639,0.966139771134639,0.966132981622864,-6.78951177557341e-06,0.167,0.167,0.1764,1,0,0.94671201814059,0.0532879818594104,0.0110384169453926,0.00158038732169881,0.010662460998267,0.00039009127595397,-0.00181515628675211,0.0094,47,0,0.0094,0,47,0,1,0,-6.78951177555465e-06,-0.000722288486761133,0.000722288486761133,1,1
slope_bias,177,2,expanded,0.966139771134639,0.966139771134639,0.966132981622864,-6.78951177557341e-06,0.167,0.167,0.1764,1,0,0.94671201814059,0.0532879818594104,0.0441536677815705,0.00158038732169881,0.0427324803314124,0.00039009127595397,-0.00242020838233614,0.0094,47,0,0.0094,0,47,0,1,0,-6.78951177555465e-06,-0.000722288486761133,0.000722288486761133,1,1
slope_bias,178,0.25,compressed,0.963721803206784,0.963721803206784,0.963306904578645,-0.000414898628139593,0.1588,0.1588,0.2392,1,0,0.663879598662207,0.336120401337793,0.0251426579314589,0.00243952429023665,0.0285442154640434,0.00135632616554243,-0.00257782957920569,0.0804,402,0,0.0804,0,402,0,1,0,-0.000414898628139683,-0.00516043069825477,0.00516043069825477,1,1
slope_bias,178,0.5,compressed,0.963721803206784,0.963721803206784,0.963306904578645,-0.000414898628139593,0.1588,0.1588,0.2392,1,0,0.663879598662207,0.336120401337793,0.0111745146362039,0.00243952429023665,0.0136917985893162,0.00135632616554243,-0.00515565915841138,0.0804,402,0,0.0804,0,402,0,1,0,-0.000414898628139683,-0.00516043069825477,0.00516043069825477,1,1
slope_bias,178,0.75,compressed,0.963721803206784,0.963721803206784,0.963306904578645,-0.000414898628139593,0.1588,0.1588,0.2392,1,0,0.663879598662207,0.336120401337793,0.00279362865905099,0.00243952429023665,0.00432448549062275,0.00135632616554243,-0.00773348873761706,0.0804,402,0,0.0804,0,402,0,1,0,-0.000414898628139683,-0.00516043069825477,0.00516043069825477,1,1
slope_bias,178,1,identity_scale,0.963721803206784,0.963721803206784,0.963306904578645,-0.000414898628139593,0.1588,0.1588,0.2392,1,0,0.663879598662207,0.336120401337793,0,0.00243952429023665,0.000442276167963155,0.00135632616554243,-0.0103113183168227,0.0804,402,0,0.0804,0,402,0,1,0,-0.000414898628139683,-0.00516043069825477,0.00516043069825477,1,1
slope_bias,178,1.25,expanded,0.963721803206784,0.963721803206784,0.963306904578645,-0.000414898628139593,0.1588,0.1588,0.2392,1,0,0.663879598662207,0.336120401337793,0.00279362865905099,0.00243952429023665,0.00204517062133739,0.00135632616554243,-0.0128891478960284,0.0804,402,0,0.0804,0,402,0,1,0,-0.000414898628139683,-0.00516043069825477,0.00516043069825477,1,1
slope_bias,178,1.5,expanded,0.963721803206784,0.963721803206784,0.963306904578645,-0.000414898628139593,0.1588,0.1588,0.2392,1,0,0.663879598662207,0.336120401337793,0.0111745146362039,0.00243952429023665,0.00913316885074544,0.00135632616554243,-0.0154669774752341,0.0804,402,0,0.0804,0,402,0,1,0,-0.000414898628139683,-0.00516043069825477,0.00516043069825477,1,1
slope_bias,178,2,expanded,0.963721803206784,0.963721803206784,0.963306904578645,-0.000414898628139593,0.1588,0.1588,0.2392,1,0,0.663879598662207,0.336120401337793,0.0446980585448158,0.00243952429023665,0.039764476637663,0.00135632616554243,-0.0206226366336455,0.0804,402,0,0.0804,0,402,0,1,0,-0.000414898628139683,-0.00516043069825477,0.00516043069825477,1,1
slope_bias,179,0.25,compressed,0.965573344740232,0.965573344740232,0.96552979830453,-4.35464357012583e-05,0.177,0.177,0.2038,1,0,0.868498527968597,0.131501472031403,0.0236297899015576,0.000988917696808923,0.0250350584912158,0.000403405074199017,-0.000773493176928375,0.0268,134,0,0.0268,0,134,0,1,0,-4.35464357013176e-05,-0.00162486700378051,0.00162486700378051,1,1
slope_bias,179,0.5,compressed,0.965573344740232,0.965573344740232,0.96552979830453,-4.35464357012583e-05,0.177,0.177,0.2038,1,0,0.868498527968597,0.131501472031403,0.0105021288451367,0.000988917696808923,0.0116107936913697,0.000403405074199017,-0.00154698635385675,0.0268,134,0,0.0268,0,134,0,1,0,-4.35464357013176e-05,-0.00162486700378051,0.00162486700378051,1,1
slope_bias,179,0.75,compressed,0.965573344740232,0.965573344740232,0.96552979830453,-4.35464357012583e-05,0.177,0.177,0.2038,1,0,0.868498527968597,0.131501472031403,0.00262553221128418,0.000988917696808923,0.00332502333412049,0.000403405074199017,-0.00232047953078512,0.0268,134,0,0.0268,0,134,0,1,0,-4.35464357013176e-05,-0.00162486700378051,0.00162486700378051,1,1
slope_bias,179,1,identity_scale,0.965573344740232,0.965573344740232,0.96552979830453,-4.35464357012583e-05,0.177,0.177,0.2038,1,0,0.868498527968597,0.131501472031403,0,0.000988917696808923,0.000177747419468193,0.000403405074199017,-0.0030939727077135,0.0268,134,0,0.0268,0,134,0,1,0,-4.35464357013176e-05,-0.00162486700378051,0.00162486700378051,1,1
slope_bias,179,1.25,expanded,0.965573344740232,0.965573344740232,0.96552979830453,-4.35464357012583e-05,0.177,0.177,0.2038,1,0,0.868498527968597,0.131501472031403,0.00262553221128418,0.000988917696808923,0.00216896594741282,0.000403405074199017,-0.00386746588464187,0.0268,134,0,0.0268,0,134,0,1,0,-4.35464357013176e-05,-0.00162486700378051,0.00162486700378051,1,1
slope_bias,179,1.5,expanded,0.965573344740232,0.965573344740232,0.96552979830453,-4.35464357012583e-05,0.177,0.177,0.2038,1,0,0.868498527968597,0.131501472031403,0.0105021288451367,0.000988917696808923,0.00929867891795437,0.000403405074199017,-0.00464095906157025,0.0268,134,0,0.0268,0,134,0,1,0,-4.35464357013176e-05,-0.00162486700378051,0.00162486700378051,1,1
slope_bias,179,2,expanded,0.965573344740232,0.965573344740232,0.96552979830453,-4.35464357012583e-05,0.177,0.177,0.2038,1,0,0.868498527968597,0.131501472031403,0.0420085153805469,0.000988917696808923,0.0389735881868283,0.000403405074199017,-0.006187945415427,0.0268,134,0,0.0268,0,134,0,1,0,-4.35464357013176e-05,-0.00162486700378051,0.00162486700378051,1,1
slope_bias,180,0.25,compressed,0.965885653974538,0.965885653974538,0.96573416191772,-0.00015149205681797,0.16,0.16,0.1138,1,0,1,0,0.0238873713326701,0.000891594245362117,0.0275468055989559,0.00187263807969758,0.00180131676680462,0.0462,231,0,0.0462,0,231,0,1,0,-0.000151492056818054,0.00327904884887562,0.00327904884887562,1,1
slope_bias,180,0.5,compressed,0.965885653974538,0.965885653974538,0.96573416191772,-0.00015149205681797,0.16,0.16,0.1138,1,0,1,0,0.0106166094811867,0.000891594245362117,0.0134234908274301,0.00187263807969758,0.00360263353360923,0.0462,231,0,0.0462,0,231,0,1,0,-0.000151492056818054,0.00327904884887562,0.00327904884887562,1,1
slope_bias,180,0.75,compressed,0.965885653974538,0.965885653974538,0.96573416191772,-0.00015149205681797,0.16,0.16,0.1138,1,0,1,0,0.00265415237029668,0.000891594245362117,0.00450109481481855,0.00187263807969758,0.00540395030041385,0.0462,231,0,0.0462,0,231,0,1,0,-0.000151492056818054,0.00327904884887562,0.00327904884887562,1,1
slope_bias,180,1,identity_scale,0.965885653974538,0.965885653974538,0.96573416191772,-0.00015149205681797,0.16,0.16,0.1138,1,0,1,0,0,0.000891594245362117,0.000779617561121118,0.00187263807969758,0.00720526706721847,0.0462,231,0,0.0462,0,231,0,1,0,-0.000151492056818054,0.00327904884887562,0.00327904884887562,1,1
slope_bias,180,1.25,expanded,0.965885653974538,0.965885653974538,0.96573416191772,-0.00015149205681797,0.16,0.16,0.1138,1,0,1,0,0.00265415237029668,0.000891594245362117,0.00225905906633782,0.00187263807969758,0.00900658383402309,0.0462,231,0,0.0462,0,231,0,1,0,-0.000151492056818054,0.00327904884887562,0.00327904884887562,1,1
slope_bias,180,1.5,expanded,0.965885653974538,0.965885653974538,0.96573416191772,-0.00015149205681797,0.16,0.16,0.1138,1,0,1,0,0.0106166094811867,0.000891594245362117,0.00893941933046867,0.00187263807969758,0.0108079006008277,0.0462,231,0,0.0462,0,231,0,1,0,-0.000151492056818054,0.00327904884887562,0.00327904884887562,1,1
slope_bias,180,2,expanded,0.965885653974538,0.965885653974538,0.96573416191772,-0.00015149205681797,0.16,0.16,0.1138,1,0,1,0,0.0424664379247469,0.000891594245362117,0.0379028961354728,0.00187263807969758,0.0144105341344369,0.0462,231,0,0.0462,0,231,0,1,0,-0.000151492056818054,0.00327904884887562,0.00327904884887562,1,1
slope_bias,181,0.25,compressed,0.964571580106841,0.964571580106841,0.964520875229731,-5.07048771103413e-05,0.1578,0.1578,0.1864,1,0,0.84656652360515,0.15343347639485,0.0252095790885195,0.000753563182603452,0.0217807346027046,0.000510712348655429,-0.000865374743359015,0.0286,143,0,0.0286,0,143,0,1,0,-5.07048771103742e-05,-0.00177289780106203,0.00177289780106203,1,1
slope_bias,181,0.5,compressed,0.964571580106841,0.964571580106841,0.964520875229731,-5.07048771103413e-05,0.1578,0.1578,0.1864,1,0,0.84656652360515,0.15343347639485,0.0112042573726753,0.000753563182603452,0.00914813030247903,0.000510712348655429,-0.00173074948671803,0.0286,143,0,0.0286,0,143,0,1,0,-5.07048771103742e-05,-0.00177289780106203,0.00177289780106203,1,1
slope_bias,181,0.75,compressed,0.964571580106841,0.964571580106841,0.964520875229731,-5.07048771103413e-05,0.1578,0.1578,0.1864,1,0,0.84656652360515,0.15343347639485,0.00280106434316883,0.000753563182603452,0.00201852916483186,0.000510712348655429,-0.00259612423007705,0.0286,143,0,0.0286,0,143,0,1,0,-5.07048771103742e-05,-0.00177289780106203,0.00177289780106203,1,1
slope_bias,181,1,identity_scale,0.964571580106841,0.964571580106841,0.964520875229731,-5.07048771103413e-05,0.1578,0.1578,0.1864,1,0,0.84656652360515,0.15343347639485,0,0.000753563182603452,0.000391931189763093,0.000510712348655429,-0.00346149897343606,0.0286,143,0,0.0286,0,143,0,1,0,-5.07048771103742e-05,-0.00177289780106203,0.00177289780106203,1,1
slope_bias,181,1.25,expanded,0.964571580106841,0.964571580106841,0.964520875229731,-5.07048771103413e-05,0.1578,0.1578,0.1864,1,0,0.84656652360515,0.15343347639485,0.00280106434316883,0.000753563182603452,0.00426833637727272,0.000510712348655429,-0.00432687371679508,0.0286,143,0,0.0286,0,143,0,1,0,-5.07048771103742e-05,-0.00177289780106203,0.00177289780106203,1,1
slope_bias,181,1.5,expanded,0.964571580106841,0.964571580106841,0.964520875229731,-5.07048771103413e-05,0.1578,0.1578,0.1864,1,0,0.84656652360515,0.15343347639485,0.0112042573726753,0.000753563182603452,0.0136477447273607,0.000510712348655429,-0.00519224846015409,0.0286,143,0,0.0286,0,143,0,1,0,-5.07048771103742e-05,-0.00177289780106203,0.00177289780106203,1,1
slope_bias,181,2,expanded,0.964571580106841,0.964571580106841,0.964520875229731,-5.07048771103413e-05,0.1578,0.1578,0.1864,1,0,0.84656652360515,0.15343347639485,0.0448170294907013,0.000753563182603452,0.0489155709152719,0.000510712348655429,-0.00692299794687212,0.0286,143,0,0.0286,0,143,0,1,0,-5.07048771103742e-05,-0.00177289780106203,0.00177289780106203,1,1
slope_bias,182,0.25,compressed,0.967451348561539,0.967451348561539,0.967423103862255,-2.82446992834196e-05,0.1712,0.1712,0.1948,1,0,0.878850102669405,0.121149897330596,0.0240794812311927,0.000908719199412151,0.0280727964400121,0.000351275970818895,-0.000639345057196677,0.0236,118,0,0.0236,0,118,0,1,0,-2.82446992833743e-05,-0.0011968092916684,0.0011968092916684,1,1
slope_bias,182,0.5,compressed,0.967451348561539,0.967451348561539,0.967423103862255,-2.82446992834196e-05,0.1712,0.1712,0.1948,1,0,0.878850102669405,0.121149897330596,0.0107019916583079,0.000908719199412151,0.0135861350631817,0.000351275970818895,-0.00127869011439336,0.0236,118,0,0.0236,0,118,0,1,0,-2.82446992833743e-05,-0.0011968092916684,0.0011968092916684,1,1
slope_bias,182,0.75,compressed,0.967451348561539,0.967451348561539,0.967423103862255,-2.82446992834196e-05,0.1712,0.1712,0.1948,1,0,0.878850102669405,0.121149897330596,0.00267549791457696,0.000908719199412151,0.00434418527951099,0.000351275970818895,-0.00191803517159003,0.0236,118,0,0.0236,0,118,0,1,0,-2.82446992833743e-05,-0.0011968092916684,0.0011968092916684,1,1
slope_bias,182,1,identity_scale,0.967451348561539,0.967451348561539,0.967423103862255,-2.82446992834196e-05,0.1712,0.1712,0.1948,1,0,0.878850102669405,0.121149897330596,0,0.000908719199412151,0.000346947088999948,0.000351275970818895,-0.00255738022878671,0.0236,118,0,0.0236,0,118,0,1,0,-2.82446992833743e-05,-0.0011968092916684,0.0011968092916684,1,1
slope_bias,182,1.25,expanded,0.967451348561539,0.967451348561539,0.967423103862255,-2.82446992834196e-05,0.1712,0.1712,0.1948,1,0,0.878850102669405,0.121149897330596,0.00267549791457696,0.000908719199412151,0.0015944204916486,0.000351275970818895,-0.00319672528598339,0.0236,118,0,0.0236,0,118,0,1,0,-2.82446992833743e-05,-0.0011968092916684,0.0011968092916684,1,1
slope_bias,182,1.5,expanded,0.967451348561539,0.967451348561539,0.967423103862255,-2.82446992834196e-05,0.1712,0.1712,0.1948,1,0,0.878850102669405,0.121149897330596,0.0107019916583079,0.000908719199412151,0.00808660548745695,0.000351275970818895,-0.00383607034318006,0.0236,118,0,0.0236,0,118,0,1,0,-2.82446992833743e-05,-0.0011968092916684,0.0011968092916684,1,1
slope_bias,182,2,expanded,0.967451348561539,0.967451348561539,0.967423103862255,-2.82446992834196e-05,0.1712,0.1712,0.1948,1,0,0.878850102669405,0.121149897330596,0.0428079666332314,0.000908719199412151,0.0368051102585527,0.000351275970818895,-0.00511476045757342,0.0236,118,0,0.0236,0,118,0,1,0,-2.82446992833743e-05,-0.0011968092916684,0.0011968092916684,1,1
slope_bias,183,0.25,compressed,0.966507449225317,0.966507449225317,0.966372491718439,-0.000134957506877975,0.163,0.163,0.2106,1,0,0.773979107312441,0.226020892687559,0.0247801557058204,0.00170111893846124,0.026660247165304,0.00206585219616385,-0.00146703854264624,0.0476,238,0,0.0476,0,238,0,1,0,-0.000134957506877911,-0.00283524174113258,0.00283524174113258,1,1
slope_bias,183,0.5,compressed,0.966507449225317,0.966507449225317,0.966372491718439,-0.000134957506877975,0.163,0.163,0.2106,1,0,0.773979107312441,0.226020892687559,0.0110134025359202,0.00170111893846124,0.0126547450907253,0.00206585219616385,-0.00293407708529247,0.0476,238,0,0.0476,0,238,0,1,0,-0.000134957506877911,-0.00283524174113258,0.00283524174113258,1,1
slope_bias,183,0.75,compressed,0.966507449225317,0.966507449225317,0.966372491718439,-0.000134957506877975,0.163,0.163,0.2106,1,0,0.773979107312441,0.226020892687559,0.00275335063398005,0.00170111893846124,0.00404492319878727,0.00206585219616385,-0.00440111562793871,0.0476,238,0,0.0476,0,238,0,1,0,-0.000134957506877911,-0.00283524174113258,0.00283524174113258,1,1
slope_bias,183,1,identity_scale,0.966507449225317,0.966507449225317,0.966372491718439,-0.000134957506877975,0.163,0.163,0.2106,1,0,0.773979107312441,0.226020892687559,0,0.00170111893846124,0.000830781489489872,0.00206585219616385,-0.00586815417058495,0.0476,238,0,0.0476,0,238,0,1,0,-0.000134957506877911,-0.00283524174113258,0.00283524174113258,1,1
slope_bias,183,1.25,expanded,0.966507449225317,0.966507449225317,0.966372491718439,-0.000134957506877975,0.163,0.163,0.2106,1,0,0.773979107312441,0.226020892687559,0.00275335063398005,0.00170111893846124,0.00301231996283311,0.00206585219616385,-0.00733519271323119,0.0476,238,0,0.0476,0,238,0,1,0,-0.000134957506877911,-0.00283524174113258,0.00283524174113258,1,1
slope_bias,183,1.5,expanded,0.966507449225317,0.966507449225317,0.966372491718439,-0.000134957506877975,0.163,0.163,0.2106,1,0,0.773979107312441,0.226020892687559,0.0110134025359202,0.00170111893846124,0.010589538618817,0.00206585219616385,-0.00880223125587742,0.0476,238,0,0.0476,0,238,0,1,0,-0.000134957506877911,-0.00283524174113258,0.00283524174113258,1,1
slope_bias,183,2,expanded,0.966507449225317,0.966507449225317,0.966372491718439,-0.000134957506877975,0.163,0.163,0.2106,1,0,0.773979107312441,0.226020892687559,0.0440536101436808,0.00170111893846124,0.0419310164787066,0.00206585219616385,-0.0117363083411699,0.0476,238,0,0.0476,0,238,0,1,0,-0.000134957506877911,-0.00283524174113258,0.00283524174113258,1,1
slope_bias,184,0.25,compressed,0.965122417309634,0.965122417309634,0.963966397315487,-0.00115601999414705,0.1578,0.1578,0.2926,1,0,0.539302802460697,0.460697197539303,0.0246103163049857,0.00110813661371137,0.0246900774190137,0.00121679879184303,-0.00421831718502785,0.1348,674,0,0.1348,0,674,0,1,0,-0.00115601999414704,-0.00857581598031926,0.00857581598031926,1,1
slope_bias,184,0.5,compressed,0.965122417309634,0.965122417309634,0.963966397315487,-0.00115601999414705,0.1578,0.1578,0.2926,1,0,0.539302802460697,0.460697197539303,0.0109379183577714,0.00110813661371137,0.0111742297008172,0.00121679879184303,-0.00843663437005571,0.1348,674,0,0.1348,0,674,0,1,0,-0.00115601999414704,-0.00857581598031926,0.00857581598031926,1,1
slope_bias,184,0.75,compressed,0.965122417309634,0.965122417309634,0.963966397315487,-0.00115601999414705,0.1578,0.1578,0.2926,1,0,0.539302802460697,0.460697197539303,0.00273447958944285,0.00110813661371137,0.00302465117866474,0.00121679879184303,-0.0126549515550836,0.1348,674,0,0.1348,0,674,0,1,0,-0.00115601999414704,-0.00857581598031926,0.00857581598031926,1,1
slope_bias,184,1,identity_scale,0.965122417309634,0.965122417309634,0.963966397315487,-0.00115601999414705,0.1578,0.1578,0.2926,1,0,0.539302802460697,0.460697197539303,0,0.00110813661371137,0.000241341852556418,0.00121679879184303,-0.0168732687401114,0.1348,674,0,0.1348,0,674,0,1,0,-0.00115601999414704,-0.00857581598031926,0.00857581598031926,1,1
slope_bias,184,1.25,expanded,0.965122417309634,0.965122417309634,0.963966397315487,-0.00115601999414705,0.1578,0.1578,0.2926,1,0,0.539302802460697,0.460697197539303,0.00273447958944285,0.00110813661371137,0.00282430172249221,0.00121679879184303,-0.0210915859251393,0.1348,674,0,0.1348,0,674,0,1,0,-0.00115601999414704,-0.00857581598031926,0.00857581598031926,1,1
slope_bias,184,1.5,expanded,0.965122417309634,0.965122417309634,0.963966397315487,-0.00115601999414705,0.1578,0.1578,0.2926,1,0,0.539302802460697,0.460697197539303,0.0109379183577714,0.00110813661371137,0.0107735307884721,0.00121679879184303,-0.0253099031101671,0.1348,674,0,0.1348,0,674,0,1,0,-0.00115601999414704,-0.00857581598031926,0.00857581598031926,1,1
slope_bias,184,2,expanded,0.965122417309634,0.965122417309634,0.963966397315487,-0.00115601999414705,0.1578,0.1578,0.2926,1,0,0.539302802460697,0.460697197539303,0.0437516734310857,0.00110813661371137,0.0427707965085643,0.00121679879184303,-0.0337465374802228,0.1348,674,0,0.1348,0,674,0,1,0,-0.00115601999414704,-0.00857581598031926,0.00857581598031926,1,1
slope_bias,185,0.25,compressed,0.965009699103795,0.965009699103795,0.964883061021722,-0.000126638082072916,0.162,0.162,0.1182,1,0,1,0,0.0256031785795524,0.0184769084131766,0.027410671555634,0.00111865213345229,0.00153266965205215,0.0438,219,0,0.0438,0,219,0,1,0,-0.000126638082072927,0.0028912804126239,0.0028912804126239,1,1
slope_bias,185,0.5,compressed,0.965009699103795,0.965009699103795,0.964883061021722,-0.000126638082072916,0.162,0.162,0.1182,1,0,1,0,0.0113791904798011,0.0184769084131766,0.0128887096818473,0.00111865213345229,0.0030653393041043,0.0438,219,0,0.0438,0,219,0,1,0,-0.000126638082072927,0.0028912804126239,0.0028912804126239,1,1
slope_bias,185,0.75,compressed,0.965009699103795,0.965009699103795,0.964883061021722,-0.000126638082072916,0.162,0.162,0.1182,1,0,1,0,0.00284479761995027,0.0184769084131766,0.00394887478356999,0.00111865213345229,0.00459800895615645,0.0438,219,0,0.0438,0,219,0,1,0,-0.000126638082072927,0.0028912804126239,0.0028912804126239,1,1
slope_bias,185,1,identity_scale,0.965009699103795,0.965009699103795,0.964883061021722,-0.000126638082072916,0.162,0.162,0.1182,1,0,1,0,0,0.0184769084131766,0.000591166860801988,0.00111865213345229,0.0061306786082086,0.0438,219,0,0.0438,0,219,0,1,0,-0.000126638082072927,0.0028912804126239,0.0028912804126239,1,1
slope_bias,185,1.25,expanded,0.965009699103795,0.965009699103795,0.964883061021722,-0.000126638082072916,0.162,0.162,0.1182,1,0,1,0,0.00284479761995027,0.0184769084131766,0.00281558591354331,0.00111865213345229,0.00766334826026074,0.0438,219,0,0.0438,0,219,0,1,0,-0.000126638082072927,0.0028912804126239,0.0028912804126239,1,1
slope_bias,185,1.5,expanded,0.965009699103795,0.965009699103795,0.964883061021722,-0.000126638082072916,0.162,0.162,0.1182,1,0,1,0,0.0113791904798011,0.0184769084131766,0.0106221319417939,0.00111865213345229,0.00919601791231289,0.0438,219,0,0.0438,0,219,0,1,0,-0.000126638082072927,0.0028912804126239,0.0028912804126239,1,1
slope_bias,185,2,expanded,0.965009699103795,0.965009699103795,0.964883061021722,-0.000126638082072916,0.162,0.162,0.1182,1,0,1,0,0.0455167619192043,0.0184769084131766,0.0429816049248232,0.00111865213345229,0.0122613572164172,0.0438,219,0,0.0438,0,219,0,1,0,-0.000126638082072927,0.0028912804126239,0.0028912804126239,1,1
slope_bias,186,0.25,compressed,0.965274610676326,0.965274610676326,0.964943760698066,-0.000330849978260384,0.1624,0.1624,0.096,1,0,1,0,0.0244215755777001,0.00183283644280788,0.0212259468645083,0.000735311609458113,0.00263300346370143,0.0664,332,0,0.0664,0,332,0,1,0,-0.000330849978260318,0.00498268039548672,0.00498268039548672,1,1
slope_bias,186,0.5,compressed,0.965274610676326,0.965274610676326,0.964943760698066,-0.000330849978260384,0.1624,0.1624,0.096,1,0,1,0,0.010854033590089,0.00183283644280788,0.00913834890986942,0.000735311609458113,0.00526600692740287,0.0664,332,0,0.0664,0,332,0,1,0,-0.000330849978260318,0.00498268039548672,0.00498268039548672,1,1
slope_bias,186,0.75,compressed,0.965274610676326,0.965274610676326,0.964943760698066,-0.000330849978260384,0.1624,0.1624,0.096,1,0,1,0,0.00271350839752224,0.00183283644280788,0.00236831935973335,0.000735311609458113,0.0078990103911043,0.0664,332,0,0.0664,0,332,0,1,0,-0.000330849978260318,0.00498268039548672,0.00498268039548672,1,1
slope_bias,186,1,identity_scale,0.965274610676326,0.965274610676326,0.964943760698066,-0.000330849978260384,0.1624,0.1624,0.096,1,0,1,0,0,0.00183283644280788,0.000915858214100068,0.000735311609458113,0.0105320138548057,0.0664,332,0,0.0664,0,332,0,1,0,-0.000330849978260318,0.00498268039548672,0.00498268039548672,1,1
slope_bias,186,1.25,expanded,0.965274610676326,0.965274610676326,0.964943760698066,-0.000330849978260384,0.1624,0.1624,0.096,1,0,1,0,0.00271350839752224,0.00183283644280788,0.00478096547296959,0.000735311609458113,0.0131650173185072,0.0664,332,0,0.0664,0,332,0,1,0,-0.000330849978260318,0.00498268039548672,0.00498268039548672,1,1
slope_bias,186,1.5,expanded,0.965274610676326,0.965274610676326,0.964943760698066,-0.000330849978260384,0.1624,0.1624,0.096,1,0,1,0,0.010854033590089,0.00183283644280788,0.0139636411363419,0.000735311609458113,0.0157980207822086,0.0664,332,0,0.0664,0,332,0,1,0,-0.000330849978260318,0.00498268039548672,0.00498268039548672,1,1
slope_bias,186,2,expanded,0.965274610676326,0.965274610676326,0.964943760698066,-0.000330849978260384,0.1624,0.1624,0.096,1,0,1,0,0.0434161343603558,0.00183283644280788,0.0482816976765949,0.000735311609458113,0.0210640277096115,0.0664,332,0,0.0664,0,332,0,1,0,-0.000330849978260318,0.00498268039548672,0.00498268039548672,1,1
slope_bias,187,0.25,compressed,0.964234126542699,0.964234126542699,0.964125174532712,-0.00010895200998684,0.1552,0.1552,0.1966,1,0,0.78942014242116,0.21057985757884,0.0257840967667067,0.0015624996328941,0.0251620197340549,0.000964451881340048,-0.00132872291515002,0.0414,207,0,0.0414,0,207,0,1,0,-0.000108952009986855,-0.00263169106248443,0.00263169106248443,1,1
slope_bias,187,0.5,compressed,0.964234126542699,0.964234126542699,0.964125174532712,-0.00010895200998684,0.1552,0.1552,0.1966,1,0,0.78942014242116,0.21057985757884,0.0114595985629807,0.0015624996328941,0.011218392769301,0.000964451881340048,-0.00265744583030003,0.0414,207,0,0.0414,0,207,0,1,0,-0.000108952009986855,-0.00263169106248443,0.00263169106248443,1,1
slope_bias,187,0.75,compressed,0.964234126542699,0.964234126542699,0.964125174532712,-0.00010895200998684,0.1552,0.1552,0.1966,1,0,0.78942014242116,0.21057985757884,0.00286489964074519,0.0015624996328941,0.00290412300780123,0.000964451881340048,-0.00398616874545005,0.0414,207,0,0.0414,0,207,0,1,0,-0.000108952009986855,-0.00263169106248443,0.00263169106248443,1,1
slope_bias,187,1,identity_scale,0.964234126542699,0.964234126542699,0.964125174532712,-0.00010895200998684,0.1552,0.1552,0.1966,1,0,0.78942014242116,0.21057985757884,0,0.0015624996328941,0.000219210449555709,0.000964451881340048,-0.00531489166060006,0.0414,207,0,0.0414,0,207,0,1,0,-0.000108952009986855,-0.00263169106248443,0.00263169106248443,1,1
slope_bias,187,1.25,expanded,0.964234126542699,0.964234126542699,0.964125174532712,-0.00010895200998684,0.1552,0.1552,0.1966,1,0,0.78942014242116,0.21057985757884,0.00286489964074519,0.0015624996328941,0.00316365509456439,0.000964451881340048,-0.00664361457575008,0.0414,207,0,0.0414,0,207,0,1,0,-0.000108952009986855,-0.00263169106248443,0.00263169106248443,1,1
slope_bias,187,1.5,expanded,0.964234126542699,0.964234126542699,0.964125174532712,-0.00010895200998684,0.1552,0.1552,0.1966,1,0,0.78942014242116,0.21057985757884,0.0114595985629807,0.0015624996328941,0.0117374569428273,0.000964451881340048,-0.00797233749090009,0.0414,207,0,0.0414,0,207,0,1,0,-0.000108952009986855,-0.00263169106248443,0.00263169106248443,1,1
slope_bias,187,2,expanded,0.964234126542699,0.964234126542699,0.964125174532712,-0.00010895200998684,0.1552,0.1552,0.1966,1,0,0.78942014242116,0.21057985757884,0.045838394251923,0.0015624996328941,0.0457731322491157,0.000964451881340048,-0.0106297833212001,0.0414,207,0,0.0414,0,207,0,1,0,-0.000108952009986855,-0.00263169106248443,0.00263169106248443,1,1
slope_bias,188,0.25,compressed,0.966285507198112,0.966285507198112,0.966270736928639,-1.47702694730523e-05,0.1634,0.1634,0.1474,1,0,1,0,0.0243463141279393,0.000914647449105515,0.0180613988131936,0.00181944411226167,0.000425272073958455,0.016,80,0,0.016,0,80,0,1,0,-1.47702694730736e-05,0.000923141842067098,0.000923141842067098,1,1
slope_bias,188,0.5,compressed,0.966285507198112,0.966285507198112,0.966270736928639,-1.47702694730523e-05,0.1634,0.1634,0.1474,1,0,1,0,0.0108205840568619,0.000914647449105515,0.00695448418711398,0.00181944411226167,0.00085054414791691,0.016,80,0,0.016,0,80,0,1,0,-1.47702694730736e-05,0.000923141842067098,0.000923141842067098,1,1
slope_bias,188,0.75,compressed,0.966285507198112,0.966285507198112,0.966270736928639,-1.47702694730523e-05,0.1634,0.1634,0.1474,1,0,1,0,0.00270514601421548,0.000914647449105515,0.0011471145846877,0.00181944411226167,0.00127581622187536,0.016,80,0,0.016,0,80,0,1,0,-1.47702694730736e-05,0.000923141842067098,0.000923141842067098,1,1
slope_bias,188,1,identity_scale,0.966285507198112,0.966285507198112,0.966270736928639,-1.47702694730523e-05,0.1634,0.1634,0.1474,1,0,1,0,0,0.000914647449105515,0.000639290005914724,0.00181944411226167,0.00170108829583382,0.016,80,0,0.016,0,80,0,1,0,-1.47702694730736e-05,0.000923141842067098,0.000923141842067098,1,1
slope_bias,188,1.25,expanded,0.966285507198112,0.966285507198112,0.966270736928639,-1.47702694730523e-05,0.1634,0.1634,0.1474,1,0,1,0,0.00270514601421548,0.000914647449105515,0.00543101045079505,0.00181944411226167,0.00212636036979227,0.016,80,0,0.016,0,80,0,1,0,-1.47702694730736e-05,0.000923141842067098,0.000923141842067098,1,1
slope_bias,188,1.5,expanded,0.966285507198112,0.966285507198112,0.966270736928639,-1.47702694730523e-05,0.1634,0.1634,0.1474,1,0,1,0,0.0108205840568619,0.000914647449105515,0.0155222759193287,0.00181944411226167,0.00255163244375073,0.016,80,0,0.016,0,80,0,1,0,-1.47702694730736e-05,0.000923141842067098,0.000923141842067098,1,1
slope_bias,188,2,expanded,0.966285507198112,0.966285507198112,0.966270736928639,-1.47702694730523e-05,0.1634,0.1634,0.1474,1,0,1,0,0.0432823362274477,0.000914647449105515,0.0516034419273559,0.00181944411226167,0.00340217659166764,0.016,80,0,0.016,0,80,0,1,0,-1.47702694730736e-05,0.000923141842067098,0.000923141842067098,1,1
slope_bias,189,0.25,compressed,0.963870348566799,0.963870348566799,0.963684564475277,-0.000185784091522478,0.1656,0.1656,0.2218,1,0,0.746618575293057,0.253381424706943,0.0242727297470575,0.000877468708674109,0.0197765666854804,0.00030669392078652,-0.00168246402280059,0.0562,281,0,0.0562,0,281,0,1,0,-0.000185784091522511,-0.00330576675306958,0.00330576675306958,1,1
slope_bias,189,0.5,compressed,0.963870348566799,0.963870348566799,0.963684564475277,-0.000185784091522478,0.1656,0.1656,0.2218,1,0,0.746618575293057,0.253381424706943,0.0107878798875811,0.000877468708674109,0.00803623869640635,0.00030669392078652,-0.00336492804560118,0.0562,281,0,0.0562,0,281,0,1,0,-0.000185784091522511,-0.00330576675306958,0.00330576675306958,1,1
slope_bias,189,0.75,compressed,0.963870348566799,0.963870348566799,0.963684564475277,-0.000185784091522478,0.1656,0.1656,0.2218,1,0,0.746618575293057,0.253381424706943,0.00269696997189528,0.000877468708674109,0.0015871772934357,0.00030669392078652,-0.00504739206840177,0.0562,281,0,0.0562,0,281,0,1,0,-0.000185784091522511,-0.00330576675306958,0.00330576675306958,1,1
slope_bias,189,1,identity_scale,0.963870348566799,0.963870348566799,0.963684564475277,-0.000185784091522478,0.1656,0.1656,0.2218,1,0,0.746618575293057,0.253381424706943,0,0.000877468708674109,0.000429382476568518,0.00030669392078652,-0.00672985609120236,0.0562,281,0,0.0562,0,281,0,1,0,-0.000185784091522511,-0.00330576675306958,0.00330576675306958,1,1
slope_bias,189,1.25,expanded,0.963870348566799,0.963870348566799,0.963684564475277,-0.000185784091522478,0.1656,0.1656,0.2218,1,0,0.746618575293057,0.253381424706943,0.00269696997189528,0.000877468708674109,0.00456285424580479,0.00030669392078652,-0.00841232011400295,0.0562,281,0,0.0562,0,281,0,1,0,-0.000185784091522511,-0.00330576675306958,0.00330576675306958,1,1
slope_bias,189,1.5,expanded,0.963870348566799,0.963870348566799,0.963684564475277,-0.000185784091522478,0.1656,0.1656,0.2218,1,0,0.746618575293057,0.253381424706943,0.0107878798875811,0.000877468708674109,0.0139875926011445,0.00030669392078652,-0.0100947841368035,0.0562,281,0,0.0562,0,281,0,1,0,-0.000185784091522511,-0.00330576675306958,0.00330576675306958,1,1
slope_bias,189,2,expanded,0.963870348566799,0.963870348566799,0.963684564475277,-0.000185784091522478,0.1656,0.1656,0.2218,1,0,0.746618575293057,0.253381424706943,0.0431515195503245,0.000877468708674109,0.0487108690701343,0.00030669392078652,-0.0134597121824047,0.0562,281,0,0.0562,0,281,0,1,0,-0.000185784091522511,-0.00330576675306958,0.00330576675306958,1,1
slope_bias,190,0.25,compressed,0.964053521390324,0.964053521390324,0.963970233433913,-8.32879564111044e-05,0.1578,0.1578,0.124,1,0,1,0,0.025068605907973,0.00103571180344428,0.0269917978121256,0.000709099478118511,0.00129179239961921,0.0338,169,0,0.0338,0,169,0,1,0,-8.32879564111731e-05,0.00246414072222405,0.00246414072222405,1,1
slope_bias,190,0.5,compressed,0.964053521390324,0.964053521390324,0.963970233433913,-8.32879564111044e-05,0.1578,0.1578,0.124,1,0,1,0,0.0111416026257658,0.00103571180344428,0.012685386543146,0.000709099478118511,0.00258358479923843,0.0338,169,0,0.0338,0,169,0,1,0,-8.32879564111731e-05,0.00246414072222405,0.00246414072222405,1,1
slope_bias,190,0.75,compressed,0.964053521390324,0.964053521390324,0.963970233433913,-8.32879564111044e-05,0.1578,0.1578,0.124,1,0,1,0,0.00278540065644145,0.00103571180344428,0.00383992348727959,0.000709099478118511,0.00387537719885764,0.0338,169,0,0.0338,0,169,0,1,0,-8.32879564111731e-05,0.00246414072222405,0.00246414072222405,1,1
slope_bias,190,1,identity_scale,0.964053521390324,0.964053521390324,0.963970233433913,-8.32879564111044e-05,0.1578,0.1578,0.124,1,0,1,0,0,0.00103571180344428,0.00045540864452625,0.000709099478118511,0.00516716959847685,0.0338,169,0,0.0338,0,169,0,1,0,-8.32879564111731e-05,0.00246414072222405,0.00246414072222405,1,1
slope_bias,190,1.25,expanded,0.964053521390324,0.964053521390324,0.963970233433913,-8.32879564111044e-05,0.1578,0.1578,0.124,1,0,1,0,0.00278540065644145,0.00103571180344428,0.00253184201488601,0.000709099478118511,0.00645896199809606,0.0338,169,0,0.0338,0,169,0,1,0,-8.32879564111731e-05,0.00246414072222405,0.00246414072222405,1,1
slope_bias,190,1.5,expanded,0.964053521390324,0.964053521390324,0.963970233433913,-8.32879564111044e-05,0.1578,0.1578,0.124,1,0,1,0,0.0111416026257658,0.00103571180344428,0.0100692235983589,0.000709099478118511,0.00775075439771528,0.0338,169,0,0.0338,0,169,0,1,0,-8.32879564111731e-05,0.00246414072222405,0.00246414072222405,1,1
slope_bias,190,2,expanded,0.964053521390324,0.964053521390324,0.963970233433913,-8.32879564111044e-05,0.1578,0.1578,0.124,1,0,1,0,0.0445664105030631,0.00103571180344428,0.0415268314046439,0.000709099478118511,0.0103343391969537,0.0338,169,0,0.0338,0,169,0,1,0,-8.32879564111731e-05,0.00246414072222405,0.00246414072222405,1,1
slope_bias,191,0.25,compressed,0.965483046745879,0.965483046745879,0.965467316299527,-1.57304463516139e-05,0.1628,0.1628,0.1456,1,0,1,0,0.0231612792601463,0.00113115603766216,0.0265333433536444,0.000417479296966387,0.000480836965490533,0.0172,86,0,0.0172,0,86,0,1,0,-1.5730446351645e-05,0.000914560834397965,0.000914560834397965,1,1
slope_bias,191,0.5,compressed,0.965483046745879,0.965483046745879,0.965467316299527,-1.57304463516139e-05,0.1628,0.1628,0.1456,1,0,1,0,0.0102939018933983,0.00113115603766216,0.01288308158151,0.000417479296966387,0.000961673930981066,0.0172,86,0,0.0172,0,86,0,1,0,-1.5730446351645e-05,0.000914560834397965,0.000914560834397965,1,1
slope_bias,191,0.75,compressed,0.965483046745879,0.965483046745879,0.965467316299527,-1.57304463516139e-05,0.1628,0.1628,0.1456,1,0,1,0,0.00257347547334958,0.00113115603766216,0.00427694315550931,0.000417479296966387,0.0014425108964716,0.0172,86,0,0.0172,0,86,0,1,0,-1.5730446351645e-05,0.000914560834397965,0.000914560834397965,1,1
slope_bias,191,1,identity_scale,0.965483046745879,0.965483046745879,0.965467316299527,-1.57304463516139e-05,0.1628,0.1628,0.1456,1,0,1,0,0,0.00113115603766216,0.000714928075642274,0.000417479296966387,0.00192334786196213,0.0172,86,0,0.0172,0,86,0,1,0,-1.5730446351645e-05,0.000914560834397965,0.000914560834397965,1,1
slope_bias,191,1.25,expanded,0.965483046745879,0.965483046745879,0.965467316299527,-1.57304463516139e-05,0.1628,0.1628,0.1456,1,0,1,0,0.00257347547334958,0.00113115603766216,0.00219703634190889,0.000417479296966387,0.00240418482745267,0.0172,86,0,0.0172,0,86,0,1,0,-1.5730446351645e-05,0.000914560834397965,0.000914560834397965,1,1
slope_bias,191,1.5,expanded,0.965483046745879,0.965483046745879,0.965467316299527,-1.57304463516139e-05,0.1628,0.1628,0.1456,1,0,1,0,0.0102939018933983,0.00113115603766216,0.00872326795430917,0.000417479296966387,0.0028850217929432,0.0172,86,0,0.0172,0,86,0,1,0,-1.5730446351645e-05,0.000914560834397965,0.000914560834397965,1,1
slope_bias,191,2,expanded,0.965483046745879,0.965483046745879,0.965467316299527,-1.57304463516139e-05,0.1628,0.1628,0.1456,1,0,1,0,0.0411756075735934,0.00113115603766216,0.0369081012175107,0.000417479296966387,0.00384669572392427,0.0172,86,0,0.0172,0,86,0,1,0,-1.5730446351645e-05,0.000914560834397965,0.000914560834397965,1,1
slope_bias,192,0.25,compressed,0.965413349122402,0.965413349122402,0.965336138750881,-7.721037152153e-05,0.1564,0.1564,0.1946,1,0,0.803699897225077,0.196300102774923,0.0237097603241212,0.0102350428672465,0.0283065943109293,0.000433316315542624,-0.00113796071251626,0.0382,191,0,0.0382,0,191,0,1,0,-7.72103715214421e-05,-0.00202121391417388,0.00202121391417388,1,1
slope_bias,192,0.5,compressed,0.965413349122402,0.965413349122402,0.965336138750881,-7.721037152153e-05,0.1564,0.1564,0.1946,1,0,0.803699897225077,0.196300102774923,0.010537671255165,0.0102350428672465,0.0139176204011955,0.000433316315542624,-0.00227592142503252,0.0382,191,0,0.0382,0,191,0,1,0,-7.72103715214421e-05,-0.00202121391417388,0.00202121391417388,1,1
slope_bias,192,0.75,compressed,0.965413349122402,0.965413349122402,0.965336138750881,-7.721037152153e-05,0.1564,0.1564,0.1946,1,0,0.803699897225077,0.196300102774923,0.00263441781379124,0.0102350428672465,0.00468828803875735,0.000433316315542624,-0.00341388213754879,0.0382,191,0,0.0382,0,191,0,1,0,-7.72103715214421e-05,-0.00202121391417388,0.00202121391417388,1,1
slope_bias,192,1,identity_scale,0.965413349122402,0.965413349122402,0.965336138750881,-7.721037152153e-05,0.1564,0.1564,0.1946,1,0,0.803699897225077,0.196300102774923,0,0.0102350428672465,0.00061859722361484,0.000433316315542624,-0.00455184285006505,0.0382,191,0,0.0382,0,191,0,1,0,-7.72103715214421e-05,-0.00202121391417388,0.00202121391417388,1,1
slope_bias,192,1.25,expanded,0.965413349122402,0.965413349122402,0.965336138750881,-7.721037152153e-05,0.1564,0.1564,0.1946,1,0,0.803699897225077,0.196300102774923,0.00263441781379124,0.0102350428672465,0.00170854795576798,0.000433316315542624,-0.00568980356258131,0.0382,191,0,0.0382,0,191,0,1,0,-7.72103715214421e-05,-0.00202121391417388,0.00202121391417388,1,1
slope_bias,192,1.5,expanded,0.965413349122402,0.965413349122402,0.965336138750881,-7.721037152153e-05,0.1564,0.1564,0.1946,1,0,0.803699897225077,0.196300102774923,0.010537671255165,0.0102350428672465,0.00795814023521677,0.000433316315542624,-0.00682776427509757,0.0382,191,0,0.0382,0,191,0,1,0,-7.72103715214421e-05,-0.00202121391417388,0.00202121391417388,1,1
slope_bias,192,2,expanded,0.965413349122402,0.965413349122402,0.965336138750881,-7.721037152153e-05,0.1564,0.1564,0.1946,1,0,0.803699897225077,0.196300102774923,0.0421506850206599,0.0102350428672465,0.0359362494360013,0.000433316315542624,-0.00910368570013009,0.0382,191,0,0.0382,0,191,0,1,0,-7.72103715214421e-05,-0.00202121391417388,0.00202121391417388,1,1
slope_bias,193,0.25,compressed,0.965366770736302,0.965366770736302,0.965282542336015,-8.42284002868787e-05,0.1694,0.1694,0.1308,1,0,1,0,0.0240326523631907,0.000812790026337585,0.0206544861125768,0.00082870428022077,0.00121135455451699,0.0386,193,0,0.0386,0,193,0,1,0,-8.42284002868806e-05,0.00218208290898654,0.00218208290898654,1,1
slope_bias,193,0.5,compressed,0.965366770736302,0.965366770736302,0.965282542336015,-8.42284002868787e-05,0.1694,0.1694,0.1308,1,0,1,0,0.0106811788280848,0.000812790026337585,0.00863972125991034,0.00082870428022077,0.00242270910903397,0.0386,193,0,0.0386,0,193,0,1,0,-8.42284002868806e-05,0.00218208290898654,0.00218208290898654,1,1
slope_bias,193,0.75,compressed,0.965366770736302,0.965366770736302,0.965282542336015,-8.42284002868787e-05,0.1694,0.1694,0.1308,1,0,1,0,0.00267029470702119,0.000812790026337585,0.00186338679545013,0.00082870428022077,0.00363406366355096,0.0386,193,0,0.0386,0,193,0,1,0,-8.42284002868806e-05,0.00218208290898654,0.00218208290898654,1,1
slope_bias,193,1,identity_scale,0.965366770736302,0.965366770736302,0.965282542336015,-8.42284002868787e-05,0.1694,0.1694,0.1308,1,0,1,0,0,0.000812790026337585,0.000325482719196136,0.00082870428022077,0.00484541821806794,0.0386,193,0,0.0386,0,193,0,1,0,-8.42284002868806e-05,0.00218208290898654,0.00218208290898654,1,1
slope_bias,193,1.25,expanded,0.965366770736302,0.965366770736302,0.965282542336015,-8.42284002868787e-05,0.1694,0.1694,0.1308,1,0,1,0,0.00267029470702119,0.000812790026337585,0.00402600903114837,0.00082870428022077,0.00605677277258493,0.0386,193,0,0.0386,0,193,0,1,0,-8.42284002868806e-05,0.00218208290898654,0.00218208290898654,1,1
slope_bias,193,1.5,expanded,0.965366770736302,0.965366770736302,0.965282542336015,-8.42284002868787e-05,0.1694,0.1694,0.1308,1,0,1,0,0.0106811788280848,0.000812790026337585,0.0129649657313068,0.00082870428022077,0.00726812732710191,0.0386,193,0,0.0386,0,193,0,1,0,-8.42284002868806e-05,0.00218208290898654,0.00218208290898654,1,1
slope_bias,193,2,expanded,0.965366770736302,0.965366770736302,0.965282542336015,-8.42284002868787e-05,0.1694,0.1694,0.1308,1,0,1,0,0.0427247153123391,0.000812790026337585,0.0465581702962424,0.00082870428022077,0.00969083643613589,0.0386,193,0,0.0386,0,193,0,1,0,-8.42284002868806e-05,0.00218208290898654,0.00218208290898654,1,1
slope_bias,194,0.25,compressed,0.964622133406903,0.964622133406903,0.964297442609918,-0.000324690796984939,0.1532,0.1532,0.2232,1,0,0.686379928315412,0.313620071684588,0.0260553869154631,0.0010733812365094,0.0265709870421261,0.000817434756672238,-0.00240344098081985,0.07,350,0,0.07,0,350,0,1,0,-0.000324690796984894,-0.00463843995692705,0.00463843995692705,1,1
slope_bias,194,0.5,compressed,0.964622133406903,0.964622133406903,0.964297442609918,-0.000324690796984939,0.1532,0.1532,0.2232,1,0,0.686379928315412,0.313620071684588,0.011580171962428,0.0010733812365094,0.0121511050194131,0.000817434756672238,-0.0048068819616397,0.07,350,0,0.07,0,350,0,1,0,-0.000324690796984894,-0.00463843995692705,0.00463843995692705,1,1
slope_bias,194,0.75,compressed,0.964622133406903,0.964622133406903,0.964297442609918,-0.000324690796984939,0.1532,0.1532,0.2232,1,0,0.686379928315412,0.313620071684588,0.00289504299060701,0.0010733812365094,0.00341461332477388,0.000817434756672238,-0.00721032294245955,0.07,350,0,0.07,0,350,0,1,0,-0.000324690796984894,-0.00463843995692705,0.00463843995692705,1,1
slope_bias,194,1,identity_scale,0.964622133406903,0.964622133406903,0.964297442609918,-0.000324690796984939,0.1532,0.1532,0.2232,1,0,0.686379928315412,0.313620071684588,0,0.0010733812365094,0.000361511958208523,0.000817434756672238,-0.00961376392327939,0.07,350,0,0.07,0,350,0,1,0,-0.000324690796984894,-0.00463843995692705,0.00463843995692705,1,1
slope_bias,194,1.25,expanded,0.964622133406903,0.964622133406903,0.964297442609918,-0.000324690796984939,0.1532,0.1532,0.2232,1,0,0.686379928315412,0.313620071684588,0.00289504299060701,0.0010733812365094,0.00299180091971698,0.000817434756672238,-0.0120172049040992,0.07,350,0,0.07,0,350,0,1,0,-0.000324690796984894,-0.00463843995692705,0.00463843995692705,1,1
slope_bias,194,1.5,expanded,0.964622133406903,0.964622133406903,0.964297442609918,-0.000324690796984939,0.1532,0.1532,0.2232,1,0,0.686379928315412,0.313620071684588,0.011580171962428,0.0010733812365094,0.0113054802092992,0.000817434756672238,-0.0144206458849191,0.07,350,0,0.07,0,350,0,1,0,-0.000324690796984894,-0.00463843995692705,0.00463843995692705,1,1
slope_bias,194,2,expanded,0.964622133406903,0.964622133406903,0.964297442609918,-0.000324690796984939,0.1532,0.1532,0.2232,1,0,0.686379928315412,0.313620071684588,0.0463206878497122,0.0010733812365094,0.0449830097726852,0.000817434756672238,-0.0192275278465588,0.07,350,0,0.07,0,350,0,1,0,-0.000324690796984894,-0.00463843995692705,0.00463843995692705,1,1
slope_bias,195,0.25,compressed,0.964840690393314,0.964840690393314,0.963074419754548,-0.001766270638766,0.1584,0.1584,0.026,1,0,1,0,0.0249438273400705,0.0019140216612831,0.0269024550656298,0.000413213928677023,0.0110309448066238,0.1324,662,0,0.1324,0,662,0,1,0,-0.001766270638766,0.0133404126795015,0.0133404126795015,1,1
slope_bias,195,0.5,compressed,0.964840690393314,0.964840690393314,0.963074419754548,-0.001766270638766,0.1584,0.1584,0.026,1,0,1,0,0.0110861454844758,0.0019140216612831,0.012699903699384,0.000413213928677023,0.0220618896132476,0.1324,662,0,0.1324,0,662,0,1,0,-0.001766270638766,0.0133404126795015,0.0133404126795015,1,1
slope_bias,195,0.75,compressed,0.964840690393314,0.964840690393314,0.963074419754548,-0.001766270638766,0.1584,0.1584,0.026,1,0,1,0,0.00277153637111894,0.0019140216612831,0.00393759036847228,0.000413213928677023,0.0330928344198714,0.1324,662,0,0.1324,0,662,0,1,0,-0.001766270638766,0.0133404126795015,0.0133404126795015,1,1
slope_bias,195,1,identity_scale,0.964840690393314,0.964840690393314,0.963074419754548,-0.001766270638766,0.1584,0.1584,0.026,1,0,1,0,0,0.0019140216612831,0.000615515072894539,0.000413213928677023,0.0441237792264952,0.1324,662,0,0.1324,0,662,0,1,0,-0.001766270638766,0.0133404126795015,0.0133404126795015,1,1
slope_bias,195,1.25,expanded,0.964840690393314,0.964840690393314,0.963074419754548,-0.001766270638766,0.1584,0.1584,0.026,1,0,1,0,0.00277153637111894,0.0019140216612831,0.00273367781265082,0.000413213928677023,0.0551547240331191,0.1324,662,0,0.1324,0,662,0,1,0,-0.001766270638766,0.0133404126795015,0.0133404126795015,1,1
slope_bias,195,1.5,expanded,0.964840690393314,0.964840690393314,0.963074419754548,-0.001766270638766,0.1584,0.1584,0.026,1,0,1,0,0.0110861454844758,0.0019140216612831,0.0102920785877411,0.000413213928677023,0.0661856688397429,0.1324,662,0,0.1324,0,662,0,1,0,-0.001766270638766,0.0133404126795015,0.0133404126795015,1,1
slope_bias,195,2,expanded,0.964840690393314,0.964840690393314,0.963074419754548,-0.001766270638766,0.1584,0.1584,0.026,1,0,1,0,0.0443445819379031,0.0019140216612831,0.0417295942439238,0.000413213928677023,0.0882475584529905,0.1324,662,0,0.1324,0,662,0,1,0,-0.001766270638766,0.0133404126795015,0.0133404126795015,1,1
slope_bias,196,0.25,compressed,0.964286570531622,0.964286570531622,0.963972674775584,-0.000313895756038241,0.15,0.15,0.0866,1,0,1,0,0.0240043264870444,0.00226986416857629,0.0253026437057636,0.000583328761393002,0.00289472077094194,0.0634,317,0,0.0634,0,317,0,1,0,-0.00031389575603824,0.00495103716148643,0.00495103716148643,1,1
slope_bias,196,0.5,compressed,0.964286570531622,0.964286570531622,0.963972674775584,-0.000313895756038241,0.15,0.15,0.0866,1,0,1,0,0.0106685895497975,0.00226986416857629,0.0118357423042422,0.000583328761393002,0.00578944154188388,0.0634,317,0,0.0634,0,317,0,1,0,-0.00031389575603824,0.00495103716148643,0.00495103716148643,1,1
slope_bias,196,0.75,compressed,0.964286570531622,0.964286570531622,0.963972674775584,-0.000313895756038241,0.15,0.15,0.0866,1,0,1,0,0.00266714738744937,0.00226986416857629,0.0035951250375648,0.000583328761393002,0.00868416231282582,0.0634,317,0,0.0634,0,317,0,1,0,-0.00031389575603824,0.00495103716148643,0.00495103716148643,1,1
slope_bias,196,1,identity_scale,0.964286570531622,0.964286570531622,0.963972674775584,-0.000313895756038241,0.15,0.15,0.0866,1,0,1,0,0,0.00226986416857629,0.000580791905731458,0.000583328761393002,0.0115788830837678,0.0634,317,0,0.0634,0,317,0,1,0,-0.00031389575603824,0.00495103716148643,0.00495103716148643,1,1
slope_bias,196,1.25,expanded,0.964286570531622,0.964286570531622,0.963972674775584,-0.000313895756038241,0.15,0.15,0.0866,1,0,1,0,0.00266714738744937,0.00226986416857629,0.00279274290874214,0.000583328761393002,0.0144736038547097,0.0634,317,0,0.0634,0,317,0,1,0,-0.00031389575603824,0.00495103716148643,0.00495103716148643,1,1
slope_bias,196,1.5,expanded,0.964286570531622,0.964286570531622,0.963972674775584,-0.000313895756038241,0.15,0.15,0.0866,1,0,1,0,0.0106685895497975,0.00226986416857629,0.0102309780465968,0.000583328761393002,0.0173683246256516,0.0634,317,0,0.0634,0,317,0,1,0,-0.00031389575603824,0.00495103716148643,0.00495103716148643,1,1
slope_bias,196,2,expanded,0.964286570531622,0.964286570531622,0.963972674775584,-0.000313895756038241,0.15,0.15,0.0866,1,0,1,0,0.04267435819919,0.00226986416857629,0.0407863007268383,0.000583328761393002,0.0231577661675355,0.0634,317,0,0.0634,0,317,0,1,0,-0.00031389575603824,0.00495103716148643,0.00495103716148643,1,1
slope_bias,197,0.25,compressed,0.965627777633532,0.965627777633532,0.964488658491031,-0.00113911914250076,0.1612,0.1612,0.0444,1,0,1,0,0.0251413569851519,0.00107517018562949,0.030453275333377,0.000188258241456887,0.00687347280767073,0.1168,584,0,0.1168,0,584,0,1,0,-0.00113911914250075,0.0097527323844242,0.0097527323844242,1,1
slope_bias,197,0.5,compressed,0.965627777633532,0.965627777633532,0.964488658491031,-0.00113911914250076,0.1612,0.1612,0.0444,1,0,1,0,0.0111739364378453,0.00107517018562949,0.0150563454578674,0.000188258241456887,0.0137469456153415,0.1168,584,0,0.1168,0,584,0,1,0,-0.00113911914250075,0.0097527323844242,0.0097527323844242,1,1
slope_bias,197,0.75,compressed,0.965627777633532,0.965627777633532,0.964488658491031,-0.00113911914250076,0.1612,0.1612,0.0444,1,0,1,0,0.00279348410946132,0.00107517018562949,0.00513999855560244,0.000188258241456887,0.0206204184230122,0.1168,584,0,0.1168,0,584,0,1,0,-0.00113911914250075,0.0097527323844242,0.0097527323844242,1,1
slope_bias,197,1,identity_scale,0.965627777633532,0.965627777633532,0.964488658491031,-0.00113911914250076,0.1612,0.1612,0.0444,1,0,1,0,0,0.00107517018562949,0.000704234626582013,0.000188258241456887,0.0274938912306829,0.1168,584,0,0.1168,0,584,0,1,0,-0.00113911914250075,0.0097527323844242,0.0097527323844242,1,1
slope_bias,197,1.25,expanded,0.965627777633532,0.965627777633532,0.964488658491031,-0.00113911914250076,0.1612,0.1612,0.0444,1,0,1,0,0.00279348410946132,0.00107517018562949,0.00174905367080615,0.000188258241456887,0.0343673640383536,0.1168,584,0,0.1168,0,584,0,1,0,-0.00113911914250075,0.0097527323844242,0.0097527323844242,1,1
slope_bias,197,1.5,expanded,0.965627777633532,0.965627777633532,0.964488658491031,-0.00113911914250076,0.1612,0.1612,0.0444,1,0,1,0,0.0111739364378453,0.00107517018562949,0.00827445568827486,0.000188258241456887,0.0412408368460244,0.1168,584,0,0.1168,0,584,0,1,0,-0.00113911914250075,0.0097527323844242,0.0097527323844242,1,1
slope_bias,197,2,expanded,0.965627777633532,0.965627777633532,0.964488658491031,-0.00113911914250076,0.1612,0.1612,0.0444,1,0,1,0,0.0446957457513811,0.00107517018562949,0.037767008642946,0.000188258241456887,0.0549877824613658,0.1168,584,0,0.1168,0,584,0,1,0,-0.00113911914250075,0.0097527323844242,0.0097527323844242,1,1
slope_bias,198,0.25,compressed,0.964525132658604,0.964525132658604,0.964331123187615,-0.000194009470989465,0.1548,0.1548,0.1046,1,0,1,0,0.0258691258538258,0.000962993339933035,0.0254159272557764,0.000814373320517195,0.00212928176209862,0.0502,251,0,0.0502,0,251,0,1,0,-0.000194009470989465,0.00386473049779811,0.00386473049779811,1,1
slope_bias,198,0.5,compressed,0.964525132658604,0.964525132658604,0.964331123187615,-0.000194009470989465,0.1548,0.1548,0.1046,1,0,1,0,0.011497389268367,0.000962993339933035,0.0120960664152004,0.000814373320517195,0.00425856352419723,0.0502,251,0,0.0502,0,251,0,1,0,-0.000194009470989465,0.00386473049779811,0.00386473049779811,1,1
slope_bias,198,0.75,compressed,0.964525132658604,0.964525132658604,0.964331123187615,-0.000194009470989465,0.1548,0.1548,0.1046,1,0,1,0,0.00287434731709176,0.000962993339933035,0.00441825651332309,0.000814373320517195,0.00638784528629585,0.0502,251,0,0.0502,0,251,0,1,0,-0.000194009470989465,0.00386473049779811,0.00386473049779811,1,1
slope_bias,198,1,identity_scale,0.964525132658604,0.964525132658604,0.964331123187615,-0.000194009470989465,0.1548,0.1548,0.1046,1,0,1,0,0,0.000962993339933035,0.00238249755014432,0.000814373320517195,0.00851712704839447,0.0502,251,0,0.0502,0,251,0,1,0,-0.000194009470989465,0.00386473049779811,0.00386473049779811,1,1
slope_bias,198,1.25,expanded,0.964525132658604,0.964525132658604,0.964331123187615,-0.000194009470989465,0.1548,0.1548,0.1046,1,0,1,0,0.00287434731709176,0.000962993339933035,0.00598878952566413,0.000814373320517195,0.0106464088104931,0.0502,251,0,0.0502,0,251,0,1,0,-0.000194009470989465,0.00386473049779811,0.00386473049779811,1,1
slope_bias,198,1.5,expanded,0.964525132658604,0.964525132658604,0.964331123187615,-0.000194009470989465,0.1548,0.1548,0.1046,1,0,1,0,0.011497389268367,0.000962993339933035,0.0152371324398825,0.000814373320517195,0.0127756905725917,0.0502,251,0,0.0502,0,251,0,1,0,-0.000194009470989465,0.00386473049779811,0.00386473049779811,1,1
slope_bias,198,2,expanded,0.964525132658604,0.964525132658604,0.964331123187615,-0.000194009470989465,0.1548,0.1548,0.1046,1,0,1,0,0.0459895570734681,0.000962993339933035,0.050659971084415,0.000814373320517195,0.0170342540967889,0.0502,251,0,0.0502,0,251,0,1,0,-0.000194009470989465,0.00386473049779811,0.00386473049779811,1,1
slope_bias,199,0.25,compressed,0.965930499728035,0.965930499728035,0.96511623058553,-0.000814269142504376,0.1554,0.1554,0.0582,1,0,1,0,0.0238174636497176,0.00121440018715183,0.0229921186460952,0.000398991903360876,0.00503493121708751,0.0972,486,0,0.0972,0,486,0,1,0,-0.000814269142504421,0.00837725455251462,0.00837725455251462,1,1
slope_bias,199,0.5,compressed,0.965930499728035,0.965930499728035,0.96511623058553,-0.000814269142504376,0.1554,0.1554,0.0582,1,0,1,0,0.0105855393998745,0.00121440018715183,0.0102446489503953,0.000398991903360876,0.010069862434175,0.0972,486,0,0.0972,0,486,0,1,0,-0.000814269142504421,0.00837725455251462,0.00837725455251462,1,1
slope_bias,199,0.75,compressed,0.965930499728035,0.965930499728035,0.96511623058553,-0.000814269142504376,0.1554,0.1554,0.0582,1,0,1,0,0.00264638484996862,0.00121440018715183,0.00268703952384198,0.000398991903360876,0.0151047936512625,0.0972,486,0,0.0972,0,486,0,1,0,-0.000814269142504421,0.00837725455251462,0.00837725455251462,1,1
slope_bias,199,1,identity_scale,0.965930499728035,0.965930499728035,0.96511623058553,-0.000814269142504376,0.1554,0.1554,0.0582,1,0,1,0,0,0.00121440018715183,0.000319290366435119,0.000398991903360876,0.02013972486835,0.0972,486,0,0.0972,0,486,0,1,0,-0.000814269142504421,0.00837725455251462,0.00837725455251462,1,1
slope_bias,199,1.25,expanded,0.965930499728035,0.965930499728035,0.96511623058553,-0.000814269142504376,0.1554,0.1554,0.0582,1,0,1,0,0.00264638484996862,0.00121440018715183,0.00314140147817475,0.000398991903360876,0.0251746560854375,0.0972,486,0,0.0972,0,486,0,1,0,-0.000814269142504421,0.00837725455251462,0.00837725455251462,1,1
slope_bias,199,1.5,expanded,0.965930499728035,0.965930499728035,0.96511623058553,-0.000814269142504376,0.1554,0.1554,0.0582,1,0,1,0,0.0105855393998745,0.00121440018715183,0.0111533728590609,0.000398991903360876,0.030209587302525,0.0972,486,0,0.0972,0,486,0,1,0,-0.000814269142504421,0.00837725455251462,0.00837725455251462,1,1
slope_bias,199,2,expanded,0.965930499728035,0.965930499728035,0.96511623058553,-0.000814269142504376,0.1554,0.1554,0.0582,1,0,1,0,0.0423421575994979,0.00121440018715183,0.0427468964282726,0.000398991903360876,0.0402794497367001,0.0972,486,0,0.0972,0,486,0,1,0,-0.000814269142504421,0.00837725455251462,0.00837725455251462,1,1
slope_bias,200,0.25,compressed,0.965119242186099,0.965119242186099,0.961645947065809,-0.00347329512028938,0.1622,0.1622,0.3914,1,0,0.414409810935105,0.585590189064895,0.024390571581067,0.00221575467008441,0.025716258034132,0.000467077137101374,-0.00798682312354768,0.2292,1146,0,0.2292,0,1146,0,1,0,-0.00347329512028942,-0.0151539926714198,0.0151539926714198,1,1
slope_bias,200,0.5,compressed,0.965119242186099,0.965119242186099,0.961645947065809,-0.00347329512028938,0.1622,0.1622,0.3914,1,0,0.414409810935105,0.585590189064895,0.0108402540360298,0.00221575467008441,0.0119232689443701,0.000467077137101374,-0.0159736462470954,0.2292,1146,0,0.2292,0,1146,0,1,0,-0.00347329512028942,-0.0151539926714198,0.0151539926714198,1,1
slope_bias,200,0.75,compressed,0.965119242186099,0.965119242186099,0.961645947065809,-0.00347329512028938,0.1622,0.1622,0.3914,1,0,0.414409810935105,0.585590189064895,0.00271006350900744,0.00221575467008441,0.00344439188326616,0.000467077137101374,-0.023960469370643,0.2292,1146,0,0.2292,0,1146,0,1,0,-0.00347329512028942,-0.0151539926714198,0.0151539926714198,1,1
slope_bias,200,1,identity_scale,0.965119242186099,0.965119242186099,0.961645947065809,-0.00347329512028938,0.1622,0.1622,0.3914,1,0,0.414409810935105,0.585590189064895,0,0.00221575467008441,0.000279626850820085,0.000467077137101374,-0.0319472924941907,0.2292,1146,0,0.2292,0,1146,0,1,0,-0.00347329512028942,-0.0151539926714198,0.0151539926714198,1,1
slope_bias,200,1.25,expanded,0.965119242186099,0.965119242186099,0.961645947065809,-0.00347329512028938,0.1622,0.1622,0.3914,1,0,0.414409810935105,0.585590189064895,0.00271006350900744,0.00221575467008441,0.00242897384703189,0.000467077137101374,-0.0399341156177384,0.2292,1146,0,0.2292,0,1146,0,1,0,-0.00347329512028942,-0.0151539926714198,0.0151539926714198,1,1
slope_bias,200,1.5,expanded,0.965119242186099,0.965119242186099,0.961645947065809,-0.00347329512028938,0.1622,0.1622,0.3914,1,0,0.414409810935105,0.585590189064895,0.0108402540360298,0.00221575467008441,0.00989243287190158,0.000467077137101374,-0.0479209387412861,0.2292,1146,0,0.2292,0,1146,0,1,0,-0.00347329512028942,-0.0151539926714198,0.0151539926714198,1,1
slope_bias,200,2,expanded,0.965119242186099,0.965119242186099,0.961645947065809,-0.00347329512028938,0.1622,0.1622,0.3914,1,0,0.414409810935105,0.585590189064895,0.0433610161441191,0.00221575467008441,0.0407616870076146,0.000467077137101374,-0.0638945849883814,0.2292,1146,0,0.2292,0,1146,0,1,0,-0.00347329512028942,-0.0151539926714198,0.0151539926714198,1,1
slope_bias,201,0.25,compressed,0.965055354015229,0.965055354015229,0.963844180163171,-0.00121117385205838,0.159,0.159,0.0436,1,0,1,0,0.0257611451139718,0.00145401916854977,0.0294056172770272,0.00153556361835839,0.00721662543955051,0.1154,577,0,0.1154,0,577,0,1,0,-0.00121117385205846,0.0104954406590855,0.0104954406590855,1,1
slope_bias,201,0.5,compressed,0.965055354015229,0.965055354015229,0.963844180163171,-0.00121117385205838,0.159,0.159,0.0436,1,0,1,0,0.0114493978284319,0.00145401916854977,0.0141365731852738,0.00153556361835839,0.014433250879101,0.1154,577,0,0.1154,0,577,0,1,0,-0.00121117385205846,0.0104954406590855,0.0104954406590855,1,1
slope_bias,201,0.75,compressed,0.965055354015229,0.965055354015229,0.963844180163171,-0.00121117385205838,0.159,0.159,0.0436,1,0,1,0,0.00286234945710798,0.00145401916854977,0.0044862670821012,0.00153556361835839,0.0216498763186515,0.1154,577,0,0.1154,0,577,0,1,0,-0.00121117385205846,0.0104954406590855,0.0104954406590855,1,1
slope_bias,201,1,identity_scale,0.965055354015229,0.965055354015229,0.963844180163171,-0.00121117385205838,0.159,0.159,0.0436,1,0,1,0,0,0.00145401916854977,0.000454698967509517,0.00153556361835839,0.028866501758202,0.1154,577,0,0.1154,0,577,0,1,0,-0.00121117385205846,0.0104954406590855,0.0104954406590855,1,1
slope_bias,201,1.25,expanded,0.965055354015229,0.965055354015229,0.963844180163171,-0.00121117385205838,0.159,0.159,0.0436,1,0,1,0,0.00286234945710798,0.00145401916854977,0.00204186884149871,0.00153556361835839,0.0360831271977526,0.1154,577,0,0.1154,0,577,0,1,0,-0.00121117385205846,0.0104954406590855,0.0104954406590855,1,1
slope_bias,201,1.5,expanded,0.965055354015229,0.965055354015229,0.963844180163171,-0.00121117385205838,0.159,0.159,0.0436,1,0,1,0,0.0114493978284319,0.00145401916854977,0.00924777670406879,0.00153556361835839,0.0432997526373031,0.1154,577,0,0.1154,0,577,0,1,0,-0.00121117385205846,0.0104954406590855,0.0104954406590855,1,1
slope_bias,201,2,expanded,0.965055354015229,0.965055354015229,0.963844180163171,-0.00121117385205838,0.159,0.159,0.0436,1,0,1,0,0.0457975913137277,0.00145401916854977,0.0405158063949516,0.00153556361835839,0.0577330035164041,0.1154,577,0,0.1154,0,577,0,1,0,-0.00121117385205846,0.0104954406590855,0.0104954406590855,1,1
slope_bias,202,0.25,compressed,0.963592994822367,0.963592994822367,0.963509161450317,-8.38333720504236e-05,0.1564,0.1564,0.1952,1,0,0.801229508196721,0.198770491803279,0.0252416988859585,0.00111254248929062,0.0278833759874626,0.00117003661831899,-0.00108163383983917,0.0388,194,0,0.0388,0,194,0,1,0,-8.38333720504181e-05,-0.00216065391882521,0.00216065391882521,1,1
slope_bias,202,0.5,compressed,0.963592994822367,0.963592994822367,0.963509161450317,-8.38333720504236e-05,0.1564,0.1564,0.1952,1,0,0.801229508196721,0.198770491803279,0.0112185328382038,0.00111254248929062,0.0131613356076433,0.00117003661831899,-0.00216326767967834,0.0388,194,0,0.0388,0,194,0,1,0,-8.38333720504181e-05,-0.00216065391882521,0.00216065391882521,1,1
slope_bias,202,0.75,compressed,0.963592994822367,0.963592994822367,0.963509161450317,-8.38333720504236e-05,0.1564,0.1564,0.1952,1,0,0.801229508196721,0.198770491803279,0.00280463320955094,0.00111254248929062,0.00394225074266335,0.00117003661831899,-0.00324490151951751,0.0388,194,0,0.0388,0,194,0,1,0,-8.38333720504181e-05,-0.00216065391882521,0.00216065391882521,1,1
slope_bias,202,1,identity_scale,0.963592994822367,0.963592994822367,0.963509161450317,-8.38333720504236e-05,0.1564,0.1564,0.1952,1,0,0.801229508196721,0.198770491803279,0,0.00111254248929062,0.000226121392522576,0.00117003661831899,-0.00432653535935668,0.0388,194,0,0.0388,0,194,0,1,0,-8.38333720504181e-05,-0.00216065391882521,0.00216065391882521,1,1
slope_bias,202,1.25,expanded,0.963592994822367,0.963592994822367,0.963509161450317,-8.38333720504236e-05,0.1564,0.1564,0.1952,1,0,0.801229508196721,0.198770491803279,0.00280463320955094,0.00111254248929062,0.00201294755722102,0.00117003661831899,-0.00540816919919585,0.0388,194,0,0.0388,0,194,0,1,0,-8.38333720504181e-05,-0.00216065391882521,0.00216065391882521,1,1
slope_bias,202,1.5,expanded,0.963592994822367,0.963592994822367,0.963509161450317,-8.38333720504236e-05,0.1564,0.1564,0.1952,1,0,0.801229508196721,0.198770491803279,0.0112185328382038,0.00111254248929062,0.00930272923675867,0.00117003661831899,-0.00648980303903501,0.0388,194,0,0.0388,0,194,0,1,0,-8.38333720504181e-05,-0.00216065391882521,0.00216065391882521,1,1
slope_bias,202,2,expanded,0.963592994822367,0.963592994822367,0.963509161450317,-8.38333720504236e-05,0.1564,0.1564,0.1952,1,0,0.801229508196721,0.198770491803279,0.044874131352815,0.00111254248929062,0.0403911591403517,0.00117003661831899,-0.00865307071871335,0.0388,194,0,0.0388,0,194,0,1,0,-8.38333720504181e-05,-0.00216065391882521,0.00216065391882521,1,1
slope_bias,203,0.25,compressed,0.96517397786095,0.96517397786095,0.964686721712351,-0.000487256148599013,0.1584,0.1584,0.0762,1,0,1,0,0.0253884535641801,0.00102278320827773,0.0301970723428476,0.00113166200600414,0.00347890340767187,0.0822,411,0,0.0822,0,411,0,1,0,-0.000487256148599001,0.00592769037225062,0.00592769037225062,1,1
slope_bias,203,0.5,compressed,0.96517397786095,0.96517397786095,0.964686721712351,-0.000487256148599013,0.1584,0.1584,0.0762,1,0,1,0,0.0112837571396356,0.00102278320827773,0.0149094460122758,0.00113166200600414,0.00695780681534375,0.0822,411,0,0.0822,0,411,0,1,0,-0.000487256148599001,0.00592769037225062,0.00592769037225062,1,1
slope_bias,203,0.75,compressed,0.96517397786095,0.96517397786095,0.964686721712351,-0.000487256148599013,0.1584,0.1584,0.0762,1,0,1,0,0.0028209392849089,0.00102278320827773,0.00515967164982215,0.00113166200600414,0.0104367102230156,0.0822,411,0,0.0822,0,411,0,1,0,-0.000487256148599001,0.00592769037225062,0.00592769037225062,1,1
slope_bias,203,1,identity_scale,0.96517397786095,0.96517397786095,0.964686721712351,-0.000487256148599013,0.1584,0.1584,0.0762,1,0,1,0,0,0.00102278320827773,0.000947749255486672,0.00113166200600414,0.0139156136306875,0.0822,411,0,0.0822,0,411,0,1,0,-0.000487256148599001,0.00592769037225062,0.00592769037225062,1,1
slope_bias,203,1.25,expanded,0.96517397786095,0.96517397786095,0.964686721712351,-0.000487256148599013,0.1584,0.1584,0.0762,1,0,1,0,0.0028209392849089,0.00102278320827773,0.00227367882926936,0.00113166200600414,0.0173945170383594,0.0822,411,0,0.0822,0,411,0,1,0,-0.000487256148599001,0.00592769037225062,0.00592769037225062,1,1
slope_bias,203,1.5,expanded,0.96517397786095,0.96517397786095,0.964686721712351,-0.000487256148599013,0.1584,0.1584,0.0762,1,0,1,0,0.0112837571396356,0.00102278320827773,0.00913746037117022,0.00113166200600414,0.0208734204460312,0.0822,411,0,0.0822,0,411,0,1,0,-0.000487256148599001,0.00592769037225062,0.00592769037225062,1,1
slope_bias,203,2,expanded,0.96517397786095,0.96517397786095,0.964686721712351,-0.000487256148599013,0.1584,0.1584,0.0762,1,0,1,0,0.0451350285585424,0.00102278320827773,0.0394785793593264,0.00113166200600414,0.027831227261375,0.0822,411,0,0.0822,0,411,0,1,0,-0.000487256148599001,0.00592769037225062,0.00592769037225062,1,1
slope_bias,204,0.25,compressed,0.965361260684128,0.965361260684128,0.965071623663359,-0.000289637020768896,0.1576,0.1576,0.095,1,0,1,0,0.0253145936287915,0.00155267541190047,0.0265343596842927,0.000643305229017902,0.00252655127705401,0.0626,313,0,0.0626,0,313,0,1,0,-0.000289637020768886,0.00462678946915153,0.00462678946915153,1,1
slope_bias,204,0.5,compressed,0.965361260684128,0.965361260684128,0.965071623663359,-0.000289637020768896,0.1576,0.1576,0.095,1,0,1,0,0.0112509305016851,0.00155267541190047,0.0122544993395836,0.000643305229017902,0.00505310255410801,0.0626,313,0,0.0626,0,313,0,1,0,-0.000289637020768886,0.00462678946915153,0.00462678946915153,1,1
slope_bias,204,0.75,compressed,0.965361260684128,0.965361260684128,0.965071623663359,-0.000289637020768896,0.1576,0.1576,0.095,1,0,1,0,0.00281273262542128,0.00155267541190047,0.0034983033454922,0.000643305229017902,0.00757965383116202,0.0626,313,0,0.0626,0,313,0,1,0,-0.000289637020768886,0.00462678946915153,0.00462678946915153,1,1
slope_bias,204,1,identity_scale,0.965361260684128,0.965361260684128,0.965071623663359,-0.000289637020768896,0.1576,0.1576,0.095,1,0,1,0,0,0.00155267541190047,0.000265771702018511,0.000643305229017902,0.010106205108216,0.0626,313,0,0.0626,0,313,0,1,0,-0.000289637020768886,0.00462678946915153,0.00462678946915153,1,1
slope_bias,204,1.25,expanded,0.965361260684128,0.965361260684128,0.965071623663359,-0.000289637020768896,0.1576,0.1576,0.095,1,0,1,0,0.00281273262542128,0.00155267541190047,0.00255690440916254,0.000643305229017902,0.01263275638527,0.0626,313,0,0.0626,0,313,0,1,0,-0.000289637020768886,0.00462678946915153,0.00462678946915153,1,1
slope_bias,204,1.5,expanded,0.965361260684128,0.965361260684128,0.965071623663359,-0.000289637020768896,0.1576,0.1576,0.095,1,0,1,0,0.0112509305016851,0.00155267541190047,0.0103717014669243,0.000643305229017902,0.015159307662324,0.0626,313,0,0.0626,0,313,0,1,0,-0.000289637020768886,0.00462678946915153,0.00462678946915153,1,1
slope_bias,204,2,expanded,0.965361260684128,0.965361260684128,0.965071623663359,-0.000289637020768896,0.1576,0.1576,0.095,1,0,1,0,0.0450037220067405,0.00155267541190047,0.0425722886343009,0.000643305229017902,0.0202124102164321,0.0626,313,0,0.0626,0,313,0,1,0,-0.000289637020768886,0.00462678946915153,0.00462678946915153,1,1
slope_bias,205,0.25,compressed,0.965983759629641,0.965983759629641,0.965137179176231,-0.000846580453410017,0.1608,0.1608,0.2698,1,0,0.595997034840623,0.404002965159377,0.0241738700185906,0.000915079205503941,0.0229465268162187,0.000651170785581913,-0.00369543701898906,0.109,545,0,0.109,0,545,0,1,0,-0.000846580453409987,-0.00776679315055034,0.00776679315055034,1,1
slope_bias,205,0.5,compressed,0.965983759629641,0.965983759629641,0.965137179176231,-0.000846580453410017,0.1608,0.1608,0.2698,1,0,0.595997034840623,0.404002965159377,0.0107439422304847,0.000915079205503941,0.0100733286783464,0.000651170785581913,-0.00739087403797811,0.109,545,0,0.109,0,545,0,1,0,-0.000846580453409987,-0.00776679315055034,0.00776679315055034,1,1
slope_bias,205,0.75,compressed,0.965983759629641,0.965983759629641,0.965137179176231,-0.000846580453410017,0.1608,0.1608,0.2698,1,0,0.595997034840623,0.404002965159377,0.00268598555762118,0.000915079205503941,0.00246739585325066,0.000651170785581913,-0.0110863110569672,0.109,545,0,0.109,0,545,0,1,0,-0.000846580453409987,-0.00776679315055034,0.00776679315055034,1,1
slope_bias,205,1,identity_scale,0.965983759629641,0.965983759629641,0.965137179176231,-0.000846580453410017,0.1608,0.1608,0.2698,1,0,0.595997034840623,0.404002965159377,0,0.000915079205503941,0.0001287283409314,0.000651170785581913,-0.0147817480759562,0.109,545,0,0.109,0,545,0,1,0,-0.000846580453409987,-0.00776679315055034,0.00776679315055034,1,1
slope_bias,205,1.25,expanded,0.965983759629641,0.965983759629641,0.965137179176231,-0.000846580453410017,0.1608,0.1608,0.2698,1,0,0.595997034840623,0.404002965159377,0.00268598555762118,0.000915079205503941,0.00305732614138864,0.000651170785581913,-0.0184771850949453,0.109,545,0,0.109,0,545,0,1,0,-0.000846580453409987,-0.00776679315055034,0.00776679315055034,1,1
slope_bias,205,1.5,expanded,0.965983759629641,0.965983759629641,0.965137179176231,-0.000846580453410017,0.1608,0.1608,0.2698,1,0,0.595997034840623,0.404002965159377,0.0107439422304847,0.000915079205503941,0.0112531892546224,0.000651170785581913,-0.0221726221139343,0.109,545,0,0.109,0,545,0,1,0,-0.000846580453409987,-0.00776679315055034,0.00776679315055034,1,1
slope_bias,205,2,expanded,0.965983759629641,0.965983759629641,0.965137179176231,-0.000846580453410017,0.1608,0.1608,0.2698,1,0,0.595997034840623,0.404002965159377,0.0429757689219389,0.000915079205503941,0.0434467114194194,0.000651170785581913,-0.0295634961519125,0.109,545,0,0.109,0,545,0,1,0,-0.000846580453409987,-0.00776679315055034,0.00776679315055034,1,1
slope_bias,206,0.25,compressed,0.965424111268591,0.965424111268591,0.964100885628873,-0.00132322563971832,0.1664,0.1664,0.3072,1,0,0.541666666666667,0.458333333333333,0.0260479905970903,0.00149294617679059,0.0276626334189795,0.00109479365794957,-0.00473325740336242,0.1408,704,0,0.1408,0,704,0,1,0,-0.0013232256397183,-0.00939790937299931,0.00939790937299931,1,1
slope_bias,206,0.5,compressed,0.965424111268591,0.965424111268591,0.964100885628873,-0.00132322563971832,0.1664,0.1664,0.3072,1,0,0.541666666666667,0.458333333333333,0.0115768847098179,0.00149294617679059,0.0128576746163587,0.00109479365794957,-0.00946651480672483,0.1408,704,0,0.1408,0,704,0,1,0,-0.0013232256397183,-0.00939790937299931,0.00939790937299931,1,1
slope_bias,206,0.75,compressed,0.965424111268591,0.965424111268591,0.964100885628873,-0.00132322563971832,0.1664,0.1664,0.3072,1,0,0.541666666666667,0.458333333333333,0.00289422117745447,0.00149294617679059,0.00374056172935068,0.00109479365794957,-0.0141997722100873,0.1408,704,0,0.1408,0,704,0,1,0,-0.0013232256397183,-0.00939790937299931,0.00939790937299931,1,1
slope_bias,206,1,identity_scale,0.965424111268591,0.965424111268591,0.964100885628873,-0.00132322563971832,0.1664,0.1664,0.3072,1,0,0.541666666666667,0.458333333333333,0,0.00149294617679059,0.000311294757955349,0.00109479365794957,-0.0189330296134497,0.1408,704,0,0.1408,0,704,0,1,0,-0.0013232256397183,-0.00939790937299931,0.00939790937299931,1,1
slope_bias,206,1.25,expanded,0.965424111268591,0.965424111268591,0.964100885628873,-0.00132322563971832,0.1664,0.1664,0.3072,1,0,0.541666666666667,0.458333333333333,0.00289422117745447,0.00149294617679059,0.00256987370217275,0.00109479365794957,-0.0236662870168121,0.1408,704,0,0.1408,0,704,0,1,0,-0.0013232256397183,-0.00939790937299931,0.00939790937299931,1,1
slope_bias,206,1.5,expanded,0.965424111268591,0.965424111268591,0.964100885628873,-0.00132322563971832,0.1664,0.1664,0.3072,1,0,0.541666666666667,0.458333333333333,0.0115768847098179,0.00149294617679059,0.0105162985620029,0.00109479365794957,-0.0283995444201745,0.1408,704,0,0.1408,0,704,0,1,0,-0.0013232256397183,-0.00939790937299931,0.00939790937299931,1,1
slope_bias,206,2,expanded,0.965424111268591,0.965424111268591,0.964100885628873,-0.00132322563971832,0.1664,0.1664,0.3072,1,0,0.541666666666667,0.458333333333333,0.0463075388392716,0.00149294617679059,0.0434726860285013,0.00109479365794957,-0.0378660592268993,0.1408,704,0,0.1408,0,704,0,1,0,-0.0013232256397183,-0.00939790937299931,0.00939790937299931,1,1
slope_bias,207,0.25,compressed,0.964068652653405,0.964068652653405,0.959485551365794,-0.0045831012876113,0.1676,0.1676,0.428,1,0,0.391588785046729,0.608411214953271,0.0249339532655522,0.00758957744652732,0.0226708856961611,0.000653986279237896,-0.00999092432148752,0.2604,1302,0,0.2604,0,1302,0,1,0,-0.00458310128761135,-0.0176002353594906,0.0176002353594906,1,1
slope_bias,207,0.5,compressed,0.964068652653405,0.964068652653405,0.959485551365794,-0.0045831012876113,0.1676,0.1676,0.428,1,0,0.391588785046729,0.608411214953271,0.0110817570069121,0.00758957744652732,0.0097943932812367,0.000653986279237896,-0.019981848642975,0.2604,1302,0,0.2604,0,1302,0,1,0,-0.00458310128761135,-0.0176002353594906,0.0176002353594906,1,1
slope_bias,207,0.75,compressed,0.964068652653405,0.964068652653405,0.959485551365794,-0.0045831012876113,0.1676,0.1676,0.428,1,0,0.391588785046729,0.608411214953271,0.00277043925172803,0.00758957744652732,0.00235262634599098,0.000653986279237896,-0.0299727729644625,0.2604,1302,0,0.2604,0,1302,0,1,0,-0.00458310128761135,-0.0176002353594906,0.0176002353594906,1,1
slope_bias,207,1,identity_scale,0.964068652653405,0.964068652653405,0.959485551365794,-0.0045831012876113,0.1676,0.1676,0.428,1,0,0.391588785046729,0.608411214953271,0,0.00758957744652732,0.000345584890423975,0.000653986279237896,-0.0399636972859501,0.2604,1302,0,0.2604,0,1302,0,1,0,-0.00458310128761135,-0.0176002353594906,0.0176002353594906,1,1
slope_bias,207,1.25,expanded,0.964068652653405,0.964068652653405,0.959485551365794,-0.0045831012876113,0.1676,0.1676,0.428,1,0,0.391588785046729,0.608411214953271,0.00277043925172803,0.00758957744652732,0.00377326891453568,0.000653986279237896,-0.0499546216074376,0.2604,1302,0,0.2604,0,1302,0,1,0,-0.00458310128761135,-0.0176002353594906,0.0176002353594906,1,1
slope_bias,207,1.5,expanded,0.964068652653405,0.964068652653405,0.959485551365794,-0.0045831012876113,0.1676,0.1676,0.428,1,0,0.391588785046729,0.608411214953271,0.0110817570069121,0.00758957744652732,0.0126356784183261,0.000653986279237896,-0.0599455459289251,0.2604,1302,0,0.2604,0,1302,0,1,0,-0.00458310128761135,-0.0176002353594906,0.0176002353594906,1,1
slope_bias,207,2,expanded,0.964068652653405,0.964068652653405,0.959485551365794,-0.0045831012876113,0.1676,0.1676,0.428,1,0,0.391588785046729,0.608411214953271,0.0443270280276484,0.00758957744652732,0.0466646738649431,0.000653986279237896,-0.0799273945719001,0.2604,1302,0,0.2604,0,1302,0,1,0,-0.00458310128761135,-0.0176002353594906,0.0176002353594906,1,1
slope_bias,208,0.25,compressed,0.96527691526376,0.96527691526376,0.965071263064766,-0.000205652198994044,0.1602,0.1602,0.218,1,0,0.734862385321101,0.265137614678899,0.0238372585808949,0.00222655852777219,0.0266386504465844,0.00173833537018193,-0.00187165432616301,0.0578,289,0,0.0578,0,289,0,1,0,-0.000205652198994021,-0.0035579965223879,0.0035579965223879,1,1
slope_bias,208,0.5,compressed,0.96527691526376,0.96527691526376,0.965071263064766,-0.000205652198994044,0.1602,0.1602,0.218,1,0,0.734862385321101,0.265137614678899,0.0105943371470644,0.00222655852777219,0.0126602547126755,0.00173833537018193,-0.00374330865232603,0.0578,289,0,0.0578,0,289,0,1,0,-0.000205652198994021,-0.0035579965223879,0.0035579965223879,1,1
slope_bias,208,0.75,compressed,0.96527691526376,0.96527691526376,0.965071263064766,-0.000205652198994044,0.1602,0.1602,0.218,1,0,0.734862385321101,0.265137614678899,0.0026485842867661,0.00222655852777219,0.00387366449186896,0.00173833537018193,-0.00561496297848904,0.0578,289,0,0.0578,0,289,0,1,0,-0.000205652198994021,-0.0035579965223879,0.0035579965223879,1,1
slope_bias,208,1,identity_scale,0.96527691526376,0.96527691526376,0.965071263064766,-0.000205652198994044,0.1602,0.1602,0.218,1,0,0.734862385321101,0.265137614678899,0,0.00222655852777219,0.000278879784164844,0.00173833537018193,-0.00748661730465206,0.0578,289,0,0.0578,0,289,0,1,0,-0.000205652198994021,-0.0035579965223879,0.0035579965223879,1,1
slope_bias,208,1.25,expanded,0.96527691526376,0.96527691526376,0.965071263064766,-0.000205652198994044,0.1602,0.1602,0.218,1,0,0.734862385321101,0.265137614678899,0.0026485842867661,0.00222655852777219,0.00187590058956312,0.00173833537018193,-0.00935827163081507,0.0578,289,0,0.0578,0,289,0,1,0,-0.000205652198994021,-0.0035579965223879,0.0035579965223879,1,1
slope_bias,208,1.5,expanded,0.96527691526376,0.96527691526376,0.965071263064766,-0.000205652198994044,0.1602,0.1602,0.218,1,0,0.734862385321101,0.265137614678899,0.0105943371470644,0.00222655852777219,0.00866472690806378,0.00173833537018193,-0.0112299259569781,0.0578,289,0,0.0578,0,289,0,1,0,-0.000205652198994021,-0.0035579965223879,0.0035579965223879,1,1
slope_bias,208,2,expanded,0.96527691526376,0.96527691526376,0.965071263064766,-0.000205652198994044,0.1602,0.1602,0.218,1,0,0.734862385321101,0.265137614678899,0.0423773485882576,0.00222655852777219,0.0378177960843723,0.00173833537018193,-0.0149732346093041,0.0578,289,0,0.0578,0,289,0,1,0,-0.000205652198994021,-0.0035579965223879,0.0035579965223879,1,1
slope_bias,209,0.25,compressed,0.964400243327089,0.964400243327089,0.963448234044521,-0.000952009282568222,0.1588,0.1588,0.054,1,0,1,0,0.0252223632031216,0.00208264432690043,0.0272694188973654,0.00215468836353943,0.0060975681865309,0.1048,524,0,0.1048,0,524,0,1,0,-0.000952009282568201,0.00908405803977291,0.00908405803977291,1,1
slope_bias,209,0.5,compressed,0.964400243327089,0.964400243327089,0.963448234044521,-0.000952009282568222,0.1588,0.1588,0.054,1,0,1,0,0.0112099392013874,0.00208264432690043,0.0130145413815623,0.00215468836353943,0.0121951363730618,0.1048,524,0,0.1048,0,524,0,1,0,-0.000952009282568201,0.00908405803977291,0.00908405803977291,1,1
slope_bias,209,0.75,compressed,0.964400243327089,0.964400243327089,0.963448234044521,-0.000952009282568222,0.1588,0.1588,0.054,1,0,1,0,0.00280248480034684,0.00208264432690043,0.00425611195626796,0.00215468836353943,0.0182927045595927,0.1048,524,0,0.1048,0,524,0,1,0,-0.000952009282568201,0.00908405803977291,0.00908405803977291,1,1
slope_bias,209,1,identity_scale,0.964400243327089,0.964400243327089,0.963448234044521,-0.000952009282568222,0.1588,0.1588,0.054,1,0,1,0,0,0.00208264432690043,0.000994130621482362,0.00215468836353943,0.0243902727461236,0.1048,524,0,0.1048,0,524,0,1,0,-0.000952009282568201,0.00908405803977291,0.00908405803977291,1,1
slope_bias,209,1.25,expanded,0.964400243327089,0.964400243327089,0.963448234044521,-0.000952009282568222,0.1588,0.1588,0.054,1,0,1,0,0.00280248480034684,0.00208264432690043,0.0032285973772055,0.00215468836353943,0.0304878409326545,0.1048,524,0,0.1048,0,524,0,1,0,-0.000952009282568201,0.00908405803977291,0.00908405803977291,1,1
slope_bias,209,1.5,expanded,0.964400243327089,0.964400243327089,0.963448234044521,-0.000952009282568222,0.1588,0.1588,0.054,1,0,1,0,0.0112099392013874,0.00208264432690043,0.0109595122234374,0.00215468836353943,0.0365854091191854,0.1048,524,0,0.1048,0,524,0,1,0,-0.000952009282568201,0.00908405803977291,0.00908405803977291,1,1
slope_bias,209,2,expanded,0.964400243327089,0.964400243327089,0.963448234044521,-0.000952009282568222,0.1588,0.1588,0.054,1,0,1,0,0.0448397568055494,0.00208264432690043,0.0429106861874274,0.00215468836353943,0.0487805454922472,0.1048,524,0,0.1048,0,524,0,1,0,-0.000952009282568201,0.00908405803977291,0.00908405803977291,1,1
slope_bias,210,0.25,compressed,0.96398120503407,0.96398120503407,0.961520016026598,-0.00246118900747261,0.1628,0.1628,0.0152,1,0,1,0,0.025544807695637,0.000907391494929346,0.0261990942187796,0.000756756339967201,0.0148136290659498,0.1476,738,0,0.1476,0,738,0,1,0,-0.00246118900747265,0.01667472227285,0.01667472227285,1,1
slope_bias,210,0.5,compressed,0.96398120503407,0.96398120503407,0.961520016026598,-0.00246118900747261,0.1628,0.1628,0.0152,1,0,1,0,0.0113532478647276,0.000907391494929346,0.012194869948173,0.000756756339967201,0.0296272581318997,0.1476,738,0,0.1476,0,738,0,1,0,-0.00246118900747265,0.01667472227285,0.01667472227285,1,1
slope_bias,210,0.75,compressed,0.96398120503407,0.96398120503407,0.961520016026598,-0.00246118900747261,0.1628,0.1628,0.0152,1,0,1,0,0.00283831196618189,0.000907391494929346,0.00375761346163126,0.000756756339967201,0.0444408871978495,0.1476,738,0,0.1476,0,738,0,1,0,-0.00246118900747265,0.01667472227285,0.01667472227285,1,1
slope_bias,210,1,identity_scale,0.96398120503407,0.96398120503407,0.961520016026598,-0.00246118900747261,0.1628,0.1628,0.0152,1,0,1,0,0,0.000907391494929346,0.000887324759154237,0.000756756339967201,0.0592545162637993,0.1476,738,0,0.1476,0,738,0,1,0,-0.00246118900747265,0.01667472227285,0.01667472227285,1,1
slope_bias,210,1.25,expanded,0.96398120503407,0.96398120503407,0.961520016026598,-0.00246118900747261,0.1628,0.1628,0.0152,1,0,1,0,0.00283831196618189,0.000907391494929346,0.00358400384074196,0.000756756339967201,0.0740681453297491,0.1476,738,0,0.1476,0,738,0,1,0,-0.00246118900747265,0.01667472227285,0.01667472227285,1,1
slope_bias,210,1.5,expanded,0.96398120503407,0.96398120503407,0.961520016026598,-0.00246118900747261,0.1628,0.1628,0.0152,1,0,1,0,0.0113532478647276,0.000907391494929346,0.0118476507063944,0.000756756339967201,0.0888817743956989,0.1476,738,0,0.1476,0,738,0,1,0,-0.00246118900747265,0.01667472227285,0.01667472227285,1,1
slope_bias,210,2,expanded,0.96398120503407,0.96398120503407,0.961520016026598,-0.00246118900747261,0.1628,0.1628,0.0152,1,0,1,0,0.0454129914589103,0.000907391494929346,0.0450758477898936,0.000756756339967201,0.118509032527599,0.1476,738,0,0.1476,0,738,0,1,0,-0.00246118900747265,0.01667472227285,0.01667472227285,1,1
slope_bias,211,0.25,compressed,0.965729236710101,0.965729236710101,0.964238114934624,-0.00149112177547772,0.1648,0.1648,0.0424,1,0,1,0,0.0250053762279466,0.00117235480468218,0.0251561832295154,0.000299739328228688,0.00822272910792435,0.1224,612,0,0.1224,0,612,0,1,0,-0.00149112177547773,0.0121823674467135,0.0121823674467135,1,1
slope_bias,211,0.5,compressed,0.965729236710101,0.965729236710101,0.964238114934624,-0.00149112177547772,0.1648,0.1648,0.0424,1,0,1,0,0.011113500545754,0.00117235480468218,0.0114038467852986,0.000299739328228688,0.0164454582158487,0.1224,612,0,0.1224,0,612,0,1,0,-0.00149112177547773,0.0121823674467135,0.0121823674467135,1,1
slope_bias,211,0.75,compressed,0.965729236710101,0.965729236710101,0.964238114934624,-0.00149112177547772,0.1648,0.1648,0.0424,1,0,1,0,0.00277837513643851,0.00117235480468218,0.00310165318331825,0.000299739328228688,0.024668187323773,0.1224,612,0,0.1224,0,612,0,1,0,-0.00149112177547773,0.0121823674467135,0.0121823674467135,1,1
slope_bias,211,1,identity_scale,0.965729236710101,0.965729236710101,0.964238114934624,-0.00149112177547772,0.1648,0.1648,0.0424,1,0,1,0,0,0.00117235480468218,0.000249602423574259,0.000299739328228688,0.0328909164316974,0.1224,612,0,0.1224,0,612,0,1,0,-0.00149112177547773,0.0121823674467135,0.0121823674467135,1,1
slope_bias,211,1.25,expanded,0.965729236710101,0.965729236710101,0.964238114934624,-0.00149112177547772,0.1648,0.1648,0.0424,1,0,1,0,0.00277837513643851,0.00117235480468218,0.00284769450606666,0.000299739328228688,0.0411136455396217,0.1224,612,0,0.1224,0,612,0,1,0,-0.00149112177547773,0.0121823674467135,0.0121823674467135,1,1
slope_bias,211,1.5,expanded,0.965729236710101,0.965729236710101,0.964238114934624,-0.00149112177547772,0.1648,0.1648,0.0424,1,0,1,0,0.011113500545754,0.00117235480468218,0.0108959294307954,0.000299739328228688,0.0493363746475461,0.1224,612,0,0.1224,0,612,0,1,0,-0.00149112177547773,0.0121823674467135,0.0121823674467135,1,1
slope_bias,211,2,expanded,0.965729236710101,0.965729236710101,0.964238114934624,-0.00149112177547772,0.1648,0.1648,0.0424,1,0,1,0,0.0444540021830162,0.00117235480468218,0.0433428278069622,0.000299739328228688,0.0657818328633948,0.1224,612,0,0.1224,0,612,0,1,0,-0.00149112177547773,0.0121823674467135,0.0121823674467135,1,1
slope_bias,212,0.25,compressed,0.96560343253191,0.96560343253191,0.964003552043379,-0.00159988048853066,0.1648,0.1648,0.322,1,0,0.511801242236025,0.488198757763975,0.0248797828894025,0.00181495522686862,0.0185623721441237,0.00132209328454838,-0.0050708373887407,0.1572,786,0,0.1572,0,786,0,1,0,-0.00159988048853062,-0.0101773567972686,0.0101773567972686,1,1
slope_bias,212,0.5,compressed,0.96560343253191,0.96560343253191,0.964003552043379,-0.00159988048853066,0.1648,0.1648,0.322,1,0,0.511801242236025,0.488198757763975,0.0110576812841789,0.00181495522686862,0.00734321205881755,0.00132209328454838,-0.0101416747774814,0.1572,786,0,0.1572,0,786,0,1,0,-0.00159988048853062,-0.0101773567972686,0.0101773567972686,1,1
slope_bias,212,0.75,compressed,0.96560343253191,0.96560343253191,0.964003552043379,-0.00159988048853066,0.1648,0.1648,0.322,1,0,0.511801242236025,0.488198757763975,0.00276442032104472,0.00181495522686862,0.00154112596329097,0.00132209328454838,-0.0152125121662221,0.1572,786,0,0.1572,0,786,0,1,0,-0.00159988048853062,-0.0101773567972686,0.0101773567972686,1,1
slope_bias,212,1,identity_scale,0.96560343253191,0.96560343253191,0.964003552043379,-0.00159988048853066,0.1648,0.1648,0.322,1,0,0.511801242236025,0.488198757763975,0,0.00181495522686862,0.001156113857544,0.00132209328454838,-0.0202833495549628,0.1572,786,0,0.1572,0,786,0,1,0,-0.00159988048853062,-0.0101773567972686,0.0101773567972686,1,1
slope_bias,212,1.25,expanded,0.96560343253191,0.96560343253191,0.964003552043379,-0.00159988048853066,0.1648,0.1648,0.322,1,0,0.511801242236025,0.488198757763975,0.00276442032104472,0.00181495522686862,0.00618817574157663,0.00132209328454838,-0.0253541869437035,0.1572,786,0,0.1572,0,786,0,1,0,-0.00159988048853062,-0.0101773567972686,0.0101773567972686,1,1
slope_bias,212,1.5,expanded,0.96560343253191,0.96560343253191,0.964003552043379,-0.00159988048853066,0.1648,0.1648,0.322,1,0,0.511801242236025,0.488198757763975,0.0110576812841789,0.00181495522686862,0.0166373116153889,0.00132209328454838,-0.0304250243324442,0.1572,786,0,0.1572,0,786,0,1,0,-0.00159988048853062,-0.0101773567972686,0.0101773567972686,1,1
slope_bias,212,2,expanded,0.96560343253191,0.96560343253191,0.964003552043379,-0.00159988048853066,0.1648,0.1648,0.322,1,0,0.511801242236025,0.488198757763975,0.0442307251367156,0.00181495522686862,0.0537868053323521,0.00132209328454838,-0.0405666991099256,0.1572,786,0,0.1572,0,786,0,1,0,-0.00159988048853062,-0.0101773567972686,0.0101773567972686,1,1
slope_bias,213,0.25,compressed,0.965604966654744,0.965604966654744,0.96510388746086,-0.000501079193883536,0.1554,0.1554,0.2408,1,0,0.645348837209302,0.354651162790698,0.0249982378583217,0.00128649001314709,0.0207050332051185,0.00179494746703785,-0.00284284812164831,0.0854,427,0,0.0854,0,427,0,1,0,-0.000501079193883482,-0.00586743786748808,0.00586743786748808,1,1
slope_bias,213,0.5,compressed,0.965604966654744,0.965604966654744,0.96510388746086,-0.000501079193883536,0.1554,0.1554,0.2408,1,0,0.645348837209302,0.354651162790698,0.0111103279370319,0.00128649001314709,0.00859085378477157,0.00179494746703785,-0.00568569624329662,0.0854,427,0,0.0854,0,427,0,1,0,-0.000501079193883482,-0.00586743786748808,0.00586743786748808,1,1
slope_bias,213,0.75,compressed,0.965604966654744,0.965604966654744,0.96510388746086,-0.000501079193883536,0.1554,0.1554,0.2408,1,0,0.645348837209302,0.354651162790698,0.00277758198425796,0.00128649001314709,0.00192703593375072,0.00179494746703785,-0.00852854436494494,0.0854,427,0,0.0854,0,427,0,1,0,-0.000501079193883482,-0.00586743786748808,0.00586743786748808,1,1
slope_bias,213,1,identity_scale,0.965604966654744,0.965604966654744,0.96510388746086,-0.000501079193883536,0.1554,0.1554,0.2408,1,0,0.645348837209302,0.354651162790698,0,0.00128649001314709,0.000713579652055951,0.00179494746703785,-0.0113713924865932,0.0854,427,0,0.0854,0,427,0,1,0,-0.000501079193883482,-0.00586743786748808,0.00586743786748808,1,1
slope_bias,213,1.25,expanded,0.965604966654744,0.965604966654744,0.96510388746086,-0.000501079193883536,0.1554,0.1554,0.2408,1,0,0.645348837209302,0.354651162790698,0.00277758198425796,0.00128649001314709,0.00495048493968727,0.00179494746703785,-0.0142142406082416,0.0854,427,0,0.0854,0,427,0,1,0,-0.000501079193883482,-0.00586743786748808,0.00586743786748808,1,1
slope_bias,213,1.5,expanded,0.965604966654744,0.965604966654744,0.96510388746086,-0.000501079193883536,0.1554,0.1554,0.2408,1,0,0.645348837209302,0.354651162790698,0.0111103279370319,0.00128649001314709,0.0146377517966447,0.00179494746703785,-0.0170570887298899,0.0854,427,0,0.0854,0,427,0,1,0,-0.000501079193883482,-0.00586743786748808,0.00586743786748808,1,1
slope_bias,213,2,expanded,0.965604966654744,0.965604966654744,0.96510388746086,-0.000501079193883536,0.1554,0.1554,0.2408,1,0,0.645348837209302,0.354651162790698,0.0444413117481274,0.00128649001314709,0.0503633702185377,0.00179494746703785,-0.0227427849731865,0.0854,427,0,0.0854,0,427,0,1,0,-0.000501079193883482,-0.00586743786748808,0.00586743786748808,1,1
slope_bias,214,0.25,compressed,0.964721268104558,0.964721268104558,0.964078781383784,-0.000642486720774604,0.1564,0.1564,0.0678,1,0,1,0,0.0255514603061441,0.000847921196205519,0.0263053491583803,0.00128202866805763,0.0044236421408613,0.0886,443,0,0.0886,0,443,0,1,0,-0.000642486720774548,0.00725154312386623,0.00725154312386623,1,1
slope_bias,214,0.5,compressed,0.964721268104558,0.964721268104558,0.964078781383784,-0.000642486720774604,0.1564,0.1564,0.0678,1,0,1,0,0.0113562045805085,0.000847921196205519,0.0123813182066661,0.00128202866805763,0.0088472842817226,0.0886,443,0,0.0886,0,443,0,1,0,-0.000642486720774548,0.00725154312386623,0.00725154312386623,1,1
slope_bias,214,0.75,compressed,0.964721268104558,0.964721268104558,0.964078781383784,-0.000642486720774604,0.1564,0.1564,0.0678,1,0,1,0,0.00283905114512713,0.000847921196205519,0.00402736361674641,0.00128202866805763,0.0132709264225839,0.0886,443,0,0.0886,0,443,0,1,0,-0.000642486720774548,0.00725154312386623,0.00725154312386623,1,1
slope_bias,214,1,identity_scale,0.964721268104558,0.964721268104558,0.964078781383784,-0.000642486720774604,0.1564,0.1564,0.0678,1,0,1,0,0,0.000847921196205519,0.00124348538862123,0.00128202866805763,0.0176945685634452,0.0886,443,0,0.0886,0,443,0,1,0,-0.000642486720774548,0.00725154312386623,0.00725154312386623,1,1
slope_bias,214,1.25,expanded,0.964721268104558,0.964721268104558,0.964078781383784,-0.000642486720774604,0.1564,0.1564,0.0678,1,0,1,0,0.00283905114512713,0.000847921196205519,0.00402968352229055,0.00128202866805763,0.0221182107043065,0.0886,443,0,0.0886,0,443,0,1,0,-0.000642486720774548,0.00725154312386623,0.00725154312386623,1,1
slope_bias,214,1.5,expanded,0.964721268104558,0.964721268104558,0.964078781383784,-0.000642486720774604,0.1564,0.1564,0.0678,1,0,1,0,0.0113562045805085,0.000847921196205519,0.0123859580177544,0.00128202866805763,0.0265418528451678,0.0886,443,0,0.0886,0,443,0,1,0,-0.000642486720774548,0.00725154312386623,0.00725154312386623,1,1
slope_bias,214,2,expanded,0.964721268104558,0.964721268104558,0.964078781383784,-0.000642486720774604,0.1564,0.1564,0.0678,1,0,1,0,0.045424818322034,0.000847921196205519,0.0458087360940655,0.00128202866805763,0.0353891371268904,0.0886,443,0,0.0886,0,443,0,1,0,-0.000642486720774548,0.00725154312386623,0.00725154312386623,1,1
slope_bias,215,0.25,compressed,0.964606417871735,0.964606417871735,0.964107090232389,-0.000499327639346237,0.1596,0.1596,0.2474,1,0,0.645109135004042,0.354890864995958,0.0253519404793588,0.0019114189100903,0.0245471238123139,0.000885205361450329,-0.00287796068372151,0.0878,439,0,0.0878,0,439,0,1,0,-0.000499327639346292,-0.0056871029538302,0.0056871029538302,1,1
slope_bias,215,0.5,compressed,0.964606417871735,0.964606417871735,0.964107090232389,-0.000499327639346237,0.1596,0.1596,0.2474,1,0,0.645109135004042,0.354890864995958,0.0112675291019372,0.0019114189100903,0.0109860247002288,0.000885205361450329,-0.00575592136744302,0.0878,439,0,0.0878,0,439,0,1,0,-0.000499327639346292,-0.0056871029538302,0.0056871029538302,1,1
slope_bias,215,0.75,compressed,0.964606417871735,0.964606417871735,0.964107090232389,-0.000499327639346237,0.1596,0.1596,0.2474,1,0,0.645109135004042,0.354890864995958,0.00281688227548431,0.0019114189100903,0.00295383794565503,0.000885205361450329,-0.00863388205116453,0.0878,439,0,0.0878,0,439,0,1,0,-0.000499327639346292,-0.0056871029538302,0.0056871029538302,1,1
slope_bias,215,1,identity_scale,0.964606417871735,0.964606417871735,0.964107090232389,-0.000499327639346237,0.1596,0.1596,0.2474,1,0,0.645109135004042,0.354890864995958,0,0.0019114189100903,0.000450563548592613,0.000885205361450329,-0.011511842734886,0.0878,439,0,0.0878,0,439,0,1,0,-0.000499327639346292,-0.0056871029538302,0.0056871029538302,1,1
slope_bias,215,1.25,expanded,0.964606417871735,0.964606417871735,0.964107090232389,-0.000499327639346237,0.1596,0.1596,0.2474,1,0,0.645109135004042,0.354890864995958,0.00281688227548431,0.0019114189100903,0.00347620150904155,0.000885205361450329,-0.0143898034186075,0.0878,439,0,0.0878,0,439,0,1,0,-0.000499327639346292,-0.0056871029538302,0.0056871029538302,1,1
slope_bias,215,1.5,expanded,0.964606417871735,0.964606417871735,0.964107090232389,-0.000499327639346237,0.1596,0.1596,0.2474,1,0,0.645109135004042,0.354890864995958,0.0112675291019372,0.0019114189100903,0.0120307518270018,0.000885205361450329,-0.0172677641023291,0.0878,439,0,0.0878,0,439,0,1,0,-0.000499327639346292,-0.0056871029538302,0.0056871029538302,1,1
slope_bias,215,2,expanded,0.964606417871735,0.964606417871735,0.964107090232389,-0.000499327639346237,0.1596,0.1596,0.2474,1,0,0.645109135004042,0.354890864995958,0.0450701164077489,0.0019114189100903,0.0457265895354565,0.000885205361450329,-0.0230236854697721,0.0878,439,0,0.0878,0,439,0,1,0,-0.000499327639346292,-0.0056871029538302,0.0056871029538302,1,1
slope_bias,216,0.25,compressed,0.965164866598787,0.965164866598787,0.964150987014756,-0.00101387958403121,0.1522,0.1522,0.2734,1,0,0.556693489392831,0.443306510607169,0.0252797510593813,0.00103304625628813,0.0256238646552165,0.000648256704231388,-0.00410812992419138,0.1212,606,0,0.1212,0,606,0,1,0,-0.00101387958403112,-0.00836534310256703,0.00836534310256703,1,1
slope_bias,216,0.5,compressed,0.965164866598787,0.965164866598787,0.964150987014756,-0.00101387958403121,0.1522,0.1522,0.2734,1,0,0.556693489392831,0.443306510607169,0.0112354449152806,0.00103304625628813,0.0116840324655057,0.000648256704231388,-0.00821625984838276,0.1212,606,0,0.1212,0,606,0,1,0,-0.00101387958403112,-0.00836534310256703,0.00836534310256703,1,1
slope_bias,216,0.75,compressed,0.965164866598787,0.965164866598787,0.964150987014756,-0.00101387958403121,0.1522,0.1522,0.2734,1,0,0.556693489392831,0.443306510607169,0.00280886122882014,0.00103304625628813,0.00326052665986126,0.000648256704231388,-0.0123243897725741,0.1212,606,0,0.1212,0,606,0,1,0,-0.00101387958403112,-0.00836534310256703,0.00836534310256703,1,1
slope_bias,216,1,identity_scale,0.965164866598787,0.965164866598787,0.964150987014756,-0.00101387958403121,0.1522,0.1522,0.2734,1,0,0.556693489392831,0.443306510607169,0,0.00103304625628813,0.000353347238283249,0.000648256704231388,-0.0164325196967655,0.1212,606,0,0.1212,0,606,0,1,0,-0.00101387958403112,-0.00836534310256703,0.00836534310256703,1,1
slope_bias,216,1.25,expanded,0.965164866598787,0.965164866598787,0.964150987014756,-0.00101387958403121,0.1522,0.1522,0.2734,1,0,0.556693489392831,0.443306510607169,0.00280886122882014,0.00103304625628813,0.00296249420077163,0.000648256704231388,-0.0205406496209569,0.1212,606,0,0.1212,0,606,0,1,0,-0.00101387958403112,-0.00836534310256703,0.00836534310256703,1,1
slope_bias,216,1.5,expanded,0.965164866598787,0.965164866598787,0.964150987014756,-0.00101387958403121,0.1522,0.1522,0.2734,1,0,0.556693489392831,0.443306510607169,0.0112354449152806,0.00103304625628813,0.0110879675473264,0.000648256704231388,-0.0246487795451483,0.1212,606,0,0.1212,0,606,0,1,0,-0.00101387958403112,-0.00836534310256703,0.00836534310256703,1,1
slope_bias,216,2,expanded,0.965164866598787,0.965164866598787,0.964150987014756,-0.00101387958403121,0.1522,0.1522,0.2734,1,0,0.556693489392831,0.443306510607169,0.0449417796611223,0.00103304625628813,0.0438878933926351,0.000648256704231388,-0.032865039393531,0.1212,606,0,0.1212,0,606,0,1,0,-0.00101387958403112,-0.00836534310256703,0.00836534310256703,1,1
slope_bias,217,0.25,compressed,0.965663446371034,0.965663446371034,0.965465628187382,-0.000197818183652054,0.1596,0.1596,0.2176,1,0,0.733455882352941,0.266544117647059,0.0243795912702072,0.00163675014024944,0.0232724779608891,0.00147150140441009,-0.00185859668164778,0.058,290,0,0.058,0,290,0,1,0,-0.000197818183651952,-0.00341065833882676,0.00341065833882676,1,1
slope_bias,217,0.5,compressed,0.965663446371034,0.965663446371034,0.965465628187382,-0.000197818183652054,0.1596,0.1596,0.2176,1,0,0.733455882352941,0.266544117647059,0.0108353738978699,0.00163675014024944,0.0103471208982687,0.00147150140441009,-0.00371719336329557,0.058,290,0,0.058,0,290,0,1,0,-0.000197818183651952,-0.00341065833882676,0.00341065833882676,1,1
slope_bias,217,0.75,compressed,0.965663446371034,0.965663446371034,0.965465628187382,-0.000197818183652054,0.1596,0.1596,0.2176,1,0,0.733455882352941,0.266544117647059,0.00270884347446746,0.00163675014024944,0.00273553329001973,0.00147150140441009,-0.00557579004494335,0.058,290,0,0.058,0,290,0,1,0,-0.000197818183651952,-0.00341065833882676,0.00341065833882676,1,1
slope_bias,217,1,identity_scale,0.965663446371034,0.965663446371034,0.965465628187382,-0.000197818183652054,0.1596,0.1596,0.2176,1,0,0.733455882352941,0.266544117647059,0,0.00163675014024944,0.000437715136142286,0.00147150140441009,-0.00743438672659114,0.058,290,0,0.058,0,290,0,1,0,-0.000197818183651952,-0.00341065833882676,0.00341065833882676,1,1
slope_bias,217,1.25,expanded,0.965663446371034,0.965663446371034,0.965465628187382,-0.000197818183652054,0.1596,0.1596,0.2176,1,0,0.733455882352941,0.266544117647059,0.00270884347446746,0.00163675014024944,0.00345366643663635,0.00147150140441009,-0.00929298340823892,0.058,290,0,0.058,0,290,0,1,0,-0.000197818183651952,-0.00341065833882676,0.00341065833882676,1,1
slope_bias,217,1.5,expanded,0.965663446371034,0.965663446371034,0.965465628187382,-0.000197818183652054,0.1596,0.1596,0.2176,1,0,0.733455882352941,0.266544117647059,0.0108353738978699,0.00163675014024944,0.0117833871915019,0.00147150140441009,-0.0111515800898867,0.058,290,0,0.058,0,290,0,1,0,-0.000197818183651952,-0.00341065833882676,0.00341065833882676,1,1
slope_bias,217,2,expanded,0.965663446371034,0.965663446371034,0.965465628187382,-0.000197818183652054,0.1596,0.1596,0.2176,1,0,0.733455882352941,0.266544117647059,0.0433414955914794,0.00163675014024944,0.0443841370643476,0.00147150140441009,-0.0148687734531823,0.058,290,0,0.058,0,290,0,1,0,-0.000197818183651952,-0.00341065833882676,0.00341065833882676,1,1
slope_bias,218,0.25,compressed,0.964566545204145,0.964566545204145,0.964245375463854,-0.00032116974029095,0.1564,0.1564,0.224,1,0,0.698214285714286,0.301785714285714,0.0244952599573026,0.00195213488645061,0.0211581581290178,0.000687948670825553,-0.00243711647573708,0.0676,338,0,0.0676,0,338,0,1,0,-0.000321169740290964,-0.00475103166110894,0.00475103166110894,1,1
slope_bias,218,0.5,compressed,0.964566545204145,0.964566545204145,0.964245375463854,-0.00032116974029095,0.1564,0.1564,0.224,1,0,0.698214285714286,0.301785714285714,0.0108867822032456,0.00195213488645061,0.00908088523588427,0.000687948670825553,-0.00487423295147416,0.0676,338,0,0.0676,0,338,0,1,0,-0.000321169740290964,-0.00475103166110894,0.00475103166110894,1,1
slope_bias,218,0.75,compressed,0.964566545204145,0.964566545204145,0.964245375463854,-0.00032116974029095,0.1564,0.1564,0.224,1,0,0.698214285714286,0.301785714285714,0.0027216955508114,0.00195213488645061,0.00234022536971754,0.000687948670825553,-0.00731134942721123,0.0676,338,0,0.0676,0,338,0,1,0,-0.000321169740290964,-0.00475103166110894,0.00475103166110894,1,1
slope_bias,218,1,identity_scale,0.964566545204145,0.964566545204145,0.964245375463854,-0.00032116974029095,0.1564,0.1564,0.224,1,0,0.698214285714286,0.301785714285714,0,0.00195213488645061,0.000936178530517669,0.000687948670825553,-0.00974846590294831,0.0676,338,0,0.0676,0,338,0,1,0,-0.000321169740290964,-0.00475103166110894,0.00475103166110894,1,1
slope_bias,218,1.25,expanded,0.964566545204145,0.964566545204145,0.964245375463854,-0.00032116974029095,0.1564,0.1564,0.224,1,0,0.698214285714286,0.301785714285714,0.0027216955508114,0.00195213488645061,0.00486874471828465,0.000687948670825553,-0.0121855823786854,0.0676,338,0,0.0676,0,338,0,1,0,-0.000321169740290964,-0.00475103166110894,0.00475103166110894,1,1
slope_bias,218,1.5,expanded,0.964566545204145,0.964566545204145,0.964245375463854,-0.00032116974029095,0.1564,0.1564,0.224,1,0,0.698214285714286,0.301785714285714,0.0108867822032456,0.00195213488645061,0.0141379239330185,0.000687948670825553,-0.0146226988544225,0.0676,338,0,0.0676,0,338,0,1,0,-0.000321169740290964,-0.00475103166110894,0.00475103166110894,1,1
slope_bias,218,2,expanded,0.964566545204145,0.964566545204145,0.964245375463854,-0.00032116974029095,0.1564,0.1564,0.224,1,0,0.698214285714286,0.301785714285714,0.0435471288129824,0.00195213488645061,0.0486861214433867,0.000687948670825553,-0.0194969318058966,0.0676,338,0,0.0676,0,338,0,1,0,-0.000321169740290964,-0.00475103166110894,0.00475103166110894,1,1
slope_bias,219,0.25,compressed,0.965145052741936,0.965145052741936,0.964866154019997,-0.000278898721939758,0.1618,0.1618,0.2302,1,0,0.702867072111208,0.297132927888792,0.0244863901025514,0.00162616886332153,0.0311387735372057,0.000878046381330557,-0.00211983583148337,0.0684,342,0,0.0684,0,342,0,1,0,-0.000278898721939697,-0.00407746669502482,0.00407746669502482,1,1
slope_bias,219,0.5,compressed,0.965145052741936,0.965145052741936,0.964866154019997,-0.000278898721939758,0.1618,0.1618,0.2302,1,0,0.702867072111208,0.297132927888792,0.0108828400455784,0.00162616886332153,0.0157251189675289,0.000878046381330557,-0.00423967166296674,0.0684,342,0,0.0684,0,342,0,1,0,-0.000278898721939697,-0.00407746669502482,0.00407746669502482,1,1
slope_bias,219,0.75,compressed,0.965145052741936,0.965145052741936,0.964866154019997,-0.000278898721939758,0.1618,0.1618,0.2302,1,0,0.702867072111208,0.297132927888792,0.0027207100113946,0.00162616886332153,0.00564837386234368,0.000878046381330557,-0.00635950749445011,0.0684,342,0,0.0684,0,342,0,1,0,-0.000278898721939697,-0.00407746669502482,0.00407746669502482,1,1
slope_bias,219,1,identity_scale,0.965145052741936,0.965145052741936,0.964866154019997,-0.000278898721939758,0.1618,0.1618,0.2302,1,0,0.702867072111208,0.297132927888792,0,0.00162616886332153,0.000908538221649943,0.000878046381330557,-0.00847934332593347,0.0684,342,0,0.0684,0,342,0,1,0,-0.000278898721939697,-0.00407746669502482,0.00407746669502482,1,1
slope_bias,219,1.25,expanded,0.965145052741936,0.965145052741936,0.964866154019997,-0.000278898721939758,0.1618,0.1618,0.2302,1,0,0.702867072111208,0.297132927888792,0.0027207100113946,0.00162616886332153,0.00150561204544774,0.000878046381330557,-0.0105991791574168,0.0684,342,0,0.0684,0,342,0,1,0,-0.000278898721939697,-0.00407746669502482,0.00407746669502482,1,1
slope_bias,219,1.5,expanded,0.965145052741936,0.965145052741936,0.964866154019997,-0.000278898721939758,0.1618,0.1618,0.2302,1,0,0.702867072111208,0.297132927888792,0.0108828400455784,0.00162616886332153,0.00743959533373707,0.000878046381330557,-0.0127190149889002,0.0684,342,0,0.0684,0,342,0,1,0,-0.000278898721939697,-0.00407746669502482,0.00407746669502482,1,1
slope_bias,219,2,expanded,0.965145052741936,0.965145052741936,0.964866154019997,-0.000278898721939758,0.1618,0.1618,0.2302,1,0,0.702867072111208,0.297132927888792,0.0435313601823135,0.00162616886332153,0.0353182903037903,0.000878046381330557,-0.016958686651867,0.0684,342,0,0.0684,0,342,0,1,0,-0.000278898721939697,-0.00407746669502482,0.00407746669502482,1,1
slope_bias,220,0.25,compressed,0.965242059282164,0.965242059282164,0.965019489638053,-0.000222569644110826,0.1604,0.1604,0.102,1,0,1,0,0.0242515571639811,0.00079667280789244,0.0252145570220212,0.000411055565724181,0.00220595077432689,0.0584,292,0,0.0584,0,292,0,1,0,-0.000222569644110877,0.00381112404299447,0.00381112404299447,1,1
slope_bias,220,0.5,compressed,0.965242059282164,0.965242059282164,0.965019489638053,-0.000222569644110826,0.1604,0.1604,0.102,1,0,1,0,0.0107784698506583,0.00079667280789244,0.0117429054987039,0.000411055565724181,0.00441190154865379,0.0584,292,0,0.0584,0,292,0,1,0,-0.000222569644110877,0.00381112404299447,0.00381112404299447,1,1
slope_bias,220,0.75,compressed,0.965242059282164,0.965242059282164,0.965019489638053,-0.000222569644110826,0.1604,0.1604,0.102,1,0,1,0,0.00269461746266457,0.00079667280789244,0.0035572502176264,0.000411055565724181,0.00661785232298068,0.0584,292,0,0.0584,0,292,0,1,0,-0.000222569644110877,0.00381112404299447,0.00381112404299447,1,1
slope_bias,220,1,identity_scale,0.965242059282164,0.965242059282164,0.965019489638053,-0.000222569644110826,0.1604,0.1604,0.102,1,0,1,0,0,0.00079667280789244,0.000657591178788781,0.000411055565724181,0.00882380309730757,0.0584,292,0,0.0584,0,292,0,1,0,-0.000222569644110877,0.00381112404299447,0.00381112404299447,1,1
slope_bias,220,1.25,expanded,0.965242059282164,0.965242059282164,0.965019489638053,-0.000222569644110826,0.1604,0.1604,0.102,1,0,1,0,0.00269461746266457,0.00079667280789244,0.00304392838219102,0.000411055565724181,0.0110297538716345,0.0584,292,0,0.0584,0,292,0,1,0,-0.000222569644110877,0.00381112404299447,0.00381112404299447,1,1
slope_bias,220,1.5,expanded,0.965242059282164,0.965242059282164,0.965019489638053,-0.000222569644110826,0.1604,0.1604,0.102,1,0,1,0,0.0107784698506583,0.00079667280789244,0.0107162618278331,0.000411055565724181,0.0132357046459614,0.0584,292,0,0.0584,0,292,0,1,0,-0.000222569644110877,0.00381112404299447,0.00381112404299447,1,1
slope_bias,220,2,expanded,0.965242059282164,0.965242059282164,0.965019489638053,-0.000222569644110826,0.1604,0.1604,0.102,1,0,1,0,0.0431138794026331,0.00079667280789244,0.0419189174458369,0.000411055565724181,0.0176476061946151,0.0584,292,0,0.0584,0,292,0,1,0,-0.000222569644110877,0.00381112404299447,0.00381112404299447,1,1
slope_bias,221,0.25,compressed,0.963369510910669,0.963369510910669,0.963368850381419,-6.60529249962849e-07,0.158,0.158,0.1616,1,0,0.977722772277228,0.0222772277227723,0.025250525780791,0.000908844238558941,0.0282017447794539,0.000750956159876574,-9.508232739594e-05,0.0036,18,0,0.0036,0,18,0,1,0,-6.60529249951103e-07,-0.00018348034720864,0.00018348034720864,1,1
slope_bias,221,0.5,compressed,0.963369510910669,0.963369510910669,0.963368850381419,-6.60529249962849e-07,0.158,0.158,0.1616,1,0,0.977722772277228,0.0222772277227723,0.0112224559025738,0.000908844238558941,0.0134270828873986,0.000750956159876574,-0.00019016465479188,0.0036,18,0,0.0036,0,18,0,1,0,-6.60529249951103e-07,-0.00018348034720864,0.00018348034720864,1,1
slope_bias,221,0.75,compressed,0.963369510910669,0.963369510910669,0.963368850381419,-6.60529249962849e-07,0.158,0.158,0.1616,1,0,0.977722772277228,0.0222772277227723,0.00280561397564345,0.000908844238558941,0.00415906587835065,0.000750956159876574,-0.00028524698218782,0.0036,18,0,0.0036,0,18,0,1,0,-6.60529249951103e-07,-0.00018348034720864,0.00018348034720864,1,1
slope_bias,221,1,identity_scale,0.963369510910669,0.963369510910669,0.963368850381419,-6.60529249962849e-07,0.158,0.158,0.1616,1,0,0.977722772277228,0.0222772277227723,0,0.000908844238558941,0.000397693752309984,0.000750956159876574,-0.00038032930958376,0.0036,18,0,0.0036,0,18,0,1,0,-6.60529249951103e-07,-0.00018348034720864,0.00018348034720864,1,1
slope_bias,221,1.25,expanded,0.963369510910669,0.963369510910669,0.963368850381419,-6.60529249962849e-07,0.158,0.158,0.1616,1,0,0.977722772277228,0.0222772277227723,0.00280561397564345,0.000908844238558941,0.00214296650927661,0.000750956159876574,-0.0004754116369797,0.0036,18,0,0.0036,0,18,0,1,0,-6.60529249951103e-07,-0.00018348034720864,0.00018348034720864,1,1
slope_bias,221,1.5,expanded,0.963369510910669,0.963369510910669,0.963368850381419,-6.60529249962849e-07,0.158,0.158,0.1616,1,0,0.977722772277228,0.0222772277227723,0.0112224559025738,0.000908844238558941,0.00939488414925052,0.000750956159876574,-0.00057049396437564,0.0036,18,0,0.0036,0,18,0,1,0,-6.60529249951103e-07,-0.00018348034720864,0.00018348034720864,1,1
slope_bias,221,2,expanded,0.963369510910669,0.963369510910669,0.963368850381419,-6.60529249962849e-07,0.158,0.158,0.1616,1,0,0.977722772277228,0.0222772277227723,0.0448898236102951,0.000908844238558941,0.0404186540782202,0.000750956159876574,-0.00076065861916752,0.0036,18,0,0.0036,0,18,0,1,0,-6.60529249951103e-07,-0.00018348034720864,0.00018348034720864,1,1
slope_bias,222,0.25,compressed,0.964939370296207,0.964939370296207,0.964363970984404,-0.000575399311802949,0.1662,0.1662,0.079,1,0,1,0,0.024410146059404,0.00124007338043698,0.0241064767885736,0.0011642367408402,0.00380914716946615,0.0872,436,0,0.0872,0,436,0,1,0,-0.000575399311803041,0.00659861596104405,0.00659861596104405,1,1
slope_bias,222,0.5,compressed,0.964939370296207,0.964939370296207,0.964363970984404,-0.000575399311802949,0.1662,0.1662,0.079,1,0,1,0,0.0108489538041796,0.00124007338043698,0.0109211756208577,0.0011642367408402,0.0076182943389323,0.0872,436,0,0.0872,0,436,0,1,0,-0.000575399311803041,0.00659861596104405,0.00659861596104405,1,1
slope_bias,222,0.75,compressed,0.964939370296207,0.964939370296207,0.964363970984404,-0.000575399311802949,0.1662,0.1662,0.079,1,0,1,0,0.00271223845104489,0.00124007338043698,0.00305772725589589,0.0011642367408402,0.0114274415083984,0.0872,436,0,0.0872,0,436,0,1,0,-0.000575399311803041,0.00659861596104405,0.00659861596104405,1,1
slope_bias,222,1,identity_scale,0.964939370296207,0.964939370296207,0.964363970984404,-0.000575399311802949,0.1662,0.1662,0.079,1,0,1,0,0,0.00124007338043698,0.000516131693688157,0.0011642367408402,0.0152365886778646,0.0872,436,0,0.0872,0,436,0,1,0,-0.000575399311803041,0.00659861596104405,0.00659861596104405,1,1
slope_bias,222,1.25,expanded,0.964939370296207,0.964939370296207,0.964363970984404,-0.000575399311802949,0.1662,0.1662,0.079,1,0,1,0,0.00271223845104489,0.00124007338043698,0.0032963889342345,0.0011642367408402,0.0190457358473307,0.0872,436,0,0.0872,0,436,0,1,0,-0.000575399311803041,0.00659861596104405,0.00659861596104405,1,1
slope_bias,222,1.5,expanded,0.964939370296207,0.964939370296207,0.964363970984404,-0.000575399311802949,0.1662,0.1662,0.079,1,0,1,0,0.0108489538041796,0.00124007338043698,0.0113984989775349,0.0011642367408402,0.0228548830167969,0.0872,436,0,0.0872,0,436,0,1,0,-0.000575399311803041,0.00659861596104405,0.00659861596104405,1,1
slope_bias,222,2,expanded,0.964939370296207,0.964939370296207,0.964363970984404,-0.000575399311802949,0.1662,0.1662,0.079,1,0,1,0,0.0433958152167183,0.00124007338043698,0.043568277472398,0.0011642367408402,0.0304731773557292,0.0872,436,0,0.0872,0,436,0,1,0,-0.000575399311803041,0.00659861596104405,0.00659861596104405,1,1
slope_bias,223,0.25,compressed,0.964056490329732,0.964056490329732,0.963675781094076,-0.000380709235656251,0.1508,0.1508,0.0794,1,0,1,0,0.0243480166468625,0.00101857066893566,0.0223720742336432,0.000990031780908318,0.00293556698503128,0.0714,357,0,0.0714,0,357,0,1,0,-0.000380709235656245,0.00533206212403704,0.00533206212403704,1,1
slope_bias,223,0.5,compressed,0.964056490329732,0.964056490329732,0.963675781094076,-0.000380709235656251,0.1508,0.1508,0.0794,1,0,1,0,0.0108213407319389,0.00101857066893566,0.0097120675933522,0.000990031780908318,0.00587113397006256,0.0714,357,0,0.0714,0,357,0,1,0,-0.000380709235656245,0.00533206212403704,0.00533206212403704,1,1
slope_bias,223,0.75,compressed,0.964056490329732,0.964056490329732,0.963675781094076,-0.000380709235656251,0.1508,0.1508,0.0794,1,0,1,0,0.00270533518298472,0.00101857066893566,0.0023647141304779,0.000990031780908318,0.00880670095509384,0.0714,357,0,0.0714,0,357,0,1,0,-0.000380709235656245,0.00533206212403704,0.00533206212403704,1,1
slope_bias,223,1,identity_scale,0.964056490329732,0.964056490329732,0.963675781094076,-0.000380709235656251,0.1508,0.1508,0.0794,1,0,1,0,0,0.00101857066893566,0.000330013845020271,0.000990031780908318,0.0117422679401251,0.0714,357,0,0.0714,0,357,0,1,0,-0.000380709235656245,0.00533206212403704,0.00533206212403704,1,1
slope_bias,223,1.25,expanded,0.964056490329732,0.964056490329732,0.963675781094076,-0.000380709235656251,0.1508,0.1508,0.0794,1,0,1,0,0.00270533518298472,0.00101857066893566,0.00360796673697932,0.000990031780908318,0.0146778349251564,0.0714,357,0,0.0714,0,357,0,1,0,-0.000380709235656245,0.00533206212403704,0.00533206212403704,1,1
slope_bias,223,1.5,expanded,0.964056490329732,0.964056490329732,0.963675781094076,-0.000380709235656251,0.1508,0.1508,0.0794,1,0,1,0,0.0108213407319389,0.00101857066893566,0.012198572806355,0.000990031780908318,0.0176134019101877,0.0714,357,0,0.0714,0,357,0,1,0,-0.000380709235656245,0.00533206212403704,0.00533206212403704,1,1
slope_bias,223,2,expanded,0.964056490329732,0.964056490329732,0.963675781094076,-0.000380709235656251,0.1508,0.1508,0.0794,1,0,1,0,0.0432853629277555,0.00101857066893566,0.0453177444773565,0.000990031780908318,0.0234845358802502,0.0714,357,0,0.0714,0,357,0,1,0,-0.000380709235656245,0.00533206212403704,0.00533206212403704,1,1
slope_bias,224,0.25,compressed,0.964729123862185,0.964729123862185,0.964724687364755,-4.43649742998264e-06,0.1622,0.1622,0.1536,1,0,1,0,0.0244470319741829,0.00233195528677643,0.0197464724907889,0.00242132616927853,0.000284041980103289,0.0086,43,0,0.0086,0,43,0,1,0,-4.43649742995649e-06,0.000515871794180987,0.000515871794180987,1,1
slope_bias,224,0.5,compressed,0.964729123862185,0.964729123862185,0.964724687364755,-4.43649742998264e-06,0.1622,0.1622,0.1536,1,0,1,0,0.0108653475440813,0.00233195528677643,0.00801221885499059,0.00242132616927853,0.000568083960206578,0.0086,43,0,0.0086,0,43,0,1,0,-4.43649742995649e-06,0.000515871794180987,0.000515871794180987,1,1
slope_bias,224,0.75,compressed,0.964729123862185,0.964729123862185,0.964724687364755,-4.43649742998264e-06,0.1622,0.1622,0.1536,1,0,1,0,0.00271633688602032,0.00233195528677643,0.00160706848931341,0.00242132616927853,0.000852125940309867,0.0086,43,0,0.0086,0,43,0,1,0,-4.43649742995649e-06,0.000515871794180987,0.000515871794180987,1,1
slope_bias,224,1,identity_scale,0.964729123862185,0.964729123862185,0.964724687364755,-4.43649742998264e-06,0.1622,0.1622,0.1536,1,0,1,0,0,0.00233195528677643,0.00053102139375737,0.00242132616927853,0.00113616792041316,0.0086,43,0,0.0086,0,43,0,1,0,-4.43649742995649e-06,0.000515871794180987,0.000515871794180987,1,1
slope_bias,224,1.25,expanded,0.964729123862185,0.964729123862185,0.964724687364755,-4.43649742998264e-06,0.1622,0.1622,0.1536,1,0,1,0,0.00271633688602032,0.00233195528677643,0.00478407756832247,0.00242132616927853,0.00142020990051644,0.0086,43,0,0.0086,0,43,0,1,0,-4.43649742995649e-06,0.000515871794180987,0.000515871794180987,1,1
slope_bias,224,1.5,expanded,0.964729123862185,0.964729123862185,0.964724687364755,-4.43649742998264e-06,0.1622,0.1622,0.1536,1,0,1,0,0.0108653475440813,0.00233195528677643,0.0143662370130087,0.00242132616927853,0.00170425188061973,0.0086,43,0,0.0086,0,43,0,1,0,-4.43649742995649e-06,0.000515871794180987,0.000515871794180987,1,1
slope_bias,224,2,expanded,0.964729123862185,0.964729123862185,0.964724687364755,-4.43649742998264e-06,0.1622,0.1622,0.1536,1,0,1,0,0.0434613901763251,0.00233195528677643,0.0495178657127446,0.00242132616927853,0.00227233584082631,0.0086,43,0,0.0086,0,43,0,1,0,-4.43649742995649e-06,0.000515871794180987,0.000515871794180987,1,1
slope_bias,225,0.25,compressed,0.964798167771293,0.964798167771293,0.964798053448405,-1.1432288815616e-07,0.1616,0.1616,0.1636,1,0,0.987775061124694,0.0122249388753056,0.0238996045839534,0.00128664356987774,0.0242180955749149,0.0011580375007818,-3.10532080406434e-05,0.002,10,0,0.002,0,10,0,1,0,-1.14322888068741e-07,-5.71614440343704e-05,5.71614440343704e-05,1,1
slope_bias,225,0.5,compressed,0.964798167771293,0.964798167771293,0.964798053448405,-1.1432288815616e-07,0.1616,0.1616,0.1636,1,0,0.987775061124694,0.0122249388753056,0.0106220464817571,0.00128664356987774,0.0111662912853933,0.0011580375007818,-6.21064160812868e-05,0.002,10,0,0.002,0,10,0,1,0,-1.14322888068741e-07,-5.71614440343704e-05,5.71614440343704e-05,1,1
slope_bias,225,0.75,compressed,0.964798167771293,0.964798167771293,0.964798053448405,-1.1432288815616e-07,0.1616,0.1616,0.1636,1,0,0.987775061124694,0.0122249388753056,0.00265551162043927,0.00128664356987774,0.0033175513269102,0.0011580375007818,-9.31596241219301e-05,0.002,10,0,0.002,0,10,0,1,0,-1.14322888068741e-07,-5.71614440343704e-05,5.71614440343704e-05,1,1
slope_bias,225,1,identity_scale,0.964798167771293,0.964798167771293,0.964798053448405,-1.1432288815616e-07,0.1616,0.1616,0.1636,1,0,0.987775061124694,0.0122249388753056,0,0.00128664356987774,0.000671875699465591,0.0011580375007818,-0.000124212832162574,0.002,10,0,0.002,0,10,0,1,0,-1.14322888068741e-07,-5.71614440343704e-05,5.71614440343704e-05,1,1
slope_bias,225,1.25,expanded,0.964798167771293,0.964798167771293,0.964798053448405,-1.1432288815616e-07,0.1616,0.1616,0.1636,1,0,0.987775061124694,0.0122249388753056,0.00265551162043927,0.00128664356987774,0.00322926440305948,0.0011580375007818,-0.000155266040203217,0.002,10,0,0.002,0,10,0,1,0,-1.14322888068741e-07,-5.71614440343704e-05,5.71614440343704e-05,1,1
slope_bias,225,1.5,expanded,0.964798167771293,0.964798167771293,0.964798053448405,-1.1432288815616e-07,0.1616,0.1616,0.1636,1,0,0.987775061124694,0.0122249388753056,0.0106220464817571,0.00128664356987774,0.0109897174376919,0.0011580375007818,-0.00018631924824386,0.002,10,0,0.002,0,10,0,1,0,-1.14322888068741e-07,-5.71614440343704e-05,5.71614440343704e-05,1,1
slope_bias,225,2,expanded,0.964798167771293,0.964798167771293,0.964798053448405,-1.1432288815616e-07,0.1616,0.1616,0.1636,1,0,0.987775061124694,0.0122249388753056,0.0424881859270283,0.00128664356987774,0.0421198165000722,0.0011580375007818,-0.000248425664325147,0.002,10,0,0.002,0,10,0,1,0,-1.14322888068741e-07,-5.71614440343704e-05,5.71614440343704e-05,1,1
slope_bias,226,0.25,compressed,0.965131730307529,0.965131730307529,0.965030981849497,-0.000100748458032429,0.1514,0.1514,0.1136,1,0,1,0,0.024327421104608,0.00212298702742404,0.0248391749377825,0.000913969106520578,0.00136732720304159,0.0378,189,0,0.0378,0,189,0,1,0,-0.000100748458032443,0.0026653031225514,0.0026653031225514,1,1
slope_bias,226,0.5,compressed,0.965131730307529,0.965131730307529,0.965030981849497,-0.000100748458032429,0.1514,0.1514,0.1136,1,0,1,0,0.0108121871576036,0.00212298702742404,0.0114431443525072,0.000913969106520578,0.00273465440608317,0.0378,189,0,0.0378,0,189,0,1,0,-0.000100748458032443,0.0026653031225514,0.0026653031225514,1,1
slope_bias,226,0.75,compressed,0.965131730307529,0.965131730307529,0.965030981849497,-0.000100748458032429,0.1514,0.1514,0.1136,1,0,1,0,0.00270304678940089,0.00212298702742404,0.00335236781820558,0.000913969106520578,0.00410198160912476,0.0378,189,0,0.0378,0,189,0,1,0,-0.000100748458032443,0.0026653031225514,0.0026653031225514,1,1
slope_bias,226,1,identity_scale,0.965131730307529,0.965131730307529,0.965030981849497,-0.000100748458032429,0.1514,0.1514,0.1136,1,0,1,0,0,0.00212298702742404,0.000566845334877526,0.000913969106520578,0.00546930881216634,0.0378,189,0,0.0378,0,189,0,1,0,-0.000100748458032443,0.0026653031225514,0.0026653031225514,1,1
slope_bias,226,1.25,expanded,0.965131730307529,0.965131730307529,0.965030981849497,-0.000100748458032429,0.1514,0.1514,0.1136,1,0,1,0,0.00270304678940089,0.00212298702742404,0.00308657690252307,0.000913969106520578,0.00683663601520793,0.0378,189,0,0.0378,0,189,0,1,0,-0.000100748458032443,0.0026653031225514,0.0026653031225514,1,1
slope_bias,226,1.5,expanded,0.965131730307529,0.965131730307529,0.965030981849497,-0.000100748458032429,0.1514,0.1514,0.1136,1,0,1,0,0.0108121871576036,0.00212298702742404,0.0109115625211422,0.000913969106520578,0.00820396321824951,0.0378,189,0,0.0378,0,189,0,1,0,-0.000100748458032443,0.0026653031225514,0.0026653031225514,1,1
slope_bias,226,2,expanded,0.965131730307529,0.965131730307529,0.965030981849497,-0.000100748458032429,0.1514,0.1514,0.1136,1,0,1,0,0.0432487486304142,0.00212298702742404,0.0424772959113013,0.000913969106520578,0.0109386176243327,0.0378,189,0,0.0378,0,189,0,1,0,-0.000100748458032443,0.0026653031225514,0.0026653031225514,1,1
slope_bias,227,0.25,compressed,0.964954145487413,0.964954145487413,0.964930386836202,-2.3758651211625e-05,0.1546,0.1546,0.135,1,0,1,0,0.0243152139106938,0.00151990844742316,0.0248285944433312,0.00130173570107981,0.000570037798981821,0.0196,98,0,0.0196,0,98,0,1,0,-2.37586512115975e-05,0.00121217608222436,0.00121217608222436,1,1
slope_bias,227,0.5,compressed,0.964954145487413,0.964954145487413,0.964930386836202,-2.3758651211625e-05,0.1546,0.1546,0.135,1,0,1,0,0.0108067617380861,0.00151990844742316,0.011391125764215,0.00130173570107981,0.00114007559796364,0.0196,98,0,0.0196,0,98,0,1,0,-2.37586512115975e-05,0.00121217608222436,0.00121217608222436,1,1
slope_bias,227,0.75,compressed,0.964954145487413,0.964954145487413,0.964930386836202,-2.3758651211625e-05,0.1546,0.1546,0.135,1,0,1,0,0.00270169043452153,0.00151990844742316,0.00325051138102427,0.00130173570107981,0.00171011339694546,0.0196,98,0,0.0196,0,98,0,1,0,-2.37586512115975e-05,0.00121217608222436,0.00121217608222436,1,1
slope_bias,227,1,identity_scale,0.964954145487413,0.964954145487413,0.964930386836202,-2.3758651211625e-05,0.1546,0.1546,0.135,1,0,1,0,0,0.00151990844742316,0.000406751293759147,0.00130173570107981,0.00228015119592728,0.0196,98,0,0.0196,0,98,0,1,0,-2.37586512115975e-05,0.00121217608222436,0.00121217608222436,1,1
slope_bias,227,1.25,expanded,0.964954145487413,0.964954145487413,0.964930386836202,-2.3758651211625e-05,0.1546,0.1546,0.135,1,0,1,0,0.00270169043452153,0.00151990844742316,0.0028598455024196,0.00130173570107981,0.0028501889949091,0.0196,98,0,0.0196,0,98,0,1,0,-2.37586512115975e-05,0.00121217608222436,0.00121217608222436,1,1
slope_bias,227,1.5,expanded,0.964954145487413,0.964954145487413,0.964930386836202,-2.3758651211625e-05,0.1546,0.1546,0.135,1,0,1,0,0.0108067617380861,0.00151990844742316,0.0106097940070056,0.00130173570107981,0.00342022679389092,0.0196,98,0,0.0196,0,98,0,1,0,-2.37586512115975e-05,0.00121217608222436,0.00121217608222436,1,1
slope_bias,227,2,expanded,0.964954145487413,0.964954145487413,0.964930386836202,-2.3758651211625e-05,0.1546,0.1546,0.135,1,0,1,0,0.0432270469523445,0.00151990844742316,0.0420002539039544,0.00130173570107981,0.00456030239185457,0.0196,98,0,0.0196,0,98,0,1,0,-2.37586512115975e-05,0.00121217608222436,0.00121217608222436,1,1
slope_bias,228,0.25,compressed,0.964660803090829,0.964660803090829,0.964599378284458,-6.14248063705025e-05,0.154,0.154,0.1224,1,0,1,0,0.0252682715181122,0.00237596453496129,0.0262049916601083,0.00107120155471766,0.0010527481318397,0.0316,158,0,0.0316,0,158,0,1,0,-6.1424806370534e-05,0.0019438229864093,0.0019438229864093,1,1
slope_bias,228,0.5,compressed,0.964660803090829,0.964660803090829,0.964599378284458,-6.14248063705025e-05,0.154,0.154,0.1224,1,0,1,0,0.0112303428969388,0.00237596453496129,0.0122513461508624,0.00107120155471766,0.0021054962636794,0.0316,158,0,0.0316,0,158,0,1,0,-6.1424806370534e-05,0.0019438229864093,0.0019438229864093,1,1
slope_bias,228,0.75,compressed,0.964660803090829,0.964660803090829,0.964599378284458,-6.14248063705025e-05,0.154,0.154,0.1224,1,0,1,0,0.00280758572423469,0.00237596453496129,0.00380716244355314,0.00107120155471766,0.00315824439551909,0.0316,158,0,0.0316,0,158,0,1,0,-6.1424806370534e-05,0.0019438229864093,0.0019438229864093,1,1
slope_bias,228,1,identity_scale,0.964660803090829,0.964660803090829,0.964599378284458,-6.14248063705025e-05,0.154,0.154,0.1224,1,0,1,0,0,0.00237596453496129,0.000872440538180607,0.00107120155471766,0.00421099252735879,0.0316,158,0,0.0316,0,158,0,1,0,-6.1424806370534e-05,0.0019438229864093,0.0019438229864093,1,1
slope_bias,228,1.25,expanded,0.964660803090829,0.964660803090829,0.964599378284458,-6.14248063705025e-05,0.154,0.154,0.1224,1,0,1,0,0.00280758572423469,0.00237596453496129,0.00344718043474476,0.00107120155471766,0.00526374065919849,0.0316,158,0,0.0316,0,158,0,1,0,-6.1424806370534e-05,0.0019438229864093,0.0019438229864093,1,1
slope_bias,228,1.5,expanded,0.964660803090829,0.964660803090829,0.964599378284458,-6.14248063705025e-05,0.154,0.154,0.1224,1,0,1,0,0.0112303428969388,0.00237596453496129,0.0115313821332456,0.00107120155471766,0.00631648879103819,0.0316,158,0,0.0316,0,158,0,1,0,-6.1424806370534e-05,0.0019438229864093,0.0019438229864093,1,1
slope_bias,228,2,expanded,0.964660803090829,0.964660803090829,0.964599378284458,-6.14248063705025e-05,0.154,0.154,0.1224,1,0,1,0,0.044921371587755,0.00237596453496129,0.0442281709360574,0.00107120155471766,0.00842198505471759,0.0316,158,0,0.0316,0,158,0,1,0,-6.1424806370534e-05,0.0019438229864093,0.0019438229864093,1,1
slope_bias,229,0.25,compressed,0.965195940141356,0.965195940141356,0.965194591191464,-1.34894989201051e-06,0.1604,0.1604,0.155,1,0,1,0,0.0242689518052749,0.00113903173843091,0.0179970867664205,0.0012743360104196,0.000132780511410968,0.0054,27,0,0.0054,0,27,0,1,0,-1.3489498920205e-06,0.000249805535559352,0.000249805535559352,1,1
slope_bias,229,0.5,compressed,0.965195940141356,0.965195940141356,0.965194591191464,-1.34894989201051e-06,0.1604,0.1604,0.155,1,0,1,0,0.0107862008023444,0.00113903173843091,0.00704666152482089,0.0012743360104196,0.000265561022821936,0.0054,27,0,0.0054,0,27,0,1,0,-1.3489498920205e-06,0.000249805535559352,0.000249805535559352,1,1
slope_bias,229,0.75,compressed,0.965195940141356,0.965195940141356,0.965194591191464,-1.34894989201051e-06,0.1604,0.1604,0.155,1,0,1,0,0.0026965502005861,0.00113903173843091,0.00138342214705526,0.0012743360104196,0.000398341534232904,0.0054,27,0,0.0054,0,27,0,1,0,-1.3489498920205e-06,0.000249805535559352,0.000249805535559352,1,1
slope_bias,229,1,identity_scale,0.965195940141356,0.965195940141356,0.965194591191464,-1.34894989201051e-06,0.1604,0.1604,0.155,1,0,1,0,0,0.00113903173843091,0.00100736863312361,0.0012743360104196,0.000531122045643873,0.0054,27,0,0.0054,0,27,0,1,0,-1.3489498920205e-06,0.000249805535559352,0.000249805535559352,1,1
slope_bias,229,1.25,expanded,0.965195940141356,0.965195940141356,0.965194591191464,-1.34894989201051e-06,0.1604,0.1604,0.155,1,0,1,0,0.0026965502005861,0.00113903173843091,0.00591850098302597,0.0012743360104196,0.000663902557054841,0.0054,27,0,0.0054,0,27,0,1,0,-1.3489498920205e-06,0.000249805535559352,0.000249805535559352,1,1
slope_bias,229,1.5,expanded,0.965195940141356,0.965195940141356,0.965194591191464,-1.34894989201051e-06,0.1604,0.1604,0.155,1,0,1,0,0.0107862008023444,0.00113903173843091,0.0161168191967623,0.0012743360104196,0.000796683068465809,0.0054,27,0,0.0054,0,27,0,1,0,-1.3489498920205e-06,0.000249805535559352,0.000249805535559352,1,1
slope_bias,229,2,expanded,0.965195940141356,0.965195940141356,0.965194591191464,-1.34894989201051e-06,0.1604,0.1604,0.155,1,0,1,0,0.0431448032093776,0.00113903173843091,0.052375013215737,0.0012743360104196,0.00106224409128775,0.0054,27,0,0.0054,0,27,0,1,0,-1.3489498920205e-06,0.000249805535559352,0.000249805535559352,1,1
slope_bias,230,0.25,compressed,0.964450844342577,0.964450844342577,0.960710738382537,-0.00374010596004004,0.1624,0.1624,0.4,1,0,0.406,0.594,0.025257715701997,0.0012332141334484,0.0251899476066205,0.00064535296477777,-0.00843200891736484,0.2376,1188,0,0.2376,0,1188,0,1,0,-0.00374010596004001,-0.0157411867005051,0.0157411867005051,1,1
slope_bias,230,0.5,compressed,0.964450844342577,0.964450844342577,0.960710738382537,-0.00374010596004004,0.1624,0.1624,0.4,1,0,0.406,0.594,0.0112256514231098,0.0012332141334484,0.0114047483167981,0.00064535296477777,-0.0168640178347297,0.2376,1188,0,0.2376,0,1188,0,1,0,-0.00374010596004001,-0.0157411867005051,0.0157411867005051,1,1
slope_bias,230,0.75,compressed,0.964450844342577,0.964450844342577,0.960710738382537,-0.00374010596004004,0.1624,0.1624,0.4,1,0,0.406,0.594,0.00280641285577744,0.0012332141334484,0.00312681331725028,0.00064535296477777,-0.0252960267520945,0.2376,1188,0,0.2376,0,1188,0,1,0,-0.00374010596004001,-0.0157411867005051,0.0157411867005051,1,1
slope_bias,230,1,identity_scale,0.964450844342577,0.964450844342577,0.960710738382537,-0.00374010596004004,0.1624,0.1624,0.4,1,0,0.406,0.594,0,0.0012332141334484,0.000356142607977185,0.00064535296477777,-0.0337280356694594,0.2376,1188,0,0.2376,0,1188,0,1,0,-0.00374010596004001,-0.0157411867005051,0.0157411867005051,1,1
slope_bias,230,1.25,expanded,0.964450844342577,0.964450844342577,0.960710738382537,-0.00374010596004004,0.1624,0.1624,0.4,1,0,0.406,0.594,0.00280641285577744,0.0012332141334484,0.00309273618897876,0.00064535296477777,-0.0421600445868242,0.2376,1188,0,0.2376,0,1188,0,1,0,-0.00374010596004001,-0.0157411867005051,0.0157411867005051,1,1
slope_bias,230,1.5,expanded,0.964450844342577,0.964450844342577,0.960710738382537,-0.00374010596004004,0.1624,0.1624,0.4,1,0,0.406,0.594,0.0112256514231098,0.0012332141334484,0.011336594060255,0.00064535296477777,-0.0505920535041891,0.2376,1188,0,0.2376,0,1188,0,1,0,-0.00374010596004001,-0.0157411867005051,0.0157411867005051,1,1
slope_bias,230,2,expanded,0.964450844342577,0.964450844342577,0.960710738382537,-0.00374010596004004,0.1624,0.1624,0.4,1,0,0.406,0.594,0.044902605692439,0.0012332141334484,0.0443461026736315,0.00064535296477777,-0.0674560713389187,0.2376,1188,0,0.2376,0,1188,0,1,0,-0.00374010596004001,-0.0157411867005051,0.0157411867005051,1,1
slope_bias,231,0.25,compressed,0.965688610908297,0.965688610908297,0.965143439912737,-0.000545170995560396,0.1704,0.1704,0.08,1,0,1,0,0.0236579208546409,0.00197216679948054,0.0248065519380558,0.00147008484909241,0.00338768722148255,0.0904,452,0,0.0904,0,452,0,1,0,-0.000545170995560382,0.00603065260575643,0.00603065260575643,1,1
slope_bias,231,0.5,compressed,0.965688610908297,0.965688610908297,0.965143439912737,-0.000545170995560396,0.1704,0.1704,0.08,1,0,1,0,0.0105146314909515,0.00197216679948054,0.0115157371291095,0.00147008484909241,0.00677537444296511,0.0904,452,0,0.0904,0,452,0,1,0,-0.000545170995560382,0.00603065260575643,0.00603065260575643,1,1
slope_bias,231,0.75,compressed,0.965688610908297,0.965688610908297,0.965143439912737,-0.000545170995560396,0.1704,0.1704,0.08,1,0,1,0,0.00262865787273788,0.00197216679948054,0.00337233654992782,0.00147008484909241,0.0101630616644477,0.0904,452,0,0.0904,0,452,0,1,0,-0.000545170995560382,0.00603065260575643,0.00603065260575643,1,1
slope_bias,231,1,identity_scale,0.965688610908297,0.965688610908297,0.965143439912737,-0.000545170995560396,0.1704,0.1704,0.08,1,0,1,0,0,0.00197216679948054,0.00037635020051071,0.00147008484909241,0.0135507488859302,0.0904,452,0,0.0904,0,452,0,1,0,-0.000545170995560382,0.00603065260575643,0.00603065260575643,1,1
slope_bias,231,1.25,expanded,0.965688610908297,0.965688610908297,0.965143439912737,-0.000545170995560396,0.1704,0.1704,0.08,1,0,1,0,0.00262865787273788,0.00197216679948054,0.00252777808085818,0.00147008484909241,0.0169384361074128,0.0904,452,0,0.0904,0,452,0,1,0,-0.000545170995560382,0.00603065260575643,0.00603065260575643,1,1
slope_bias,231,1.5,expanded,0.965688610908297,0.965688610908297,0.965143439912737,-0.000545170995560396,0.1704,0.1704,0.08,1,0,1,0,0.0105146314909515,0.00197216679948054,0.00982662019097023,0.00147008484909241,0.0203261233288953,0.0904,452,0,0.0904,0,452,0,1,0,-0.000545170995560382,0.00603065260575643,0.00603065260575643,1,1
slope_bias,231,2,expanded,0.965688610908297,0.965688610908297,0.965143439912737,-0.000545170995560396,0.1704,0.1704,0.08,1,0,1,0,0.042058525963806,0.00197216679948054,0.0398665471004881,0.00147008484909241,0.0271014977718604,0.0904,452,0,0.0904,0,452,0,1,0,-0.000545170995560382,0.00603065260575643,0.00603065260575643,1,1
slope_bias,232,0.25,compressed,0.965889724232529,0.965889724232529,0.965819942060382,-6.97821721470371e-05,0.155,0.155,0.188,1,0,0.824468085106383,0.175531914893617,0.0239964723523403,0.000972453305987477,0.0267429659023044,0.00143801272437099,-0.00108341117782346,0.033,165,0,0.033,0,165,0,1,0,-6.97821721470594e-05,-0.00211461127718362,0.00211461127718362,1,1
slope_bias,232,0.5,compressed,0.965889724232529,0.965889724232529,0.965819942060382,-6.97821721470371e-05,0.155,0.155,0.188,1,0,0.824468085106383,0.175531914893617,0.0106650988232624,0.000972453305987477,0.0129989004657735,0.00143801272437099,-0.00216682235564691,0.033,165,0,0.033,0,165,0,1,0,-6.97821721470594e-05,-0.00211461127718362,0.00211461127718362,1,1
slope_bias,232,0.75,compressed,0.965889724232529,0.965889724232529,0.965819942060382,-6.97821721470371e-05,0.155,0.155,0.188,1,0,0.824468085106383,0.175531914893617,0.00266627470581559,0.000972453305987477,0.00447843332494788,0.00143801272437099,-0.00325023353347037,0.033,165,0,0.033,0,165,0,1,0,-6.97821721470594e-05,-0.00211461127718362,0.00211461127718362,1,1
slope_bias,232,1,identity_scale,0.965889724232529,0.965889724232529,0.965819942060382,-6.97821721470371e-05,0.155,0.155,0.188,1,0,0.824468085106383,0.175531914893617,0,0.000972453305987477,0.00118156447982749,0.00143801272437099,-0.00433364471129383,0.033,165,0,0.033,0,165,0,1,0,-6.97821721470594e-05,-0.00211461127718362,0.00211461127718362,1,1
slope_bias,232,1.25,expanded,0.965889724232529,0.965889724232529,0.965819942060382,-6.97821721470371e-05,0.155,0.155,0.188,1,0,0.824468085106383,0.175531914893617,0.00266627470581559,0.000972453305987477,0.00310829393041236,0.00143801272437099,-0.00541705588911728,0.033,165,0,0.033,0,165,0,1,0,-6.97821721470594e-05,-0.00211461127718362,0.00211461127718362,1,1
slope_bias,232,1.5,expanded,0.965889724232529,0.965889724232529,0.965819942060382,-6.97821721470371e-05,0.155,0.155,0.188,1,0,0.824468085106383,0.175531914893617,0.0106650988232624,0.000972453305987477,0.0102586216767025,0.00143801272437099,-0.00650046706694074,0.033,165,0,0.033,0,165,0,1,0,-6.97821721470594e-05,-0.00211461127718362,0.00211461127718362,1,1
slope_bias,232,2,expanded,0.965889724232529,0.965889724232529,0.965819942060382,-6.97821721470371e-05,0.155,0.155,0.188,1,0,0.824468085106383,0.175531914893617,0.0426603952930494,0.000972453305987477,0.0402300720563985,0.00143801272437099,-0.00866728942258765,0.033,165,0,0.033,0,165,0,1,0,-6.97821721470594e-05,-0.00211461127718362,0.00211461127718362,1,1
slope_bias,233,0.25,compressed,0.964768070514514,0.964768070514514,0.96457807450597,-0.000189996008544524,0.153,0.153,0.101,1,0,1,0,0.0256144077755351,0.00140334673891698,0.0263805667555244,0.00135206300140785,0.0021061424857905,0.052,260,0,0.052,0,260,0,1,0,-0.000189996008544486,0.00365376939508628,0.00365376939508628,1,1
slope_bias,233,0.5,compressed,0.964768070514514,0.964768070514514,0.96457807450597,-0.000189996008544524,0.153,0.153,0.101,1,0,1,0,0.0113841812335711,0.00140334673891698,0.0120709722483404,0.00135206300140785,0.00421228497158099,0.052,260,0,0.052,0,260,0,1,0,-0.000189996008544486,0.00365376939508628,0.00365376939508628,1,1
slope_bias,233,0.75,compressed,0.964768070514514,0.964768070514514,0.96457807450597,-0.000189996008544524,0.153,0.153,0.101,1,0,1,0,0.00284604530839279,0.00140334673891698,0.00334208935088803,0.00135206300140785,0.00631842745737149,0.052,260,0,0.052,0,260,0,1,0,-0.000189996008544486,0.00365376939508628,0.00365376939508628,1,1
slope_bias,233,1,identity_scale,0.964768070514514,0.964768070514514,0.96457807450597,-0.000189996008544524,0.153,0.153,0.101,1,0,1,0,0,0.00140334673891698,0.000193918063167374,0.00135206300140785,0.00842456994316199,0.052,260,0,0.052,0,260,0,1,0,-0.000189996008544486,0.00365376939508628,0.00365376939508628,1,1
slope_bias,233,1.25,expanded,0.964768070514514,0.964768070514514,0.96457807450597,-0.000189996008544524,0.153,0.153,0.101,1,0,1,0,0.00284604530839279,0.00140334673891698,0.00262645838517839,0.00135206300140785,0.0105307124289525,0.052,260,0,0.052,0,260,0,1,0,-0.000189996008544486,0.00365376939508628,0.00365376939508628,1,1
slope_bias,233,1.5,expanded,0.964768070514514,0.964768070514514,0.96457807450597,-0.000189996008544524,0.153,0.153,0.101,1,0,1,0,0.0113841812335711,0.00140334673891698,0.0106397103169211,0.00135206300140785,0.012636854914743,0.052,260,0,0.052,0,260,0,1,0,-0.000189996008544486,0.00365376939508628,0.00365376939508628,1,1
slope_bias,233,2,expanded,0.964768070514514,0.964768070514514,0.96457807450597,-0.000189996008544524,0.153,0.153,0.101,1,0,1,0,0.0455367249342846,0.00140334673891698,0.0434083490096015,0.00135206300140785,0.016849139886324,0.052,260,0,0.052,0,260,0,1,0,-0.000189996008544486,0.00365376939508628,0.00365376939508628,1,1
slope_bias,234,0.25,compressed,0.96439996165281,0.96439996165281,0.961252747627627,-0.00314721402518292,0.1568,0.1568,0.374,1,0,0.419251336898396,0.580748663101604,0.0257233530826478,0.00147265736261051,0.0279835032859282,0.000435541841938721,-0.00725412052084648,0.2172,1086,0,0.2172,0,1086,0,1,0,-0.00314721402518293,-0.0144899356592216,0.0144899356592216,1,1
slope_bias,234,0.5,compressed,0.96439996165281,0.96439996165281,0.961252747627627,-0.00314721402518292,0.1568,0.1568,0.374,1,0,0.419251336898396,0.580748663101604,0.0114326013700657,0.00147265736261051,0.0131016272532395,0.000435541841938721,-0.014508241041693,0.2172,1086,0,0.2172,0,1086,0,1,0,-0.00314721402518293,-0.0144899356592216,0.0144899356592216,1,1
slope_bias,234,0.75,compressed,0.96439996165281,0.96439996165281,0.961252747627627,-0.00314721402518292,0.1568,0.1568,0.374,1,0,0.419251336898396,0.580748663101604,0.00285815034251643,0.00147265736261051,0.00382861472222877,0.000435541841938721,-0.0217623615625394,0.2172,1086,0,0.2172,0,1086,0,1,0,-0.00314721402518293,-0.0144899356592216,0.0144899356592216,1,1
slope_bias,234,1,identity_scale,0.96439996165281,0.96439996165281,0.961252747627627,-0.00314721402518292,0.1568,0.1568,0.374,1,0,0.419251336898396,0.580748663101604,0,0.00147265736261051,0.000164465692896024,0.000435541841938721,-0.0290164820833859,0.2172,1086,0,0.2172,0,1086,0,1,0,-0.00314721402518293,-0.0144899356592216,0.0144899356592216,1,1
slope_bias,234,1.25,expanded,0.96439996165281,0.96439996165281,0.961252747627627,-0.00314721402518292,0.1568,0.1568,0.374,1,0,0.419251336898396,0.580748663101604,0.00285815034251643,0.00147265736261051,0.00210918016524124,0.000435541841938721,-0.0362706026042324,0.2172,1086,0,0.2172,0,1086,0,1,0,-0.00314721402518293,-0.0144899356592216,0.0144899356592216,1,1
slope_bias,234,1.5,expanded,0.96439996165281,0.96439996165281,0.961252747627627,-0.00314721402518292,0.1568,0.1568,0.374,1,0,0.419251336898396,0.580748663101604,0.0114326013700657,0.00147265736261051,0.00966275813926443,0.000435541841938721,-0.0435247231250789,0.2172,1086,0,0.2172,0,1086,0,1,0,-0.00314721402518293,-0.0144899356592216,0.0144899356592216,1,1
slope_bias,234,2,expanded,0.96439996165281,0.96439996165281,0.961252747627627,-0.00314721402518292,0.1568,0.1568,0.374,1,0,0.419251336898396,0.580748663101604,0.0457304054802629,0.00147265736261051,0.0415965045923447,0.000435541841938721,-0.0580329641667718,0.2172,1086,0,0.2172,0,1086,0,1,0,-0.00314721402518293,-0.0144899356592216,0.0144899356592216,1,1
slope_bias,235,0.25,compressed,0.96503547986426,0.96503547986426,0.964981947600008,-5.35322642519764e-05,0.1668,0.1668,0.1964,1,0,0.84928716904277,0.15071283095723,0.023585472633298,0.00171293050117249,0.0248911248977034,0.00120156230918756,-0.000928035291703572,0.0296,148,0,0.0296,0,148,0,1,0,-5.35322642519864e-05,-0.00180852244094549,0.00180852244094549,1,1
slope_bias,235,0.5,compressed,0.96503547986426,0.96503547986426,0.964981947600008,-5.35322642519764e-05,0.1668,0.1668,0.1964,1,0,0.84928716904277,0.15071283095723,0.0104824322814658,0.00171293050117249,0.0118975905625679,0.00120156230918756,-0.00185607058340714,0.0296,148,0,0.0296,0,148,0,1,0,-5.35322642519864e-05,-0.00180852244094549,0.00180852244094549,1,1
slope_bias,235,0.75,compressed,0.96503547986426,0.96503547986426,0.964981947600008,-5.35322642519764e-05,0.1668,0.1668,0.1964,1,0,0.84928716904277,0.15071283095723,0.00262060807036644,0.00171293050117249,0.00403416088664443,0.00120156230918756,-0.00278410587511072,0.0296,148,0,0.0296,0,148,0,1,0,-5.35322642519864e-05,-0.00180852244094549,0.00180852244094549,1,1
slope_bias,235,1,identity_scale,0.96503547986426,0.96503547986426,0.964981947600008,-5.35322642519764e-05,0.1668,0.1668,0.1964,1,0,0.84928716904277,0.15071283095723,0,0.00171293050117249,0.00130083586993311,0.00120156230918756,-0.00371214116681429,0.0296,148,0,0.0296,0,148,0,1,0,-5.35322642519864e-05,-0.00180852244094549,0.00180852244094549,1,1
slope_bias,235,1.25,expanded,0.96503547986426,0.96503547986426,0.964981947600008,-5.35322642519764e-05,0.1668,0.1668,0.1964,1,0,0.84928716904277,0.15071283095723,0.00262060807036644,0.00171293050117249,0.00369761551243388,0.00120156230918756,-0.00464017645851786,0.0296,148,0,0.0296,0,148,0,1,0,-5.35322642519864e-05,-0.00180852244094549,0.00180852244094549,1,1
slope_bias,235,1.5,expanded,0.96503547986426,0.96503547986426,0.964981947600008,-5.35322642519764e-05,0.1668,0.1668,0.1964,1,0,0.84928716904277,0.15071283095723,0.0104824322814658,0.00171293050117249,0.0112244998141468,0.00120156230918756,-0.00556821175022143,0.0296,148,0,0.0296,0,148,0,1,0,-5.35322642519864e-05,-0.00180852244094549,0.00180852244094549,1,1
slope_bias,235,2,expanded,0.96503547986426,0.96503547986426,0.964981947600008,-5.35322642519764e-05,0.1668,0.1668,0.1964,1,0,0.84928716904277,0.15071283095723,0.041929729125863,0.00171293050117249,0.0416685823952088,0.00120156230918756,-0.00742428233362857,0.0296,148,0,0.0296,0,148,0,1,0,-5.35322642519864e-05,-0.00180852244094549,0.00180852244094549,1,1
slope_bias,236,0.25,compressed,0.965989810836384,0.965989810836384,0.964808963466596,-0.00118084736978785,0.1614,0.1614,0.0496,1,0,1,0,0.0245311217688077,0.000590592327471999,0.0263527422630089,0.000587871758169433,0.0066179846460408,0.1118,559,0,0.1118,0,559,0,1,0,-0.00118084736978784,0.0105621410535585,0.0105621410535585,1,1
slope_bias,236,0.5,compressed,0.965989810836384,0.965989810836384,0.964808963466596,-0.00118084736978785,0.1614,0.1614,0.0496,1,0,1,0,0.0109027207861368,0.000590592327471999,0.0123339939873462,0.000587871758169433,0.0132359692920816,0.1118,559,0,0.1118,0,559,0,1,0,-0.00118084736978784,0.0105621410535585,0.0105621410535585,1,1
slope_bias,236,0.75,compressed,0.965989810836384,0.965989810836384,0.964808963466596,-0.00118084736978785,0.1614,0.1614,0.0496,1,0,1,0,0.00272568019653419,0.000590592327471999,0.00365904196946941,0.000587871758169433,0.0198539539381224,0.1118,559,0,0.1118,0,559,0,1,0,-0.00118084736978784,0.0105621410535585,0.0105621410535585,1,1
slope_bias,236,1,identity_scale,0.965989810836384,0.965989810836384,0.964808963466596,-0.00118084736978785,0.1614,0.1614,0.0496,1,0,1,0,0,0.000590592327471999,0.000327886209378595,0.000587871758169433,0.0264719385841632,0.1118,559,0,0.1118,0,559,0,1,0,-0.00118084736978784,0.0105621410535585,0.0105621410535585,1,1
slope_bias,236,1.25,expanded,0.965989810836384,0.965989810836384,0.964808963466596,-0.00118084736978785,0.1614,0.1614,0.0496,1,0,1,0,0.00272568019653419,0.000590592327471999,0.00234052670707373,0.000587871758169433,0.033089923230204,0.1118,559,0,0.1118,0,559,0,1,0,-0.00118084736978784,0.0105621410535585,0.0105621410535585,1,1
slope_bias,236,1.5,expanded,0.965989810836384,0.965989810836384,0.964808963466596,-0.00118084736978785,0.1614,0.1614,0.0496,1,0,1,0,0.0109027207861368,0.000590592327471999,0.0096969634625548,0.000587871758169433,0.0397079078762448,0.1118,559,0,0.1118,0,559,0,1,0,-0.00118084736978784,0.0105621410535585,0.0105621410535585,1,1
slope_bias,236,2,expanded,0.965989810836384,0.965989810836384,0.964808963466596,-0.00118084736978785,0.1614,0.1614,0.0496,1,0,1,0,0.0436108831445471,0.000590592327471999,0.0404412257468748,0.000587871758169433,0.0529438771683264,0.1118,559,0,0.1118,0,559,0,1,0,-0.00118084736978784,0.0105621410535585,0.0105621410535585,1,1
slope_bias,237,0.25,compressed,0.966250047919097,0.966250047919097,0.966185685562108,-6.43623569891449e-05,0.15,0.15,0.1186,1,0,1,0,0.0259892601649842,0.00136586117790522,0.0222402654789892,0.00109209870275322,0.00106877537540001,0.0314,157,0,0.0314,0,157,0,1,0,-6.43623569891401e-05,0.00204975659201083,0.00204975659201083,1,1
slope_bias,237,0.5,compressed,0.966250047919097,0.966250047919097,0.966185685562108,-6.43623569891449e-05,0.15,0.15,0.1186,1,0,1,0,0.0115507822955485,0.00136586117790522,0.00932489315394771,0.00109209870275322,0.00213755075080002,0.0314,157,0,0.0314,0,157,0,1,0,-6.43623569891401e-05,0.00204975659201083,0.00204975659201083,1,1
slope_bias,237,0.75,compressed,0.966250047919097,0.966250047919097,0.966185685562108,-6.43623569891449e-05,0.15,0.15,0.1186,1,0,1,0,0.00288769557388713,0.00136586117790522,0.00207820027199644,0.00109209870275322,0.00320632612620003,0.0314,157,0,0.0314,0,157,0,1,0,-6.43623569891401e-05,0.00204975659201083,0.00204975659201083,1,1
slope_bias,237,1,identity_scale,0.966250047919097,0.966250047919097,0.966185685562108,-6.43623569891449e-05,0.15,0.15,0.1186,1,0,1,0,0,0.00136586117790522,0.000500186833135331,0.00109209870275322,0.00427510150160004,0.0314,157,0,0.0314,0,157,0,1,0,-6.43623569891401e-05,0.00204975659201083,0.00204975659201083,1,1
slope_bias,237,1.25,expanded,0.966250047919097,0.966250047919097,0.966185685562108,-6.43623569891449e-05,0.15,0.15,0.1186,1,0,1,0,0.00288769557388713,0.00136586117790522,0.0045908528373644,0.00109209870275322,0.00534387687700005,0.0314,157,0,0.0314,0,157,0,1,0,-6.43623569891401e-05,0.00204975659201083,0.00204975659201083,1,1
slope_bias,237,1.5,expanded,0.966250047919097,0.966250047919097,0.966185685562108,-6.43623569891449e-05,0.15,0.15,0.1186,1,0,1,0,0.0115507822955485,0.00136586117790522,0.0143501982846836,0.00109209870275322,0.00641265225240006,0.0314,157,0,0.0314,0,157,0,1,0,-6.43623569891401e-05,0.00204975659201083,0.00204975659201083,1,1
slope_bias,237,2,expanded,0.966250047919097,0.966250047919097,0.966185685562108,-6.43623569891449e-05,0.15,0.15,0.1186,1,0,1,0,0.0462031291821941,0.00136586117790522,0.0508749275085926,0.00109209870275322,0.00855020300320009,0.0314,157,0,0.0314,0,157,0,1,0,-6.43623569891401e-05,0.00204975659201083,0.00204975659201083,1,1
slope_bias,238,0.25,compressed,0.965497394375954,0.965497394375954,0.963645100549988,-0.00185229382596541,0.1484,0.1484,0.3158,1,0,0.46991766941102,0.53008233058898,0.0254431661486006,0.00172315046237169,0.0215603305504871,0.000291457706605828,-0.00541980719538407,0.1674,837,0,0.1674,0,837,0,1,0,-0.00185229382596536,-0.01106507661867,0.01106507661867,1,1
slope_bias,238,0.5,compressed,0.965497394375954,0.965497394375954,0.963645100549988,-0.00185229382596541,0.1484,0.1484,0.3158,1,0,0.46991766941102,0.53008233058898,0.0113080738438225,0.00172315046237169,0.00901596689299451,0.000291457706605828,-0.0108396143907681,0.1674,837,0,0.1674,0,837,0,1,0,-0.00185229382596536,-0.01106507661867,0.01106507661867,1,1
slope_bias,238,0.75,compressed,0.965497394375954,0.965497394375954,0.963645100549988,-0.00185229382596541,0.1484,0.1484,0.3158,1,0,0.46991766941102,0.53008233058898,0.00282701846095562,0.00172315046237169,0.00202070045541761,0.000291457706605828,-0.0162594215861522,0.1674,837,0,0.1674,0,837,0,1,0,-0.00185229382596536,-0.01106507661867,0.01106507661867,1,1
slope_bias,238,1,identity_scale,0.965497394375954,0.965497394375954,0.963645100549988,-0.00185229382596541,0.1484,0.1484,0.3158,1,0,0.46991766941102,0.53008233058898,0,0.00172315046237169,0.000574531237756382,0.000291457706605828,-0.0216792287815363,0.1674,837,0,0.1674,0,837,0,1,0,-0.00185229382596536,-0.01106507661867,0.01106507661867,1,1
slope_bias,238,1.25,expanded,0.965497394375954,0.965497394375954,0.963645100549988,-0.00185229382596541,0.1484,0.1484,0.3158,1,0,0.46991766941102,0.53008233058898,0.00282701846095562,0.00172315046237169,0.00467745924001082,0.000291457706605828,-0.0270990359769203,0.1674,837,0,0.1674,0,837,0,1,0,-0.00185229382596536,-0.01106507661867,0.01106507661867,1,1
slope_bias,238,1.5,expanded,0.965497394375954,0.965497394375954,0.963645100549988,-0.00185229382596541,0.1484,0.1484,0.3158,1,0,0.46991766941102,0.53008233058898,0.0113080738438225,0.00172315046237169,0.0143294844621809,0.000291457706605828,-0.0325188431723044,0.1674,837,0,0.1674,0,837,0,1,0,-0.00185229382596536,-0.01106507661867,0.01106507661867,1,1
slope_bias,238,2,expanded,0.965497394375954,0.965497394375954,0.963645100549988,-0.00185229382596541,0.1484,0.1484,0.3158,1,0,0.46991766941102,0.53008233058898,0.04523229537529,0.00172315046237169,0.0502808265662682,0.000291457706605828,-0.0433584575630726,0.1674,837,0,0.1674,0,837,0,1,0,-0.00185229382596536,-0.01106507661867,0.01106507661867,1,1
slope_bias,239,0.25,compressed,0.96558692101784,0.96558692101784,0.965410699178482,-0.000176221839357615,0.1596,0.1596,0.2112,1,0,0.755681818181818,0.244318181818182,0.0251829496907429,0.00144099624177619,0.0256838681845123,0.000855498458441806,-0.0017383839845653,0.0516,258,0,0.0516,0,258,0,1,0,-0.00017622183935762,-0.00341515192553527,0.00341515192553527,1,1
slope_bias,239,0.5,compressed,0.96558692101784,0.96558692101784,0.965410699178482,-0.000176221839357615,0.1596,0.1596,0.2112,1,0,0.755681818181818,0.244318181818182,0.0111924220847746,0.00144099624177619,0.011800807976021,0.000855498458441806,-0.0034767679691306,0.0516,258,0,0.0516,0,258,0,1,0,-0.00017622183935762,-0.00341515192553527,0.00341515192553527,1,1
slope_bias,239,0.75,compressed,0.96558692101784,0.96558692101784,0.965410699178482,-0.000176221839357615,0.1596,0.1596,0.2112,1,0,0.755681818181818,0.244318181818182,0.00279810552119366,0.00144099624177619,0.00340649682188104,0.000855498458441806,-0.0052151519536959,0.0516,258,0,0.0516,0,258,0,1,0,-0.00017622183935762,-0.00341515192553527,0.00341515192553527,1,1
slope_bias,239,1,identity_scale,0.96558692101784,0.96558692101784,0.965410699178482,-0.000176221839357615,0.1596,0.1596,0.2112,1,0,0.755681818181818,0.244318181818182,0,0.00144099624177619,0.000500934722092267,0.000855498458441806,-0.0069535359382612,0.0516,258,0,0.0516,0,258,0,1,0,-0.00017622183935762,-0.00341515192553527,0.00341515192553527,1,1
slope_bias,239,1.25,expanded,0.96558692101784,0.96558692101784,0.965410699178482,-0.000176221839357615,0.1596,0.1596,0.2112,1,0,0.755681818181818,0.244318181818182,0.00279810552119366,0.00144099624177619,0.00308412167665471,0.000855498458441806,-0.0086919199228265,0.0516,258,0,0.0516,0,258,0,1,0,-0.00017622183935762,-0.00341515192553527,0.00341515192553527,1,1
slope_bias,239,1.5,expanded,0.96558692101784,0.96558692101784,0.965410699178482,-0.000176221839357615,0.1596,0.1596,0.2112,1,0,0.755681818181818,0.244318181818182,0.0111924220847746,0.00144099624177619,0.0111560576855684,0.000855498458441806,-0.0104303039073918,0.0516,258,0,0.0516,0,258,0,1,0,-0.00017622183935762,-0.00341515192553527,0.00341515192553527,1,1
slope_bias,239,2,expanded,0.96558692101784,0.96558692101784,0.965410699178482,-0.000176221839357615,0.1596,0.1596,0.2112,1,0,0.755681818181818,0.244318181818182,0.0447696883390986,0.00144099624177619,0.0437661768664493,0.000855498458441806,-0.0139070718765224,0.0516,258,0,0.0516,0,258,0,1,0,-0.00017622183935762,-0.00341515192553527,0.00341515192553527,1,1
slope_bias,240,0.25,compressed,0.96502070015145,0.96502070015145,0.964903855191711,-0.000116844959739182,0.1566,0.1566,0.1996,1,0,0.784569138276553,0.215430861723447,0.0250830623784319,0.00456020783556176,0.021933523085932,0.00100627905569044,-0.0014295580513155,0.043,215,0,0.043,0,215,0,1,0,-0.000116844959739126,-0.00271732464509595,0.00271732464509595,1,1
slope_bias,240,0.5,compressed,0.96502070015145,0.96502070015145,0.964903855191711,-0.000116844959739182,0.1566,0.1566,0.1996,1,0,0.784569138276553,0.215430861723447,0.0111480277237475,0.00456020783556176,0.00938962267530312,0.00100627905569044,-0.00285911610263101,0.043,215,0,0.043,0,215,0,1,0,-0.000116844959739126,-0.00271732464509595,0.00271732464509595,1,1
slope_bias,240,0.75,compressed,0.96502070015145,0.96502070015145,0.964903855191711,-0.000116844959739182,0.1566,0.1566,0.1996,1,0,0.784569138276553,0.215430861723447,0.00278700693093688,0.00456020783556176,0.00231521873436168,0.00100627905569044,-0.00428867415394651,0.043,215,0,0.043,0,215,0,1,0,-0.000116844959739126,-0.00271732464509595,0.00271732464509595,1,1
slope_bias,240,1,identity_scale,0.96502070015145,0.96502070015145,0.964903855191711,-0.000116844959739182,0.1566,0.1566,0.1996,1,0,0.784569138276553,0.215430861723447,0,0.00456020783556176,0.000710311263107653,0.00100627905569044,-0.00571823220526202,0.043,215,0,0.043,0,215,0,1,0,-0.000116844959739126,-0.00271732464509595,0.00271732464509595,1,1
slope_bias,240,1.25,expanded,0.96502070015145,0.96502070015145,0.964903855191711,-0.000116844959739182,0.1566,0.1566,0.1996,1,0,0.784569138276553,0.215430861723447,0.00278700693093688,0.00456020783556176,0.00457490026154104,0.00100627905569044,-0.00714779025657752,0.043,215,0,0.043,0,215,0,1,0,-0.000116844959739126,-0.00271732464509595,0.00271732464509595,1,1
slope_bias,240,1.5,expanded,0.96502070015145,0.96502070015145,0.964903855191711,-0.000116844959739182,0.1566,0.1566,0.1996,1,0,0.784569138276553,0.215430861723447,0.0111480277237475,0.00456020783556176,0.0139089857296618,0.00100627905569044,-0.00857734830789303,0.043,215,0,0.043,0,215,0,1,0,-0.000116844959739126,-0.00271732464509595,0.00271732464509595,1,1
slope_bias,240,2,expanded,0.96502070015145,0.96502070015145,0.964903855191711,-0.000116844959739182,0.1566,0.1566,0.1996,1,0,0.784569138276553,0.215430861723447,0.0445921108949901,0.00456020783556176,0.0489856460749657,0.00100627905569044,-0.011436464410524,0.043,215,0,0.043,0,215,0,1,0,-0.000116844959739126,-0.00271732464509595,0.00271732464509595,1,1
slope_bias,241,0.25,compressed,0.964959268002916,0.964959268002916,0.96495599870139,-3.26930152638738e-06,0.1614,0.1614,0.1686,1,0,0.95729537366548,0.0427046263345196,0.026017843117848,0.00200525086995917,0.0182259418087166,0.00150741331530324,-0.000244597715013672,0.0072,36,0,0.0072,0,36,0,1,0,-3.26930152633449e-06,-0.000454069656435346,0.000454069656435346,1,1
slope_bias,241,0.5,compressed,0.964959268002916,0.964959268002916,0.96495599870139,-3.26930152638738e-06,0.1614,0.1614,0.1686,1,0,0.95729537366548,0.0427046263345196,0.0115634858301547,0.00200525086995917,0.00679087321718692,0.00150741331530324,-0.000489195430027345,0.0072,36,0,0.0072,0,36,0,1,0,-3.26930152633449e-06,-0.000454069656435346,0.000454069656435346,1,1
slope_bias,241,0.75,compressed,0.964959268002916,0.964959268002916,0.96495599870139,-3.26930152638738e-06,0.1614,0.1614,0.1686,1,0,0.95729537366548,0.0427046263345196,0.00289087145753867,0.00200525086995917,0.00103320492825929,0.00150741331530324,-0.000733793145041017,0.0072,36,0,0.0072,0,36,0,1,0,-3.26930152633449e-06,-0.000454069656435346,0.000454069656435346,1,1
slope_bias,241,1,identity_scale,0.964959268002916,0.964959268002916,0.96495599870139,-3.26930152638738e-06,0.1614,0.1614,0.1686,1,0,0.95729537366548,0.0427046263345196,0,0.00200525086995917,0.000952936941933726,0.00150741331530324,-0.00097839086005469,0.0072,36,0,0.0072,0,36,0,1,0,-3.26930152633449e-06,-0.000454069656435346,0.000454069656435346,1,1
slope_bias,241,1.25,expanded,0.964959268002916,0.964959268002916,0.96495599870139,-3.26930152638738e-06,0.1614,0.1614,0.1686,1,0,0.95729537366548,0.0427046263345196,0.00289087145753867,0.00200525086995917,0.00655006925821023,0.00150741331530324,-0.00122298857506836,0.0072,36,0,0.0072,0,36,0,1,0,-3.26930152633449e-06,-0.000454069656435346,0.000454069656435346,1,1
slope_bias,241,1.5,expanded,0.964959268002916,0.964959268002916,0.96495599870139,-3.26930152638738e-06,0.1614,0.1614,0.1686,1,0,0.95729537366548,0.0427046263345196,0.0115634858301547,0.00200525086995917,0.0178246018770888,0.00150741331530324,-0.00146758629008203,0.0072,36,0,0.0072,0,36,0,1,0,-3.26930152633449e-06,-0.000454069656435346,0.000454069656435346,1,1
slope_bias,241,2,expanded,0.964959268002916,0.964959268002916,0.96495599870139,-3.26930152638738e-06,0.1614,0.1614,0.1686,1,0,0.95729537366548,0.0427046263345196,0.0462539433206187,0.00200525086995917,0.0574058680226522,0.00150741331530324,-0.00195678172010938,0.0072,36,0,0.0072,0,36,0,1,0,-3.26930152633449e-06,-0.000454069656435346,0.000454069656435346,1,1
slope_bias,242,0.25,compressed,0.965497735735642,0.965497735735642,0.964523726096744,-0.000974009638898155,0.162,0.162,0.0538,1,0,1,0,0.0245612848417032,0.00130889162711,0.0243748906410724,0.0014214655776453,0.00560656660656889,0.1082,541,0,0.1082,0,541,0,1,0,-0.000974009638898197,0.00900193751292234,0.00900193751292234,1,1
slope_bias,242,0.5,compressed,0.965497735735642,0.965497735735642,0.964523726096744,-0.000974009638898155,0.162,0.162,0.0538,1,0,1,0,0.0109161265963125,0.00130889162711,0.0110874514390929,0.0014214655776453,0.0112131332131378,0.1082,541,0,0.1082,0,541,0,1,0,-0.000974009638898197,0.00900193751292234,0.00900193751292234,1,1
slope_bias,242,0.75,compressed,0.965497735735642,0.965497735735642,0.964523726096744,-0.000974009638898155,0.162,0.162,0.0538,1,0,1,0,0.00272903164907814,0.00130889162711,0.00314295987657422,0.0014214655776453,0.0168196998197067,0.1082,541,0,0.1082,0,541,0,1,0,-0.000974009638898197,0.00900193751292234,0.00900193751292234,1,1
slope_bias,242,1,identity_scale,0.965497735735642,0.965497735735642,0.964523726096744,-0.000974009638898155,0.162,0.162,0.0538,1,0,1,0,0,0.00130889162711,0.000541415953516291,0.0014214655776453,0.0224262664262755,0.1082,541,0,0.1082,0,541,0,1,0,-0.000974009638898197,0.00900193751292234,0.00900193751292234,1,1
slope_bias,242,1.25,expanded,0.965497735735642,0.965497735735642,0.964523726096744,-0.000974009638898155,0.162,0.162,0.0538,1,0,1,0,0.00272903164907814,0.00130889162711,0.00328281966991915,0.0014214655776453,0.0280328330328444,0.1082,541,0,0.1082,0,541,0,1,0,-0.000974009638898197,0.00900193751292234,0.00900193751292234,1,1
slope_bias,242,1.5,expanded,0.965497735735642,0.965497735735642,0.964523726096744,-0.000974009638898155,0.162,0.162,0.0538,1,0,1,0,0.0109161265963125,0.00130889162711,0.0113671710257828,0.0014214655776453,0.0336393996394133,0.1082,541,0,0.1082,0,541,0,1,0,-0.000974009638898197,0.00900193751292234,0.00900193751292234,1,1
slope_bias,242,2,expanded,0.965497735735642,0.965497735735642,0.964523726096744,-0.000974009638898155,0.162,0.162,0.0538,1,0,1,0,0.0436645063852502,0.00130889162711,0.0435647166558925,0.0014214655776453,0.0448525328525511,0.1082,541,0,0.1082,0,541,0,1,0,-0.000974009638898197,0.00900193751292234,0.00900193751292234,1,1
slope_bias,243,0.25,compressed,0.965964500226205,0.965964500226205,0.964561473955834,-0.00140302627037148,0.1584,0.1584,0.0382,1,0,1,0,0.0251703845410734,0.000851094845742557,0.019994700769242,0.000872944586758218,0.00808425716984565,0.1202,601,0,0.1202,0,601,0,1,0,-0.00140302627037145,0.0116724315338723,0.0116724315338723,1,1
slope_bias,243,0.5,compressed,0.965964500226205,0.965964500226205,0.964561473955834,-0.00140302627037148,0.1584,0.1584,0.0382,1,0,1,0,0.0111868375738104,0.000851094845742557,0.00805570375614587,0.000872944586758218,0.0161685143396913,0.1202,601,0,0.1202,0,601,0,1,0,-0.00140302627037145,0.0116724315338723,0.0116724315338723,1,1
slope_bias,243,0.75,compressed,0.965964500226205,0.965964500226205,0.964561473955834,-0.00140302627037148,0.1584,0.1584,0.0382,1,0,1,0,0.0027967093934526,0.000851094845742557,0.00160853928565815,0.000872944586758218,0.024252771509537,0.1202,601,0,0.1202,0,601,0,1,0,-0.00140302627037145,0.0116724315338723,0.0116724315338723,1,1
slope_bias,243,1,identity_scale,0.965964500226205,0.965964500226205,0.964561473955834,-0.00140302627037148,0.1584,0.1584,0.0382,1,0,1,0,0,0.000851094845742557,0.000653207357778847,0.000872944586758218,0.0323370286793826,0.1202,601,0,0.1202,0,601,0,1,0,-0.00140302627037145,0.0116724315338723,0.0116724315338723,1,1
slope_bias,243,1.25,expanded,0.965964500226205,0.965964500226205,0.964561473955834,-0.00140302627037148,0.1584,0.1584,0.0382,1,0,1,0,0.0027967093934526,0.000851094845742557,0.00518970797250795,0.000872944586758218,0.0404212858492283,0.1202,601,0,0.1202,0,601,0,1,0,-0.00140302627037145,0.0116724315338723,0.0116724315338723,1,1
slope_bias,243,1.5,expanded,0.965964500226205,0.965964500226205,0.964561473955834,-0.00140302627037148,0.1584,0.1584,0.0382,1,0,1,0,0.0111868375738104,0.000851094845742557,0.0152180411298454,0.000872944586758218,0.0485055430190739,0.1202,601,0,0.1202,0,601,0,1,0,-0.00140302627037145,0.0116724315338723,0.0116724315338723,1,1
slope_bias,243,2,expanded,0.965964500226205,0.965964500226205,0.964561473955834,-0.00140302627037148,0.1584,0.1584,0.0382,1,0,1,0,0.0447473502952416,0.000851094845742557,0.0517502050723457,0.000872944586758218,0.0646740573587652,0.1202,601,0,0.1202,0,601,0,1,0,-0.00140302627037145,0.0116724315338723,0.0116724315338723,1,1
slope_bias,244,0.25,compressed,0.964976538025282,0.964976538025282,0.964810008467189,-0.000166529558093043,0.159,0.159,0.2126,1,0,0.74788334901223,0.25211665098777,0.0250928785591147,0.00164787062088528,0.0257610704856391,0.00211431404495725,-0.00169032152284934,0.0536,268,0,0.0536,0,268,0,1,0,-0.000166529558093051,-0.00310689474054199,0.00310689474054199,1,1
slope_bias,244,0.5,compressed,0.964976538025282,0.964976538025282,0.964810008467189,-0.000166529558093043,0.159,0.159,0.2126,1,0,0.74788334901223,0.25211665098777,0.0111523904707177,0.00164787062088528,0.0120294087722691,0.00211431404495725,-0.00338064304569868,0.0536,268,0,0.0536,0,268,0,1,0,-0.000166529558093051,-0.00310689474054199,0.00310689474054199,1,1
slope_bias,244,0.75,compressed,0.964976538025282,0.964976538025282,0.964810008467189,-0.000166529558093043,0.159,0.159,0.2126,1,0,0.74788334901223,0.25211665098777,0.00278809761767942,0.00164787062088528,0.00376986803307151,0.00211431404495725,-0.00507096456854803,0.0536,268,0,0.0536,0,268,0,1,0,-0.000166529558093051,-0.00310689474054199,0.00310689474054199,1,1
slope_bias,244,1,identity_scale,0.964976538025282,0.964976538025282,0.964810008467189,-0.000166529558093043,0.159,0.159,0.2126,1,0,0.74788334901223,0.25211665098777,0,0.00164787062088528,0.000982448268046172,0.00211431404495725,-0.00676128609139737,0.0536,268,0,0.0536,0,268,0,1,0,-0.000166529558093051,-0.00310689474054199,0.00310689474054199,1,1
slope_bias,244,1.25,expanded,0.964976538025282,0.964976538025282,0.964810008467189,-0.000166529558093043,0.159,0.159,0.2126,1,0,0.74788334901223,0.25211665098777,0.00278809761767942,0.00164787062088528,0.00366714947719313,0.00211431404495725,-0.00845160761424671,0.0536,268,0,0.0536,0,268,0,1,0,-0.000166529558093051,-0.00310689474054199,0.00310689474054199,1,1
slope_bias,244,1.5,expanded,0.964976538025282,0.964976538025282,0.964810008467189,-0.000166529558093043,0.159,0.159,0.2126,1,0,0.74788334901223,0.25211665098777,0.0111523904707177,0.00164787062088528,0.0118239716605124,0.00211431404495725,-0.0101419291370961,0.0536,268,0,0.0536,0,268,0,1,0,-0.000166529558093051,-0.00310689474054199,0.00310689474054199,1,1
slope_bias,244,2,expanded,0.964976538025282,0.964976538025282,0.964810008467189,-0.000166529558093043,0.159,0.159,0.2126,1,0,0.74788334901223,0.25211665098777,0.0446095618828707,0.00164787062088528,0.0445539789496678,0.00211431404495725,-0.0135225721827947,0.0536,268,0,0.0536,0,268,0,1,0,-0.000166529558093051,-0.00310689474054199,0.00310689474054199,1,1
slope_bias,245,0.25,compressed,0.965371421361751,0.965371421361751,0.96536909434676,-2.32701499069954e-06,0.1558,0.1558,0.162,1,0,0.961728395061728,0.0382716049382716,0.0253906462015456,0.000687560568018263,0.0275739109111402,0.0010616960784768,-0.000175033219178444,0.0062,31,0,0.0062,0,31,0,1,0,-2.32701499078445e-06,-0.000375324998513621,0.000375324998513621,1,1
slope_bias,245,0.5,compressed,0.965371421361751,0.965371421361751,0.96536909434676,-2.32701499069954e-06,0.1558,0.1558,0.162,1,0,0.961728395061728,0.0382716049382716,0.0112847316451314,0.000687560568018263,0.0130739687702576,0.0010616960784768,-0.000350066438356889,0.0062,31,0,0.0062,0,31,0,1,0,-2.32701499078445e-06,-0.000375324998513621,0.000375324998513621,1,1
slope_bias,245,0.75,compressed,0.965371421361751,0.965371421361751,0.96536909434676,-2.32701499069954e-06,0.1558,0.1558,0.162,1,0,0.961728395061728,0.0382716049382716,0.00282118291128284,0.000687560568018263,0.00411240174937779,0.0010616960784768,-0.000525099657535333,0.0062,31,0,0.0062,0,31,0,1,0,-2.32701499078445e-06,-0.000375324998513621,0.000375324998513621,1,1
slope_bias,245,1,identity_scale,0.965371421361751,0.965371421361751,0.96536909434676,-2.32701499069954e-06,0.1558,0.1558,0.162,1,0,0.961728395061728,0.0382716049382716,0,0.000687560568018263,0.000689209848500785,0.0010616960784768,-0.000700132876713777,0.0062,31,0,0.0062,0,31,0,1,0,-2.32701499078445e-06,-0.000375324998513621,0.000375324998513621,1,1
slope_bias,245,1.25,expanded,0.965371421361751,0.965371421361751,0.96536909434676,-2.32701499069954e-06,0.1558,0.1558,0.162,1,0,0.961728395061728,0.0382716049382716,0.00282118291128284,0.000687560568018263,0.00280439306762658,0.0010616960784768,-0.000875166095892221,0.0062,31,0,0.0062,0,31,0,1,0,-2.32701499078445e-06,-0.000375324998513621,0.000375324998513621,1,1
slope_bias,245,1.5,expanded,0.965371421361751,0.965371421361751,0.96536909434676,-2.32701499069954e-06,0.1558,0.1558,0.162,1,0,0.961728395061728,0.0382716049382716,0.0112847316451314,0.000687560568018263,0.0104579514067552,0.0010616960784768,-0.00105019931507067,0.0062,31,0,0.0062,0,31,0,1,0,-2.32701499078445e-06,-0.000375324998513621,0.000375324998513621,1,1
slope_bias,245,2,expanded,0.965371421361751,0.965371421361751,0.96536909434676,-2.32701499069954e-06,0.1558,0.1558,0.162,1,0,0.961728395061728,0.0382716049382716,0.0451389265805255,0.000687560568018263,0.0423801934450207,0.0010616960784768,-0.00140026575342755,0.0062,31,0,0.0062,0,31,0,1,0,-2.32701499078445e-06,-0.000375324998513621,0.000375324998513621,1,1
slope_bias,246,0.25,compressed,0.964776285926784,0.964776285926784,0.964774120300118,-2.16562666566222e-06,0.16,0.16,0.1532,1,0,1,0,0.0236619677545509,0.00124388175995048,0.0214853453702741,0.00117087158205118,0.000200414106538843,0.0068,34,0,0.0068,0,34,0,1,0,-2.16562666564464e-06,0.000318474509653623,0.000318474509653623,1,1
slope_bias,246,0.5,compressed,0.964776285926784,0.964776285926784,0.964774120300118,-2.16562666566222e-06,0.16,0.16,0.1532,1,0,1,0,0.0105164301131337,0.00124388175995048,0.00929120042639677,0.00117087158205118,0.000400828213077686,0.0068,34,0,0.0068,0,34,0,1,0,-2.16562666564464e-06,0.000318474509653623,0.000318474509653623,1,1
slope_bias,246,0.75,compressed,0.964776285926784,0.964776285926784,0.964774120300118,-2.16562666566222e-06,0.16,0.16,0.1532,1,0,1,0,0.00262910752828344,0.00124388175995048,0.00224745320206062,0.00117087158205118,0.00060124231961653,0.0068,34,0,0.0068,0,34,0,1,0,-2.16562666564464e-06,0.000318474509653623,0.000318474509653623,1,1
slope_bias,246,1,identity_scale,0.964776285926784,0.964776285926784,0.964774120300118,-2.16562666566222e-06,0.16,0.16,0.1532,1,0,1,0,0,0.00124388175995048,0.000354103697265669,0.00117087158205118,0.000801656426155373,0.0068,34,0,0.0068,0,34,0,1,0,-2.16562666564464e-06,0.000318474509653623,0.000318474509653623,1,1
slope_bias,246,1.25,expanded,0.964776285926784,0.964776285926784,0.964774120300118,-2.16562666566222e-06,0.16,0.16,0.1532,1,0,1,0,0.00262910752828344,0.00124388175995048,0.00361115191201191,0.00117087158205118,0.00100207053269422,0.0068,34,0,0.0068,0,34,0,1,0,-2.16562666564464e-06,0.000318474509653623,0.000318474509653623,1,1
slope_bias,246,1.5,expanded,0.964776285926784,0.964776285926784,0.964774120300118,-2.16562666566222e-06,0.16,0.16,0.1532,1,0,1,0,0.0105164301131337,0.00124388175995048,0.0120185978462993,0.00117087158205118,0.00120248463923306,0.0068,34,0,0.0068,0,34,0,1,0,-2.16562666564464e-06,0.000318474509653623,0.000318474509653623,1,1
slope_bias,246,2,expanded,0.964776285926784,0.964776285926784,0.964774120300118,-2.16562666566222e-06,0.16,0.16,0.1532,1,0,1,0,0.042065720452535,0.00124388175995048,0.0442846828734978,0.00117087158205118,0.00160331285231075,0.0068,34,0,0.0068,0,34,0,1,0,-2.16562666564464e-06,0.000318474509653623,0.000318474509653623,1,1
slope_bias,247,0.25,compressed,0.964508089048571,0.964508089048571,0.962870218143859,-0.00163787090471268,0.158,0.158,0.0312,1,0,1,0,0.0248589373244997,0.00119386689570652,0.0248103704144215,0.00093639619024876,0.00922106510667312,0.1268,634,0,0.1268,0,634,0,1,0,-0.00163787090471267,0.0129169629709201,0.0129169629709201,1,1
slope_bias,247,0.5,compressed,0.964508089048571,0.964508089048571,0.962870218143859,-0.00163787090471268,0.158,0.158,0.0312,1,0,1,0,0.0110484165886665,0.00119386689570652,0.0112588819880282,0.00093639619024876,0.0184421302133462,0.1268,634,0,0.1268,0,634,0,1,0,-0.00163787090471267,0.0129169629709201,0.0129169629709201,1,1
slope_bias,247,0.75,compressed,0.964508089048571,0.964508089048571,0.962870218143859,-0.00163787090471268,0.158,0.158,0.0312,1,0,1,0,0.00276210414716663,0.00119386689570652,0.00312466101390492,0.00093639619024876,0.0276631953200193,0.1268,634,0,0.1268,0,634,0,1,0,-0.00163787090471267,0.0129169629709201,0.0129169629709201,1,1
slope_bias,247,1,identity_scale,0.964508089048571,0.964508089048571,0.962870218143859,-0.00163787090471268,0.158,0.158,0.0312,1,0,1,0,0,0.00119386689570652,0.000407707492051696,0.00093639619024876,0.0368842604266925,0.1268,634,0,0.1268,0,634,0,1,0,-0.00163787090471267,0.0129169629709201,0.0129169629709201,1,1
slope_bias,247,1.25,expanded,0.964508089048571,0.964508089048571,0.962870218143859,-0.00163787090471268,0.158,0.158,0.0312,1,0,1,0,0.00276210414716663,0.00119386689570652,0.00310802142246849,0.00093639619024876,0.0461053255333656,0.1268,634,0,0.1268,0,634,0,1,0,-0.00163787090471267,0.0129169629709201,0.0129169629709201,1,1
slope_bias,247,1.5,expanded,0.964508089048571,0.964508089048571,0.962870218143859,-0.00163787090471268,0.158,0.158,0.0312,1,0,1,0,0.0110484165886665,0.00119386689570652,0.0112256028051553,0.00093639619024876,0.0553263906400387,0.1268,634,0,0.1268,0,634,0,1,0,-0.00163787090471267,0.0129169629709201,0.0129169629709201,1,1
slope_bias,247,2,expanded,0.964508089048571,0.964508089048571,0.962870218143859,-0.00163787090471268,0.158,0.158,0.0312,1,0,1,0,0.0441936663546661,0.00119386689570652,0.043712567927339,0.00093639619024876,0.0737685208533849,0.1268,634,0,0.1268,0,634,0,1,0,-0.00163787090471267,0.0129169629709201,0.0129169629709201,1,1
slope_bias,248,0.25,compressed,0.965388511611726,0.965388511611726,0.965081622885551,-0.000306888726174015,0.1656,0.1656,0.1,1,0,1,0,0.024726235716903,0.000974984441957052,0.0199100124390432,0.00200391278058062,0.00277327719309714,0.0656,328,0,0.0656,0,328,0,1,0,-0.00030688872617402,0.00467818180143324,0.00467818180143324,1,1
slope_bias,248,0.5,compressed,0.965388511611726,0.965388511611726,0.965081622885551,-0.000306888726174015,0.1656,0.1656,0.1,1,0,1,0,0.0109894380964013,0.000974984441957052,0.0081159864654465,0.00200391278058062,0.00554655438619428,0.0656,328,0,0.0656,0,328,0,1,0,-0.00030688872617402,0.00467818180143324,0.00467818180143324,1,1
slope_bias,248,0.75,compressed,0.965388511611726,0.965388511611726,0.965081622885551,-0.000306888726174015,0.1656,0.1656,0.1,1,0,1,0,0.00274735952410033,0.000974984441957052,0.00171352256185369,0.00200391278058062,0.00831983157929142,0.0656,328,0,0.0656,0,328,0,1,0,-0.00030688872617402,0.00467818180143324,0.00467818180143324,1,1
slope_bias,248,1,identity_scale,0.965388511611726,0.965388511611726,0.965081622885551,-0.000306888726174015,0.1656,0.1656,0.1,1,0,1,0,0,0.000974984441957052,0.000702620728264784,0.00200391278058062,0.0110931087723886,0.0656,328,0,0.0656,0,328,0,1,0,-0.00030688872617402,0.00467818180143324,0.00467818180143324,1,1
slope_bias,248,1.25,expanded,0.965388511611726,0.965388511611726,0.965081622885551,-0.000306888726174015,0.1656,0.1656,0.1,1,0,1,0,0.00274735952410033,0.000974984441957052,0.00508328096467977,0.00200391278058062,0.0138663859654857,0.0656,328,0,0.0656,0,328,0,1,0,-0.00030688872617402,0.00467818180143324,0.00467818180143324,1,1
slope_bias,248,1.5,expanded,0.965388511611726,0.965388511611726,0.965081622885551,-0.000306888726174015,0.1656,0.1656,0.1,1,0,1,0,0.0109894380964013,0.000974984441957052,0.0148555032710986,0.00200391278058062,0.0166396631585828,0.0656,328,0,0.0656,0,328,0,1,0,-0.00030688872617402,0.00467818180143324,0.00467818180143324,1,1
slope_bias,248,2,expanded,0.965388511611726,0.965388511611726,0.965081622885551,-0.000306888726174015,0.1656,0.1656,0.1,1,0,1,0,0.0439577523856053,0.000974984441957052,0.0505746340939481,0.00200391278058062,0.0221862175447771,0.0656,328,0,0.0656,0,328,0,1,0,-0.00030688872617402,0.00467818180143324,0.00467818180143324,1,1
slope_bias,249,0.25,compressed,0.963578568670514,0.963578568670514,0.963215950828291,-0.000362617842223134,0.1576,0.1576,0.0854,1,0,1,0,0.0245051477978471,0.00136996176682195,0.0246403244105644,0.000988572046439817,0.0029380751652216,0.0722,361,0,0.0722,0,361,0,1,0,-0.000362617842223084,0.00502240778702333,0.00502240778702333,1,1
slope_bias,249,0.5,compressed,0.963578568670514,0.963578568670514,0.963215950828291,-0.000362617842223134,0.1576,0.1576,0.0854,1,0,1,0,0.0108911767990432,0.00136996176682195,0.011183950188833,0.000988572046439817,0.0058761503304432,0.0722,361,0,0.0722,0,361,0,1,0,-0.000362617842223084,0.00502240778702333,0.00502240778702333,1,1
slope_bias,249,0.75,compressed,0.963578568670514,0.963578568670514,0.963215950828291,-0.000362617842223134,0.1576,0.1576,0.0854,1,0,1,0,0.00272279419976079,0.00136996176682195,0.00306037187228597,0.000988572046439817,0.0088142254956648,0.0722,361,0,0.0722,0,361,0,1,0,-0.000362617842223084,0.00502240778702333,0.00502240778702333,1,1
slope_bias,249,1,identity_scale,0.963578568670514,0.963578568670514,0.963215950828291,-0.000362617842223134,0.1576,0.1576,0.0854,1,0,1,0,0,0.00136996176682195,0.000269589460923422,0.000988572046439817,0.0117523006608864,0.0722,361,0,0.0722,0,361,0,1,0,-0.000362617842223084,0.00502240778702333,0.00502240778702333,1,1
slope_bias,249,1.25,expanded,0.963578568670514,0.963578568670514,0.963215950828291,-0.000362617842223134,0.1576,0.1576,0.0854,1,0,1,0,0.00272279419976079,0.00136996176682195,0.00281160295474533,0.000988572046439817,0.014690375826108,0.0722,361,0,0.0722,0,361,0,1,0,-0.000362617842223084,0.00502240778702333,0.00502240778702333,1,1
slope_bias,249,1.5,expanded,0.963578568670514,0.963578568670514,0.963215950828291,-0.000362617842223134,0.1576,0.1576,0.0854,1,0,1,0,0.0108911767990432,0.00136996176682195,0.0106864123537517,0.000988572046439817,0.0176284509913296,0.0722,361,0,0.0722,0,361,0,1,0,-0.000362617842223084,0.00502240778702333,0.00502240778702333,1,1
slope_bias,249,2,expanded,0.963578568670514,0.963578568670514,0.963215950828291,-0.000362617842223134,0.1576,0.1576,0.0854,1,0,1,0,0.0435647071961726,0.00136996176682195,0.0424344188673178,0.000988572046439817,0.0235046013217728,0.0722,361,0,0.0722,0,361,0,1,0,-0.000362617842223084,0.00502240778702333,0.00502240778702333,1,1
slope_bias,250,0.25,compressed,0.965759776840544,0.965759776840544,0.965754773657975,-5.00318256957399e-06,0.1542,0.1542,0.146,1,0,1,0,0.0253146321047299,0.000951817975692783,0.0269814917191879,0.000571545447920743,0.000293781158548223,0.0082,41,0,0.0082,0,41,0,1,0,-5.00318256960539e-06,0.000610144215805536,0.000610144215805536,1,1
slope_bias,250,0.5,compressed,0.965759776840544,0.965759776840544,0.965754773657975,-5.00318256957399e-06,0.1542,0.1542,0.146,1,0,1,0,0.0112509476021022,0.000951817975692783,0.0126766608521761,0.000571545447920743,0.000587562317096446,0.0082,41,0,0.0082,0,41,0,1,0,-5.00318256960539e-06,0.000610144215805536,0.000610144215805536,1,1
slope_bias,250,0.75,compressed,0.965759776840544,0.965759776840544,0.965754773657975,-5.00318256957399e-06,0.1542,0.1542,0.146,1,0,1,0,0.00281273690052555,0.000951817975692783,0.00389110269357257,0.000571545447920743,0.000881343475644669,0.0082,41,0,0.0082,0,41,0,1,0,-5.00318256960539e-06,0.000610144215805536,0.000610144215805536,1,1
slope_bias,250,1,identity_scale,0.965759776840544,0.965759776840544,0.965754773657975,-5.00318256957399e-06,0.1542,0.1542,0.146,1,0,1,0,0,0.000951817975692783,0.000624817243377171,0.000571545447920743,0.00117512463419289,0.0082,41,0,0.0082,0,41,0,1,0,-5.00318256960539e-06,0.000610144215805536,0.000610144215805536,1,1
slope_bias,250,1.25,expanded,0.965759776840544,0.965759776840544,0.965754773657975,-5.00318256957399e-06,0.1542,0.1542,0.146,1,0,1,0,0.00281273690052555,0.000951817975692783,0.00287780450158995,0.000571545447920743,0.00146890579274112,0.0082,41,0,0.0082,0,41,0,1,0,-5.00318256960539e-06,0.000610144215805536,0.000610144215805536,1,1
slope_bias,250,1.5,expanded,0.965759776840544,0.965759776840544,0.965754773657975,-5.00318256957399e-06,0.1542,0.1542,0.146,1,0,1,0,0.0112509476021022,0.000951817975692783,0.0106500644682109,0.000571545447920743,0.00176268695128934,0.0082,41,0,0.0082,0,41,0,1,0,-5.00318256960539e-06,0.000610144215805536,0.000610144215805536,1,1
slope_bias,250,2,expanded,0.965759776840544,0.965759776840544,0.965754773657975,-5.00318256957399e-06,0.1542,0.1542,0.146,1,0,1,0,0.0450037904084088,0.000951817975692783,0.0427524025266773,0.000571545447920743,0.00235024926838578,0.0082,41,0,0.0082,0,41,0,1,0,-5.00318256960539e-06,0.000610144215805536,0.000610144215805536,1,1
slope_bias,251,0.25,compressed,0.964678420351694,0.964678420351694,0.964670101501108,-8.31885058660831e-06,0.1628,0.1628,0.1748,1,0,0.931350114416476,0.068649885583524,0.0247082089837793,0.00136240564632998,0.0239475711428386,0.000694687980473175,-0.000333228135088765,0.012,60,0,0.012,0,60,0,1,0,-8.3188505866115e-06,-0.000693237548884292,0.000693237548884292,1,1
slope_bias,251,0.5,compressed,0.964678420351694,0.964678420351694,0.964670101501108,-8.31885058660831e-06,0.1628,0.1628,0.1748,1,0,0.931350114416476,0.068649885583524,0.010981426215013,0.00136240564632998,0.0106983136524992,0.000694687980473175,-0.000666456270177529,0.012,60,0,0.012,0,60,0,1,0,-8.3188505866115e-06,-0.000693237548884292,0.000693237548884292,1,1
slope_bias,251,0.75,compressed,0.964678420351694,0.964678420351694,0.964670101501108,-8.31885058660831e-06,0.1628,0.1628,0.1748,1,0,0.931350114416476,0.068649885583524,0.00274535655375325,0.00136240564632998,0.0028339397376866,0.000694687980473175,-0.000999684405266293,0.012,60,0,0.012,0,60,0,1,0,-8.3188505866115e-06,-0.000693237548884292,0.000693237548884292,1,1
slope_bias,251,1,identity_scale,0.964678420351694,0.964678420351694,0.964670101501108,-8.31885058660831e-06,0.1628,0.1628,0.1748,1,0,0.931350114416476,0.068649885583524,0,0.00136240564632998,0.000354449398401007,0.000694687980473175,-0.00133291254035506,0.012,60,0,0.012,0,60,0,1,0,-8.3188505866115e-06,-0.000693237548884292,0.000693237548884292,1,1
slope_bias,251,1.25,expanded,0.964678420351694,0.964678420351694,0.964670101501108,-8.31885058660831e-06,0.1628,0.1628,0.1748,1,0,0.931350114416476,0.068649885583524,0.00274535655375325,0.00136240564632998,0.00325984263464236,0.000694687980473175,-0.00166614067544382,0.012,60,0,0.012,0,60,0,1,0,-8.3188505866115e-06,-0.000693237548884292,0.000693237548884292,1,1
slope_bias,251,1.5,expanded,0.964678420351694,0.964678420351694,0.964670101501108,-8.31885058660831e-06,0.1628,0.1628,0.1748,1,0,0.931350114416476,0.068649885583524,0.010981426215013,0.00136240564632998,0.0115501194464107,0.000694687980473175,-0.00199936881053259,0.012,60,0,0.012,0,60,0,1,0,-8.3188505866115e-06,-0.000693237548884292,0.000693237548884292,1,1
slope_bias,251,2,expanded,0.964678420351694,0.964678420351694,0.964670101501108,-8.31885058660831e-06,0.1628,0.1628,0.1748,1,0,0.931350114416476,0.068649885583524,0.043925704860052,0.00136240564632998,0.0442853237965281,0.000694687980473175,-0.00266582508071012,0.012,60,0,0.012,0,60,0,1,0,-8.3188505866115e-06,-0.000693237548884292,0.000693237548884292,1,1
slope_bias,252,0.25,compressed,0.963483158683662,0.963483158683662,0.961981550272803,-0.00150160841085945,0.1572,0.1572,0.305,1,0,0.515409836065574,0.484590163934426,0.0250704171286203,0.00156207095475496,0.024714006595002,0.0020616490713183,-0.00501307517934455,0.1478,739,0,0.1478,0,739,0,1,0,-0.0015016084108595,-0.0101597321438396,0.0101597321438396,1,1
slope_bias,252,0.5,compressed,0.963483158683662,0.963483158683662,0.961981550272803,-0.00150160841085945,0.1572,0.1572,0.305,1,0,0.515409836065574,0.484590163934426,0.0111424076127201,0.00156207095475496,0.0112603502019133,0.0020616490713183,-0.0100261503586891,0.1478,739,0,0.1478,0,739,0,1,0,-0.0015016084108595,-0.0101597321438396,0.0101597321438396,1,1
slope_bias,252,0.75,compressed,0.963483158683662,0.963483158683662,0.961981550272803,-0.00150160841085945,0.1572,0.1572,0.305,1,0,0.515409836065574,0.484590163934426,0.00278560190318004,0.00156207095475496,0.00327140463310818,0.0020616490713183,-0.0150392255380336,0.1478,739,0,0.1478,0,739,0,1,0,-0.0015016084108595,-0.0101597321438396,0.0101597321438396,1,1
slope_bias,252,1,identity_scale,0.963483158683662,0.963483158683662,0.961981550272803,-0.00150160841085945,0.1572,0.1572,0.305,1,0,0.515409836065574,0.484590163934426,0,0.00156207095475496,0.000747169888586604,0.0020616490713183,-0.0200523007173782,0.1478,739,0,0.1478,0,739,0,1,0,-0.0015016084108595,-0.0101597321438396,0.0101597321438396,1,1
slope_bias,252,1.25,expanded,0.963483158683662,0.963483158683662,0.961981550272803,-0.00150160841085945,0.1572,0.1572,0.305,1,0,0.515409836065574,0.484590163934426,0.00278560190318004,0.00156207095475496,0.00368764596834858,0.0020616490713183,-0.0250653758967227,0.1478,739,0,0.1478,0,739,0,1,0,-0.0015016084108595,-0.0101597321438396,0.0101597321438396,1,1
slope_bias,252,1.5,expanded,0.963483158683662,0.963483158683662,0.961981550272803,-0.00150160841085945,0.1572,0.1572,0.305,1,0,0.515409836065574,0.484590163934426,0.0111424076127201,0.00156207095475496,0.0120928328723941,0.0020616490713183,-0.0300784510760673,0.1478,739,0,0.1478,0,739,0,1,0,-0.0015016084108595,-0.0101597321438396,0.0101597321438396,1,1
slope_bias,252,2,expanded,0.963483158683662,0.963483158683662,0.961981550272803,-0.00150160841085945,0.1572,0.1572,0.305,1,0,0.515409836065574,0.484590163934426,0.0445696304508806,0.00156207095475496,0.0452973391533358,0.0020616490713183,-0.0401046014347564,0.1478,739,0,0.1478,0,739,0,1,0,-0.0015016084108595,-0.0101597321438396,0.0101597321438396,1,1
slope_bias,253,0.25,compressed,0.966662116112143,0.966662116112143,0.966151959449855,-0.000510156662288375,0.146,0.146,0.2362,1,0,0.618120237087214,0.381879762912786,0.0240218065208797,0.00258516626915004,0.0266564864083953,0.00117308254586397,-0.00287933935586884,0.0902,451,0,0.0902,0,451,0,1,0,-0.000510156662288383,-0.00565583882803085,0.00565583882803085,1,1
slope_bias,253,0.5,compressed,0.966662116112143,0.966662116112143,0.966151959449855,-0.000510156662288375,0.146,0.146,0.2362,1,0,0.618120237087214,0.381879762912786,0.0106763584537243,0.00258516626915004,0.0126487117116202,0.00117308254586397,-0.00575867871173769,0.0902,451,0,0.0902,0,451,0,1,0,-0.000510156662288383,-0.00565583882803085,0.00565583882803085,1,1
slope_bias,253,0.75,compressed,0.966662116112143,0.966662116112143,0.966151959449855,-0.000510156662288375,0.146,0.146,0.2362,1,0,0.618120237087214,0.381879762912786,0.00266908961343108,0.00258516626915004,0.00387688218706281,0.00117308254586397,-0.00863801806760653,0.0902,451,0,0.0902,0,451,0,1,0,-0.000510156662288383,-0.00565583882803085,0.00565583882803085,1,1
slope_bias,253,1,identity_scale,0.966662116112143,0.966662116112143,0.966151959449855,-0.000510156662288375,0.146,0.146,0.2362,1,0,0.618120237087214,0.381879762912786,0,0.00258516626915004,0.000340997834723253,0.00117308254586397,-0.0115173574234754,0.0902,451,0,0.0902,0,451,0,1,0,-0.000510156662288383,-0.00565583882803085,0.00565583882803085,1,1
slope_bias,253,1.25,expanded,0.966662116112143,0.966662116112143,0.966151959449855,-0.000510156662288375,0.146,0.146,0.2362,1,0,0.618120237087214,0.381879762912786,0.00266908961343108,0.00258516626915004,0.00204105865460149,0.00117308254586397,-0.0143966967793442,0.0902,451,0,0.0902,0,451,0,1,0,-0.000510156662288383,-0.00565583882803085,0.00565583882803085,1,1
slope_bias,253,1.5,expanded,0.966662116112143,0.966662116112143,0.966151959449855,-0.000510156662288375,0.146,0.146,0.2362,1,0,0.618120237087214,0.381879762912786,0.0106763584537243,0.00258516626915004,0.00897706464669753,0.00117308254586397,-0.0172760361352131,0.0902,451,0,0.0902,0,451,0,1,0,-0.000510156662288383,-0.00565583882803085,0.00565583882803085,1,1
slope_bias,253,2,expanded,0.966662116112143,0.966662116112143,0.966151959449855,-0.000510156662288375,0.146,0.146,0.2362,1,0,0.618120237087214,0.381879762912786,0.0427054338148973,0.00258516626915004,0.038556912147543,0.00117308254586397,-0.0230347148469507,0.0902,451,0,0.0902,0,451,0,1,0,-0.000510156662288383,-0.00565583882803085,0.00565583882803085,1,1
slope_bias,254,0.25,compressed,0.965944656875358,0.965944656875358,0.965899744571176,-4.4912304182243e-05,0.1626,0.1626,0.1344,1,0,1,0,0.0239647906965716,0.000764881180222245,0.0216601301933444,0.00042547860854868,0.000834277049433757,0.0282,141,0,0.0282,0,141,0,1,0,-4.49123041822412e-05,0.00159263490007947,0.00159263490007947,1,1
slope_bias,254,0.5,compressed,0.965944656875358,0.965944656875358,0.965899744571176,-4.4912304182243e-05,0.1626,0.1626,0.1344,1,0,1,0,0.0106510180873651,0.000764881180222245,0.00930456237180456,0.00042547860854868,0.00166855409886751,0.0282,141,0,0.0282,0,141,0,1,0,-4.49123041822412e-05,0.00159263490007947,0.00159263490007947,1,1
slope_bias,254,0.75,compressed,0.965944656875358,0.965944656875358,0.965899744571176,-4.4912304182243e-05,0.1626,0.1626,0.1344,1,0,1,0,0.00266275452184128,0.000764881180222245,0.00216749428542305,0.00042547860854868,0.00250283114830127,0.0282,141,0,0.0282,0,141,0,1,0,-4.49123041822412e-05,0.00159263490007947,0.00159263490007947,1,1
slope_bias,254,1,identity_scale,0.965944656875358,0.965944656875358,0.965899744571176,-4.4912304182243e-05,0.1626,0.1626,0.1344,1,0,1,0,0,0.000764881180222245,0.000248925934199878,0.00042547860854868,0.00333710819773503,0.0282,141,0,0.0282,0,141,0,1,0,-4.49123041822412e-05,0.00159263490007947,0.00159263490007947,1,1
slope_bias,254,1.25,expanded,0.965944656875358,0.965944656875358,0.965899744571176,-4.4912304182243e-05,0.1626,0.1626,0.1344,1,0,1,0,0.00266275452184128,0.000764881180222245,0.00354885731813505,0.00042547860854868,0.00417138524716879,0.0282,141,0,0.0282,0,141,0,1,0,-4.49123041822412e-05,0.00159263490007947,0.00159263490007947,1,1
slope_bias,254,1.5,expanded,0.965944656875358,0.965944656875358,0.965899744571176,-4.4912304182243e-05,0.1626,0.1626,0.1344,1,0,1,0,0.0106510180873651,0.000764881180222245,0.0120672884372286,0.00042547860854868,0.00500566229660254,0.0282,141,0,0.0282,0,141,0,1,0,-4.49123041822412e-05,0.00159263490007947,0.00159263490007947,1,1
slope_bias,254,2,expanded,0.965944656875358,0.965944656875358,0.965899744571176,-4.4912304182243e-05,0.1626,0.1626,0.1344,1,0,1,0,0.0426040723494605,0.000764881180222245,0.0447596498808906,0.00042547860854868,0.00667421639547006,0.0282,141,0,0.0282,0,141,0,1,0,-4.49123041822412e-05,0.00159263490007947,0.00159263490007947,1,1
slope_bias,255,0.25,compressed,0.965012177875306,0.965012177875306,0.964787814475876,-0.000224363399429994,0.1494,0.1494,0.0944,1,0,1,0,0.0248564785424782,0.00121833108280201,0.0255024202510254,0.00095154971311426,0.00238667753635183,0.055,275,0,0.055,0,275,0,1,0,-0.000224363399430015,0.00407933453509118,0.00407933453509118,1,1
slope_bias,255,0.5,compressed,0.965012177875306,0.965012177875306,0.964787814475876,-0.000224363399429994,0.1494,0.1494,0.0944,1,0,1,0,0.011047323796657,0.00121833108280201,0.0118065065549056,0.00095154971311426,0.00477335507270366,0.055,275,0,0.055,0,275,0,1,0,-0.000224363399430015,0.00407933453509118,0.00407933453509118,1,1
slope_bias,255,0.75,compressed,0.965012177875306,0.965012177875306,0.964787814475876,-0.000224363399429994,0.1494,0.1494,0.0944,1,0,1,0,0.00276183094916424,0.00121833108280201,0.00353191054482705,0.00095154971311426,0.00716003260905548,0.055,275,0,0.055,0,275,0,1,0,-0.000224363399430015,0.00407933453509118,0.00407933453509118,1,1
slope_bias,255,1,identity_scale,0.965012177875306,0.965012177875306,0.964787814475876,-0.000224363399429994,0.1494,0.1494,0.0944,1,0,1,0,0,0.00121833108280201,0.000678632220789823,0.00095154971311426,0.00954671014540731,0.055,275,0,0.055,0,275,0,1,0,-0.000224363399430015,0.00407933453509118,0.00407933453509118,1,1
slope_bias,255,1.25,expanded,0.965012177875306,0.965012177875306,0.964787814475876,-0.000224363399429994,0.1494,0.1494,0.0944,1,0,1,0,0.00276183094916424,0.00121833108280201,0.00324667158279389,0.00095154971311426,0.0119333876817591,0.055,275,0,0.055,0,275,0,1,0,-0.000224363399430015,0.00407933453509118,0.00407933453509118,1,1
slope_bias,255,1.5,expanded,0.965012177875306,0.965012177875306,0.964787814475876,-0.000224363399429994,0.1494,0.1494,0.0944,1,0,1,0,0.011047323796657,0.00121833108280201,0.0112360286308392,0.00095154971311426,0.014320065218111,0.055,275,0,0.055,0,275,0,1,0,-0.000224363399430015,0.00407933453509118,0.00407933453509118,1,1
slope_bias,255,2,expanded,0.965012177875306,0.965012177875306,0.964787814475876,-0.000224363399429994,0.1494,0.1494,0.0944,1,0,1,0,0.0441892951866278,0.00121833108280201,0.0434786957850538,0.00095154971311426,0.0190934202908146,0.055,275,0,0.055,0,275,0,1,0,-0.000224363399430015,0.00407933453509118,0.00407933453509118,1,1
slope_bias,256,0.25,compressed,0.964452297018572,0.964452297018572,0.964393009504156,-5.92875144154181e-05,0.1578,0.1578,0.1894,1,0,0.833157338965153,0.166842661034847,0.0253550465430255,0.00128735466291271,0.0212334501762471,0.000895005900734995,-0.000993023895722284,0.0316,158,0,0.0316,0,158,0,1,0,-5.9287514415385e-05,-0.00187618716504383,0.00187618716504383,1,1
slope_bias,256,0.5,compressed,0.964452297018572,0.964452297018572,0.964393009504156,-5.92875144154181e-05,0.1578,0.1578,0.1894,1,0,0.833157338965153,0.166842661034847,0.011268909574678,0.00128735466291271,0.0089180967336592,0.000895005900734995,-0.00198604779144457,0.0316,158,0,0.0316,0,158,0,1,0,-5.9287514415385e-05,-0.00187618716504383,0.00187618716504383,1,1
slope_bias,256,0.75,compressed,0.964452297018572,0.964452297018572,0.964393009504156,-5.92875144154181e-05,0.1578,0.1578,0.1894,1,0,0.833157338965153,0.166842661034847,0.0028172273936695,0.00128735466291271,0.00212785348357567,0.000895005900734995,-0.00297907168716685,0.0316,158,0,0.0316,0,158,0,1,0,-5.9287514415385e-05,-0.00187618716504383,0.00187618716504383,1,1
slope_bias,256,1,identity_scale,0.964452297018572,0.964452297018572,0.964393009504156,-5.92875144154181e-05,0.1578,0.1578,0.1894,1,0,0.833157338965153,0.166842661034847,0,0.00128735466291271,0.000862720425996536,0.000895005900734995,-0.00397209558288913,0.0316,158,0,0.0316,0,158,0,1,0,-5.9287514415385e-05,-0.00187618716504383,0.00187618716504383,1,1
slope_bias,256,1.25,expanded,0.964452297018572,0.964452297018572,0.964393009504156,-5.92875144154181e-05,0.1578,0.1578,0.1894,1,0,0.833157338965153,0.166842661034847,0.0028172273936695,0.00128735466291271,0.00512269756092179,0.000895005900734995,-0.00496511947861142,0.0316,158,0,0.0316,0,158,0,1,0,-5.9287514415385e-05,-0.00187618716504383,0.00187618716504383,1,1
slope_bias,256,1.5,expanded,0.964452297018572,0.964452297018572,0.964393009504156,-5.92875144154181e-05,0.1578,0.1578,0.1894,1,0,0.833157338965153,0.166842661034847,0.011268909574678,0.00128735466291271,0.0149077848883514,0.000895005900734995,-0.0059581433743337,0.0316,158,0,0.0316,0,158,0,1,0,-5.9287514415385e-05,-0.00187618716504383,0.00187618716504383,1,1
slope_bias,256,2,expanded,0.964452297018572,0.964452297018572,0.964393009504156,-5.92875144154181e-05,0.1578,0.1578,0.1894,1,0,0.833157338965153,0.166842661034847,0.0450756382987121,0.00128735466291271,0.0510532901207239,0.000895005900734995,-0.00794419116577827,0.0316,158,0,0.0316,0,158,0,1,0,-5.9287514415385e-05,-0.00187618716504383,0.00187618716504383,1,1
slope_bias,257,0.25,compressed,0.964712467566424,0.964712467566424,0.963985953961251,-0.000726513605172285,0.1518,0.1518,0.2594,1,0,0.585196607555898,0.414803392444102,0.0246962517302467,0.00180591860039922,0.0288638318269903,0.000993979348910655,-0.00342733551458094,0.1076,538,0,0.1076,0,538,0,1,0,-0.000726513605172222,-0.0067519851781805,0.0067519851781805,1,1
slope_bias,257,0.5,compressed,0.964712467566424,0.964712467566424,0.963985953961251,-0.000726513605172285,0.1518,0.1518,0.2594,1,0,0.585196607555898,0.414803392444102,0.0109761118801096,0.00180591860039922,0.0142840620312487,0.000993979348910655,-0.00685467102916187,0.1076,538,0,0.1076,0,538,0,1,0,-0.000726513605172222,-0.0067519851781805,0.0067519851781805,1,1
slope_bias,257,0.75,compressed,0.964712467566424,0.964712467566424,0.963985953961251,-0.000726513605172285,0.1518,0.1518,0.2594,1,0,0.585196607555898,0.414803392444102,0.00274402797002741,0.00180591860039922,0.0050828313386438,0.000993979348910655,-0.0102820065437428,0.1076,538,0,0.1076,0,538,0,1,0,-0.000726513605172222,-0.0067519851781805,0.0067519851781805,1,1
slope_bias,257,1,identity_scale,0.964712467566424,0.964712467566424,0.963985953961251,-0.000726513605172285,0.1518,0.1518,0.2594,1,0,0.585196607555898,0.414803392444102,0,0.00180591860039922,0.00126013974917556,0.000993979348910655,-0.0137093420583237,0.1076,538,0,0.1076,0,538,0,1,0,-0.000726513605172222,-0.0067519851781805,0.0067519851781805,1,1
slope_bias,257,1.25,expanded,0.964712467566424,0.964712467566424,0.963985953961251,-0.000726513605172285,0.1518,0.1518,0.2594,1,0,0.585196607555898,0.414803392444102,0.00274402797002741,0.00180591860039922,0.00281598726284401,0.000993979348910655,-0.0171366775729047,0.1076,538,0,0.1076,0,538,0,1,0,-0.000726513605172222,-0.0067519851781805,0.0067519851781805,1,1
slope_bias,257,1.5,expanded,0.964712467566424,0.964712467566424,0.963985953961251,-0.000726513605172285,0.1518,0.1518,0.2594,1,0,0.585196607555898,0.414803392444102,0.0109761118801096,0.00180591860039922,0.00975037387964914,0.000993979348910655,-0.0205640130874856,0.1076,538,0,0.1076,0,538,0,1,0,-0.000726513605172222,-0.0067519851781805,0.0067519851781805,1,1
slope_bias,257,2,expanded,0.964712467566424,0.964712467566424,0.963985953961251,-0.000726513605172285,0.1518,0.1518,0.2594,1,0,0.585196607555898,0.414803392444102,0.0439044475204385,0.00180591860039922,0.0397547644226694,0.000993979348910655,-0.0274186841166475,0.1076,538,0,0.1076,0,538,0,1,0,-0.000726513605172222,-0.0067519851781805,0.0067519851781805,1,1
slope_bias,258,0.25,compressed,0.966428917080726,0.966428917080726,0.96420703484379,-0.00222188223693642,0.1676,0.1676,0.3484,1,0,0.48105625717566,0.51894374282434,0.0236305736857868,0.00110034365284139,0.0207468657397676,0.000456970477277908,-0.00607882394616635,0.1808,904,0,0.1808,0,904,0,1,0,-0.00222188223693653,-0.012289171664472,0.012289171664472,1,1
slope_bias,258,0.5,compressed,0.966428917080726,0.966428917080726,0.96420703484379,-0.00222188223693642,0.1676,0.1676,0.3484,1,0,0.48105625717566,0.51894374282434,0.010502477193683,0.00110034365284139,0.00889978139963975,0.000456970477277908,-0.0121576478923327,0.1808,904,0,0.1808,0,904,0,1,0,-0.00222188223693653,-0.012289171664472,0.012289171664472,1,1
slope_bias,258,0.75,compressed,0.966428917080726,0.966428917080726,0.96420703484379,-0.00222188223693642,0.1676,0.1676,0.3484,1,0,0.48105625717566,0.51894374282434,0.00262561929842076,0.00110034365284139,0.00219308699306448,0.000456970477277908,-0.0182364718384991,0.1808,904,0,0.1808,0,904,0,1,0,-0.00222188223693653,-0.012289171664472,0.012289171664472,1,1
slope_bias,258,1,identity_scale,0.966428917080726,0.966428917080726,0.96420703484379,-0.00222188223693642,0.1676,0.1676,0.3484,1,0,0.48105625717566,0.51894374282434,0,0.00110034365284139,0.000626782520041798,0.000456970477277908,-0.0243152957846654,0.1808,904,0,0.1808,0,904,0,1,0,-0.00222188223693653,-0.012289171664472,0.012289171664472,1,1
slope_bias,258,1.25,expanded,0.966428917080726,0.966428917080726,0.96420703484379,-0.00222188223693642,0.1676,0.1676,0.3484,1,0,0.48105625717566,0.51894374282434,0.00262561929842076,0.00110034365284139,0.00420086798057169,0.000456970477277908,-0.0303941197308318,0.1808,904,0,0.1808,0,904,0,1,0,-0.00222188223693653,-0.012289171664472,0.012289171664472,1,1
slope_bias,258,1.5,expanded,0.966428917080726,0.966428917080726,0.96420703484379,-0.00222188223693642,0.1676,0.1676,0.3484,1,0,0.48105625717566,0.51894374282434,0.010502477193683,0.00110034365284139,0.0129153433746542,0.000456970477277908,-0.0364729436769981,0.1808,904,0,0.1808,0,904,0,1,0,-0.00222188223693653,-0.012289171664472,0.012289171664472,1,1
slope_bias,258,2,expanded,0.966428917080726,0.966428917080726,0.96420703484379,-0.00222188223693642,0.1676,0.1676,0.3484,1,0,0.48105625717566,0.51894374282434,0.0420099087747321,0.00110034365284139,0.0457654639634768,0.000456970477277908,-0.0486305915693308,0.1808,904,0,0.1808,0,904,0,1,0,-0.00222188223693653,-0.012289171664472,0.012289171664472,1,1
slope_bias,259,0.25,compressed,0.965644853884056,0.965644853884056,0.965642084267575,-2.76961648060237e-06,0.1558,0.1558,0.1484,1,0,1,0,0.0250523621872499,0.00221649539443996,0.0231684359435711,0.0016033021590539,0.000192898141667563,0.0074,37,0,0.0074,0,37,0,1,0,-2.76961648052627e-06,0.000374272497368415,0.000374272497368415,1,1
slope_bias,259,0.5,compressed,0.965644853884056,0.965644853884056,0.965642084267575,-2.76961648060237e-06,0.1558,0.1558,0.1484,1,0,1,0,0.0111343831943333,0.00221649539443996,0.0100977328977714,0.0016033021590539,0.000385796283335127,0.0074,37,0,0.0074,0,37,0,1,0,-2.76961648052627e-06,0.000374272497368415,0.000374272497368415,1,1
slope_bias,259,0.75,compressed,0.965644853884056,0.965644853884056,0.965642084267575,-2.76961648060237e-06,0.1558,0.1558,0.1484,1,0,1,0,0.00278359579858332,0.00221649539443996,0.0024903743431268,0.0016033021590539,0.00057869442500269,0.0074,37,0,0.0074,0,37,0,1,0,-2.76961648052627e-06,0.000374272497368415,0.000374272497368415,1,1
slope_bias,259,1,identity_scale,0.965644853884056,0.965644853884056,0.965642084267575,-2.76961648060237e-06,0.1558,0.1558,0.1484,1,0,1,0,0,0.00221649539443996,0.000346360279637299,0.0016033021590539,0.000771592566670254,0.0074,37,0,0.0074,0,37,0,1,0,-2.76961648052627e-06,0.000374272497368415,0.000374272497368415,1,1
slope_bias,259,1.25,expanded,0.965644853884056,0.965644853884056,0.965642084267575,-2.76961648060237e-06,0.1558,0.1558,0.1484,1,0,1,0,0.00278359579858332,0.00221649539443996,0.0036656907073029,0.0016033021590539,0.000964490708337817,0.0074,37,0,0.0074,0,37,0,1,0,-2.76961648052627e-06,0.000374272497368415,0.000374272497368415,1,1
slope_bias,259,1.5,expanded,0.965644853884056,0.965644853884056,0.965642084267575,-2.76961648060237e-06,0.1558,0.1558,0.1484,1,0,1,0,0.0111343831943333,0.00221649539443996,0.0124483656261236,0.0016033021590539,0.00115738885000538,0.0074,37,0,0.0074,0,37,0,1,0,-2.76961648052627e-06,0.000374272497368415,0.000374272497368415,1,1
slope_bias,259,2,expanded,0.965644853884056,0.965644853884056,0.965642084267575,-2.76961648060237e-06,0.1558,0.1558,0.1484,1,0,1,0,0.0445375327773331,0.00221649539443996,0.0464037489372303,0.0016033021590539,0.00154318513334051,0.0074,37,0,0.0074,0,37,0,1,0,-2.76961648052627e-06,0.000374272497368415,0.000374272497368415,1,1
slope_bias,260,0.25,compressed,0.965971476257765,0.965971476257765,0.965926095724635,-4.53805331304125e-05,0.1574,0.1574,0.1848,1,0,0.851731601731602,0.148268398268398,0.024885688068755,0.001358557452561,0.0209945526046125,0.00136593636669764,-0.000850706880526742,0.0274,137,0,0.0274,0,137,0,1,0,-4.5380533130316e-05,-0.00165622383687285,0.00165622383687285,1,1
slope_bias,260,0.5,compressed,0.965971476257765,0.965971476257765,0.965926095724635,-4.53805331304125e-05,0.1574,0.1574,0.1848,1,0,0.851731601731602,0.148268398268398,0.0110603058083355,0.001358557452561,0.00876164066485423,0.00136593636669764,-0.00170141376105348,0.0274,137,0,0.0274,0,137,0,1,0,-4.5380533130316e-05,-0.00165622383687285,0.00165622383687285,1,1
slope_bias,260,0.75,compressed,0.965971476257765,0.965971476257765,0.965926095724635,-4.53805331304125e-05,0.1574,0.1574,0.1848,1,0,0.851731601731602,0.148268398268398,0.00276507645208389,0.001358557452561,0.001955804164927,0.00136593636669764,-0.00255212064158022,0.0274,137,0,0.0274,0,137,0,1,0,-4.5380533130316e-05,-0.00165622383687285,0.00165622383687285,1,1
slope_bias,260,1,identity_scale,0.965971476257765,0.965971476257765,0.965926095724635,-4.53805331304125e-05,0.1574,0.1574,0.1848,1,0,0.851731601731602,0.148268398268398,0,0.001358557452561,0.000577043104830853,0.00136593636669764,-0.00340282752210697,0.0274,137,0,0.0274,0,137,0,1,0,-4.5380533130316e-05,-0.00165622383687285,0.00165622383687285,1,1
slope_bias,260,1.25,expanded,0.965971476257765,0.965971476257765,0.965926095724635,-4.53805331304125e-05,0.1574,0.1574,0.1848,1,0,0.851731601731602,0.148268398268398,0.00276507645208389,0.001358557452561,0.00462535748456578,0.00136593636669764,-0.00425353440263371,0.0274,137,0,0.0274,0,137,0,1,0,-4.5380533130316e-05,-0.00165622383687285,0.00165622383687285,1,1
slope_bias,260,1.5,expanded,0.965971476257765,0.965971476257765,0.965926095724635,-4.53805331304125e-05,0.1574,0.1574,0.1848,1,0,0.851731601731602,0.148268398268398,0.0110603058083355,0.001358557452561,0.0141007473041318,0.00136593636669764,-0.00510424128316045,0.0274,137,0,0.0274,0,137,0,1,0,-4.5380533130316e-05,-0.00165622383687285,0.00165622383687285,1,1
slope_bias,260,2,expanded,0.965971476257765,0.965971476257765,0.965926095724635,-4.53805331304125e-05,0.1574,0.1574,0.1848,1,0,0.851731601731602,0.148268398268398,0.0442412232333422,0.001358557452561,0.049332753262757,0.00136593636669764,-0.00680565504421393,0.0274,137,0,0.0274,0,137,0,1,0,-4.5380533130316e-05,-0.00165622383687285,0.00165622383687285,1,1
slope_bias,261,0.25,compressed,0.965160280337432,0.965160280337432,0.96480522871987,-0.000355051617562219,0.1568,0.1568,0.2338,1,0,0.670658682634731,0.329341317365269,0.0244532276815094,0.00130812562260169,0.0261649755939065,0.000306930682951422,-0.00235161475454704,0.077,385,0,0.077,0,385,0,1,0,-0.00035505161756215,-0.00461105996833961,0.00461105996833961,1,1
slope_bias,261,0.5,compressed,0.965160280337432,0.965160280337432,0.96480522871987,-0.000355051617562219,0.1568,0.1568,0.2338,1,0,0.670658682634731,0.329341317365269,0.0108681011917819,0.00130812562260169,0.0121984696078436,0.000306930682951422,-0.00470322950909408,0.077,385,0,0.077,0,385,0,1,0,-0.00035505161756215,-0.00461105996833961,0.00461105996833961,1,1
slope_bias,261,0.75,compressed,0.965160280337432,0.965160280337432,0.96480522871987,-0.000355051617562219,0.1568,0.1568,0.2338,1,0,0.670658682634731,0.329341317365269,0.00271702529794548,0.00130812562260169,0.0035604266832378,0.000306930682951422,-0.00705484426364111,0.077,385,0,0.077,0,385,0,1,0,-0.00035505161756215,-0.00461105996833961,0.00461105996833961,1,1
slope_bias,261,1,identity_scale,0.965160280337432,0.965160280337432,0.96480522871987,-0.000355051617562219,0.1568,0.1568,0.2338,1,0,0.670658682634731,0.329341317365269,0,0.00130812562260169,0.000250846820089106,0.000306930682951422,-0.00940645901818815,0.077,385,0,0.077,0,385,0,1,0,-0.00035505161756215,-0.00461105996833961,0.00461105996833961,1,1
slope_bias,261,1.25,expanded,0.965160280337432,0.965160280337432,0.96480522871987,-0.000355051617562219,0.1568,0.1568,0.2338,1,0,0.670658682634731,0.329341317365269,0.00271702529794548,0.00130812562260169,0.00226973001839754,0.000306930682951422,-0.0117580737727352,0.077,385,0,0.077,0,385,0,1,0,-0.00035505161756215,-0.00461105996833961,0.00461105996833961,1,1
slope_bias,261,1.5,expanded,0.965160280337432,0.965160280337432,0.96480522871987,-0.000355051617562219,0.1568,0.1568,0.2338,1,0,0.670658682634731,0.329341317365269,0.0108681011917819,0.00130812562260169,0.0096170762781631,0.000306930682951422,-0.0141096885272822,0.077,385,0,0.077,0,385,0,1,0,-0.00035505161756215,-0.00461105996833961,0.00461105996833961,1,1
slope_bias,261,2,expanded,0.965160280337432,0.965160280337432,0.96480522871987,-0.000355051617562219,0.1568,0.1568,0.2338,1,0,0.670658682634731,0.329341317365269,0.0434724047671277,0.00130812562260169,0.0402971579820656,0.000306930682951422,-0.0188129180363763,0.077,385,0,0.077,0,385,0,1,0,-0.00035505161756215,-0.00461105996833961,0.00461105996833961,1,1
slope_bias,262,0.25,compressed,0.966096985719754,0.966096985719754,0.965956285513649,-0.000140700206105127,0.1554,0.1554,0.2034,1,0,0.76401179941003,0.235988200589971,0.025142690775381,0.00298455471802461,0.027345248540186,0.00369975018421434,-0.00149922346208023,0.048,240,0,0.048,0,240,0,1,0,-0.000140700206105189,-0.00293125429385811,0.00293125429385811,1,1
slope_bias,262,0.5,compressed,0.966096985719754,0.966096985719754,0.965956285513649,-0.000140700206105127,0.1554,0.1554,0.2034,1,0,0.76401179941003,0.235988200589971,0.0111745292335027,0.00298455471802461,0.0131666620857301,0.00369975018421434,-0.00299844692416046,0.048,240,0,0.048,0,240,0,1,0,-0.000140700206105189,-0.00293125429385811,0.00293125429385811,1,1
slope_bias,262,0.75,compressed,0.966096985719754,0.966096985719754,0.965956285513649,-0.000140700206105127,0.1554,0.1554,0.2034,1,0,0.76401179941003,0.235988200589971,0.00279363230837567,0.00298455471802461,0.00447066851980598,0.00369975018421434,-0.00449767038624069,0.048,240,0,0.048,0,240,0,1,0,-0.000140700206105189,-0.00293125429385811,0.00293125429385811,1,1
slope_bias,262,1,identity_scale,0.966096985719754,0.966096985719754,0.965956285513649,-0.000140700206105127,0.1554,0.1554,0.2034,1,0,0.76401179941003,0.235988200589971,0,0.00298455471802461,0.00125726784241365,0.00369975018421434,-0.00599689384832092,0.048,240,0,0.048,0,240,0,1,0,-0.000140700206105189,-0.00293125429385811,0.00293125429385811,1,1
slope_bias,262,1.25,expanded,0.966096985719754,0.966096985719754,0.965956285513649,-0.000140700206105127,0.1554,0.1554,0.2034,1,0,0.76401179941003,0.235988200589971,0.00279363230837567,0.00298455471802461,0.0035264600535531,0.00369975018421434,-0.00749611731040115,0.048,240,0,0.048,0,240,0,1,0,-0.000140700206105189,-0.00293125429385811,0.00293125429385811,1,1
slope_bias,262,1.5,expanded,0.966096985719754,0.966096985719754,0.965956285513649,-0.000140700206105127,0.1554,0.1554,0.2034,1,0,0.76401179941003,0.235988200589971,0.0111745292335027,0.00298455471802461,0.0112782451532243,0.00369975018421434,-0.00899534077248138,0.048,240,0,0.048,0,240,0,1,0,-0.000140700206105189,-0.00293125429385811,0.00293125429385811,1,1
slope_bias,262,2,expanded,0.966096985719754,0.966096985719754,0.965956285513649,-0.000140700206105127,0.1554,0.1554,0.2034,1,0,0.76401179941003,0.235988200589971,0.0446981169340107,0.00298455471802461,0.0432295940181622,0.00369975018421434,-0.0119937876966418,0.048,240,0,0.048,0,240,0,1,0,-0.000140700206105189,-0.00293125429385811,0.00293125429385811,1,1
slope_bias,263,0.25,compressed,0.965257956785516,0.965257956785516,0.96509059262033,-0.000167364165186146,0.163,0.163,0.2142,1,0,0.760971055088702,0.239028944911298,0.0255379762309489,0.000833136298245752,0.030500677585426,0.000910954272437617,-0.00169254742554964,0.0512,256,0,0.0512,0,256,0,1,0,-0.000167364165186131,-0.00326883135129162,0.00326883135129162,1,1
slope_bias,263,0.5,compressed,0.965257956785516,0.965257956785516,0.96509059262033,-0.000167364165186146,0.163,0.163,0.2142,1,0,0.760971055088702,0.239028944911298,0.0113502116581995,0.000833136298245752,0.0150571389407631,0.000910954272437617,-0.00338509485109928,0.0512,256,0,0.0512,0,256,0,1,0,-0.000167364165186131,-0.00326883135129162,0.00326883135129162,1,1
slope_bias,263,0.75,compressed,0.965257956785516,0.965257956785516,0.96509059262033,-0.000167364165186146,0.163,0.163,0.2142,1,0,0.760971055088702,0.239028944911298,0.00283755291454987,0.000833136298245752,0.00518243591570727,0.000910954272437617,-0.00507764227664892,0.0512,256,0,0.0512,0,256,0,1,0,-0.000167364165186131,-0.00326883135129162,0.00326883135129162,1,1
slope_bias,263,1,identity_scale,0.965257956785516,0.965257956785516,0.96509059262033,-0.000167364165186146,0.163,0.163,0.2142,1,0,0.760971055088702,0.239028944911298,0,0.000833136298245752,0.000876568510258542,0.000910954272437617,-0.00677018970219856,0.0512,256,0,0.0512,0,256,0,1,0,-0.000167364165186131,-0.00326883135129162,0.00326883135129162,1,1
slope_bias,263,1.25,expanded,0.965257956785516,0.965257956785516,0.96509059262033,-0.000167364165186146,0.163,0.163,0.2142,1,0,0.760971055088702,0.239028944911298,0.00283755291454987,0.000833136298245752,0.0021395367244169,0.000910954272437617,-0.0084627371277482,0.0512,256,0,0.0512,0,256,0,1,0,-0.000167364165186131,-0.00326883135129162,0.00326883135129162,1,1
slope_bias,263,1.5,expanded,0.965257956785516,0.965257956785516,0.96509059262033,-0.000167364165186146,0.163,0.163,0.2142,1,0,0.760971055088702,0.239028944911298,0.0113502116581995,0.000833136298245752,0.00897134055818234,0.000910954272437617,-0.0101552845532978,0.0512,256,0,0.0512,0,256,0,1,0,-0.000167364165186131,-0.00326883135129162,0.00326883135129162,1,1
slope_bias,263,2,expanded,0.965257956785516,0.965257956785516,0.96509059262033,-0.000167364165186146,0.163,0.163,0.2142,1,0,0.760971055088702,0.239028944911298,0.045400846632798,0.000833136298245752,0.0393414550845345,0.000910954272437617,-0.0135403794043971,0.0512,256,0,0.0512,0,256,0,1,0,-0.000167364165186131,-0.00326883135129162,0.00326883135129162,1,1
slope_bias,264,0.25,compressed,0.965511384278909,0.965511384278909,0.964203748373771,-0.00130763590513749,0.1576,0.1576,0.0402,1,0,1,0,0.0256061680203085,0.0017416866860093,0.0286533146865729,0.000790184602473011,0.00734600859378562,0.1174,587,0,0.1174,0,587,0,1,0,-0.00130763590513747,0.0111382956144589,0.0111382956144589,1,1
slope_bias,264,0.5,compressed,0.965511384278909,0.965511384278909,0.964203748373771,-0.00130763590513749,0.1576,0.1576,0.0402,1,0,1,0,0.0113805191201371,0.0017416866860093,0.0137699309953818,0.000790184602473011,0.0146920171875712,0.1174,587,0,0.1174,0,587,0,1,0,-0.00130763590513747,0.0111382956144589,0.0111382956144589,1,1
slope_bias,264,0.75,compressed,0.965511384278909,0.965511384278909,0.964203748373771,-0.00130763590513749,0.1576,0.1576,0.0402,1,0,1,0,0.00284512978003428,0.0017416866860093,0.00447662534022527,0.000790184602473011,0.0220380257813569,0.1174,587,0,0.1174,0,587,0,1,0,-0.00130763590513747,0.0111382956144589,0.0111382956144589,1,1
slope_bias,264,1,identity_scale,0.965511384278909,0.965511384278909,0.964203748373771,-0.00130763590513749,0.1576,0.1576,0.0402,1,0,1,0,0,0.0017416866860093,0.000773397721103245,0.000790184602473011,0.0293840343751425,0.1174,587,0,0.1174,0,587,0,1,0,-0.00130763590513747,0.0111382956144589,0.0111382956144589,1,1
slope_bias,264,1.25,expanded,0.965511384278909,0.965511384278909,0.964203748373771,-0.00130763590513749,0.1576,0.1576,0.0402,1,0,1,0,0.00284512978003428,0.0017416866860093,0.00266024813801573,0.000790184602473011,0.0367300429689281,0.1174,587,0,0.1174,0,587,0,1,0,-0.00130763590513747,0.0111382956144589,0.0111382956144589,1,1
slope_bias,264,1.5,expanded,0.965511384278909,0.965511384278909,0.964203748373771,-0.00130763590513749,0.1576,0.1576,0.0402,1,0,1,0,0.0113805191201371,0.0017416866860093,0.0101371765909627,0.000790184602473011,0.0440760515627137,0.1174,587,0,0.1174,0,587,0,1,0,-0.00130763590513747,0.0111382956144589,0.0111382956144589,1,1
slope_bias,264,2,expanded,0.965511384278909,0.965511384278909,0.964203748373771,-0.00130763590513749,0.1576,0.1576,0.0402,1,0,1,0,0.0455220764805485,0.0017416866860093,0.0418612676049602,0.000790184602473011,0.058768068750285,0.1174,587,0,0.1174,0,587,0,1,0,-0.00130763590513747,0.0111382956144589,0.0111382956144589,1,1
slope_bias,265,0.25,compressed,0.965271920917404,0.965271920917404,0.96279729920746,-0.00247462170994373,0.1544,0.1544,0.3476,1,0,0.444188722669735,0.555811277330265,0.0250547065075608,0.0010989718450513,0.0265227400344829,0.00173571172009548,-0.00635230099547496,0.1932,966,0,0.1932,0,966,0,1,0,-0.00247462170994368,-0.0128086009831454,0.0128086009831454,1,1
slope_bias,265,0.5,compressed,0.965271920917404,0.965271920917404,0.96279729920746,-0.00247462170994373,0.1544,0.1544,0.3476,1,0,0.444188722669735,0.555811277330265,0.0111354251144715,0.0010989718450513,0.0123964346616195,0.00173571172009548,-0.0127046019909499,0.1932,966,0,0.1932,0,966,0,1,0,-0.00247462170994368,-0.0128086009831454,0.0128086009831454,1,1
slope_bias,265,0.75,compressed,0.965271920917404,0.965271920917404,0.96279729920746,-0.00247462170994373,0.1544,0.1544,0.3476,1,0,0.444188722669735,0.555811277330265,0.00278385627861787,0.0010989718450513,0.00373689867997825,0.00173571172009548,-0.0190569029864249,0.1932,966,0,0.1932,0,966,0,1,0,-0.00247462170994368,-0.0128086009831454,0.0128086009831454,1,1
slope_bias,265,1,identity_scale,0.965271920917404,0.965271920917404,0.96279729920746,-0.00247462170994373,0.1544,0.1544,0.3476,1,0,0.444188722669735,0.555811277330265,0,0.0010989718450513,0.000544132089559195,0.00173571172009548,-0.0254092039818998,0.1932,966,0,0.1932,0,966,0,1,0,-0.00247462170994368,-0.0128086009831454,0.0128086009831454,1,1
slope_bias,265,1.25,expanded,0.965271920917404,0.965271920917404,0.96279729920746,-0.00247462170994373,0.1544,0.1544,0.3476,1,0,0.444188722669735,0.555811277330265,0.00278385627861787,0.0010989718450513,0.00281813489036233,0.00173571172009548,-0.0317615049773748,0.1932,966,0,0.1932,0,966,0,1,0,-0.00247462170994368,-0.0128086009831454,0.0128086009831454,1,1
slope_bias,265,1.5,expanded,0.965271920917404,0.965271920917404,0.96279729920746,-0.00247462170994373,0.1544,0.1544,0.3476,1,0,0.444188722669735,0.555811277330265,0.0111354251144715,0.0010989718450513,0.0105589070823876,0.00173571172009548,-0.0381138059728497,0.1932,966,0,0.1932,0,966,0,1,0,-0.00247462170994368,-0.0128086009831454,0.0128086009831454,1,1
slope_bias,265,2,expanded,0.965271920917404,0.965271920917404,0.96279729920746,-0.00247462170994373,0.1544,0.1544,0.3476,1,0,0.444188722669735,0.555811277330265,0.0445417004578859,0.0010989718450513,0.0424407596401048,0.00173571172009548,-0.0508184079637997,0.1932,966,0,0.1932,0,966,0,1,0,-0.00247462170994368,-0.0128086009831454,0.0128086009831454,1,1
slope_bias,266,0.25,compressed,0.965186767719711,0.965186767719711,0.965078512290276,-0.000108255429435489,0.1638,0.1638,0.1232,1,0,1,0,0.0236372996865146,0.00167509684625997,0.0226299208533981,0.00100332868790698,0.00146220655190243,0.0406,203,0,0.0406,0,203,0,1,0,-0.000108255429435444,0.00266638988757251,0.00266638988757251,1,1
slope_bias,266,0.5,compressed,0.965186767719711,0.965186767719711,0.965078512290276,-0.000108255429435489,0.1638,0.1638,0.1232,1,0,1,0,0.0105054665273398,0.00167509684625997,0.0103037685790009,0.00100332868790698,0.00292441310380487,0.0406,203,0,0.0406,0,203,0,1,0,-0.000108255429435444,0.00266638988757251,0.00266638988757251,1,1
slope_bias,266,0.75,compressed,0.965186767719711,0.965186767719711,0.965078512290276,-0.000108255429435489,0.1638,0.1638,0.1232,1,0,1,0,0.00262636663183496,0.00167509684625997,0.00311942157267082,0.00100332868790698,0.0043866196557073,0.0406,203,0,0.0406,0,203,0,1,0,-0.000108255429435444,0.00266638988757251,0.00266638988757251,1,1
slope_bias,266,1,identity_scale,0.965186767719711,0.965186767719711,0.965078512290276,-0.000108255429435489,0.1638,0.1638,0.1232,1,0,1,0,0,0.00167509684625997,0.00107687983440802,0.00100332868790698,0.00584882620760974,0.0406,203,0,0.0406,0,203,0,1,0,-0.000108255429435444,0.00266638988757251,0.00266638988757251,1,1
slope_bias,266,1.25,expanded,0.965186767719711,0.965186767719711,0.965078512290276,-0.000108255429435489,0.1638,0.1638,0.1232,1,0,1,0,0.00262636663183496,0.00167509684625997,0.00417614336421244,0.00100332868790698,0.00731103275951217,0.0406,203,0,0.0406,0,203,0,1,0,-0.000108255429435444,0.00266638988757251,0.00266638988757251,1,1
slope_bias,266,1.5,expanded,0.965186767719711,0.965186767719711,0.965078512290276,-0.000108255429435489,0.1638,0.1638,0.1232,1,0,1,0,0.0105054665273398,0.00167509684625997,0.0124172121620841,0.00100332868790698,0.00877323931141461,0.0406,203,0,0.0406,0,203,0,1,0,-0.000108255429435444,0.00266638988757251,0.00266638988757251,1,1
slope_bias,266,2,expanded,0.965186767719711,0.965186767719711,0.965078512290276,-0.000108255429435489,0.1638,0.1638,0.1232,1,0,1,0,0.0420218661093593,0.00167509684625997,0.044324765562029,0.00100332868790698,0.0116976524152195,0.0406,203,0,0.0406,0,203,0,1,0,-0.000108255429435444,0.00266638988757251,0.00266638988757251,1,1
slope_bias,267,0.25,compressed,0.965996441276742,0.965996441276742,0.965006714965341,-0.000989726311400152,0.166,0.166,0.0596,1,0,1,0,0.0250100371502103,0.000800588673823852,0.025373521758229,0.000610990551184727,0.00578118582008549,0.1064,532,0,0.1064,0,532,0,1,0,-0.000989726311400147,0.00930193901691867,0.00930193901691867,1,1
slope_bias,267,0.5,compressed,0.965996441276742,0.965996441276742,0.965006714965341,-0.000989726311400152,0.166,0.166,0.0596,1,0,1,0,0.0111155720667601,0.000800588673823852,0.0115834976394762,0.000610990551184727,0.011562371640171,0.1064,532,0,0.1064,0,532,0,1,0,-0.000989726311400147,0.00930193901691867,0.00930193901691867,1,1
slope_bias,267,0.75,compressed,0.965996441276742,0.965996441276742,0.965006714965341,-0.000989726311400152,0.166,0.166,0.0596,1,0,1,0,0.00277889301669003,0.000800588673823852,0.00324391349967161,0.000610990551184727,0.0173435574602565,0.1064,532,0,0.1064,0,532,0,1,0,-0.000989726311400147,0.00930193901691867,0.00930193901691867,1,1
slope_bias,267,1,identity_scale,0.965996441276742,0.965996441276742,0.965006714965341,-0.000989726311400152,0.166,0.166,0.0596,1,0,1,0,0,0.000800588673823852,0.00035476933881514,0.000610990551184727,0.023124743280342,0.1064,532,0,0.1064,0,532,0,1,0,-0.000989726311400147,0.00930193901691867,0.00930193901691867,1,1
slope_bias,267,1.25,expanded,0.965996441276742,0.965996441276742,0.965006714965341,-0.000989726311400152,0.166,0.166,0.0596,1,0,1,0,0.00277889301669003,0.000800588673823852,0.00291606515690682,0.000610990551184727,0.0289059291004275,0.1064,532,0,0.1064,0,532,0,1,0,-0.000989726311400147,0.00930193901691867,0.00930193901691867,1,1
slope_bias,267,1.5,expanded,0.965996441276742,0.965996441276742,0.965006714965341,-0.000989726311400152,0.166,0.166,0.0596,1,0,1,0,0.0111155720667601,0.000800588673823852,0.0109278009539466,0.000610990551184727,0.034687114920513,0.1064,532,0,0.1064,0,532,0,1,0,-0.000989726311400147,0.00930193901691867,0.00930193901691867,1,1
slope_bias,267,2,expanded,0.965996441276742,0.965996441276742,0.965006714965341,-0.000989726311400152,0.166,0.166,0.0596,1,0,1,0,0.0444622882670405,0.000800588673823852,0.0433025924848707,0.000610990551184727,0.046249486560684,0.1064,532,0,0.1064,0,532,0,1,0,-0.000989726311400147,0.00930193901691867,0.00930193901691867,1,1
slope_bias,268,0.25,compressed,0.965063676100405,0.965063676100405,0.964754382483246,-0.000309293617158923,0.1584,0.1584,0.093,1,0,1,0,0.0254230137101088,0.000887107688921353,0.0242231393495429,0.00192542634749579,0.00260733887284889,0.0654,327,0,0.0654,0,327,0,1,0,-0.000309293617158828,0.00472926020120532,0.00472926020120532,1,1
slope_bias,268,0.5,compressed,0.965063676100405,0.965063676100405,0.964754382483246,-0.000309293617158923,0.1584,0.1584,0.093,1,0,1,0,0.0112991172044928,0.000887107688921353,0.0109293383945079,0.00192542634749579,0.00521467774569778,0.0654,327,0,0.0654,0,327,0,1,0,-0.000309293617158828,0.00472926020120532,0.00472926020120532,1,1
slope_bias,268,0.75,compressed,0.965063676100405,0.965063676100405,0.964754382483246,-0.000309293617158923,0.1584,0.1584,0.093,1,0,1,0,0.0028247793011232,0.000887107688921353,0.00318158826435609,0.00192542634749579,0.00782201661854667,0.0654,327,0,0.0654,0,327,0,1,0,-0.000309293617158828,0.00472926020120532,0.00472926020120532,1,1
slope_bias,268,1,identity_scale,0.965063676100405,0.965063676100405,0.964754382483246,-0.000309293617158923,0.1584,0.1584,0.093,1,0,1,0,0,0.000887107688921353,0.000979888959087628,0.00192542634749579,0.0104293554913956,0.0654,327,0,0.0654,0,327,0,1,0,-0.000309293617158828,0.00472926020120532,0.00472926020120532,1,1
slope_bias,268,1.25,expanded,0.965063676100405,0.965063676100405,0.964754382483246,-0.000309293617158923,0.1584,0.1584,0.093,1,0,1,0,0.0028247793011232,0.000887107688921353,0.00432424047870248,0.00192542634749579,0.0130366943642445,0.0654,327,0,0.0654,0,327,0,1,0,-0.000309293617158828,0.00472926020120532,0.00472926020120532,1,1
slope_bias,268,1.5,expanded,0.965063676100405,0.965063676100405,0.964754382483246,-0.000309293617158923,0.1584,0.1584,0.093,1,0,1,0,0.0112991172044928,0.000887107688921353,0.0132146428232006,0.00192542634749579,0.0156440332370933,0.0654,327,0,0.0654,0,327,0,1,0,-0.000309293617158828,0.00472926020120532,0.00472926020120532,1,1
slope_bias,268,2,expanded,0.965063676100405,0.965063676100405,0.964754382483246,-0.000309293617158923,0.1584,0.1584,0.093,1,0,1,0,0.0451964688179712,0.000887107688921353,0.0476335999868469,0.00192542634749579,0.0208587109827911,0.0654,327,0,0.0654,0,327,0,1,0,-0.000309293617158828,0.00472926020120532,0.00472926020120532,1,1
slope_bias,269,0.25,compressed,0.96485430761089,0.96485430761089,0.964848916701416,-5.39090947349052e-06,0.1622,0.1622,0.1536,1,0,1,0,0.0246774892505818,0.00132988853725118,0.0269238941716116,0.00244698930867836,0.000315656165784689,0.0086,43,0,0.0086,0,43,0,1,0,-5.39090947355445e-06,0.000626849938785401,0.000626849938785401,1,1
slope_bias,269,0.5,compressed,0.96485430761089,0.96485430761089,0.964848916701416,-5.39090947349052e-06,0.1622,0.1622,0.1536,1,0,1,0,0.0109677730002586,0.00132988853725118,0.0131364558948505,0.00244698930867836,0.000631312331569378,0.0086,43,0,0.0086,0,43,0,1,0,-5.39090947355445e-06,0.000626849938785401,0.000626849938785401,1,1
slope_bias,269,0.75,compressed,0.96485430761089,0.96485430761089,0.964848916701416,-5.39090947349052e-06,0.1622,0.1622,0.1536,1,0,1,0,0.00274194325006464,0.00132988853725118,0.00472551890940808,0.00244698930867836,0.000946968497354067,0.0086,43,0,0.0086,0,43,0,1,0,-5.39090947355445e-06,0.000626849938785401,0.000626849938785401,1,1
slope_bias,269,1,identity_scale,0.96485430761089,0.96485430761089,0.964848916701416,-5.39090947349052e-06,0.1622,0.1622,0.1536,1,0,1,0,0,0.00132988853725118,0.00169108321528442,0.00244698930867836,0.00126262466313876,0.0086,43,0,0.0086,0,43,0,1,0,-5.39090947355445e-06,0.000626849938785401,0.000626849938785401,1,1
slope_bias,269,1.25,expanded,0.96485430761089,0.96485430761089,0.964848916701416,-5.39090947349052e-06,0.1622,0.1622,0.1536,1,0,1,0,0.00274194325006464,0.00132988853725118,0.00403314881247949,0.00244698930867836,0.00157828082892345,0.0086,43,0,0.0086,0,43,0,1,0,-5.39090947355445e-06,0.000626849938785401,0.000626849938785401,1,1
slope_bias,269,1.5,expanded,0.96485430761089,0.96485430761089,0.964848916701416,-5.39090947349052e-06,0.1622,0.1622,0.1536,1,0,1,0,0.0109677730002586,0.00132988853725118,0.0117517157009933,0.00244698930867836,0.00189393699470813,0.0086,43,0,0.0086,0,43,0,1,0,-5.39090947355445e-06,0.000626849938785401,0.000626849938785401,1,1
slope_bias,269,2,expanded,0.96485430761089,0.96485430761089,0.964848916701416,-5.39090947349052e-06,0.1622,0.1622,0.1536,1,0,1,0,0.0438710920010342,0.00132988853725118,0.043318353351977,0.00244698930867836,0.00252524932627751,0.0086,43,0,0.0086,0,43,0,1,0,-5.39090947355445e-06,0.000626849938785401,0.000626849938785401,1,1
slope_bias,270,0.25,compressed,0.96581903370423,0.96581903370423,0.965723885861005,-9.5147843224952e-05,0.1612,0.1612,0.2006,1,0,0.803589232303091,0.196410767696909,0.0258264181021083,0.00227158639688243,0.0280723477417982,0.00139978892744987,-0.00124015229136154,0.0394,197,0,0.0394,0,197,0,1,0,-9.51478432249807e-05,-0.00241491987880662,0.00241491987880662,1,1
slope_bias,270,0.5,compressed,0.96581903370423,0.96581903370423,0.965723885861005,-9.5147843224952e-05,0.1612,0.1612,0.2006,1,0,0.803589232303091,0.196410767696909,0.0114784080453815,0.00227158639688243,0.0131928028300163,0.00139978892744987,-0.00248030458272308,0.0394,197,0,0.0394,0,197,0,1,0,-9.51478432249807e-05,-0.00241491987880662,0.00241491987880662,1,1
slope_bias,270,0.75,compressed,0.96581903370423,0.96581903370423,0.965723885861005,-9.5147843224952e-05,0.1612,0.1612,0.2006,1,0,0.803589232303091,0.196410767696909,0.00286960201134537,0.00227158639688243,0.00395018311242709,0.00139978892744987,-0.00372045687408462,0.0394,197,0,0.0394,0,197,0,1,0,-9.51478432249807e-05,-0.00241491987880662,0.00241491987880662,1,1
slope_bias,270,1,identity_scale,0.96581903370423,0.96581903370423,0.965723885861005,-9.5147843224952e-05,0.1612,0.1612,0.2006,1,0,0.803589232303091,0.196410767696909,0,0.00227158639688243,0.000344488589030492,0.00139978892744987,-0.00496060916544616,0.0394,197,0,0.0394,0,197,0,1,0,-9.51478432249807e-05,-0.00241491987880662,0.00241491987880662,1,1
slope_bias,270,1.25,expanded,0.96581903370423,0.96581903370423,0.965723885861005,-9.5147843224952e-05,0.1612,0.1612,0.2006,1,0,0.803589232303091,0.196410767696909,0.00286960201134537,0.00227158639688243,0.00237571925982654,0.00139978892744987,-0.0062007614568077,0.0394,197,0,0.0394,0,197,0,1,0,-9.51478432249807e-05,-0.00241491987880662,0.00241491987880662,1,1
slope_bias,270,1.5,expanded,0.96581903370423,0.96581903370423,0.965723885861005,-9.5147843224952e-05,0.1612,0.1612,0.2006,1,0,0.803589232303091,0.196410767696909,0.0114784080453815,0.00227158639688243,0.0100438751248152,0.00139978892744987,-0.00744091374816924,0.0394,197,0,0.0394,0,197,0,1,0,-9.51478432249807e-05,-0.00241491987880662,0.00241491987880662,1,1
slope_bias,270,2,expanded,0.96581903370423,0.96581903370423,0.965723885861005,-9.5147843224952e-05,0.1612,0.1612,0.2006,1,0,0.803589232303091,0.196410767696909,0.0459136321815259,0.00227158639688243,0.0422909624373705,0.00139978892744987,-0.00992121833089232,0.0394,197,0,0.0394,0,197,0,1,0,-9.51478432249807e-05,-0.00241491987880662,0.00241491987880662,1,1
slope_bias,271,0.25,compressed,0.965361119743392,0.965361119743392,0.965277850598418,-8.32691449735856e-05,0.1634,0.1634,0.202,1,0,0.808910891089109,0.191089108910891,0.0251925738632381,0.0012113578864798,0.0247095882272452,0.000692425442820906,-0.00113854648463327,0.0386,193,0,0.0386,0,193,0,1,0,-8.32691449735322e-05,-0.0021572317350656,0.0021572317350656,1,1
slope_bias,271,0.5,compressed,0.965361119743392,0.965361119743392,0.965277850598418,-8.32691449735856e-05,0.1634,0.1634,0.202,1,0,0.808910891089109,0.191089108910891,0.0111966994947725,0.0012113578864798,0.0110727074850553,0.000692425442820906,-0.00227709296926654,0.0386,193,0,0.0386,0,193,0,1,0,-8.32691449735322e-05,-0.0021572317350656,0.0021572317350656,1,1
slope_bias,271,0.75,compressed,0.965361119743392,0.965361119743392,0.965277850598418,-8.32691449735856e-05,0.1634,0.1634,0.202,1,0,0.808910891089109,0.191089108910891,0.00279917487369312,0.0012113578864798,0.00292929548790244,0.000692425442820906,-0.0034156394538998,0.0386,193,0,0.0386,0,193,0,1,0,-8.32691449735322e-05,-0.0021572317350656,0.0021572317350656,1,1
slope_bias,271,1,identity_scale,0.965361119743392,0.965361119743392,0.965277850598418,-8.32691449735856e-05,0.1634,0.1634,0.202,1,0,0.808910891089109,0.191089108910891,0,0.0012113578864798,0.000279352235786637,0.000692425442820906,-0.00455418593853307,0.0386,193,0,0.0386,0,193,0,1,0,-8.32691449735322e-05,-0.0021572317350656,0.0021572317350656,1,1
slope_bias,271,1.25,expanded,0.965361119743392,0.965361119743392,0.965277850598418,-8.32691449735856e-05,0.1634,0.1634,0.202,1,0,0.808910891089109,0.191089108910891,0.00279917487369312,0.0012113578864798,0.00312287772870788,0.000692425442820906,-0.00569273242316634,0.0386,193,0,0.0386,0,193,0,1,0,-8.32691449735322e-05,-0.0021572317350656,0.0021572317350656,1,1
slope_bias,271,1.5,expanded,0.965361119743392,0.965361119743392,0.965277850598418,-8.32691449735856e-05,0.1634,0.1634,0.202,1,0,0.808910891089109,0.191089108910891,0.0111966994947725,0.0012113578864798,0.0114598719666662,0.000692425442820906,-0.00683127890779961,0.0386,193,0,0.0386,0,193,0,1,0,-8.32691449735322e-05,-0.0021572317350656,0.0021572317350656,1,1
slope_bias,271,2,expanded,0.965361119743392,0.965361119743392,0.965277850598418,-8.32691449735856e-05,0.1634,0.1634,0.202,1,0,0.808910891089109,0.191089108910891,0.0447867979790899,0.0012113578864798,0.0446142666776939,0.000692425442820906,-0.00910837187706615,0.0386,193,0,0.0386,0,193,0,1,0,-8.32691449735322e-05,-0.0021572317350656,0.0021572317350656,1,1
slope_bias,272,0.25,compressed,0.964702291392116,0.964702291392116,0.964356448297367,-0.000345843094749498,0.1632,0.1632,0.2354,1,0,0.693288020390824,0.306711979609176,0.0249880720004221,0.00114238598652664,0.0258514407906438,0.00134492969407071,-0.0025512639900318,0.0722,361,0,0.0722,0,361,0,1,0,-0.000345843094749482,-0.00479007056439726,0.00479007056439726,1,1
slope_bias,272,0.5,compressed,0.964702291392116,0.964702291392116,0.964356448297367,-0.000345843094749498,0.1632,0.1632,0.2354,1,0,0.693288020390824,0.306711979609176,0.0111058097779654,0.00114238598652664,0.0121828277585966,0.00134492969407071,-0.00510252798006361,0.0722,361,0,0.0722,0,361,0,1,0,-0.000345843094749482,-0.00479007056439726,0.00479007056439726,1,1
slope_bias,272,0.75,compressed,0.964702291392116,0.964702291392116,0.964356448297367,-0.000345843094749498,0.1632,0.1632,0.2354,1,0,0.693288020390824,0.306711979609176,0.00277645244449134,0.00114238598652664,0.00395918422931077,0.00134492969407071,-0.00765379197009541,0.0722,361,0,0.0722,0,361,0,1,0,-0.000345843094749482,-0.00479007056439726,0.00479007056439726,1,1
slope_bias,272,1,identity_scale,0.964702291392116,0.964702291392116,0.964356448297367,-0.000345843094749498,0.1632,0.1632,0.2354,1,0,0.693288020390824,0.306711979609176,0,0.00114238598652664,0.00118051020278612,0.00134492969407071,-0.0102050559601272,0.0722,361,0,0.0722,0,361,0,1,0,-0.000345843094749482,-0.00479007056439726,0.00479007056439726,1,1
slope_bias,272,1.25,expanded,0.964702291392116,0.964702291392116,0.964356448297367,-0.000345843094749498,0.1632,0.1632,0.2354,1,0,0.693288020390824,0.306711979609176,0.00277645244449134,0.00114238598652664,0.00384680567902272,0.00134492969407071,-0.012756319950159,0.0722,361,0,0.0722,0,361,0,1,0,-0.000345843094749482,-0.00479007056439726,0.00479007056439726,1,1
slope_bias,272,1.5,expanded,0.964702291392116,0.964702291392116,0.964356448297367,-0.000345843094749498,0.1632,0.1632,0.2354,1,0,0.693288020390824,0.306711979609176,0.0111058097779654,0.00114238598652664,0.0119580706580206,0.00134492969407071,-0.0153075839401908,0.0722,361,0,0.0722,0,361,0,1,0,-0.000345843094749482,-0.00479007056439726,0.00479007056439726,1,1
slope_bias,272,2,expanded,0.964702291392116,0.964702291392116,0.964356448297367,-0.000345843094749498,0.1632,0.1632,0.2354,1,0,0.693288020390824,0.306711979609176,0.0444232391118615,0.00114238598652664,0.0445155091243,0.00134492969407071,-0.0204101119202544,0.0722,361,0,0.0722,0,361,0,1,0,-0.000345843094749482,-0.00479007056439726,0.00479007056439726,1,1
slope_bias,273,0.25,compressed,0.964655112547172,0.964655112547172,0.963921439710646,-0.00073367283652559,0.1538,0.1538,0.2596,1,0,0.592449922958398,0.407550077041602,0.0260503849978891,0.000969938923716192,0.0245847280136263,0.00200952209812339,-0.00350994830982107,0.1058,529,0,0.1058,0,529,0,1,0,-0.000733672836525553,-0.00693452586508084,0.00693452586508084,1,1
slope_bias,273,0.5,compressed,0.964655112547172,0.964655112547172,0.963921439710646,-0.00073367283652559,0.1538,0.1538,0.2596,1,0,0.592449922958398,0.407550077041602,0.0115779488879507,0.000969938923716192,0.0110460567692199,0.00200952209812339,-0.00701989661964214,0.1058,529,0,0.1058,0,529,0,1,0,-0.000733672836525553,-0.00693452586508084,0.00693452586508084,1,1
slope_bias,273,0.75,compressed,0.964655112547172,0.964655112547172,0.963921439710646,-0.00073367283652559,0.1538,0.1538,0.2596,1,0,0.592449922958398,0.407550077041602,0.00289448722198767,0.000969938923716192,0.00318931590191899,0.00200952209812339,-0.0105298449294632,0.1058,529,0,0.1058,0,529,0,1,0,-0.000733672836525553,-0.00693452586508084,0.00693452586508084,1,1
slope_bias,273,1,identity_scale,0.964655112547172,0.964655112547172,0.963921439710646,-0.00073367283652559,0.1538,0.1538,0.2596,1,0,0.592449922958398,0.407550077041602,0,0.000969938923716192,0.00101450541172366,0.00200952209812339,-0.0140397932392843,0.1058,529,0,0.1058,0,529,0,1,0,-0.000733672836525553,-0.00693452586508084,0.00693452586508084,1,1
slope_bias,273,1.25,expanded,0.964655112547172,0.964655112547172,0.963921439710646,-0.00073367283652559,0.1538,0.1538,0.2596,1,0,0.592449922958398,0.407550077041602,0.00289448722198767,0.000969938923716192,0.0045216252986339,0.00200952209812339,-0.0175497415491054,0.1058,529,0,0.1058,0,529,0,1,0,-0.000733672836525553,-0.00693452586508084,0.00693452586508084,1,1
slope_bias,273,1.5,expanded,0.964655112547172,0.964655112547172,0.963921439710646,-0.00073367283652559,0.1538,0.1538,0.2596,1,0,0.592449922958398,0.407550077041602,0.0115779488879507,0.000969938923716192,0.0137106755626497,0.00200952209812339,-0.0210596898589264,0.1058,529,0,0.1058,0,529,0,1,0,-0.000733672836525553,-0.00693452586508084,0.00693452586508084,1,1
slope_bias,273,2,expanded,0.964655112547172,0.964655112547172,0.963921439710646,-0.00073367283652559,0.1538,0.1538,0.2596,1,0,0.592449922958398,0.407550077041602,0.0463117955518028,0.000969938923716192,0.049134567221998,0.00200952209812339,-0.0280795864785686,0.1058,529,0,0.1058,0,529,0,1,0,-0.000733672836525553,-0.00693452586508084,0.00693452586508084,1,1
slope_bias,274,0.25,compressed,0.965100885142281,0.965100885142281,0.965098134222553,-2.75091972801178e-06,0.1546,0.1546,0.1474,1,0,1,0,0.0240833316695699,0.00193621556485378,0.0234313070014694,0.000938209464827745,0.000185447114333909,0.0072,36,0,0.0072,0,36,0,1,0,-2.75091972808306e-06,0.00038207218445598,0.00038207218445598,1,1
slope_bias,274,0.5,compressed,0.965100885142281,0.965100885142281,0.965098134222553,-2.75091972801178e-06,0.1546,0.1546,0.1474,1,0,1,0,0.0107037029642533,0.00193621556485378,0.010556628592191,0.000938209464827745,0.000370894228667817,0.0072,36,0,0.0072,0,36,0,1,0,-2.75091972808306e-06,0.00038207218445598,0.00038207218445598,1,1
slope_bias,274,0.75,compressed,0.965100885142281,0.965100885142281,0.965098134222553,-2.75091972801178e-06,0.1546,0.1546,0.1474,1,0,1,0,0.00267592574106332,0.00193621556485378,0.00292723851585015,0.000938209464827745,0.000556341343001726,0.0072,36,0,0.0072,0,36,0,1,0,-2.75091972808306e-06,0.00038207218445598,0.00038207218445598,1,1
slope_bias,274,1,identity_scale,0.965100885142281,0.965100885142281,0.965098134222553,-2.75091972801178e-06,0.1546,0.1546,0.1474,1,0,1,0,0,0.00193621556485378,0.000543136772446947,0.000938209464827745,0.000741788457335635,0.0072,36,0,0.0072,0,36,0,1,0,-2.75091972808306e-06,0.00038207218445598,0.00038207218445598,1,1
slope_bias,274,1.25,expanded,0.965100885142281,0.965100885142281,0.965098134222553,-2.75091972801178e-06,0.1546,0.1546,0.1474,1,0,1,0,0.00267592574106332,0.00193621556485378,0.00340432336198137,0.000938209464827745,0.000927235571669543,0.0072,36,0,0.0072,0,36,0,1,0,-2.75091972808306e-06,0.00038207218445598,0.00038207218445598,1,1
slope_bias,274,1.5,expanded,0.965100885142281,0.965100885142281,0.965098134222553,-2.75091972801178e-06,0.1546,0.1546,0.1474,1,0,1,0,0.0107037029642533,0.00193621556485378,0.0115107982844534,0.000938209464827745,0.00111268268600345,0.0072,36,0,0.0072,0,36,0,1,0,-2.75091972808306e-06,0.00038207218445598,0.00038207218445598,1,1
slope_bias,274,2,expanded,0.965100885142281,0.965100885142281,0.965098134222553,-2.75091972801178e-06,0.1546,0.1546,0.1474,1,0,1,0,0.0428148118570131,0.00193621556485378,0.0434596131282104,0.000938209464827745,0.00148357691467127,0.0072,36,0,0.0072,0,36,0,1,0,-2.75091972808306e-06,0.00038207218445598,0.00038207218445598,1,1
slope_bias,275,0.25,compressed,0.965143695984411,0.965143695984411,0.963776608123102,-0.00136708786130835,0.1564,0.1564,0.0366,1,0,1,0,0.0255532187484929,0.0016100998572297,0.0207799312981969,0.00143451142760877,0.00822945667467023,0.1198,599,0,0.1198,0,599,0,1,0,-0.00136708786130837,0.0114114178740264,0.0114114178740264,1,1
slope_bias,275,0.5,compressed,0.965143695984411,0.965143695984411,0.963776608123102,-0.00136708786130835,0.1564,0.1564,0.0366,1,0,1,0,0.0113569861104413,0.0016100998572297,0.00875485179728982,0.00143451142760877,0.0164589133493405,0.1198,599,0,0.1198,0,599,0,1,0,-0.00136708786130837,0.0114114178740264,0.0114114178740264,1,1
slope_bias,275,0.75,compressed,0.965143695984411,0.965143695984411,0.963776608123102,-0.00136708786130835,0.1564,0.1564,0.0366,1,0,1,0,0.00283924652761032,0.0016100998572297,0.00230147439766296,0.00143451142760877,0.0246883700240107,0.1198,599,0,0.1198,0,599,0,1,0,-0.00136708786130837,0.0114114178740264,0.0114114178740264,1,1
slope_bias,275,1,identity_scale,0.965143695984411,0.965143695984411,0.963776608123102,-0.00136708786130835,0.1564,0.1564,0.0366,1,0,1,0,0,0.0016100998572297,0.00141979909931629,0.00143451142760877,0.0329178266986809,0.1198,599,0,0.1198,0,599,0,1,0,-0.00136708786130837,0.0114114178740264,0.0114114178740264,1,1
slope_bias,275,1.25,expanded,0.965143695984411,0.965143695984411,0.963776608123102,-0.00136708786130835,0.1564,0.1564,0.0366,1,0,1,0,0.00283924652761032,0.0016100998572297,0.00610982590224982,0.00143451142760877,0.0411472833733512,0.1198,599,0,0.1198,0,599,0,1,0,-0.00136708786130837,0.0114114178740264,0.0114114178740264,1,1
slope_bias,275,1.5,expanded,0.965143695984411,0.965143695984411,0.963776608123102,-0.00136708786130835,0.1564,0.1564,0.0366,1,0,1,0,0.0113569861104413,0.0016100998572297,0.0163715548064635,0.00143451142760877,0.0493767400480214,0.1198,599,0,0.1198,0,599,0,1,0,-0.00136708786130837,0.0114114178740264,0.0114114178740264,1,1
slope_bias,275,2,expanded,0.965143695984411,0.965143695984411,0.963776608123102,-0.00136708786130835,0.1564,0.1564,0.0366,1,0,1,0,0.0454279444417652,0.0016100998572297,0.0536101189187316,0.00143451142760877,0.0658356533973619,0.1198,599,0,0.1198,0,599,0,1,0,-0.00136708786130837,0.0114114178740264,0.0114114178740264,1,1
slope_bias,276,0.25,compressed,0.965392475468502,0.965392475468502,0.965064996231039,-0.000327479237463124,0.1614,0.1614,0.0932,1,0,1,0,0.0253920874908129,0.00259054080351527,0.0315023199026639,0.00153522662686017,0.00287317063773154,0.0682,341,0,0.0682,0,341,0,1,0,-0.000327479237463048,0.00480174834989806,0.00480174834989806,1,1
slope_bias,276,0.5,compressed,0.965392475468502,0.965392475468502,0.965064996231039,-0.000327479237463124,0.1614,0.1614,0.0932,1,0,1,0,0.0112853722181391,0.00259054080351527,0.0156964605042032,0.00153522662686017,0.00574634127546308,0.0682,341,0,0.0682,0,341,0,1,0,-0.000327479237463048,0.00480174834989806,0.00480174834989806,1,1
slope_bias,276,0.75,compressed,0.965392475468502,0.965392475468502,0.965064996231039,-0.000327479237463124,0.1614,0.1614,0.0932,1,0,1,0,0.00282134305453477,0.00259054080351527,0.00543043380606297,0.00153522662686017,0.00861951191319463,0.0682,341,0,0.0682,0,341,0,1,0,-0.000327479237463048,0.00480174834989806,0.00480174834989806,1,1
slope_bias,276,1,identity_scale,0.965392475468502,0.965392475468502,0.965064996231039,-0.000327479237463124,0.1614,0.1614,0.0932,1,0,1,0,0,0.00259054080351527,0.000704239808243204,0.00153522662686017,0.0114926825509262,0.0682,341,0,0.0682,0,341,0,1,0,-0.000327479237463048,0.00480174834989806,0.00480174834989806,1,1
slope_bias,276,1.25,expanded,0.965392475468502,0.965392475468502,0.965064996231039,-0.000327479237463124,0.1614,0.1614,0.0932,1,0,1,0,0.00282134305453477,0.00259054080351527,0.00151787851074393,0.00153522662686017,0.0143658531886577,0.0682,341,0,0.0682,0,341,0,1,0,-0.000327479237463048,0.00480174834989806,0.00480174834989806,1,1
slope_bias,276,1.5,expanded,0.965392475468502,0.965392475468502,0.965064996231039,-0.000327479237463124,0.1614,0.1614,0.0932,1,0,1,0,0.0112853722181391,0.00259054080351527,0.00787134991356515,0.00153522662686017,0.0172390238263893,0.0682,341,0,0.0682,0,341,0,1,0,-0.000327479237463048,0.00480174834989806,0.00480174834989806,1,1
slope_bias,276,2,expanded,0.965392475468502,0.965392475468502,0.965064996231039,-0.000327479237463124,0.1614,0.1614,0.0932,1,0,1,0,0.0451414888725563,0.00259054080351527,0.037197790820169,0.00153522662686017,0.0229853651018523,0.0682,341,0,0.0682,0,341,0,1,0,-0.000327479237463048,0.00480174834989806,0.00480174834989806,1,1
slope_bias,277,0.25,compressed,0.963890245686175,0.963890245686175,0.963333216956586,-0.000557028729589515,0.1594,0.1594,0.074,1,0,1,0,0.0249042422312372,0.00181575114620257,0.0258633306631191,0.00153051564201454,0.00395588778433803,0.0854,427,0,0.0854,0,427,0,1,0,-0.000557028729589425,0.00652258465561388,0.00652258465561388,1,1
slope_bias,277,0.5,compressed,0.963890245686175,0.963890245686175,0.963333216956586,-0.000557028729589515,0.1594,0.1594,0.074,1,0,1,0,0.0110685521027721,0.00181575114620257,0.0118892682484923,0.00153051564201454,0.00791177556867606,0.0854,427,0,0.0854,0,427,0,1,0,-0.000557028729589425,0.00652258465561388,0.00652258465561388,1,1
slope_bias,277,0.75,compressed,0.963890245686175,0.963890245686175,0.963333216956586,-0.000557028729589515,0.1594,0.1594,0.074,1,0,1,0,0.00276713802569303,0.00181575114620257,0.0033448847260225,0.00153051564201454,0.0118676633530141,0.0854,427,0,0.0854,0,427,0,1,0,-0.000557028729589425,0.00652258465561388,0.00652258465561388,1,1
slope_bias,277,1,identity_scale,0.963890245686175,0.963890245686175,0.963333216956586,-0.000557028729589515,0.1594,0.1594,0.074,1,0,1,0,0,0.00181575114620257,0.000230180095709735,0.00153051564201454,0.0158235511373521,0.0854,427,0,0.0854,0,427,0,1,0,-0.000557028729589425,0.00652258465561388,0.00652258465561388,1,1
slope_bias,277,1.25,expanded,0.963890245686175,0.963890245686175,0.963333216956586,-0.000557028729589515,0.1594,0.1594,0.074,1,0,1,0,0.00276713802569303,0.00181575114620257,0.002545154357554,0.00153051564201454,0.0197794389216902,0.0854,427,0,0.0854,0,427,0,1,0,-0.000557028729589425,0.00652258465561388,0.00652258465561388,1,1
slope_bias,277,1.5,expanded,0.963890245686175,0.963890245686175,0.963333216956586,-0.000557028729589515,0.1594,0.1594,0.074,1,0,1,0,0.0110685521027721,0.00181575114620257,0.0102898075115553,0.00153051564201454,0.0237353267060282,0.0854,427,0,0.0854,0,427,0,1,0,-0.000557028729589425,0.00652258465561388,0.00652258465561388,1,1
slope_bias,277,2,expanded,0.963890245686175,0.963890245686175,0.963333216956586,-0.000557028729589515,0.1594,0.1594,0.074,1,0,1,0,0.0442742084110884,0.00181575114620257,0.042068150496029,0.00153051564201454,0.0316471022747042,0.0854,427,0,0.0854,0,427,0,1,0,-0.000557028729589425,0.00652258465561388,0.00652258465561388,1,1
slope_bias,278,0.25,compressed,0.964386301881805,0.964386301881805,0.964369711160277,-1.65907215284866e-05,0.1594,0.1594,0.1428,1,0,1,0,0.0251134697283588,0.00121088648274746,0.0214612935429752,0.00284146950230984,0.000530987605929956,0.0166,83,0,0.0166,0,83,0,1,0,-1.65907215285271e-05,0.00099944105593537,0.00099944105593537,1,1
slope_bias,278,0.5,compressed,0.964386301881805,0.964386301881805,0.964369711160277,-1.65907215284866e-05,0.1594,0.1594,0.1428,1,0,1,0,0.0111615421014928,0.00121088648274746,0.0092906462105778,0.00284146950230984,0.00106197521185991,0.0166,83,0,0.0166,0,83,0,1,0,-1.65907215285271e-05,0.00099944105593537,0.00099944105593537,1,1
slope_bias,278,0.75,compressed,0.964386301881805,0.964386301881805,0.964369711160277,-1.65907215284866e-05,0.1594,0.1594,0.1428,1,0,1,0,0.0027903855253732,0.00121088648274746,0.00259885738734428,0.00284146950230984,0.00159296281778987,0.0166,83,0,0.0166,0,83,0,1,0,-1.65907215285271e-05,0.00099944105593537,0.00099944105593537,1,1
slope_bias,278,1,identity_scale,0.964386301881805,0.964386301881805,0.964369711160277,-1.65907215284866e-05,0.1594,0.1594,0.1428,1,0,1,0,0,0.00121088648274746,0.00138592707327465,0.00284146950230984,0.00212395042371982,0.0166,83,0,0.0166,0,83,0,1,0,-1.65907215285271e-05,0.00099944105593537,0.00099944105593537,1,1
slope_bias,278,1.25,expanded,0.964386301881805,0.964386301881805,0.964369711160277,-1.65907215284866e-05,0.1594,0.1594,0.1428,1,0,1,0,0.0027903855253732,0.00121088648274746,0.00565185526836891,0.00284146950230984,0.00265493802964978,0.0166,83,0,0.0166,0,83,0,1,0,-1.65907215285271e-05,0.00099944105593537,0.00099944105593537,1,1
slope_bias,278,1.5,expanded,0.964386301881805,0.964386301881805,0.964369711160277,-1.65907215284866e-05,0.1594,0.1594,0.1428,1,0,1,0,0.0111615421014928,0.00121088648274746,0.0153966419726271,0.00284146950230984,0.00318592563557973,0.0166,83,0,0.0166,0,83,0,1,0,-1.65907215285271e-05,0.00099944105593537,0.00099944105593537,1,1
slope_bias,278,2,expanded,0.964386301881805,0.964386301881805,0.964369711160277,-1.65907215284866e-05,0.1594,0.1594,0.1428,1,0,1,0,0.0446461684059711,0.00121088648274746,0.0513227909086351,0.00284146950230984,0.00424790084743965,0.0166,83,0,0.0166,0,83,0,1,0,-1.65907215285271e-05,0.00099944105593537,0.00099944105593537,1,1
slope_bias,279,0.25,compressed,0.965109846793529,0.965109846793529,0.965102475383793,-7.37140973583461e-06,0.1626,0.1626,0.1512,1,0,1,0,0.023624415644305,0.00119685683607264,0.0237859910857496,0.00170017243070124,0.000334464987131577,0.0114,57,0,0.0114,0,57,0,1,0,-7.37140973593009e-06,0.000646614889116675,0.000646614889116675,1,1
slope_bias,279,0.5,compressed,0.965109846793529,0.965109846793529,0.965102475383793,-7.37140973583461e-06,0.1626,0.1626,0.1512,1,0,1,0,0.0104997402863578,0.00119685683607264,0.0109140534141411,0.00170017243070124,0.000668929974263155,0.0114,57,0,0.0114,0,57,0,1,0,-7.37140973593009e-06,0.000646614889116675,0.000646614889116675,1,1
slope_bias,279,0.75,compressed,0.965109846793529,0.965109846793529,0.965102475383793,-7.37140973583461e-06,0.1626,0.1626,0.1512,1,0,1,0,0.00262493507158945,0.00119685683607264,0.00318129806158637,0.00170017243070124,0.00100339496139473,0.0114,57,0,0.0114,0,57,0,1,0,-7.37140973593009e-06,0.000646614889116675,0.000646614889116675,1,1
slope_bias,279,1,identity_scale,0.965109846793529,0.965109846793529,0.965102475383793,-7.37140973583461e-06,0.1626,0.1626,0.1512,1,0,1,0,0,0.00119685683607264,0.000587725028085363,0.00170017243070124,0.00133785994852631,0.0114,57,0,0.0114,0,57,0,1,0,-7.37140973593009e-06,0.000646614889116675,0.000646614889116675,1,1
slope_bias,279,1.25,expanded,0.965109846793529,0.965109846793529,0.965102475383793,-7.37140973583461e-06,0.1626,0.1626,0.1512,1,0,1,0,0.00262493507158945,0.00119685683607264,0.00313333431363812,0.00170017243070124,0.00167232493565789,0.0114,57,0,0.0114,0,57,0,1,0,-7.37140973593009e-06,0.000646614889116675,0.000646614889116675,1,1
slope_bias,279,1.5,expanded,0.965109846793529,0.965109846793529,0.965102475383793,-7.37140973583461e-06,0.1626,0.1626,0.1512,1,0,1,0,0.0104997402863578,0.00119685683607264,0.0108181259182446,0.00170017243070124,0.00200678992278946,0.0114,57,0,0.0114,0,57,0,1,0,-7.37140973593009e-06,0.000646614889116675,0.000646614889116675,1,1
slope_bias,279,2,expanded,0.965109846793529,0.965109846793529,0.965102475383793,-7.37140973583461e-06,0.1626,0.1626,0.1512,1,0,1,0,0.0419989611454312,0.00119685683607264,0.0416052560846189,0.00170017243070124,0.00267571989705262,0.0114,57,0,0.0114,0,57,0,1,0,-7.37140973593009e-06,0.000646614889116675,0.000646614889116675,1,1
slope_bias,280,0.25,compressed,0.965184891751997,0.965184891751997,0.964677541740731,-0.000507350011265562,0.1684,0.1684,0.2556,1,0,0.658841940532081,0.341158059467919,0.0247323074691084,0.000608917510207169,0.024796016915828,0.00188141089431732,-0.00296777824691755,0.0872,436,0,0.0872,0,436,0,1,0,-0.000507350011265573,-0.00581823407414648,0.00581823407414648,1,1
slope_bias,280,0.5,compressed,0.965184891751997,0.965184891751997,0.964677541740731,-0.000507350011265562,0.1684,0.1684,0.2556,1,0,0.658841940532081,0.341158059467919,0.0109921366529371,0.000608917510207169,0.0113276672239861,0.00188141089431732,-0.00593555649383509,0.0872,436,0,0.0872,0,436,0,1,0,-0.000507350011265573,-0.00581823407414648,0.00581823407414648,1,1
slope_bias,280,0.75,compressed,0.965184891751997,0.965184891751997,0.964677541740731,-0.000507350011265562,0.1684,0.1684,0.2556,1,0,0.658841940532081,0.341158059467919,0.00274803416323427,0.000608917510207169,0.00325248151799576,0.00188141089431732,-0.00890333474075264,0.0872,436,0,0.0872,0,436,0,1,0,-0.000507350011265573,-0.00581823407414648,0.00581823407414648,1,1
slope_bias,280,1,identity_scale,0.965184891751997,0.965184891751997,0.964677541740731,-0.000507350011265562,0.1684,0.1684,0.2556,1,0,0.658841940532081,0.341158059467919,0,0.000608917510207169,0.000570459797856949,0.00188141089431732,-0.0118711129876702,0.0872,436,0,0.0872,0,436,0,1,0,-0.000507350011265573,-0.00581823407414648,0.00581823407414648,1,1
slope_bias,280,1.25,expanded,0.965184891751997,0.965184891751997,0.964677541740731,-0.000507350011265562,0.1684,0.1684,0.2556,1,0,0.658841940532081,0.341158059467919,0.00274803416323427,0.000608917510207169,0.00328160206356966,0.00188141089431732,-0.0148388912345877,0.0872,436,0,0.0872,0,436,0,1,0,-0.000507350011265573,-0.00581823407414648,0.00581823407414648,1,1
slope_bias,280,1.5,expanded,0.965184891751997,0.965184891751997,0.964677541740731,-0.000507350011265562,0.1684,0.1684,0.2556,1,0,0.658841940532081,0.341158059467919,0.0109921366529371,0.000608917510207169,0.0113859083151339,0.00188141089431732,-0.0178066694815053,0.0872,436,0,0.0872,0,436,0,1,0,-0.000507350011265573,-0.00581823407414648,0.00581823407414648,1,1
slope_bias,280,2,expanded,0.965184891751997,0.965184891751997,0.964677541740731,-0.000507350011265562,0.1684,0.1684,0.2556,1,0,0.658841940532081,0.341158059467919,0.0439685466117483,0.000608917510207169,0.043774012775817,0.00188141089431732,-0.0237422259753404,0.0872,436,0,0.0872,0,436,0,1,0,-0.000507350011265573,-0.00581823407414648,0.00581823407414648,1,1
slope_bias,281,0.25,compressed,0.96557415936803,0.96557415936803,0.965459114468672,-0.000115044899358319,0.1594,0.1594,0.1176,1,0,1,0,0.0237638320739003,0.00126342645261957,0.0181858343745984,0.0023595416503884,0.00145472200529223,0.0418,209,0,0.0418,0,209,0,1,0,-0.000115044899358323,0.0027522703195771,0.0027522703195771,1,1
slope_bias,281,0.5,compressed,0.96557415936803,0.96557415936803,0.965459114468672,-0.000115044899358319,0.1594,0.1594,0.1176,1,0,1,0,0.0105617031439557,0.00126342645261957,0.00725031318233725,0.0023595416503884,0.00290944401058446,0.0418,209,0,0.0418,0,209,0,1,0,-0.000115044899358323,0.0027522703195771,0.0027522703195771,1,1
slope_bias,281,0.75,compressed,0.96557415936803,0.96557415936803,0.965459114468672,-0.000115044899358319,0.1594,0.1594,0.1176,1,0,1,0,0.00264042578598892,0.00126342645261957,0.00148539174718661,0.0023595416503884,0.00436416601587669,0.0418,209,0,0.0418,0,209,0,1,0,-0.000115044899358323,0.0027522703195771,0.0027522703195771,1,1
slope_bias,281,1,identity_scale,0.96557415936803,0.96557415936803,0.965459114468672,-0.000115044899358319,0.1594,0.1594,0.1176,1,0,1,0,0,0.00126342645261957,0.000891070069146524,0.0023595416503884,0.00581888802116892,0.0418,209,0,0.0418,0,209,0,1,0,-0.000115044899358323,0.0027522703195771,0.0027522703195771,1,1
slope_bias,281,1.25,expanded,0.96557415936803,0.96557415936803,0.965459114468672,-0.000115044899358319,0.1594,0.1594,0.1176,1,0,1,0,0.00264042578598892,0.00126342645261957,0.005467348148217,0.0023595416503884,0.00727361002646115,0.0418,209,0,0.0418,0,209,0,1,0,-0.000115044899358323,0.0027522703195771,0.0027522703195771,1,1
slope_bias,281,1.5,expanded,0.96557415936803,0.96557415936803,0.965459114468672,-0.000115044899358319,0.1594,0.1594,0.1176,1,0,1,0,0.0105617031439557,0.00126342645261957,0.015214225984398,0.0023595416503884,0.00872833203175338,0.0418,209,0,0.0418,0,209,0,1,0,-0.000115044899358323,0.0027522703195771,0.0027522703195771,1,1
slope_bias,281,2,expanded,0.96557415936803,0.96557415936803,0.965459114468672,-0.000115044899358319,0.1594,0.1594,0.1176,1,0,1,0,0.0422468125758227,0.00126342645261957,0.0502197809280917,0.0023595416503884,0.0116377760423378,0.0418,209,0,0.0418,0,209,0,1,0,-0.000115044899358323,0.0027522703195771,0.0027522703195771,1,1
slope_bias,282,0.25,compressed,0.964233430230904,0.964233430230904,0.96412614152937,-0.000107288701533759,0.1616,0.1616,0.2008,1,0,0.804780876494024,0.195219123505976,0.0253685461385502,0.00117659411498791,0.0259514668561507,0.00104155474123321,-0.00140006033961781,0.0392,196,0,0.0392,0,196,0,1,0,-0.000107288701533707,-0.00273695667177824,0.00273695667177824,1,1
slope_bias,282,0.5,compressed,0.964233430230904,0.964233430230904,0.96412614152937,-0.000107288701533759,0.1616,0.1616,0.2008,1,0,0.804780876494024,0.195219123505976,0.0112749093949112,0.00117659411498791,0.0119219342498266,0.00104155474123321,-0.00280012067923563,0.0392,196,0,0.0392,0,196,0,1,0,-0.000107288701533707,-0.00273695667177824,0.00273695667177824,1,1
slope_bias,282,0.75,compressed,0.964233430230904,0.964233430230904,0.96412614152937,-0.000107288701533759,0.1616,0.1616,0.2008,1,0,0.804780876494024,0.195219123505976,0.0028187273487278,0.00117659411498791,0.00343448714583514,0.00104155474123321,-0.00420018101885344,0.0392,196,0,0.0392,0,196,0,1,0,-0.000107288701533707,-0.00273695667177824,0.00273695667177824,1,1
slope_bias,282,1,identity_scale,0.964233430230904,0.964233430230904,0.96412614152937,-0.000107288701533759,0.1616,0.1616,0.2008,1,0,0.804780876494024,0.195219123505976,0,0.00117659411498791,0.000489125544176485,0.00104155474123321,-0.00560024135847126,0.0392,196,0,0.0392,0,196,0,1,0,-0.000107288701533707,-0.00273695667177824,0.00273695667177824,1,1
slope_bias,282,1.25,expanded,0.964233430230904,0.964233430230904,0.96412614152937,-0.000107288701533759,0.1616,0.1616,0.2008,1,0,0.804780876494024,0.195219123505976,0.0028187273487278,0.00117659411498791,0.00308584944485059,0.00104155474123321,-0.00700030169808907,0.0392,196,0,0.0392,0,196,0,1,0,-0.000107288701533707,-0.00273695667177824,0.00273695667177824,1,1
slope_bias,282,1.5,expanded,0.964233430230904,0.964233430230904,0.96412614152937,-0.000107288701533759,0.1616,0.1616,0.2008,1,0,0.804780876494024,0.195219123505976,0.0112749093949112,0.00117659411498791,0.0112246588478575,0.00104155474123321,-0.00840036203770689,0.0392,196,0,0.0392,0,196,0,1,0,-0.000107288701533707,-0.00273695667177824,0.00273695667177824,1,1
slope_bias,282,2,expanded,0.964233430230904,0.964233430230904,0.96412614152937,-0.000107288701533759,0.1616,0.1616,0.2008,1,0,0.804780876494024,0.195219123505976,0.0450996375796449,0.00117659411498791,0.0441285341608695,0.00104155474123321,-0.0112004827169425,0.0392,196,0,0.0392,0,196,0,1,0,-0.000107288701533707,-0.00273695667177824,0.00273695667177824,1,1
slope_bias,283,0.25,compressed,0.966079385279942,0.966079385279942,0.965969467043503,-0.000109918236439244,0.1606,0.1606,0.2046,1,0,0.78494623655914,0.21505376344086,0.0245119722119668,0.00315419769834716,0.0234870262249607,0.00245654678038997,-0.00122965556030832,0.044,220,0,0.044,0,220,0,1,0,-0.000109918236439257,-0.00249814173725585,0.00249814173725585,1,1
slope_bias,283,0.5,compressed,0.966079385279942,0.966079385279942,0.965969467043503,-0.000109918236439244,0.1606,0.1606,0.2046,1,0,0.78494623655914,0.21505376344086,0.0108942098719852,0.00315419769834716,0.0104706478871169,0.00245654678038997,-0.00245931112061665,0.044,220,0,0.044,0,220,0,1,0,-0.000109918236439257,-0.00249814173725585,0.00249814173725585,1,1
slope_bias,283,0.75,compressed,0.966079385279942,0.966079385279942,0.965969467043503,-0.000109918236439244,0.1606,0.1606,0.2046,1,0,0.78494623655914,0.21505376344086,0.00272355246799631,0.00315419769834716,0.00279803030680053,0.00245654678038997,-0.00368896668092497,0.044,220,0,0.044,0,220,0,1,0,-0.000109918236439257,-0.00249814173725585,0.00249814173725585,1,1
slope_bias,283,1,identity_scale,0.966079385279942,0.966079385279942,0.965969467043503,-0.000109918236439244,0.1606,0.1606,0.2046,1,0,0.78494623655914,0.21505376344086,0,0.00315419769834716,0.000469173484011758,0.00245654678038997,-0.0049186222412333,0.044,220,0,0.044,0,220,0,1,0,-0.000109918236439257,-0.00249814173725585,0.00249814173725585,1,1
slope_bias,283,1.25,expanded,0.966079385279942,0.966079385279942,0.965969467043503,-0.000109918236439244,0.1606,0.1606,0.2046,1,0,0.78494623655914,0.21505376344086,0.00272355246799631,0.00315419769834716,0.00348407741875054,0.00245654678038997,-0.00614827780154162,0.044,220,0,0.044,0,220,0,1,0,-0.000109918236439257,-0.00249814173725585,0.00249814173725585,1,1
slope_bias,283,1.5,expanded,0.966079385279942,0.966079385279942,0.965969467043503,-0.000109918236439244,0.1606,0.1606,0.2046,1,0,0.78494623655914,0.21505376344086,0.0108942098719852,0.00315419769834716,0.0118427421110169,0.00245654678038997,-0.00737793336184994,0.044,220,0,0.044,0,220,0,1,0,-0.000109918236439257,-0.00249814173725585,0.00249814173725585,1,1
slope_bias,283,2,expanded,0.966079385279942,0.966079385279942,0.965969467043503,-0.000109918236439244,0.1606,0.1606,0.2046,1,0,0.78494623655914,0.21505376344086,0.043576839487941,0.00315419769834716,0.0445913537681322,0.00245654678038997,-0.00983724448246659,0.044,220,0,0.044,0,220,0,1,0,-0.000109918236439257,-0.00249814173725585,0.00249814173725585,1,1
slope_bias,284,0.25,compressed,0.965206546744181,0.965206546744181,0.965186552059645,-1.99946845361731e-05,0.1522,0.1522,0.1706,1,0,0.892145369284877,0.107854630715123,0.0253136221078364,0.00100660478076086,0.0203756323657775,0.000594041144072506,-0.000546595666595678,0.0184,92,0,0.0184,0,92,0,1,0,-1.99946845362217e-05,-0.00108666763783814,0.00108666763783814,1,1
slope_bias,284,0.5,compressed,0.965206546744181,0.965206546744181,0.965186552059645,-1.99946845361731e-05,0.1522,0.1522,0.1706,1,0,0.892145369284877,0.107854630715123,0.011250498714594,0.00100660478076086,0.00819877179525234,0.000594041144072506,-0.00109319133319136,0.0184,92,0,0.0184,0,92,0,1,0,-1.99946845362217e-05,-0.00108666763783814,0.00108666763783814,1,1
slope_bias,284,0.75,compressed,0.965206546744181,0.965206546744181,0.965186552059645,-1.99946845361731e-05,0.1522,0.1522,0.1706,1,0,0.892145369284877,0.107854630715123,0.00281262467864849,0.00100660478076086,0.00153844849041509,0.000594041144072506,-0.00163978699978704,0.0184,92,0,0.0184,0,92,0,1,0,-1.99946845362217e-05,-0.00108666763783814,0.00108666763783814,1,1
slope_bias,284,1,identity_scale,0.965206546744181,0.965206546744181,0.965186552059645,-1.99946845361731e-05,0.1522,0.1522,0.1706,1,0,0.892145369284877,0.107854630715123,0,0.00100660478076086,0.000394662451265705,0.000594041144072506,-0.00218638266638271,0.0184,92,0,0.0184,0,92,0,1,0,-1.99946845362217e-05,-0.00108666763783814,0.00108666763783814,1,1
slope_bias,284,1.25,expanded,0.965206546744181,0.965206546744181,0.965186552059645,-1.99946845361731e-05,0.1522,0.1522,0.1706,1,0,0.892145369284877,0.107854630715123,0.00281262467864849,0.00100660478076086,0.00476741367780419,0.000594041144072506,-0.00273297833297839,0.0184,92,0,0.0184,0,92,0,1,0,-1.99946845362217e-05,-0.00108666763783814,0.00108666763783814,1,1
slope_bias,284,1.5,expanded,0.965206546744181,0.965206546744181,0.965186552059645,-1.99946845361731e-05,0.1522,0.1522,0.1706,1,0,0.892145369284877,0.107854630715123,0.011250498714594,0.00100660478076086,0.0146567021700305,0.000594041144072506,-0.00327957399957407,0.0184,92,0,0.0184,0,92,0,1,0,-1.99946845362217e-05,-0.00108666763783814,0.00108666763783814,1,1
slope_bias,284,2,expanded,0.965206546744181,0.965206546744181,0.965186552059645,-1.99946845361731e-05,0.1522,0.1522,0.1706,1,0,0.892145369284877,0.107854630715123,0.0450019948583759,0.00100660478076086,0.0509848909515468,0.000594041144072506,-0.00437276533276543,0.0184,92,0,0.0184,0,92,0,1,0,-1.99946845362217e-05,-0.00108666763783814,0.00108666763783814,1,1
slope_bias,285,0.25,compressed,0.964538762059146,0.964538762059146,0.964286918936914,-0.000251843122231699,0.1606,0.1606,0.222,1,0,0.723423423423424,0.276576576576577,0.0253894036711284,0.00169641705821198,0.0254082482454393,0.000422035099965773,-0.0020347608267294,0.0614,307,0,0.0614,0,307,0,1,0,-0.000251843122231675,-0.00410167951517387,0.00410167951517387,1,1
slope_bias,285,0.5,compressed,0.964538762059146,0.964538762059146,0.964286918936914,-0.000251843122231699,0.1606,0.1606,0.222,1,0,0.723423423423424,0.276576576576577,0.0112841794093904,0.00169641705821198,0.0117815601530824,0.000422035099965773,-0.00406952165345881,0.0614,307,0,0.0614,0,307,0,1,0,-0.000251843122231675,-0.00410167951517387,0.00410167951517387,1,1
slope_bias,285,0.75,compressed,0.964538762059146,0.964538762059146,0.964286918936914,-0.000251843122231699,0.1606,0.1606,0.222,1,0,0.723423423423424,0.276576576576577,0.0028210448523476,0.00169641705821198,0.00369765886709576,0.000422035099965773,-0.00610428248018821,0.0614,307,0,0.0614,0,307,0,1,0,-0.000251843122231675,-0.00410167951517387,0.00410167951517387,1,1
slope_bias,285,1,identity_scale,0.964538762059146,0.964538762059146,0.964286918936914,-0.000251843122231699,0.1606,0.1606,0.222,1,0,0.723423423423424,0.276576576576577,0,0.00169641705821198,0.00115654438747949,0.000422035099965773,-0.00813904330691761,0.0614,307,0,0.0614,0,307,0,1,0,-0.000251843122231675,-0.00410167951517387,0.00410167951517387,1,1
slope_bias,285,1.25,expanded,0.964538762059146,0.964538762059146,0.964286918936914,-0.000251843122231699,0.1606,0.1606,0.222,1,0,0.723423423423424,0.276576576576577,0.0028210448523476,0.00169641705821198,0.00415821671423358,0.000422035099965773,-0.010173804133647,0.0614,307,0,0.0614,0,307,0,1,0,-0.000251843122231675,-0.00410167951517387,0.00410167951517387,1,1
slope_bias,285,1.5,expanded,0.964538762059146,0.964538762059146,0.964286918936914,-0.000251843122231699,0.1606,0.1606,0.222,1,0,0.723423423423424,0.276576576576577,0.0112841794093904,0.00169641705821198,0.012702675847358,0.000422035099965773,-0.0122085649603764,0.0614,307,0,0.0614,0,307,0,1,0,-0.000251843122231675,-0.00410167951517387,0.00410167951517387,1,1
slope_bias,285,2,expanded,0.964538762059146,0.964538762059146,0.964286918936914,-0.000251843122231699,0.1606,0.1606,0.222,1,0,0.723423423423424,0.276576576576577,0.0451367176375616,0.00169641705821198,0.046419954532718,0.000422035099965773,-0.0162780866138352,0.0614,307,0,0.0614,0,307,0,1,0,-0.000251843122231675,-0.00410167951517387,0.00410167951517387,1,1
slope_bias,286,0.25,compressed,0.965182732622438,0.965182732622438,0.96434020132477,-0.000842531297667315,0.1566,0.1566,0.0584,1,0,1,0,0.0245285141676201,0.00138280364027975,0.026029911719317,0.000925584983159372,0.00589572746074546,0.0982,491,0,0.0982,0,491,0,1,0,-0.000842531297667247,0.00857974844874997,0.00857974844874997,1,1
slope_bias,286,0.5,compressed,0.965182732622438,0.965182732622438,0.96434020132477,-0.000842531297667315,0.1566,0.1566,0.0584,1,0,1,0,0.0109015618522756,0.00138280364027975,0.0121431376968096,0.000925584983159372,0.0117914549214909,0.0982,491,0,0.0982,0,491,0,1,0,-0.000842531297667247,0.00857974844874997,0.00857974844874997,1,1
slope_bias,286,0.75,compressed,0.965182732622438,0.965182732622438,0.96434020132477,-0.000842531297667315,0.1566,0.1566,0.0584,1,0,1,0,0.0027253904630689,0.00138280364027975,0.00360747937327326,0.000925584983159372,0.0176871823822364,0.0982,491,0,0.0982,0,491,0,1,0,-0.000842531297667247,0.00857974844874997,0.00857974844874997,1,1
slope_bias,286,1,identity_scale,0.965182732622438,0.965182732622438,0.96434020132477,-0.000842531297667315,0.1566,0.1566,0.0584,1,0,1,0,0,0.00138280364027975,0.000422936748708059,0.000925584983159372,0.0235829098429818,0.0982,491,0,0.0982,0,491,0,1,0,-0.000842531297667247,0.00857974844874997,0.00857974844874997,1,1
slope_bias,286,1.25,expanded,0.965182732622438,0.965182732622438,0.96434020132477,-0.000842531297667315,0.1566,0.1566,0.0584,1,0,1,0,0.0027253904630689,0.00138280364027975,0.00258950982311397,0.000925584983159372,0.0294786373037273,0.0982,491,0,0.0982,0,491,0,1,0,-0.000842531297667247,0.00857974844874997,0.00857974844874997,1,1
slope_bias,286,1.5,expanded,0.965182732622438,0.965182732622438,0.96434020132477,-0.000842531297667315,0.1566,0.1566,0.0584,1,0,1,0,0.0109015618522756,0.00138280364027975,0.010107198596491,0.000925584983159372,0.0353743647644728,0.0982,491,0,0.0982,0,491,0,1,0,-0.000842531297667247,0.00857974844874997,0.00857974844874997,1,1
slope_bias,286,2,expanded,0.965182732622438,0.965182732622438,0.96434020132477,-0.000842531297667315,0.1566,0.1566,0.0584,1,0,1,0,0.0436062474091025,0.00138280364027975,0.0411959232401584,0.000925584983159372,0.0471658196859637,0.0982,491,0,0.0982,0,491,0,1,0,-0.000842531297667247,0.00857974844874997,0.00857974844874997,1,1
slope_bias,287,0.25,compressed,0.966287010100221,0.966287010100221,0.966286457469748,-5.52630472605564e-07,0.1606,0.1606,0.1636,1,0,0.981662591687042,0.0183374083129584,0.0243262444646166,0.00146234383642875,0.0324538163728983,0.000777655621998248,-9.02609378981567e-05,0.003,15,0,0.003,0,15,0,1,0,-5.52630472511839e-07,-0.000184210157503946,0.000184210157503946,1,1
slope_bias,287,0.5,compressed,0.966287010100221,0.966287010100221,0.966286457469748,-5.52630472605564e-07,0.1606,0.1606,0.1636,1,0,0.981662591687042,0.0183374083129584,0.0108116642064962,0.00146234383642875,0.0168318307121707,0.000777655621998248,-0.000180521875796313,0.003,15,0,0.003,0,15,0,1,0,-5.52630472511839e-07,-0.000184210157503946,0.000184210157503946,1,1
slope_bias,287,0.75,compressed,0.966287010100221,0.966287010100221,0.966286457469748,-5.52630472605564e-07,0.1606,0.1606,0.1636,1,0,0.981662591687042,0.0183374083129584,0.00270291605162406,0.00146234383642875,0.00650878645075129,0.000777655621998248,-0.00027078281369447,0.003,15,0,0.003,0,15,0,1,0,-5.52630472511839e-07,-0.000184210157503946,0.000184210157503946,1,1
slope_bias,287,1,identity_scale,0.966287010100221,0.966287010100221,0.966286457469748,-5.52630472605564e-07,0.1606,0.1606,0.1636,1,0,0.981662591687042,0.0183374083129584,0,0.00146234383642875,0.00148468358864001,0.000777655621998248,-0.000361043751592627,0.003,15,0,0.003,0,15,0,1,0,-5.52630472511839e-07,-0.000184210157503946,0.000184210157503946,1,1
slope_bias,287,1.25,expanded,0.966287010100221,0.966287010100221,0.966286457469748,-5.52630472605564e-07,0.1606,0.1606,0.1636,1,0,0.981662591687042,0.0183374083129584,0.00270291605162406,0.00146234383642875,0.0017595221258369,0.000777655621998248,-0.000451304689490784,0.003,15,0,0.003,0,15,0,1,0,-5.52630472511839e-07,-0.000184210157503946,0.000184210157503946,1,1
slope_bias,287,1.5,expanded,0.966287010100221,0.966287010100221,0.966286457469748,-5.52630472605564e-07,0.1606,0.1606,0.1636,1,0,0.981662591687042,0.0183374083129584,0.0108116642064962,0.00146234383642875,0.00733330206234195,0.000777655621998248,-0.00054156562738894,0.003,15,0,0.003,0,15,0,1,0,-5.52630472511839e-07,-0.000184210157503946,0.000184210157503946,1,1
slope_bias,287,2,expanded,0.966287010100221,0.966287010100221,0.966286457469748,-5.52630472605564e-07,0.1606,0.1606,0.1636,1,0,0.981662591687042,0.0183374083129584,0.043246656825985,0.00146234383642875,0.0343776861332766,0.000777655621998248,-0.000722087503185254,0.003,15,0,0.003,0,15,0,1,0,-5.52630472511839e-07,-0.000184210157503946,0.000184210157503946,1,1
slope_bias,288,0.25,compressed,0.964754031473661,0.964754031473661,0.964542259388965,-0.000211772084695916,0.1536,0.1536,0.0998,1,0,1,0,0.0253447136130674,0.000992001666622612,0.0280424984401065,0.00028061054161394,0.00229037621060282,0.0538,269,0,0.0538,0,269,0,1,0,-0.000211772084695859,0.00393628410215351,0.00393628410215351,1,1
slope_bias,288,0.5,compressed,0.964754031473661,0.964754031473661,0.964542259388965,-0.000211772084695916,0.1536,0.1536,0.0998,1,0,1,0,0.0112643171613633,0.000992001666622612,0.0132854619311485,0.00028061054161394,0.00458075242120565,0.0538,269,0,0.0538,0,269,0,1,0,-0.000211772084695859,0.00393628410215351,0.00393628410215351,1,1
slope_bias,288,0.75,compressed,0.964754031473661,0.964754031473661,0.964542259388965,-0.000211772084695916,0.1536,0.1536,0.0998,1,0,1,0,0.00281607929034082,0.000992001666622612,0.00406086409429602,0.00028061054161394,0.00687112863180847,0.0538,269,0,0.0538,0,269,0,1,0,-0.000211772084695859,0.00393628410215351,0.00393628410215351,1,1
slope_bias,288,1,identity_scale,0.964754031473661,0.964754031473661,0.964542259388965,-0.000211772084695916,0.1536,0.1536,0.0998,1,0,1,0,0,0.000992001666622612,0.000368704929549045,0.00028061054161394,0.00916150484241129,0.0538,269,0,0.0538,0,269,0,1,0,-0.000211772084695859,0.00393628410215351,0.00393628410215351,1,1
slope_bias,288,1.25,expanded,0.964754031473661,0.964754031473661,0.964542259388965,-0.000211772084695916,0.1536,0.1536,0.0998,1,0,1,0,0.00281607929034082,0.000992001666622612,0.00220898443690757,0.00028061054161394,0.0114518810530141,0.0538,269,0,0.0538,0,269,0,1,0,-0.000211772084695859,0.00393628410215351,0.00393628410215351,1,1
slope_bias,288,1.5,expanded,0.964754031473661,0.964754031473661,0.964542259388965,-0.000211772084695916,0.1536,0.1536,0.0998,1,0,1,0,0.0112643171613633,0.000992001666622612,0.00958170261637161,0.00028061054161394,0.0137422572636169,0.0538,269,0,0.0538,0,269,0,1,0,-0.000211772084695859,0.00393628410215351,0.00393628410215351,1,1
slope_bias,288,2,expanded,0.964754031473661,0.964754031473661,0.964542259388965,-0.000211772084695916,0.1536,0.1536,0.0998,1,0,1,0,0.0450572686454531,0.000992001666622612,0.0409244549916162,0.00028061054161394,0.0183230096848226,0.0538,269,0,0.0538,0,269,0,1,0,-0.000211772084695859,0.00393628410215351,0.00393628410215351,1,1
slope_bias,289,0.25,compressed,0.96625262605304,0.96625262605304,0.965691623572405,-0.000561002480634398,0.1552,0.1552,0.0744,1,0,1,0,0.0237013576465157,0.00270887010256977,0.0231343758106123,0.000519401999362817,0.00407600800759036,0.0808,404,0,0.0808,0,404,0,1,0,-0.0005610024806344,0.00694310000785149,0.00694310000785149,1,1
slope_bias,289,0.5,compressed,0.96625262605304,0.96625262605304,0.965691623572405,-0.000561002480634398,0.1552,0.1552,0.0744,1,0,1,0,0.0105339367317848,0.00270887010256977,0.0104773639608892,0.000519401999362817,0.00815201601518073,0.0808,404,0,0.0808,0,404,0,1,0,-0.0005610024806344,0.00694310000785149,0.00694310000785149,1,1
slope_bias,289,0.75,compressed,0.96625262605304,0.96625262605304,0.965691623572405,-0.000561002480634398,0.1552,0.1552,0.0744,1,0,1,0,0.00263348418294619,0.00270887010256977,0.00297883429232865,0.000519401999362817,0.0122280240227711,0.0808,404,0,0.0808,0,404,0,1,0,-0.0005610024806344,0.00694310000785149,0.00694310000785149,1,1
slope_bias,289,1,identity_scale,0.96625262605304,0.96625262605304,0.965691623572405,-0.000561002480634398,0.1552,0.1552,0.0744,1,0,1,0,0,0.00270887010256977,0.000638786804930647,0.000519401999362817,0.0163040320303615,0.0808,404,0,0.0808,0,404,0,1,0,-0.0005610024806344,0.00694310000785149,0.00694310000785149,1,1
slope_bias,289,1.25,expanded,0.96625262605304,0.96625262605304,0.965691623572405,-0.000561002480634398,0.1552,0.1552,0.0744,1,0,1,0,0.00263348418294619,0.00270887010256977,0.0034572214986952,0.000519401999362817,0.0203800400379518,0.0808,404,0,0.0808,0,404,0,1,0,-0.0005610024806344,0.00694310000785149,0.00694310000785149,1,1
slope_bias,289,1.5,expanded,0.96625262605304,0.96625262605304,0.965691623572405,-0.000561002480634398,0.1552,0.1552,0.0744,1,0,1,0,0.0105339367317848,0.00270887010256977,0.0114341383736223,0.000519401999362817,0.0244560480455422,0.0808,404,0,0.0808,0,404,0,1,0,-0.0005610024806344,0.00694310000785149,0.00694310000785149,1,1
slope_bias,289,2,expanded,0.96625262605304,0.96625262605304,0.965691623572405,-0.000561002480634398,0.1552,0.1552,0.0744,1,0,1,0,0.0421357469271391,0.00270887010256977,0.0428634186669642,0.000519401999362817,0.0326080640607229,0.0808,404,0,0.0808,0,404,0,1,0,-0.0005610024806344,0.00694310000785149,0.00694310000785149,1,1
slope_bias,290,0.25,compressed,0.964781888115046,0.964781888115046,0.964655644097259,-0.000126244017787047,0.1614,0.1614,0.207,1,0,0.779710144927536,0.220289855072464,0.0245287400140724,0.00101680929910981,0.0203766231408272,0.00301544662878343,-0.00143921301277483,0.0456,228,0,0.0456,0,228,0,1,0,-0.000126244017787061,-0.00276850916199695,0.00276850916199695,1,1
slope_bias,290,0.5,compressed,0.964781888115046,0.964781888115046,0.964655644097259,-0.000126244017787047,0.1614,0.1614,0.207,1,0,0.779710144927536,0.220289855072464,0.0109016622284766,0.00101680929910981,0.00874714688073204,0.00301544662878343,-0.00287842602554966,0.0456,228,0,0.0456,0,228,0,1,0,-0.000126244017787061,-0.00276850916199695,0.00276850916199695,1,1
slope_bias,290,0.75,compressed,0.964781888115046,0.964781888115046,0.964655644097259,-0.000126244017787047,0.1614,0.1614,0.207,1,0,0.779710144927536,0.220289855072464,0.00272541555711916,0.00101680929910981,0.00246575888859638,0.00301544662878343,-0.00431763903832449,0.0456,228,0,0.0456,0,228,0,1,0,-0.000126244017787061,-0.00276850916199695,0.00276850916199695,1,1
slope_bias,290,1,identity_scale,0.964781888115046,0.964781888115046,0.964655644097259,-0.000126244017787047,0.1614,0.1614,0.207,1,0,0.779710144927536,0.220289855072464,0,0.00101680929910981,0.0015324591644202,0.00301544662878343,-0.00575685205109933,0.0456,228,0,0.0456,0,228,0,1,0,-0.000126244017787061,-0.00276850916199695,0.00276850916199695,1,1
slope_bias,290,1.25,expanded,0.964781888115046,0.964781888115046,0.964655644097259,-0.000126244017787047,0.1614,0.1614,0.207,1,0,0.779710144927536,0.220289855072464,0.00272541555711916,0.00101680929910981,0.0059472477082035,0.00301544662878343,-0.00719606506387416,0.0456,228,0,0.0456,0,228,0,1,0,-0.000126244017787061,-0.00276850916199695,0.00276850916199695,1,1
slope_bias,290,1.5,expanded,0.964781888115046,0.964781888115046,0.964655644097259,-0.000126244017787047,0.1614,0.1614,0.207,1,0,0.779710144927536,0.220289855072464,0.0109016622284766,0.00101680929910981,0.0157101245199463,0.00301544662878343,-0.00863527807664899,0.0456,228,0,0.0456,0,228,0,1,0,-0.000126244017787061,-0.00276850916199695,0.00276850916199695,1,1
slope_bias,290,2,expanded,0.964781888115046,0.964781888115046,0.964655644097259,-0.000126244017787047,0.1614,0.1614,0.207,1,0,0.779710144927536,0.220289855072464,0.0436066489139065,0.00101680929910981,0.0512801429473103,0.00301544662878343,-0.0115137041021987,0.0456,228,0,0.0456,0,228,0,1,0,-0.000126244017787061,-0.00276850916199695,0.00276850916199695,1,1
slope_bias,291,0.25,compressed,0.964890766503305,0.964890766503305,0.964885142017234,-5.62448607088761e-06,0.1626,0.1626,0.1534,1,0,1,0,0.0241316467486198,0.000877984338950553,0.0301409814887602,0.000884477177262057,0.000309272155793322,0.0092,46,0,0.0092,0,46,0,1,0,-5.62448607083772e-06,0.000611357181612796,0.000611357181612796,1,1
slope_bias,291,0.5,compressed,0.964890766503305,0.964890766503305,0.964885142017234,-5.62448607088761e-06,0.1626,0.1626,0.1534,1,0,1,0,0.0107251763327199,0.000877984338950553,0.0150651635954701,0.000884477177262057,0.000618544311586644,0.0092,46,0,0.0092,0,46,0,1,0,-5.62448607083772e-06,0.000611357181612796,0.000611357181612796,1,1
slope_bias,291,0.75,compressed,0.964890766503305,0.964890766503305,0.964885142017234,-5.62448607088761e-06,0.1626,0.1626,0.1534,1,0,1,0,0.00268129408317998,0.000877984338950553,0.00524708087749133,0.000884477177262057,0.000927816467379966,0.0092,46,0,0.0092,0,46,0,1,0,-5.62448607083772e-06,0.000611357181612796,0.000611357181612796,1,1
slope_bias,291,1,identity_scale,0.964890766503305,0.964890766503305,0.964885142017234,-5.62448607088761e-06,0.1626,0.1626,0.1534,1,0,1,0,0,0.000877984338950553,0.000686733334823856,0.000884477177262057,0.00123708862317329,0.0092,46,0,0.0092,0,46,0,1,0,-5.62448607083772e-06,0.000611357181612796,0.000611357181612796,1,1
slope_bias,291,1.25,expanded,0.964890766503305,0.964890766503305,0.964885142017234,-5.62448607088761e-06,0.1626,0.1626,0.1534,1,0,1,0,0.00268129408317998,0.000877984338950553,0.0013841209674677,0.000884477177262057,0.00154636077896661,0.0092,46,0,0.0092,0,46,0,1,0,-5.62448607083772e-06,0.000611357181612796,0.000611357181612796,1,1
slope_bias,291,1.5,expanded,0.964890766503305,0.964890766503305,0.964885142017234,-5.62448607088761e-06,0.1626,0.1626,0.1534,1,0,1,0,0.0107251763327199,0.000877984338950553,0.00733924377542287,0.000884477177262057,0.00185563293475993,0.0092,46,0,0.0092,0,46,0,1,0,-5.62448607083772e-06,0.000611357181612796,0.000611357181612796,1,1
slope_bias,291,2,expanded,0.964890766503305,0.964890766503305,0.964885142017234,-5.62448607088761e-06,0.1626,0.1626,0.1534,1,0,1,0,0.0429007053308796,0.000877984338950553,0.0350226949172672,0.000884477177262057,0.00247417724634658,0.0092,46,0,0.0092,0,46,0,1,0,-5.62448607083772e-06,0.000611357181612796,0.000611357181612796,1,1
slope_bias,292,0.25,compressed,0.964296217414184,0.964296217414184,0.964182161202053,-0.000114056212131342,0.1552,0.1552,0.1112,1,0,1,0,0.0258348086390727,0.000638517052669064,0.0212876557981004,0.000904881523013349,0.00154014194312258,0.044,220,0,0.044,0,220,0,1,0,-0.000114056212131391,0.0025921866393498,0.0025921866393498,1,1
slope_bias,292,0.5,compressed,0.964296217414184,0.964296217414184,0.964182161202053,-0.000114056212131342,0.1552,0.1552,0.1112,1,0,1,0,0.0114821371729212,0.000638517052669064,0.0089249451632836,0.000904881523013349,0.00308028388624515,0.044,220,0,0.044,0,220,0,1,0,-0.000114056212131391,0.0025921866393498,0.0025921866393498,1,1
slope_bias,292,0.75,compressed,0.964296217414184,0.964296217414184,0.964182161202053,-0.000114056212131342,0.1552,0.1552,0.1112,1,0,1,0,0.0028705342932303,0.000638517052669064,0.00220363741016487,0.000904881523013349,0.00462042582936773,0.044,220,0,0.044,0,220,0,1,0,-0.000114056212131391,0.0025921866393498,0.0025921866393498,1,1
slope_bias,292,1,identity_scale,0.964296217414184,0.964296217414184,0.964182161202053,-0.000114056212131342,0.1552,0.1552,0.1112,1,0,1,0,0,0.000638517052669064,0.00112373253874418,0.000904881523013349,0.0061605677724903,0.044,220,0,0.044,0,220,0,1,0,-0.000114056212131391,0.0025921866393498,0.0025921866393498,1,1
slope_bias,292,1.25,expanded,0.964296217414184,0.964296217414184,0.964182161202053,-0.000114056212131342,0.1552,0.1552,0.1112,1,0,1,0,0.0028705342932303,0.000638517052669064,0.00568523054902152,0.000904881523013349,0.00770070971561288,0.044,220,0,0.044,0,220,0,1,0,-0.000114056212131391,0.0025921866393498,0.0025921866393498,1,1
slope_bias,292,1.5,expanded,0.964296217414184,0.964296217414184,0.964182161202053,-0.000114056212131342,0.1552,0.1552,0.1112,1,0,1,0,0.0114821371729212,0.000638517052669064,0.0158881314409969,0.000904881523013349,0.00924085165873545,0.044,220,0,0.044,0,220,0,1,0,-0.000114056212131391,0.0025921866393498,0.0025921866393498,1,1
slope_bias,292,2,expanded,0.964296217414184,0.964296217414184,0.964182161202053,-0.000114056212131342,0.1552,0.1552,0.1112,1,0,1,0,0.0459285486916847,0.000638517052669064,0.0532181418700418,0.000904881523013349,0.0123211355449806,0.044,220,0,0.044,0,220,0,1,0,-0.000114056212131391,0.0025921866393498,0.0025921866393498,1,1
slope_bias,293,0.25,compressed,0.964338665728985,0.964338665728985,0.964130941295739,-0.000207724433245571,0.1562,0.1562,0.1052,1,0,1,0,0.0247607601088707,0.00300305159734966,0.0264119176935574,0.00061774759067824,0.00237316095224752,0.051,255,0,0.051,0,255,0,1,0,-0.00020772443324564,0.00407302810285568,0.00407302810285568,1,1
slope_bias,293,0.5,compressed,0.964338665728985,0.964338665728985,0.964130941295739,-0.000207724433245571,0.1562,0.1562,0.1052,1,0,1,0,0.0110047822706092,0.00300305159734966,0.012419381354865,0.00061774759067824,0.00474632190449503,0.051,255,0,0.051,0,255,0,1,0,-0.00020772443324564,0.00407302810285568,0.00407302810285568,1,1
slope_bias,293,0.75,compressed,0.964338665728985,0.964338665728985,0.964130941295739,-0.000207724433245571,0.1562,0.1562,0.1052,1,0,1,0,0.0027511955676523,0.00300305159734966,0.00382601249976839,0.00061774759067824,0.00711948285674255,0.051,255,0,0.051,0,255,0,1,0,-0.00020772443324564,0.00407302810285568,0.00407302810285568,1,1
slope_bias,293,1,identity_scale,0.964338665728985,0.964338665728985,0.964130941295739,-0.000207724433245571,0.1562,0.1562,0.1052,1,0,1,0,0,0.00300305159734966,0.000631811128267494,0.00061774759067824,0.00949264380899006,0.051,255,0,0.051,0,255,0,1,0,-0.00020772443324564,0.00407302810285568,0.00407302810285568,1,1
slope_bias,293,1.25,expanded,0.964338665728985,0.964338665728985,0.964130941295739,-0.000207724433245571,0.1562,0.1562,0.1052,1,0,1,0,0.0027511955676523,0.00300305159734966,0.00283677724036235,0.00061774759067824,0.0118658047612376,0.051,255,0,0.051,0,255,0,1,0,-0.00020772443324564,0.00407302810285568,0.00407302810285568,1,1
slope_bias,293,1.5,expanded,0.964338665728985,0.964338665728985,0.964130941295739,-0.000207724433245571,0.1562,0.1562,0.1052,1,0,1,0,0.0110047822706092,0.00300305159734966,0.010440910836053,0.00061774759067824,0.0142389657134851,0.051,255,0,0.051,0,255,0,1,0,-0.00020772443324564,0.00407302810285568,0.00407302810285568,1,1
slope_bias,293,2,expanded,0.964338665728985,0.964338665728985,0.964130941295739,-0.000207724433245571,0.1562,0.1562,0.1052,1,0,1,0,0.0440191290824369,0.00300305159734966,0.0418466804782214,0.00061774759067824,0.0189852876179801,0.051,255,0,0.051,0,255,0,1,0,-0.00020772443324564,0.00407302810285568,0.00407302810285568,1,1
slope_bias,294,0.25,compressed,0.965182808729412,0.965182808729412,0.965029331148053,-0.000153477581359085,0.1642,0.1642,0.212,1,0,0.774528301886793,0.225471698113208,0.0249801054188204,0.000606385258852721,0.0226477492272194,0.000368978250572653,-0.00165176054573515,0.0478,239,0,0.0478,0,239,0,1,0,-0.000153477581359102,-0.0032108280619059,0.0032108280619059,1,1
slope_bias,294,0.5,compressed,0.965182808729412,0.965182808729412,0.965029331148053,-0.000153477581359085,0.1642,0.1642,0.212,1,0,0.774528301886793,0.225471698113208,0.0111022690750313,0.000606385258852721,0.00974263214723246,0.000368978250572653,-0.00330352109147031,0.0478,239,0,0.0478,0,239,0,1,0,-0.000153477581359102,-0.0032108280619059,0.0032108280619059,1,1
slope_bias,294,0.75,compressed,0.965182808729412,0.965182808729412,0.965029331148053,-0.000153477581359085,0.1642,0.1642,0.212,1,0,0.774528301886793,0.225471698113208,0.00277556726875782,0.000606385258852721,0.00228566503296444,0.000368978250572653,-0.00495528163720546,0.0478,239,0,0.0478,0,239,0,1,0,-0.000153477581359102,-0.0032108280619059,0.0032108280619059,1,1
slope_bias,294,1,identity_scale,0.965182808729412,0.965182808729412,0.965029331148053,-0.000153477581359085,0.1642,0.1642,0.212,1,0,0.774528301886793,0.225471698113208,0,0.000606385258852721,0.000276847884415387,0.000368978250572653,-0.00660704218294062,0.0478,239,0,0.0478,0,239,0,1,0,-0.000153477581359102,-0.0032108280619059,0.0032108280619059,1,1
slope_bias,294,1.25,expanded,0.965182808729412,0.965182808729412,0.965029331148053,-0.000153477581359085,0.1642,0.1642,0.212,1,0,0.774528301886793,0.225471698113208,0.00277556726875782,0.000606385258852721,0.00371618070158529,0.000368978250572653,-0.00825880272867577,0.0478,239,0,0.0478,0,239,0,1,0,-0.000153477581359102,-0.0032108280619059,0.0032108280619059,1,1
slope_bias,294,1.5,expanded,0.965182808729412,0.965182808729412,0.965029331148053,-0.000153477581359085,0.1642,0.1642,0.212,1,0,0.774528301886793,0.225471698113208,0.0111022690750313,0.000606385258852721,0.0126036634844742,0.000368978250572653,-0.00991056327441092,0.0478,239,0,0.0478,0,239,0,1,0,-0.000153477581359102,-0.0032108280619059,0.0032108280619059,1,1
slope_bias,294,2,expanded,0.965182808729412,0.965182808729412,0.965029331148053,-0.000153477581359085,0.1642,0.1642,0.212,1,0,0.774528301886793,0.225471698113208,0.0444090763001251,0.000606385258852721,0.0467230789474088,0.000368978250572653,-0.0132140843658812,0.0478,239,0,0.0478,0,239,0,1,0,-0.000153477581359102,-0.0032108280619059,0.0032108280619059,1,1
slope_bias,295,0.25,compressed,0.965096849835497,0.965096849835497,0.963976127443946,-0.00112072239155059,0.1602,0.1602,0.0454,1,0,1,0,0.0244688294188671,0.00079425500717289,0.0232035816984841,0.00108855213713524,0.00657601450854584,0.1148,574,0,0.1148,0,574,0,1,0,-0.00112072239155058,0.00976239017030125,0.00976239017030125,1,1
slope_bias,295,0.5,compressed,0.965096849835497,0.965096849835497,0.963976127443946,-0.00112072239155059,0.1602,0.1602,0.0454,1,0,1,0,0.0108750352972743,0.00079425500717289,0.0105985793079569,0.00108855213713524,0.0131520290170917,0.1148,574,0,0.1148,0,574,0,1,0,-0.00112072239155058,0.00976239017030125,0.00976239017030125,1,1
slope_bias,295,0.75,compressed,0.965096849835497,0.965096849835497,0.963976127443946,-0.00112072239155059,0.1602,0.1602,0.0454,1,0,1,0,0.00271875882431857,0.00079425500717289,0.00332577781828131,0.00108855213713524,0.0197280435256375,0.1148,574,0,0.1148,0,574,0,1,0,-0.00112072239155058,0.00976239017030125,0.00976239017030125,1,1
slope_bias,295,1,identity_scale,0.965096849835497,0.965096849835497,0.963976127443946,-0.00112072239155059,0.1602,0.1602,0.0454,1,0,1,0,0,0.00079425500717289,0.00138517722945727,0.00108855213713524,0.0263040580341833,0.1148,574,0,0.1148,0,574,0,1,0,-0.00112072239155058,0.00976239017030125,0.00976239017030125,1,1
slope_bias,295,1.25,expanded,0.965096849835497,0.965096849835497,0.963976127443946,-0.00112072239155059,0.1602,0.1602,0.0454,1,0,1,0,0.00271875882431857,0.00079425500717289,0.0047767775414848,0.00108855213713524,0.0328800725427292,0.1148,574,0,0.1148,0,574,0,1,0,-0.00112072239155058,0.00976239017030125,0.00976239017030125,1,1
slope_bias,295,1.5,expanded,0.965096849835497,0.965096849835497,0.963976127443946,-0.00112072239155059,0.1602,0.1602,0.0454,1,0,1,0,0.0108750352972743,0.00079425500717289,0.0135005787543639,0.00108855213713524,0.039456087051275,0.1148,574,0,0.1148,0,574,0,1,0,-0.00112072239155058,0.00976239017030125,0.00976239017030125,1,1
slope_bias,295,2,expanded,0.965096849835497,0.965096849835497,0.963976127443946,-0.00112072239155059,0.1602,0.1602,0.0454,1,0,1,0,0.0435001411890971,0.00079425500717289,0.0469447838826767,0.00108855213713524,0.0526081160683667,0.1148,574,0,0.1148,0,574,0,1,0,-0.00112072239155058,0.00976239017030125,0.00976239017030125,1,1
slope_bias,296,0.25,compressed,0.965063637320408,0.965063637320408,0.964893266604627,-0.000170370715780743,0.1566,0.1566,0.2106,1,0,0.743589743589744,0.256410256410256,0.025325563320606,0.000909264855963844,0.0261696069188748,0.000922054671232177,-0.00179828619574762,0.054,270,0,0.054,0,270,0,1,0,-0.000170370715780799,-0.00315501325519999,0.00315501325519999,1,1
slope_bias,296,0.5,compressed,0.965063637320408,0.965063637320408,0.964893266604627,-0.000170370715780743,0.1566,0.1566,0.2106,1,0,0.743589743589744,0.256410256410256,0.0112558059202693,0.000909264855963844,0.0120119741522911,0.000922054671232177,-0.00359657239149525,0.054,270,0,0.054,0,270,0,1,0,-0.000170370715780799,-0.00315501325519999,0.00315501325519999,1,1
slope_bias,296,0.75,compressed,0.965063637320408,0.965063637320408,0.964893266604627,-0.000170370715780743,0.1566,0.1566,0.2106,1,0,0.743589743589744,0.256410256410256,0.00281395148006733,0.000909264855963844,0.00338058653113219,0.000922054671232177,-0.00539485858724287,0.054,270,0,0.054,0,270,0,1,0,-0.000170370715780799,-0.00315501325519999,0.00315501325519999,1,1
slope_bias,296,1,identity_scale,0.965063637320408,0.965063637320408,0.964893266604627,-0.000170370715780743,0.1566,0.1566,0.2106,1,0,0.743589743589744,0.256410256410256,0,0.000909264855963844,0.000275444055398207,0.000922054671232177,-0.00719314478299049,0.054,270,0,0.054,0,270,0,1,0,-0.000170370715780799,-0.00315501325519999,0.00315501325519999,1,1
slope_bias,296,1.25,expanded,0.965063637320408,0.965063637320408,0.964893266604627,-0.000170370715780743,0.1566,0.1566,0.2106,1,0,0.743589743589744,0.256410256410256,0.00281395148006733,0.000909264855963844,0.0026965467250891,0.000922054671232177,-0.00899143097873811,0.054,270,0,0.054,0,270,0,1,0,-0.000170370715780799,-0.00315501325519999,0.00315501325519999,1,1
slope_bias,296,1.5,expanded,0.965063637320408,0.965063637320408,0.964893266604627,-0.000170370715780743,0.1566,0.1566,0.2106,1,0,0.743589743589744,0.256410256410256,0.0112558059202693,0.000909264855963844,0.0106438945402049,0.000922054671232177,-0.0107897171744857,0.054,270,0,0.054,0,270,0,1,0,-0.000170370715780799,-0.00315501325519999,0.00315501325519999,1,1
slope_bias,296,2,expanded,0.965063637320408,0.965063637320408,0.964893266604627,-0.000170370715780743,0.1566,0.1566,0.2106,1,0,0.743589743589744,0.256410256410256,0.0450232236810773,0.000909264855963844,0.0431173256067111,0.000922054671232177,-0.014386289565981,0.054,270,0,0.054,0,270,0,1,0,-0.000170370715780799,-0.00315501325519999,0.00315501325519999,1,1
slope_bias,297,0.25,compressed,0.964341151653243,0.964341151653243,0.964042964943499,-0.000298186709743908,0.1524,0.1524,0.09,1,0,1,0,0.0259327811487386,0.000941866679106628,0.0210987424012579,0.0018117615368366,0.0024962784372391,0.0624,312,0,0.0624,0,312,0,1,0,-0.000298186709743873,0.00477863316897232,0.00477863316897232,1,1
slope_bias,297,0.5,compressed,0.964341151653243,0.964341151653243,0.964042964943499,-0.000298186709743908,0.1524,0.1524,0.09,1,0,1,0,0.0115256805105505,0.000941866679106628,0.00866972294253831,0.0018117615368366,0.00499255687447819,0.0624,312,0,0.0624,0,312,0,1,0,-0.000298186709743873,0.00477863316897232,0.00477863316897232,1,1
slope_bias,297,0.75,compressed,0.964341151653243,0.964341151653243,0.964042964943499,-0.000298186709743908,0.1524,0.1524,0.09,1,0,1,0,0.00288142012763762,0.000941866679106628,0.00190202743098575,0.0018117615368366,0.00748883531171729,0.0624,312,0,0.0624,0,312,0,1,0,-0.000298186709743873,0.00477863316897232,0.00477863316897232,1,1
slope_bias,297,1,identity_scale,0.964341151653243,0.964341151653243,0.964042964943499,-0.000298186709743908,0.1524,0.1524,0.09,1,0,1,0,0,0.000941866679106628,0.000795655866600167,0.0018117615368366,0.00998511374895639,0.0624,312,0,0.0624,0,312,0,1,0,-0.000298186709743873,0.00477863316897232,0.00477863316897232,1,1
slope_bias,297,1.25,expanded,0.964341151653243,0.964341151653243,0.964042964943499,-0.000298186709743908,0.1524,0.1524,0.09,1,0,1,0,0.00288142012763762,0.000941866679106628,0.00535060824938156,0.0018117615368366,0.0124813921861955,0.0624,312,0,0.0624,0,312,0,1,0,-0.000298186709743873,0.00477863316897232,0.00477863316897232,1,1
slope_bias,297,1.5,expanded,0.964341151653243,0.964341151653243,0.964042964943499,-0.000298186709743908,0.1524,0.1524,0.09,1,0,1,0,0.0115256805105505,0.000941866679106628,0.0155668845793299,0.0018117615368366,0.0149776706234346,0.0624,312,0,0.0624,0,312,0,1,0,-0.000298186709743873,0.00477863316897232,0.00477863316897232,1,1
slope_bias,297,2,expanded,0.964341151653243,0.964341151653243,0.964042964943499,-0.000298186709743908,0.1524,0.1524,0.09,1,0,1,0,0.0461027220422019,0.000941866679106628,0.0529834090807276,0.0018117615368366,0.0199702274979128,0.0624,312,0,0.0624,0,312,0,1,0,-0.000298186709743873,0.00477863316897232,0.00477863316897232,1,1
slope_bias,298,0.25,compressed,0.965112011442846,0.965112011442846,0.964997696190309,-0.000114315252536801,0.1572,0.1572,0.198,1,0,0.793939393939394,0.206060606060606,0.0248054880201608,0.000701271038522017,0.0203953898485223,0.000932272385257506,-0.00132573972882449,0.0408,204,0,0.0408,0,204,0,1,0,-0.000114315252536775,-0.00280184442492097,0.00280184442492097,1,1
slope_bias,298,0.5,compressed,0.965112011442846,0.965112011442846,0.964997696190309,-0.000114315252536801,0.1572,0.1572,0.198,1,0,0.793939393939394,0.206060606060606,0.0110246613422937,0.000701271038522017,0.00829566750622581,0.000932272385257506,-0.00265147945764899,0.0408,204,0,0.0408,0,204,0,1,0,-0.000114315252536775,-0.00280184442492097,0.00280184442492097,1,1
slope_bias,298,0.75,compressed,0.965112011442846,0.965112011442846,0.964997696190309,-0.000114315252536801,0.1572,0.1572,0.198,1,0,0.793939393939394,0.206060606060606,0.00275616533557343,0.000701271038522017,0.00160569284370074,0.000932272385257506,-0.00397721918647348,0.0408,204,0,0.0408,0,204,0,1,0,-0.000114315252536775,-0.00280184442492097,0.00280184442492097,1,1
slope_bias,298,1,identity_scale,0.965112011442846,0.965112011442846,0.964997696190309,-0.000114315252536801,0.1572,0.1572,0.198,1,0,0.793939393939394,0.206060606060606,0,0.000701271038522017,0.000325465860947097,0.000932272385257506,-0.00530295891529797,0.0408,204,0,0.0408,0,204,0,1,0,-0.000114315252536775,-0.00280184442492097,0.00280184442492097,1,1
slope_bias,298,1.25,expanded,0.965112011442846,0.965112011442846,0.964997696190309,-0.000114315252536801,0.1572,0.1572,0.198,1,0,0.793939393939394,0.206060606060606,0.00275616533557343,0.000701271038522017,0.00445498655796488,0.000932272385257506,-0.00662869864412247,0.0408,204,0,0.0408,0,204,0,1,0,-0.000114315252536775,-0.00280184442492097,0.00280184442492097,1,1
slope_bias,298,1.5,expanded,0.965112011442846,0.965112011442846,0.964997696190309,-0.000114315252536801,0.1572,0.1572,0.198,1,0,0.793939393939394,0.206060606060606,0.0110246613422937,0.000701271038522017,0.0139942549347541,0.000932272385257506,-0.00795443837294696,0.0408,204,0,0.0408,0,204,0,1,0,-0.000114315252536775,-0.00280184442492097,0.00280184442492097,1,1
slope_bias,298,2,expanded,0.965112011442846,0.965112011442846,0.964997696190309,-0.000114315252536801,0.1572,0.1572,0.198,1,0,0.793939393939394,0.206060606060606,0.0440986453691748,0.000701271038522017,0.0493020347276468,0.000932272385257506,-0.0106059178305959,0.0408,204,0,0.0408,0,204,0,1,0,-0.000114315252536775,-0.00280184442492097,0.00280184442492097,1,1
slope_bias,299,0.25,compressed,0.964813383379868,0.964813383379868,0.963864316753249,-0.000949066626618644,0.1584,0.1584,0.2762,1,0,0.573497465604634,0.426502534395366,0.0246155877275034,0.00106687699842999,0.0188009621894074,0.00206217653534699,-0.00392054901509314,0.1178,589,0,0.1178,0,589,0,1,0,-0.000949066626618604,-0.00805659275567575,0.00805659275567575,1,1
slope_bias,299,0.5,compressed,0.964813383379868,0.964813383379868,0.963864316753249,-0.000949066626618644,0.1584,0.1584,0.2762,1,0,0.573497465604634,0.426502534395366,0.0109402612122237,0.00106687699842999,0.00738975867201081,0.00206217653534699,-0.00784109803018629,0.1178,589,0,0.1178,0,589,0,1,0,-0.000949066626618604,-0.00805659275567575,0.00805659275567575,1,1
slope_bias,299,0.75,compressed,0.964813383379868,0.964813383379868,0.963864316753249,-0.000949066626618644,0.1584,0.1584,0.2762,1,0,0.573497465604634,0.426502534395366,0.00273506530305593,0.00106687699842999,0.00134544078978577,0.00206217653534699,-0.0117616470452794,0.1178,589,0,0.1178,0,589,0,1,0,-0.000949066626618604,-0.00805659275567575,0.00805659275567575,1,1
slope_bias,299,1,identity_scale,0.964813383379868,0.964813383379868,0.963864316753249,-0.000949066626618644,0.1584,0.1584,0.2762,1,0,0.573497465604634,0.426502534395366,0,0.00106687699842999,0.000668008542732223,0.00206217653534699,-0.0156821960603726,0.1178,589,0,0.1178,0,589,0,1,0,-0.000949066626618604,-0.00805659275567575,0.00805659275567575,1,1
slope_bias,299,1.25,expanded,0.964813383379868,0.964813383379868,0.963864316753249,-0.000949066626618644,0.1584,0.1584,0.2762,1,0,0.573497465604634,0.426502534395366,0.00273506530305593,0.00106687699842999,0.00535746193085018,0.00206217653534699,-0.0196027450754657,0.1178,589,0,0.1178,0,589,0,1,0,-0.000949066626618604,-0.00805659275567575,0.00805659275567575,1,1
slope_bias,299,1.5,expanded,0.964813383379868,0.964813383379868,0.963864316753249,-0.000949066626618644,0.1584,0.1584,0.2762,1,0,0.573497465604634,0.426502534395366,0.0109402612122237,0.00106687699842999,0.0154138009541396,0.00206217653534699,-0.0235232940905589,0.1178,589,0,0.1178,0,589,0,1,0,-0.000949066626618604,-0.00805659275567575,0.00805659275567575,1,1
slope_bias,299,2,expanded,0.964813383379868,0.964813383379868,0.963864316753249,-0.000949066626618644,0.1584,0.1584,0.2762,1,0,0.573497465604634,0.426502534395366,0.0437610448488948,0.00106687699842999,0.051627135906233,0.00206217653534699,-0.0313643921207452,0.1178,589,0,0.1178,0,589,0,1,0,-0.000949066626618604,-0.00805659275567575,0.00805659275567575,1,1
slope_bias,300,0.25,compressed,0.965176186649132,0.965176186649132,0.965141807778333,-3.43788707994896e-05,0.1592,0.1592,0.184,1,0,0.865217391304348,0.134782608695652,0.0257485786193418,0.000666520122851733,0.0249150738449042,0.00126786644842318,-0.000723120440135477,0.0248,124,0,0.0248,0,124,0,1,0,-3.4378870799466e-05,-0.00138624479030105,0.00138624479030105,1,1
slope_bias,300,0.5,compressed,0.965176186649132,0.965176186649132,0.965141807778333,-3.43788707994896e-05,0.1592,0.1592,0.184,1,0,0.865217391304348,0.134782608695652,0.0114438127197075,0.000666520122851733,0.0114873416103461,0.00126786644842318,-0.00144624088027095,0.0248,124,0,0.0248,0,124,0,1,0,-3.4378870799466e-05,-0.00138624479030105,0.00138624479030105,1,1
slope_bias,300,0.75,compressed,0.965176186649132,0.965176186649132,0.965141807778333,-3.43788707994896e-05,0.1592,0.1592,0.184,1,0,0.865217391304348,0.134782608695652,0.00286095317992687,0.000666520122851733,0.00367237457526752,0.00126786644842318,-0.00216936132040643,0.0248,124,0,0.0248,0,124,0,1,0,-3.4378870799466e-05,-0.00138624479030105,0.00138624479030105,1,1
slope_bias,300,1,identity_scale,0.965176186649132,0.965176186649132,0.965141807778333,-3.43788707994896e-05,0.1592,0.1592,0.184,1,0,0.865217391304348,0.134782608695652,0,0.000666520122851733,0.0014701727396684,0.00126786644842318,-0.00289248176054191,0.0248,124,0,0.0248,0,124,0,1,0,-3.4378870799466e-05,-0.00138624479030105,0.00138624479030105,1,1
slope_bias,300,1.25,expanded,0.965176186649132,0.965176186649132,0.965141807778333,-3.43788707994896e-05,0.1592,0.1592,0.184,1,0,0.865217391304348,0.134782608695652,0.00286095317992687,0.000666520122851733,0.00488073610354877,0.00126786644842318,-0.00361560220067739,0.0248,124,0,0.0248,0,124,0,1,0,-3.4378870799466e-05,-0.00138624479030105,0.00138624479030105,1,1
slope_bias,300,1.5,expanded,0.965176186649132,0.965176186649132,0.965141807778333,-3.43788707994896e-05,0.1592,0.1592,0.184,1,0,0.865217391304348,0.134782608695652,0.0114438127197075,0.000666520122851733,0.0139040646669086,0.00126786644842318,-0.00433872264081286,0.0248,124,0,0.0248,0,124,0,1,0,-3.4378870799466e-05,-0.00138624479030105,0.00138624479030105,1,1
slope_bias,300,2,expanded,0.965176186649132,0.965176186649132,0.965141807778333,-3.43788707994896e-05,0.1592,0.1592,0.184,1,0,0.865217391304348,0.134782608695652,0.0457752508788299,0.000666520122851733,0.0487890173920667,0.00126786644842318,-0.00578496352108382,0.0248,124,0,0.0248,0,124,0,1,0,-3.4378870799466e-05,-0.00138624479030105,0.00138624479030105,1,1
