experiment,repeat_id,sigma,v_oracle,v_raw,v_iso,delta_v,treat_rate_oracle,treat_rate_raw,treat_rate_iso,raw_treated_true_positive_share,raw_treated_false_positive_share,iso_treated_true_positive_share,iso_treated_false_positive_share,mse_raw,mse_iso,cal_raw,cal_iso,t_theta,flip_rate,flip_count,beneficial_flip_rate,harmful_flip_rate,beneficial_flip_count,harmful_flip_count,beneficial_sign_share,harmful_sign_share,beneficial_value,harmful_value,mean_tau_flip_region,mean_abs_tau_flip_region,global_spearman,flip_region_spearman
sorting,1,0,0.964355713364063,0.964355713364063,0.963504884704476,-0.000850828659587299,0.1594,0.1594,0.2778,1,0,0.573794096472282,0.426205903527718,0,0.000982221158666625,0.000575749579304181,0.000694708678505532,-0.0143043377629766,0.1184,592,0,0.1184,0,592,0,1,0,-0.000850828659587207,-0.0071860528681352,0.0071860528681352,1,1
sorting,1,0.02,0.964355713364063,0.963507396609159,0.963246227962847,-0.000261168646312204,0.1594,0.1594,0.2,0.713927227101631,0.286072772898369,0.636,0.364,0.000341185560929595,0.00197624681080419,0.000728325575053374,0.000801885731616194,-0.00484016485215277,0.0406,203,0.0134,0.0272,67,136,0.330049261083744,0.669950738916256,0.000135609299219554,-0.000396777945531768,-0.00643272527862597,0.0131129863239242,0.965768440358737,0.131561808745349
sorting,1,0.05,0.964355713364063,0.961537650147903,0.962067489032031,0.000529838884127498,0.1594,0.1594,0.0784,0.495608531994981,0.504391468005019,0.599489795918367,0.400510204081633,0.00192604448108506,0.00254018639669962,0.00142911854317938,0.00148813042517182,0.0145922083250485,0.081,405,0.049,0.032,245,160,0.604938271604938,0.395061728395062,0.0011562338042217,-0.000626394920094209,-0.00654122079169748,0.0220077620285915,0.880398953455958,0.092896251858355
sorting,1,0.08,0.964355713364063,0.960062370324571,0.960980263060555,0.000917892735983972,0.1594,0.1594,0.098,0.422835633626098,0.577164366373902,0.473469387755102,0.526530612244898,0.00433499911591246,0.00509091370227148,0.00138046919987047,0.00067735421191537,0.00936898048221457,0.0614,307,0.0404,0.021,202,105,0.657980456026059,0.342019543973941,0.00132898870641146,-0.000411095970427416,-0.0149493930942026,0.028340141316594,0.795435031529401,0.147926863964419
sorting,1,0.12,0.964355713364063,0.95886872003847,0.960379107561036,0.00151038752256605,0.1594,0.1594,0.072,0.372647427854454,0.627352572145546,0.413888888888889,0.586111111111111,0.00866187985927479,0.00923116272352727,0.00336104394370693,0.00119985834430771,0.0158135299118216,0.0874,437,0.0578,0.0296,289,148,0.661327231121281,0.338672768878719,0.00228657353682791,-0.000776186014261832,-0.0172813217684906,0.0350430154586927,0.698385615263425,0.0751054940902316
sorting,2,0,0.966179657277229,0.966179657277229,0.966097324090275,-8.23331869533872e-05,0.1558,0.1558,0.1904,1,0,0.81827731092437,0.18172268907563,0,0.00113340465380188,0.000289701065672017,0.000725716464054828,-0.00443870887069731,0.0346,173,0,0.0346,0,173,0,1,0,-8.23331869533641e-05,-0.00237957187726486,0.00237957187726486,1,1
sorting,2,0.02,0.966179657277229,0.965284102063898,0.963690978898358,-0.00159312316554006,0.1558,0.1558,0.307,0.709884467265725,0.290115532734275,0.482736156351792,0.517263843648208,0.000361916926833492,0.00135116550765343,0.000230242149802023,0.000705728072738722,-0.0192630186940564,0.1512,756,0.0376,0.1136,188,568,0.248677248677249,0.751322751322751,0.000381918609073931,-0.00197504177461401,-0.0105365288726196,0.0155883623259784,0.969526262301051,0.258649215472507
sorting,2,0.05,0.966179657277229,0.963614702869341,0.963901993008393,0.000287290139052265,0.1558,0.1558,0.1032,0.525032092426187,0.474967907573813,0.593023255813954,0.406976744186047,0.00194295597379785,0.00290566727971485,0.000445819464689366,0.000896417663483589,0.00833729747692236,0.0526,263,0.032,0.0206,160,103,0.608365019011407,0.391634980988593,0.000738220335557577,-0.00045093019650531,-0.00546178971582256,0.0226074245639332,0.895509321708373,0.127247792117325
sorting,2,0.08,0.966179657277229,0.962301955151854,0.963078830253282,0.000776875101427543,0.1558,0.1558,0.0578,0.456996148908858,0.543003851091143,0.546712802768166,0.453287197231834,0.00441120917798158,0.00473424736001078,0.00078013921609167,0.00108871717357926,0.0220495513585114,0.098,490,0.0584,0.0396,292,198,0.595918367346939,0.404081632653061,0.00188387843501927,-0.00110700333359177,-0.00792729695334181,0.0305192017205208,0.809015808872632,0.0684178490658318
sorting,2,0.12,0.966179657277229,0.960934462213719,0.961831499236767,0.000897037023047997,0.1558,0.1558,0.1142,0.396662387676508,0.603337612323492,0.415061295971979,0.584938704028021,0.00847218261631163,0.00887359617218653,0.0012352610676731,0.000717957367701997,0.00607076389317418,0.0416,208,0.0272,0.0144,136,72,0.653846153846154,0.346153846153846,0.00120007775860884,-0.000303040735560751,-0.0215633899771175,0.0361326561098459,0.723666537362661,0.0271772468568807
sorting,3,0,0.965835243981562,0.965835243981562,0.963026493775272,-0.0028087502062899,0.155,0.155,0.3632,1,0,0.426762114537445,0.573237885462555,0,0.00184623974380345,0.0009143168032892,0.000903798700498732,-0.0272978070327888,0.2082,1041,0,0.2082,0,1041,0,1,0,-0.00280875020628987,-0.0134906349965892,0.0134906349965892,1,1
sorting,3,0.02,0.965835243981562,0.964891271958604,0.963993723593863,-0.000897548364741319,0.155,0.155,0.2622,0.692903225806452,0.307096774193548,0.535469107551488,0.464530892448513,0.000382643024502591,0.00201619769262707,0.000664862558992525,0.00101126585032248,-0.0137109196216859,0.1072,536,0.033,0.0742,165,371,0.307835820895522,0.692164179104478,0.000327069269893215,-0.00122461763463447,-0.00837265265616838,0.0144746912735791,0.964385197519408,0.191957380122829
sorting,3,0.05,0.965835243981562,0.963187139706565,0.962788992960089,-0.000398146746476535,0.155,0.155,0.1838,0.531612903225807,0.468387096774194,0.494015233949946,0.505984766050054,0.001916051679506,0.00317836652896134,0.000931443408104294,0.000509096116874675,-0.00355791808024464,0.0288,144,0.0084,0.0204,42,102,0.291666666666667,0.708333333333333,0.000172418636042041,-0.000570565382518536,-0.0138245398082116,0.0257980562000201,0.881316563252663,0.131741821396994
sorting,3,0.08,0.965835243981562,0.961795411121104,0.959292501653937,-0.00250290946716647,0.155,0.155,0.2694,0.434838709677419,0.565161290322581,0.366740905716407,0.633259094283593,0.00422281399029778,0.00607659401635472,0.00066117616146287,0.00076349075923428,-0.0145907134208091,0.1144,572,0.0314,0.083,157,415,0.274475524475525,0.725524475524476,0.000690842285267083,-0.00319375175243359,-0.0218785792584485,0.0339562415882926,0.807814773176591,0.119475256132723
sorting,3,0.12,0.965835243981562,0.960172461783559,0.961971724285654,0.00179926250209472,0.155,0.155,0.0754,0.365161290322581,0.634838709677419,0.435013262599469,0.564986737400531,0.00801759171411141,0.00814453386929425,0.00187937802503466,0.000483616749169839,0.0137708731123017,0.0796,398,0.0558,0.0238,279,119,0.701005025125628,0.298994974874372,0.00237033895514296,-0.000571076453048154,-0.022603800277573,0.0369524548767728,0.712268011658721,-0.0471896993727944
sorting,4,0,0.966352766808786,0.966352766808786,0.96604169672655,-0.00031107008223541,0.1652,0.1652,0.2374,1,0,0.695871946082561,0.304128053917439,0,0.00112283956240151,0.000422048559234061,0.000809272664680447,-0.00878535387354484,0.0722,361,0,0.0722,0,361,0,1,0,-0.000311070082235391,-0.00430844989245694,0.00430844989245694,1,1
sorting,4,0.02,0.966352766808786,0.965475189393029,0.965319666107783,-0.000155523285245707,0.1652,0.1652,0.0926,0.700968523002421,0.299031476997579,0.840172786177106,0.159827213822894,0.00036208628679774,0.00140789563902668,0.000311556620679902,0.000333481538996246,0.0117125330924314,0.0726,363,0.0346,0.038,173,190,0.476584022038568,0.523415977961433,0.000350434486537547,-0.000505957771783321,0.00214219401164977,0.0117960366159899,0.966180108151204,0.158670560980958
sorting,4,0.05,0.966352766808786,0.963896769131709,0.963977718093802,8.09489620925419e-05,0.1652,0.1652,0.082,0.554479418886199,0.445520581113802,0.653658536585366,0.346341463414634,0.00196757956795696,0.0028465539381298,0.000366998732406745,0.000561467508178239,0.0141841934504642,0.0832,416,0.0452,0.038,226,190,0.543269230769231,0.456730769230769,0.00094304386859929,-0.000862094906506819,-0.000972944255919126,0.0216963795084869,0.887107189404287,0.0607255252331962
sorting,4,0.08,0.966352766808786,0.962211270155331,0.963003507790299,0.000792237634967719,0.1652,0.1652,0.0378,0.455205811138015,0.544794188861986,0.656084656084656,0.343915343915344,0.00431378996697272,0.00486191542539551,0.000599558610769213,0.000716334857973733,0.0339275735712246,0.1274,637,0.077,0.0504,385,252,0.604395604395604,0.395604395604396,0.00222640395094678,-0.00143416631597902,-0.00621850576897771,0.0287328906352104,0.802107422804297,0.0979787941401474
sorting,4,0.12,0.966352766808786,0.960061276367125,0.962324483765948,0.00226320739882246,0.1652,0.1652,0.0622,0.36319612590799,0.63680387409201,0.472668810289389,0.527331189710611,0.00813331512930738,0.00875535789034405,0.00070841775626684,0.00132990837015846,0.0206986221000597,0.103,515,0.0724,0.0306,362,153,0.702912621359223,0.297087378640777,0.00307529081799075,-0.000812083419168342,-0.0219728873672079,0.0377414974481466,0.70536199083848,0.031148435365424
sorting,5,0,0.966537108400913,0.966537108400913,0.965784115571579,-0.000752992829334387,0.1576,0.1576,0.0624,1,0,1,0,0,0.000941686326910678,0.000880516254195772,0.00151173045537803,0.0203998509406839,0.0952,476,0,0.0952,0,476,0,1,0,-0.000752992829334406,0.00790958854342863,0.00790958854342863,1,1
sorting,5,0.02,0.966537108400913,0.965692919522143,0.96570422594582,1.13064236771931e-05,0.1576,0.1576,0.1406,0.723350253807107,0.276649746192893,0.746799431009957,0.253200568990043,0.000362043800664279,0.00136517737971545,0.000347424575985996,0.000779418666956999,0.00205533381678047,0.017,85,0.008,0.009,40,45,0.470588235294118,0.529411764705882,9.73098400257361e-05,-8.60034163485495e-05,-0.000665083745716861,0.0107831327278992,0.968776838655073,0.0316396325972249
sorting,5,0.05,0.966537108400913,0.96382095893271,0.964103747312975,0.000282788380265298,0.1576,0.1576,0.0606,0.524111675126904,0.475888324873097,0.66996699669967,0.33003300330033,0.00195719369414776,0.00495602549838836,0.000482753256476403,0.00107214618808449,0.0210578220726703,0.097,485,0.055,0.042,275,210,0.567010309278351,0.43298969072165,0.0012031667794452,-0.000920378399179934,-0.00291534412644609,0.0218922183363416,0.884947657317906,0.160600380562892
sorting,5,0.08,0.966537108400913,0.962237477813512,0.963165227240973,0.000927749427460878,0.1576,0.1576,0.0554,0.421319796954315,0.578680203045685,0.483754512635379,0.516245487364621,0.00450883967901295,0.00525197607967312,0.000516316767795285,0.000387689059889943,0.0233002928272403,0.1022,511,0.0626,0.0396,313,198,0.61252446183953,0.38747553816047,0.0019828677855094,-0.00105511835804847,-0.00907778304756284,0.0297258918156347,0.805910185516407,0.114003863531714
sorting,5,0.12,0.966537108400913,0.961077079624695,0.963034874518954,0.00195779489425885,0.1576,0.1576,0.0422,0.380710659898477,0.619289340101523,0.535545023696682,0.464454976303318,0.00801375284345406,0.00840782875926753,0.000754265793756491,0.000505069527567804,0.0303287687091945,0.1154,577,0.078,0.0374,390,187,0.675909878682842,0.324090121317158,0.00291332030042065,-0.000955525406161887,-0.0169652937110811,0.0335255260535748,0.721872681578907,0.210908249526745
sorting,6,0,0.966202478628561,0.966202478628561,0.965187996966553,-0.0010144816620079,0.1624,0.1624,0.051,1,0,1,0,0,0.000746731033298838,0.000561178486189588,0.00123926323120811,0.0228693531861912,0.1114,557,0,0.1114,0,557,0,1,0,-0.00101448166200792,0.00910665764818598,0.00910665764818598,1,1
sorting,6,0.02,0.966202478628561,0.965419669380661,0.96470113790762,-0.00071853147304124,0.1624,0.1624,0.0452,0.741379310344828,0.258620689655172,0.969026548672566,0.0309734513274336,0.000359881309583783,0.00110627058964044,0.00156970839153445,0.000605405842911006,0.0261367549329705,0.1172,586,0.0406,0.0766,203,383,0.34641638225256,0.65358361774744,0.000423132102239546,-0.00114166357528081,0.006130814616393,0.0133514989549518,0.971159644286386,0.28881961474132
sorting,6,0.05,0.966202478628561,0.963773278709042,0.964080060524303,0.000306781815260782,0.1624,0.1624,0.0782,0.562807881773399,0.437192118226601,0.662404092071611,0.337595907928389,0.00192167230621577,0.00269844557952312,0.00100734140355892,0.000858859013542673,0.0143071480245454,0.0842,421,0.0446,0.0396,223,198,0.529691211401425,0.470308788598575,0.00104441535748101,-0.000737633542220227,-0.00364348949240832,0.0211644762434826,0.891159845598394,0.179506510757988
sorting,6,0.08,0.966202478628561,0.962033297039847,0.961645967595557,-0.000387329444289986,0.1624,0.1624,0.1846,0.423645320197044,0.576354679802956,0.409534127843987,0.590465872156013,0.00436521040595154,0.00552950560462894,0.000949545299683491,0.000361294484556854,-0.00269304344627819,0.0222,111,0.0068,0.0154,34,77,0.306306306306306,0.693693693693694,0.000130851430344361,-0.000518180874634352,-0.0174472722653149,0.0292356894134555,0.812645852697834,-0.0667690417690418
sorting,6,0.12,0.966202478628561,0.960233363341906,0.962608218411285,0.00237485506937984,0.1624,0.1624,0.0156,0.364532019704434,0.635467980295567,0.5,0.5,0.00874501324125001,0.00889496301998172,0.00144851683971471,0.000625677294130306,0.0588079165591913,0.1468,734,0.0954,0.0514,477,257,0.649863760217984,0.350136239782016,0.00364779060711111,-0.00127293553773128,-0.0161774868486364,0.0335199328667738,0.712148338341934,0.133662435016124
sorting,7,0,0.963903709974024,0.963903709974024,0.963837318119896,-6.6391854127601e-05,0.1606,0.1606,0.1906,1,0,0.842602308499475,0.157397691500525,0,0.000958484978093638,0.000443640774118676,0.000886239536514583,-0.00420962183827456,0.03,150,0,0.03,0,150,0,1,0,-6.63918541275196e-05,-0.00221306180425065,0.00221306180425065,1,1
sorting,7,0.02,0.963903709974024,0.962978615053204,0.961420624240919,-0.0015579908122848,0.1606,0.1606,0.3076,0.714819427148194,0.285180572851806,0.498699609882965,0.501300390117035,0.00037539378658823,0.00155381283863115,0.000685851039348256,0.00120277686059863,-0.0186147513511307,0.147,735,0.0386,0.1084,193,542,0.262585034013605,0.737414965986395,0.000356291006293118,-0.00191428181857796,-0.0105985769543187,0.0154460736385788,0.968232138281285,0.264717251075291
sorting,7,0.05,0.963903709974024,0.961417565277599,0.959022142394921,-0.00239542288267747,0.1606,0.1606,0.2992,0.534246575342466,0.465753424657534,0.42379679144385,0.57620320855615,0.00191760114660388,0.00250336830343766,0.000906770403606924,0.000703805474063952,-0.0175898155506686,0.1386,693,0.041,0.0976,205,488,0.295815295815296,0.704184704184704,0.000541465299181045,-0.00293688818185848,-0.0172829933815111,0.0250963454620457,0.891154859838194,0.186445985591427
sorting,7,0.08,0.963903709974024,0.960106056552454,0.960856050530701,0.000749993978247487,0.1606,0.1606,0.066,0.448318804483188,0.551681195516812,0.509090909090909,0.490909090909091,0.00419281890733833,0.00509914272676201,0.00037483819820732,0.00124728815154505,0.0176512541312329,0.0946,473,0.0562,0.0384,281,192,0.594080338266385,0.405919661733615,0.00161300701346741,-0.000863013035219899,-0.00792805473834576,0.0261735734533542,0.817386277207451,0.0956935173018158
sorting,7,0.12,0.963903709974024,0.958301709025699,0.960036250245373,0.00173454121967309,0.1606,0.1606,0.0626,0.356164383561644,0.643835616438356,0.434504792332268,0.565495207667732,0.0083959033895156,0.00813315265776067,0.00146359741555265,0.000485237260216682,0.0189598765313155,0.098,490,0.068,0.03,340,150,0.693877551020408,0.306122448979592,0.00246352009722647,-0.000728978877553323,-0.0176994002007464,0.0325765201508142,0.720007845120314,0.067285357035121
sorting,8,0,0.964632497323796,0.964632497323796,0.964083535067466,-0.000548962256330277,0.1614,0.1614,0.2546,1,0,0.633935585231736,0.366064414768264,0,0.000768418610205212,0.000828145171264618,0.000112848540186942,-0.0119241643791075,0.0932,466,0,0.0932,0,466,0,1,0,-0.000548962256330265,-0.00589015296491701,0.00589015296491701,1,1
sorting,8,0.02,0.964632497323796,0.96375335802626,0.963571304373735,-0.000182053652525216,0.1614,0.1614,0.1974,0.714993804213135,0.285006195786865,0.645390070921986,0.354609929078014,0.000359883005086817,0.00160748524622382,0.000777621846349059,0.000433747633282821,-0.00449006814767905,0.036,180,0.012,0.024,60,120,0.333333333333333,0.666666666666667,0.000118048611676649,-0.000300102264201923,-0.00505704590347982,0.0116153021077381,0.967869289178772,0.145730835313847
sorting,8,0.05,0.964632497323796,0.961896200206219,0.962070123170433,0.000173922964213924,0.1614,0.1614,0.1444,0.524163568773234,0.475836431226766,0.545706371191136,0.454293628808864,0.00192389124676827,0.00283635201105094,0.00105556668544783,0.000402247365628818,0.00187880561059961,0.017,85,0.0112,0.0058,56,29,0.658823529411765,0.341176470588235,0.000294999460383301,-0.000121076496169364,-0.0102307626008198,0.0244750562678038,0.884355371470215,0.0670705491498925
sorting,8,0.08,0.964632497323796,0.960702254942666,0.961489256432575,0.000787001489909067,0.1614,0.1614,0.0206,0.447335811648079,0.552664188351921,0.689320388349515,0.310679611650485,0.00427749251987291,0.00521304724233327,0.0012425218467049,0.000295044236404433,0.0472262282323398,0.1408,704,0.0828,0.058,414,290,0.588068181818182,0.411931818181818,0.00226324160556561,-0.00147624011565662,-0.00558949921810358,0.0265588190427715,0.809973946894958,0.169690962468118
sorting,8,0.12,0.964632497323796,0.958843572027251,0.958173086240825,-0.000670485786425257,0.1614,0.1614,0.1876,0.344485749690211,0.655514250309789,0.336886993603412,0.663113006396588,0.00803777495986831,0.00816946927134185,0.00224016457340773,0.0013486532374263,-0.00312327427111436,0.0262,131,0.0076,0.0186,38,93,0.290076335877863,0.709923664122137,0.000196516461227395,-0.0008670022476527,-0.0255910605505842,0.0405923171328281,0.711554361166174,0.126877702450222
sorting,9,0,0.965932642117405,0.965932642117405,0.96491674700659,-0.00101589511081479,0.1612,0.1612,0.0552,1,0,1,0,0,0.00103845656441429,0.000329868656338103,0.000613912094881535,0.0253816746737983,0.106,530,0,0.106,0,530,0,1,0,-0.00101589511081478,0.00958391613976212,0.00958391613976212,1,1
sorting,9,0.02,0.965932642117405,0.965070631566821,0.964613266937386,-0.00045736462943502,0.1612,0.1612,0.0634,0.718362282878412,0.281637717121588,0.933753943217665,0.0662460567823344,0.000359645277836672,0.00166737837300175,0.000300053329932173,0.001093042341473,0.0214436633664485,0.0978,489,0.0412,0.0566,206,283,0.421267893660532,0.578732106339468,0.000470123591451177,-0.000927488220886175,0.00467652995332309,0.0142905093286028,0.967698350899934,0.290983298680027
sorting,9,0.05,0.965932642117405,0.963190714203447,0.962732820754218,-0.000457893449229085,0.1612,0.1612,0.015,0.528535980148883,0.471464019851117,0.853333333333333,0.146666666666667,0.00198618130332102,0.0030554638839608,0.00117602746069815,0.00203700319049639,0.0644568028579996,0.1462,731,0.0738,0.0724,369,362,0.504787961696307,0.495212038303694,0.0015679775806869,-0.00202587102991603,0.00313196613699815,0.0245817278427013,0.883171983550879,0.203081124239396
sorting,9,0.08,0.965932642117405,0.961449634566216,0.962378779015235,0.000929144449018704,0.1612,0.1612,0.0246,0.420595533498759,0.579404466501241,0.577235772357724,0.422764227642276,0.00432789926207402,0.00559859139738844,0.000803843488669576,0.000250058896700685,0.0493534571288544,0.1366,683,0.083,0.0536,415,268,0.607613469985359,0.392386530014641,0.00231993251487487,-0.00139078806585614,-0.00680193593717959,0.0271648651590849,0.808996121191845,0.0925793894619633
sorting,9,0.12,0.965932642117405,0.960498836939782,0.962036486964827,0.0015376500250448,0.1612,0.1612,0.0028,0.397022332506204,0.602977667493797,0.857142857142857,0.142857142857143,0.00846633099583784,0.00855501178366368,0.00114224634182512,0.00050734980984872,0.11129028259729,0.1584,792,0.0968,0.0616,484,308,0.611111111111111,0.388888888888889,0.00329748253606457,-0.00175983251101976,-0.00970738652174751,0.0319274939841183,0.720005303232212,0.120715205293763
sorting,10,0,0.966616298926365,0.966616298926365,0.966122213253051,-0.000494085673314326,0.1682,0.1682,0.2576,1,0,0.652950310559006,0.347049689440994,0,0.000949275661816183,0.000457505257507752,0.000655530449284599,-0.0113887501621618,0.0894,447,0,0.0894,0,447,0,1,0,-0.000494085673314254,-0.00552668538382834,0.00552668538382834,1,1
sorting,10,0.02,0.966616298926365,0.965652190474693,0.965625275152117,-2.69153225767038e-05,0.1682,0.1682,0.1796,0.703923900118906,0.296076099881094,0.689309576837417,0.310690423162584,0.000364472148218579,0.000985941321492036,0.00106405921266832,0.0013281280027655,-0.00132083350014256,0.0114,57,0.0054,0.006,27,30,0.473684210526316,0.526315789473684,4.89359414359618e-05,-7.58512640126398e-05,-0.00236099320848053,0.0109462460919826,0.966699586155983,0.172608244749806
sorting,10,0.05,0.966616298926365,0.963758250320982,0.964229142632979,0.000470892311997373,0.1682,0.1682,0.104,0.523186682520809,0.476813317479191,0.603846153846154,0.396153846153846,0.00186362524920501,0.00232414354654243,0.000544177120289432,0.000536174273415986,0.00934127023408904,0.0642,321,0.039,0.0252,195,126,0.607476635514019,0.392523364485981,0.000958113131425343,-0.00048722081942798,-0.0073347712149122,0.0225129898886811,0.877450594522024,0.130159415452487
sorting,10,0.08,0.966616298926365,0.962420477685204,0.962598720333353,0.000178242648149585,0.1682,0.1682,0.1534,0.451843043995244,0.548156956004756,0.461538461538462,0.538461538461538,0.00429676030347925,0.00513396168043401,0.000152631326908163,0.000456959687946877,0.00141969876880232,0.0148,74,0.0096,0.0052,48,26,0.648648648648649,0.351351351351351,0.000268195831543735,-8.99531833940874e-05,-0.0120434221722735,0.0241992577660691,0.803003903288156,-0.0681081081081081
sorting,10,0.12,0.966616298926365,0.960827961856936,0.962972221563887,0.0021442597069512,0.1682,0.1682,0.0264,0.379310344827586,0.620689655172414,0.537878787878788,0.462121212121212,0.00847497952629731,0.00787356377208332,0.000764140482226617,0.000422894283462339,0.0432316573941588,0.1418,709,0.0922,0.0496,461,248,0.650211565585332,0.349788434414669,0.00356691389694793,-0.00142265418999665,-0.0151217186667932,0.0351873630955189,0.696458432082337,0.0976689906838415
sorting,11,0,0.965366634145338,0.965366634145338,0.963873676351064,-0.00149295779427405,0.156,0.156,0.0344,1,0,1,0,0,0.00137888999867576,0.000409088449531888,0.000398930523281018,0.0339979306648605,0.1216,608,0,0.1216,0,608,0,1,0,-0.00149295779427408,0.012277613439754,0.012277613439754,1,1
sorting,11,0.02,0.965366634145338,0.964461826911186,0.96314297487954,-0.00131885203164628,0.156,0.156,0.0208,0.703846153846154,0.296153846153846,0.990384615384615,0.00961538461538462,0.000378900200371291,0.00155095407573567,0.000540685765956382,0.000327586459043115,0.0489141867080862,0.1352,676,0.046,0.0892,230,446,0.340236686390533,0.659763313609468,0.00047907513917732,-0.00179792717082359,0.00975482271927716,0.0168417330621369,0.970021575184863,0.457531690746098
sorting,11,0.05,0.965366634145338,0.962730087002854,0.961999931083155,-0.000730155919699049,0.156,0.156,0.0052,0.535897435897436,0.464102564102564,0.807692307692308,0.192307692307692,0.00198611487264205,0.00353858574945463,0.000603103098446859,0.00108705480218808,0.087923933729412,0.1508,754,0.0714,0.0794,357,397,0.473474801061008,0.526525198938992,0.00148573912134528,-0.00221589504104437,0.00484188275662527,0.0245466456391886,0.890901840692074,0.269738828864282
sorting,11,0.08,0.965366634145338,0.961108708768638,0.961856785748321,0.000748076979683043,0.156,0.156,0.0046,0.424358974358974,0.575641025641026,0.652173913043478,0.347826086956522,0.00431996992262743,0.0054029211441176,0.000595522624970065,0.00054625422288857,0.0930611509108121,0.1514,757,0.0882,0.0632,441,316,0.582562747688243,0.417437252311757,0.00252614406554389,-0.00177806708586092,-0.00494106327399588,0.0284293999432286,0.808924418692977,0.181541280834422
sorting,11,0.12,0.965366634145338,0.959918357378047,0.961786958740191,0.00186860136214395,0.156,0.156,0.0014,0.382051282051282,0.617948717948718,0.857142857142857,0.142857142857143,0.00833805767788221,0.00894645265554364,0.000945623081644906,0.000934763445710716,0.112829563921856,0.1546,773,0.0962,0.0584,481,292,0.622250970245796,0.377749029754204,0.00361019467111253,-0.00174159330896863,-0.0120866841018363,0.0346169985774978,0.721392030007681,0.174209645420893
sorting,12,0,0.965259074520198,0.965259074520198,0.964918008956297,-0.000341065563901122,0.1578,0.1578,0.0894,1,0,1,0,0,0.00177630298486051,0.000412510329828435,0.000938257326787018,0.011460565956242,0.0684,342,0,0.0684,0,342,0,1,0,-0.00034106556390117,0.00498633865352588,0.00498633865352588,1,1
sorting,12,0.02,0.965259074520198,0.964278042988221,0.964365880652893,8.78376646724632e-05,0.1578,0.1578,0.1186,0.692015209125475,0.307984790874525,0.772344013490725,0.227655986509275,0.000367440277968223,0.00194321010794956,0.000345148487623686,0.00106182953094476,0.00573416015121664,0.0392,196,0.0216,0.0176,108,88,0.551020408163265,0.448979591836735,0.000296637876469803,-0.000208800211797401,-0.00224075675184699,0.0128938287823266,0.966412770208511,0.230071161615759
sorting,12,0.05,0.965259074520198,0.962840135590104,0.962911584869419,7.14492793152388e-05,0.1578,0.1578,0.1276,0.542458808618505,0.457541191381496,0.567398119122257,0.432601880877743,0.00191608484983191,0.00329695151519653,0.000365151320808221,0.000893660059689142,0.00409846834230343,0.0302,151,0.017,0.0132,85,66,0.562913907284768,0.437086092715232,0.000379287017416487,-0.000307837738101262,-0.00236587017600085,0.0227524753482698,0.894154526454181,0.114241896131056
sorting,12,0.08,0.965259074520198,0.961132670756379,0.962040603952713,0.000907933196333532,0.1578,0.1578,0.013,0.420785804816223,0.579214195183777,0.738461538461539,0.261538461538462,0.0043796857686676,0.00504208910388265,0.000672388948086368,0.00129337579533241,0.0590041934148132,0.1448,724,0.088,0.0568,440,284,0.607734806629834,0.392265193370166,0.00246120389100884,-0.00155327069467521,-0.00627025688075709,0.0277242720005805,0.808869591650783,0.0431241200655489
sorting,12,0.12,0.965259074520198,0.959602215077699,0.961721449445061,0.00211923436736172,0.1578,0.1578,0.0312,0.373891001267427,0.626108998732573,0.480769230769231,0.519230769230769,0.00850602265428146,0.00986748872138374,0.00158653904100216,0.00309066241990514,0.0357672023688934,0.1266,633,0.0826,0.044,413,220,0.652448657187994,0.347551342812006,0.00319250183361059,-0.00107326746624888,-0.0167396079570436,0.0336948601884634,0.721620297280812,0.111816821985616
sorting,13,0,0.965906186422327,0.965906186422327,0.965323540832169,-0.00058264559015786,0.1484,0.1484,0.246,1,0,0.603252032520325,0.396747967479675,0,0.00102552885162227,0.00137270016952833,0.00100258300489798,-0.0117041499135179,0.0976,488,0,0.0976,0,488,0,1,0,-0.000582645590157926,-0.0059697294073558,0.0059697294073558,1,1
sorting,13,0.02,0.965906186422327,0.965115884582483,0.965101822658215,-1.40619242671169e-05,0.1484,0.1484,0.1586,0.722371967654987,0.277628032345014,0.707440100882724,0.292559899117276,0.000361175990227964,0.00123156893434576,0.00100470901183099,0.00146677672684634,-0.00126250003702122,0.0102,51,0.005,0.0052,25,26,0.490196078431373,0.509803921568627,5.73792270086673e-05,-7.14411512757797e-05,-0.00137862002618749,0.0126294488514164,0.967946795165872,-0.205610859728507
sorting,13,0.05,0.965906186422327,0.963430601635698,0.96341387752174,-1.67241139583663e-05,0.1484,0.1484,0.147,0.497304582210243,0.502695417789758,0.497959183673469,0.502040816326531,0.00194043116436378,0.00304210236621226,0.00131450397719844,0.000909941714407255,0.000186959478175597,0.0014,7,8e-04,6e-04,4,3,0.571428571428571,0.428571428571429,1.52198839088223e-05,-3.19439978672519e-05,0.0119457956845926,0.0336884869829101,0.886773349582934,-0.321428571428571
sorting,13,0.08,0.965906186422327,0.962197332712035,0.962708199075415,0.000510866363379381,0.1484,0.1484,0.0974,0.428571428571429,0.571428571428571,0.455852156057495,0.544147843942505,0.00428738344610345,0.00523584174704723,0.00220668644438785,0.00103182614762403,0.00811228480982173,0.051,255,0.0318,0.0192,159,96,0.623529411764706,0.376470588235294,0.000945622932709343,-0.000434756569329893,-0.0100169875172441,0.0270662647458674,0.81017900712716,0.117540672765169
sorting,13,0.12,0.965906186422327,0.960373116006122,0.961601917766983,0.00122880176086004,0.1484,0.1484,0.0982,0.340970350404313,0.659029649595687,0.376782077393075,0.623217922606925,0.0084220586570365,0.0087045776235752,0.00280018885481708,0.00180188752822952,0.00779441089243416,0.0502,251,0.0366,0.0136,183,68,0.729083665338646,0.270916334661355,0.00155892654872525,-0.000330124787865223,-0.0244781227262953,0.0376305047129575,0.713686084739443,0.0870111933219503
sorting,14,0,0.966254707479642,0.966254707479642,0.964537733277091,-0.00171697420255046,0.1596,0.1596,0.0328,1,0,1,0,0,0.0011961928346285,0.000308527566616111,0.0010940141984127,0.0394125423045939,0.1268,634,0,0.1268,0,634,0,1,0,-0.00171697420255041,0.0135408060138045,0.0135408060138045,1,1
sorting,14,0.02,0.966254707479642,0.965314653563608,0.964467516194259,-0.000847137369348938,0.1596,0.1596,0.0374,0.709273182957394,0.290726817042607,0.978609625668449,0.0213903743315508,0.000359757385308895,0.00220732302232213,0.000513378720609962,0.00132170222765295,0.0369121711853149,0.1222,611,0.0456,0.0766,228,383,0.37315875613748,0.626841243862521,0.000488677917445404,-0.00133581528679426,0.0069323843645569,0.0149303862867403,0.966873583282943,0.440730031917787
sorting,14,0.05,0.966254707479642,0.963470038923057,0.96359954163878,0.000129502715723318,0.1596,0.1596,0.0498,0.515037593984962,0.484962406015038,0.706827309236948,0.293172690763052,0.00191304629412592,0.00276857470670816,0.000921079262289814,0.00101948629508298,0.0274771285522939,0.1098,549,0.0628,0.047,314,235,0.571948998178506,0.428051001821494,0.00138650455775323,-0.00125700184202989,-0.00117944185540387,0.0240756502712489,0.886482020483281,0.202073384315816
sorting,14,0.08,0.966254707479642,0.961811912442342,0.9624900953238,0.000678182881457157,0.1596,0.1596,0.116,0.421052631578947,0.578947368421053,0.456896551724138,0.543103448275862,0.00450388953511136,0.00585933967807526,0.00108873060302978,0.00118941980835988,0.00739498079704071,0.0436,218,0.0294,0.0142,147,71,0.674311926605505,0.325688073394495,0.00101750151207903,-0.000339318630621863,-0.0155546532444305,0.0311197280435986,0.80276399371056,0.117684976101384
sorting,14,0.12,0.966254707479642,0.960391556916743,0.96243949340198,0.00204793648523749,0.1596,0.1596,0.012,0.380952380952381,0.619047619047619,0.516666666666667,0.483333333333333,0.00874885330412514,0.00898098563979248,0.00152547977430843,0.00104500755182949,0.0697157441724038,0.1476,738,0.093,0.0546,465,273,0.630081300813008,0.369918699186992,0.00364948372033013,-0.00160154723509257,-0.0138749084365688,0.0355760904838937,0.705714550660582,0.162562650683287
sorting,15,0,0.964966965921475,0.964966965921475,0.962491178241864,-0.00247578767961143,0.1564,0.1564,0.352,1,0,0.444318181818182,0.555681818181818,0,0.00113070429518397,0.000686779694659646,0.00134963382230516,-0.0252547394417985,0.1956,978,0,0.1956,0,978,0,1,0,-0.00247578767961148,-0.0126574012250076,0.0126574012250076,1,1
sorting,15,0.02,0.964966965921475,0.964062571890535,0.964053251348638,-9.32054189728415e-06,0.1564,0.1564,0.0972,0.709718670076726,0.290281329923274,0.845679012345679,0.154320987654321,0.000366323139911997,0.00163343379396038,0.000674034016747702,0.000884317801203713,0.00912845411511043,0.0592,296,0.0304,0.0288,152,144,0.513513513513514,0.486486486486487,0.000365247208030555,-0.000374567749927907,0.000157441586103917,0.0124968742898389,0.968036566113462,0.0993665468241739
sorting,15,0.05,0.964966965921475,0.962346082617695,0.962026649756541,-0.000319432861154434,0.1564,0.1564,0.1924,0.525575447570333,0.474424552429668,0.490644490644491,0.509355509355509,0.00192255625331907,0.00290741634143549,0.00104704081042724,0.00134758350594758,-0.00489533152281585,0.036,180,0.0122,0.0238,61,119,0.338888888888889,0.661111111111111,0.000215481331162641,-0.00053491419231711,-0.00887313503206858,0.0208443200966597,0.889504456956178,-0.0769097811660854
sorting,15,0.08,0.964966965921475,0.96091803445735,0.96187188243631,0.000953847978959477,0.1564,0.1564,0.048,0.455242966751918,0.544757033248082,0.566666666666667,0.433333333333333,0.00422273345781408,0.00485480547695702,0.00131902896563681,0.000868549139108224,0.0247722928128674,0.1084,542,0.0644,0.044,322,220,0.59409594095941,0.40590405904059,0.00206874532350869,-0.00111489734454925,-0.00879933559925678,0.0293693973068076,0.81481925889677,0.0930973763736269
sorting,15,0.12,0.964966965921475,0.959213748236639,0.961466411095024,0.00225266285838543,0.1564,0.1564,0.0236,0.359335038363171,0.640664961636829,0.508474576271186,0.491525423728814,0.0085622052507498,0.00887989794056714,0.00129240845297774,0.000596081598389409,0.0448178021818545,0.1328,664,0.0886,0.0442,443,221,0.667168674698795,0.332831325301205,0.00347965356118017,-0.00122699070279472,-0.0169628227288061,0.0354415983733048,0.711866689594667,0.0524042483682903
sorting,16,0,0.964774111927394,0.964774111927394,0.964304598002209,-0.000469513925185239,0.1562,0.1562,0.2386,1,0,0.654652137468567,0.345347862531433,0,0.000985809645504138,0.000620711842941392,0.00105311240917291,-0.0114730862702968,0.0824,412,0,0.0824,0,412,0,1,0,-0.000469513925185263,-0.00569798452894737,0.00569798452894737,1,1
sorting,16,0.02,0.964774111927394,0.963937478621182,0.963376842623014,-0.000560635998167469,0.1562,0.1562,0.2214,0.717029449423816,0.282970550576184,0.599819331526649,0.400180668473351,0.000361240315178574,0.00162415594538056,0.000526234866600425,0.0013230933083708,-0.00918933973370761,0.0652,326,0.0208,0.0444,104,222,0.319018404907975,0.680981595092025,0.000167876745375452,-0.000728512743542914,-0.00859871162833531,0.0137483050447602,0.968277353611094,0.160319174268631
sorting,16,0.05,0.964774111927394,0.962214848176976,0.9623226358236,0.000107787646623669,0.1562,0.1562,0.0456,0.53393085787452,0.46606914212548,0.706140350877193,0.293859649122807,0.00197230791539167,0.00309452902584059,0.000538972538656221,0.000633107693156435,0.0252688997631234,0.1106,553,0.0594,0.0512,297,256,0.537070524412297,0.462929475587704,0.00124819336562626,-0.00114040571900254,-0.000974571850123991,0.0215967367507125,0.888648808249952,0.177260816487912
sorting,16,0.08,0.964774111927394,0.960665808858941,0.96183981668972,0.00117400783077881,0.1562,0.1562,0.0556,0.441741357234315,0.558258642765685,0.568345323741007,0.431654676258993,0.0042805436415447,0.0047739095225093,0.000516013283091877,0.000660189191409482,0.0212792138801338,0.1006,503,0.0632,0.0374,316,187,0.628230616302187,0.371769383697813,0.00207758982890236,-0.000903581998123516,-0.0116700579600283,0.0296339147815693,0.815568604206744,0.133925624775347
sorting,16,0.12,0.964774111927394,0.959203031043512,0.961361604017869,0.00215857297435784,0.1562,0.1562,0.0056,0.384122919334187,0.615877080665813,0.464285714285714,0.535714285714286,0.00790983443762855,0.00827184127366052,0.00076149696850992,0.000414615016689112,0.0852472024270521,0.1506,753,0.0932,0.0574,466,287,0.618857901726428,0.381142098273572,0.00374182337834577,-0.00158325040398795,-0.014333153880198,0.0353590556595864,0.724426105425044,0.144226609561528
sorting,17,0,0.965537109652753,0.965537109652753,0.965526898089279,-1.02115634738054e-05,0.1638,0.1638,0.149,1,0,1,0,0,0.00383232686202137,0.000921261508045928,0.00200901728417401,0.00160443894637985,0.0148,74,0,0.0148,0,74,0,1,0,-1.02115634737598e-05,0.00068997050498377,0.00068997050498377,1,1
sorting,17,0.02,0.965537109652753,0.964657713779962,0.964374668739183,-0.000283045040778918,0.1638,0.1638,0.0838,0.717948717948718,0.282051282051282,0.84964200477327,0.15035799522673,0.000363505352101091,0.00463210770348139,0.00165670258347958,0.0029229691209315,0.0129408369572785,0.08,400,0.0336,0.0464,168,232,0.42,0.58,0.00035150377251355,-0.000634548813292462,0.00353806300973641,0.0123256573225751,0.967994716831788,0.186747604672529
sorting,17,0.05,0.965537109652753,0.963011677731601,0.96313750370946,0.000125825977859262,0.1638,0.1638,0.0444,0.542124542124542,0.457875457875458,0.765765765765766,0.234234234234234,0.00188996155889285,0.006951130767175,0.0016835943730185,0.0023639519372255,0.0281353119205924,0.1194,597,0.0646,0.0548,323,274,0.541038525963149,0.458961474036851,0.00137196635428164,-0.0012461403764224,-0.00105381891004391,0.0219271920494476,0.89017050018282,0.135317843059205
sorting,17,0.08,0.965537109652753,0.961462039511653,0.960609855538167,-0.000852183973485743,0.1638,0.1638,0.2204,0.449328449328449,0.550671550671551,0.421052631578947,0.578947368421053,0.00430397646290893,0.00502842175653833,0.00145915596091987,0.00117086010324653,-0.00745184732682769,0.0566,283,0.0192,0.0374,96,187,0.339222614840989,0.660777385159011,0.00048332624598836,-0.00133551021947408,-0.015056253948511,0.0321349198844955,0.8207199881248,0.0404549694982163
sorting,17,0.12,0.965537109652753,0.96009764165812,0.962061285740707,0.00196364408258731,0.1638,0.1638,0.0144,0.377289377289377,0.622710622710623,0.611111111111111,0.388888888888889,0.00832171448891876,0.00831730714643038,0.00103689461263135,0.000695322424993349,0.0592943862243031,0.1494,747,0.0964,0.053,482,265,0.64524765729585,0.35475234270415,0.00338047359985673,-0.00141682951726938,-0.0131435346893397,0.0321104626313662,0.726280198139208,0.122667095961947
sorting,18,0,0.964840483934138,0.964840483934138,0.964840161395195,-3.22538942887363e-07,0.1648,0.1648,0.1626,1,0,1,0,0,0.00218026945984774,0.000539458318721387,0.0011663874276864,0.00028338023922414,0.0022,11,0,0.0022,0,11,0,1,0,-3.22538942881034e-07,0.00014660861040047,0.00014660861040047,1,1
sorting,18,0.02,0.964840483934138,0.963925752177177,0.963122847352103,-0.000802904825073836,0.1648,0.1648,0.0386,0.718446601941748,0.281553398058252,0.958549222797927,0.0414507772020725,0.000364511927087694,0.0020508875573888,0.000558486969923104,0.00121974559223416,0.0300830606547221,0.1262,631,0.0448,0.0814,224,407,0.354992076069731,0.645007923930269,0.000488476279879797,-0.00129138110495363,0.0063621618468608,0.014103465806921,0.970625014793,0.37556324862991
sorting,18,0.05,0.964840483934138,0.962314869450359,0.96230890431341,-5.96513694917089e-06,0.1648,0.1648,0.0316,0.544902912621359,0.455097087378641,0.759493670886076,0.240506329113924,0.00197553703791552,0.00375550361845317,0.000649046232915363,0.000549855775886305,0.035764301075668,0.1332,666,0.0674,0.0658,337,329,0.506006006006006,0.493993993993994,0.00148063250634763,-0.00148659764329672,4.47833104286621e-05,0.0222765026249576,0.894583180295327,0.172733568188472
sorting,18,0.08,0.964840483934138,0.960908577833449,0.961863102748861,0.000954524915412147,0.1648,0.1648,0.0636,0.445388349514563,0.554611650485437,0.562893081761006,0.437106918238994,0.00432167203383096,0.00516637119160164,0.000687151255011464,0.00112898700996467,0.0184646440577512,0.1012,506,0.0636,0.0376,318,188,0.628458498023715,0.371541501976285,0.00177216483959875,-0.000817639924186583,-0.00943206438154318,0.0255909561638867,0.819684462675378,0.13689199637741
sorting,18,0.12,0.964840483934138,0.95934344428188,0.96119017895699,0.00184673467510987,0.1648,0.1648,0.0398,0.393203883495146,0.606796116504854,0.477386934673367,0.522613065326633,0.00848057919840342,0.00982210626419143,0.000811530167016248,0.000487863850284658,0.0292550861935621,0.125,625,0.0792,0.0458,396,229,0.6336,0.3664,0.00298764804228399,-0.00114091336717407,-0.0147738774008794,0.0330284912756645,0.736355142318206,0.0654127795527157
sorting,19,0,0.963675302257395,0.963675302257395,0.962609722524655,-0.00106557973274002,0.1666,0.1666,0.055,1,0,1,0,0,0.00103273458992348,0.000445809587013481,0.000298840333499872,0.0254004673497448,0.1116,558,0,0.1116,0,558,0,1,0,-0.00106557973273997,0.00954820549050149,0.00954820549050149,1,1
sorting,19,0.02,0.963675302257395,0.962784972034647,0.962685789450159,-9.91825844879335e-05,0.1666,0.1666,0.101,0.721488595438175,0.278511404561825,0.851485148514852,0.148514851485149,0.000362622806602353,0.00128157836758498,0.000331963157713302,0.000268893510666469,0.0107200752387225,0.0656,328,0.0314,0.0342,157,171,0.478658536585366,0.521341463414634,0.000374688100249617,-0.00047387068473757,0.00151192964158466,0.0129353473321218,0.97021600140064,0.138331878982603
sorting,19,0.05,0.963675302257395,0.960932723938315,0.96126692884475,0.000334204906435764,0.1666,0.1666,0.0696,0.530612244897959,0.469387755102041,0.709770114942529,0.290229885057471,0.00189757464468213,0.0026420769753333,0.000443052921117166,0.000696638001026792,0.0190127356584744,0.097,485,0.058,0.039,290,195,0.597938144329897,0.402061855670103,0.00123074246838397,-0.000896537561948215,-0.00344541140655413,0.0219307219621874,0.894456154914246,0.123917399550014
sorting,19,0.08,0.963675302257395,0.959519338188914,0.960037848826453,0.000518510637539382,0.1666,0.1666,0.0094,0.464585834333734,0.535414165666267,0.723404255319149,0.276595744680851,0.00454798893946449,0.00481996769875028,0.000407810590918021,0.00104770383368728,0.0796362876458441,0.1572,786,0.0866,0.0706,433,353,0.55089058524173,0.44910941475827,0.00257430219160587,-0.00205579155406644,-0.00329841372480551,0.0294535225551674,0.813578064287123,0.262447874671735
sorting,19,0.12,0.963675302257395,0.958022566150206,0.959429634199662,0.00140706804945634,0.1666,0.1666,0.0666,0.387755102040816,0.612244897959184,0.426426426426426,0.573573573573574,0.00829827518492911,0.00807668599135834,0.00167883892866331,0.000802656362035992,0.0200292349832718,0.1,500,0.0638,0.0362,319,181,0.638,0.362,0.00249506515835135,-0.00108799710889501,-0.0140706804945634,0.0358306226724636,0.731328307269132,-0.0289508358033432
sorting,20,0,0.965308177846803,0.965308177846803,0.964583607811186,-0.0007245700356171,0.154,0.154,0.0648,1,0,1,0,0,0.00084563490151923,0.000506249235555908,0.000652689643847692,0.0189524624024838,0.0892,446,0,0.0892,0,446,0,1,0,-0.000724570035617109,0.00812298246207522,0.00812298246207522,1,1
sorting,20,0.02,0.965308177846803,0.964571084492764,0.962535270985022,-0.00203581350774207,0.154,0.154,0.3218,0.725974025974026,0.274025974025974,0.460534493474208,0.539465506525792,0.000359994694894089,0.00134432528274289,0.00037665545807278,0.00131304759300239,-0.0210478715989051,0.1678,839,0.0364,0.1314,182,657,0.216924910607867,0.783075089392133,0.000323343390349152,-0.00235915689809124,-0.0121323808566274,0.0159862949251513,0.970434794145392,0.289075629056883
sorting,20,0.05,0.965308177846803,0.962675414046813,0.962723876895597,4.84628487833483e-05,0.154,0.154,0.1234,0.523376623376623,0.476623376623377,0.539708265802269,0.460291734197731,0.0019639211083054,0.00303483285704969,0.000754720459281017,0.00102187442885591,0.00461750891377022,0.0306,153,0.0166,0.014,83,70,0.542483660130719,0.457516339869281,0.000329936581638313,-0.000281473732854966,-0.00158375322821398,0.0199807292318065,0.894175312951012,0.135948159167973
sorting,20,0.08,0.965308177846803,0.961429285158263,0.960153714027982,-0.00127557113028098,0.154,0.154,0.2156,0.424675324675325,0.575324675324675,0.38961038961039,0.61038961038961,0.00444535024227561,0.00510242185633569,0.000504461780995783,0.00151230463097324,-0.00766398708266636,0.0616,308,0.0186,0.043,93,215,0.301948051948052,0.698051948051948,0.000382950262713814,-0.00165852139299471,-0.020707323543521,0.0331407736316318,0.823067074842683,0.0564481848122467
sorting,20,0.12,0.965308177846803,0.959769489949745,0.956854729176787,-0.00291476077295794,0.154,0.154,0.243,0.367532467532468,0.632467532467533,0.330041152263374,0.669958847736626,0.00899999848238164,0.00918049474820604,0.00196679521275321,0.00142476685154025,-0.0109109876568996,0.089,445,0.0236,0.0654,118,327,0.265168539325843,0.734831460674157,0.000619279059265766,-0.00353403983222363,-0.0327501210444704,0.0466665043987573,0.723087931323517,0.0557930329180392
sorting,21,0,0.964825222028342,0.964825222028342,0.964702250382649,-0.000122971645693193,0.1666,0.1666,0.209,1,0,0.797129186602871,0.202870813397129,0,0.00112633310591395,0.000557560823668408,0.000711016167042627,-0.00584810435318961,0.0424,212,0,0.0424,0,212,0,1,0,-0.000122971645693157,-0.00290027466257445,0.00290027466257445,1,1
sorting,21,0.02,0.964825222028342,0.963866659742248,0.963884085896556,1.74261543082199e-05,0.1666,0.1666,0.108,0.715486194477791,0.284513805522209,0.824074074074074,0.175925925925926,0.000373751258664597,0.00163602485251554,0.000751981857142836,0.000720504396822437,0.00831246463213031,0.0586,293,0.0284,0.0302,142,151,0.484641638225256,0.515358361774744,0.000390543305678747,-0.000373117151370482,-0.000297374646898722,0.0130317484138094,0.966088832211553,0.2088170440461
sorting,21,0.05,0.964825222028342,0.962069010750334,0.962436060053033,0.000367049302698708,0.1666,0.1666,0.0682,0.524609843937575,0.475390156062425,0.648093841642229,0.351906158357771,0.00187105262543191,0.00304095509038436,0.000614475181192426,0.000720849309475761,0.0172044599789801,0.0984,492,0.0552,0.0432,276,216,0.560975609756098,0.439024390243902,0.00130263165782854,-0.000935582355129787,-0.00373017584043446,0.0227460773674627,0.889836057769442,0.117828728924933
sorting,21,0.08,0.964825222028342,0.960499562172295,0.960722179774235,0.00022261760193909,0.1666,0.1666,0.1598,0.440576230492197,0.559423769507803,0.448060075093867,0.551939924906133,0.00442585010276253,0.00534343839412257,0.00101171576245839,0.000584459644878877,0.00082033729708908,0.0068,34,0.005,0.0018,25,9,0.735294117647059,0.264705882352941,0.000254272542122281,-3.16549401832713e-05,-0.0327378826380897,0.0420481591625813,0.807329550757182,-0.212528647822765
sorting,21,0.12,0.964825222028342,0.959245755650377,0.961294850583219,0.00204909493284244,0.1666,0.1666,0.0136,0.376950780312125,0.623049219687875,0.544117647058824,0.455882352941176,0.00857428448877951,0.00882585863031146,0.000943673317743375,0.00116074911655288,0.0596077923848998,0.153,765,0.0976,0.0554,488,277,0.637908496732026,0.362091503267974,0.00353285714562306,-0.00148376221278067,-0.0133927773388392,0.0327883618196322,0.718062054834482,0.187777671455716
sorting,22,0,0.9654520723419,0.9654520723419,0.965427603274366,-2.44690675336168e-05,0.1688,0.1688,0.1478,1,0,1,0,0,0.00115080586625843,0.000552230026595235,0.00164505939061038,0.0023636913515005,0.021,105,0,0.021,0,105,0,1,0,-2.44690675336253e-05,0.0011651936920774,0.0011651936920774,1,1
sorting,22,0.02,0.9654520723419,0.964522531902512,0.964303297122578,-0.000219234779933575,0.1688,0.1688,0.212,0.7239336492891,0.2760663507109,0.652830188679245,0.347169811320755,0.000374904459791158,0.00143944694899661,0.000441988947981318,0.000475641230791199,-0.00541368781842289,0.0432,216,0.0162,0.027,81,135,0.375,0.625,0.00016944955403112,-0.000388684333964601,-0.00507487916512688,0.0129197659258269,0.967485270443411,0.179448433536956
sorting,22,0.05,0.9654520723419,0.962565973179475,0.962739653279471,0.000173680099996076,0.1688,0.1688,0.1424,0.514218009478673,0.485781990521327,0.540730337078652,0.459269662921348,0.00191493952606304,0.00259638750119264,0.00109227463078237,0.000851285547433741,0.00291334858965198,0.0264,132,0.0166,0.0098,83,49,0.628787878787879,0.371212121212121,0.000365469859750329,-0.000191789759754321,-0.00657879166651546,0.0211083189206307,0.885076047627042,-0.0560648672340115
sorting,22,0.08,0.9654520723419,0.961272398950145,0.960511670330371,-0.000760728619773943,0.1688,0.1688,0.2154,0.451421800947867,0.548578199052133,0.424326833797586,0.575673166202414,0.00432948913260818,0.00515095218170671,0.00176055779736507,0.00184533126296091,-0.00588639042744055,0.0466,233,0.0152,0.0314,76,157,0.32618025751073,0.67381974248927,0.000324391118614671,-0.00108511973838857,-0.0163246484930022,0.030247014098782,0.815250092706004,0.0185040774429556
sorting,22,0.12,0.9654520723419,0.959661003929705,0.961758934490232,0.00209793056052698,0.1688,0.1688,0.0238,0.393364928909953,0.606635071090047,0.504201680672269,0.495798319327731,0.00804784640579751,0.00809611701529333,0.00158880593346447,0.000618224013281831,0.0484780576164412,0.145,725,0.0906,0.0544,453,272,0.624827586206897,0.375172413793103,0.00349231918934088,-0.00139438862881399,-0.0144684866243234,0.0337014332286543,0.728835866753435,0.121957429120698
sorting,23,0,0.965517289117311,0.965517289117311,0.96452441577318,-0.000992873344131562,0.158,0.158,0.0506,1,0,1,0,0,0.00199721043120948,0.000914061753562502,0.000821602657817269,0.0240702041203383,0.1074,537,0,0.1074,0,537,0,1,0,-0.000992873344131621,0.00924463076472645,0.00924463076472645,1,1
sorting,23,0.02,0.965517289117311,0.96460060174631,0.963869080614172,-0.000731521132138813,0.158,0.158,0.037,0.705063291139241,0.29493670886076,0.978378378378378,0.0216216216216216,0.000364738964493623,0.00318455870031741,0.000933709441101732,0.000979363839214648,0.0330478482707849,0.121,605,0.0458,0.0752,229,376,0.378512396694215,0.621487603305785,0.000523032698537272,-0.00125455383067606,0.00604562919122968,0.0146907977620937,0.967613573392543,0.331253715377558
sorting,23,0.05,0.965517289117311,0.963148460905997,0.962404902287876,-0.00074355861812081,0.158,0.158,0.0102,0.560759493670886,0.439240506329114,0.92156862745098,0.0784313725490196,0.00189545096813137,0.00624193256409941,0.00224403084285223,0.000974395630493864,0.0754323805647604,0.1478,739,0.0686,0.0792,343,396,0.464140730717185,0.535859269282815,0.00141424542749381,-0.0021578040456146,0.00503084315372659,0.0241681290467416,0.892127795397112,0.227244291058278
sorting,23,0.08,0.965517289117311,0.961405234752095,0.962270044674102,0.000864809922007548,0.158,0.158,0.0908,0.424050632911392,0.575949367088608,0.491189427312775,0.508810572687225,0.00432134471094558,0.0049557216225316,0.000542578278451906,0.000428719583545266,0.0108497956287387,0.0672,336,0.0448,0.0224,224,112,0.666666666666667,0.333333333333333,0.00138522346688392,-0.000520413544876296,-0.0128691952679706,0.0283576936273841,0.811088628955545,0.0589631326200705
sorting,23,0.12,0.965517289117311,0.960027544568732,0.961937383033688,0.0019098384649564,0.158,0.158,0.0208,0.383544303797468,0.616455696202532,0.548076923076923,0.451923076923077,0.00827554665383454,0.00882829331514485,0.00106183904990827,0.000419404751100226,0.0552295625053594,0.1372,686,0.088,0.0492,440,246,0.641399416909621,0.358600583090379,0.0032773848776564,-0.00136754641270008,-0.0139201054297108,0.0338551843320443,0.731063236762529,0.140888764447043
sorting,24,0,0.964631986234714,0.964631986234714,0.964362256747189,-0.00026972948752535,0.1568,0.1568,0.0964,1,0,1,0,0,0.00124308459344289,0.000465906071271152,0.000680789616577936,0.00985278649005839,0.0604,302,0,0.0604,0,302,0,1,0,-0.000269729487525381,0.00446571999214208,0.00446571999214208,1,1
sorting,24,0.02,0.964631986234714,0.963665950006694,0.963679832515678,1.38825089837091e-05,0.1568,0.1568,0.1598,0.697704081632653,0.302295918367347,0.695869837296621,0.304130162703379,0.000375392022959254,0.00244517965358959,0.000771700776691905,0.000481510565379322,-0.000346209144138077,0.003,15,0.0018,0.0012,9,6,0.6,0.4,2.46900063863234e-05,-1.08074974026233e-05,0.0046275029945667,0.0118325012629822,0.969374564534982,-0.346428571428571
sorting,24,0.05,0.964631986234714,0.962051697987374,0.962242782216698,0.000191084229324012,0.1568,0.1568,0.0426,0.524234693877551,0.475765306122449,0.737089201877934,0.262910798122066,0.00194363369261139,0.00336004017637906,0.000667864141390753,0.000711576672249196,0.0275414907129156,0.1142,571,0.0634,0.0508,317,254,0.555166374781086,0.444833625218914,0.00127438899358863,-0.00108330476426461,-0.00167324193803863,0.0206453043594855,0.892420980560839,0.142354069563951
sorting,24,0.08,0.964631986234714,0.960347665774138,0.961261133295837,0.000913467521699074,0.1568,0.1568,0.0594,0.417091836734694,0.582908163265306,0.471380471380471,0.528619528619529,0.00444474165689936,0.00471532979885406,0.00068663582790268,0.000756351861763181,0.019561347339011,0.0974,487,0.06,0.0374,300,187,0.616016427104723,0.383983572895277,0.00185987133706194,-0.000946403815362943,-0.00937851664988702,0.0288118598811589,0.809356169686247,0.128038264249146
sorting,24,0.12,0.964631986234714,0.95877109008777,0.960199411564126,0.00142832147635696,0.1568,0.1568,0.106,0.362244897959184,0.637755102040816,0.411320754716981,0.588679245283019,0.00834037198687005,0.00856650575243645,0.00199232183102844,0.00112368073231513,0.00801056290091307,0.0508,254,0.0376,0.0132,188,66,0.740157480314961,0.259842519685039,0.00176226960500959,-0.00033394812865261,-0.0281165644952162,0.0412641286153977,0.712241381737655,-0.0221618484622694
sorting,25,0,0.965546109698113,0.965546109698113,0.964849599682746,-0.000696510015367524,0.1664,0.1664,0.0714,1,0,1,0,0,0.0011862169158657,0.000693291830187049,0.0015211374997776,0.017098823641585,0.095,475,0,0.095,0,475,0,1,0,-0.000696510015367534,0.00733168437228983,0.00733168437228983,1,1
sorting,25,0.02,0.965546109698113,0.964743144363389,0.964273142247396,-0.000470002115992796,0.1664,0.1664,0.0714,0.741586538461538,0.258413461538462,0.887955182072829,0.112044817927171,0.000354545757590856,0.00147845436248053,0.000522917894114399,0.00115338136207996,0.017098823641585,0.095,475,0.035,0.06,175,300,0.368421052631579,0.631578947368421,0.000376067175196174,-0.000846069291188983,0.00494739069466115,0.0128645943830017,0.969583210751328,0.254475167815294
sorting,25,0.05,0.965546109698113,0.962794053745896,0.962853582747681,5.95290017854078e-05,0.1664,0.1664,0.1558,0.549278846153846,0.450721153846154,0.558408215661104,0.441591784338896,0.00194828129987512,0.00377666113737346,0.000467146758245538,0.00191647594071143,0.00132846173120349,0.0106,53,0.0062,0.0044,31,22,0.584905660377359,0.415094339622642,0.000145453128099944,-8.59241263145226e-05,-0.00561594356466242,0.0218280428692893,0.888433084049323,-0.0454765360425738
sorting,25,0.08,0.965546109698113,0.961691277713835,0.962370411230902,0.000679133517066943,0.1664,0.1664,0.0406,0.462740384615385,0.537259615384615,0.640394088669951,0.359605911330049,0.00443168053787413,0.00536937497639703,0.00149711621816199,0.00174844639836141,0.0332537421776955,0.1258,629,0.0748,0.051,374,255,0.594594594594595,0.405405405405405,0.00202297570357442,-0.00134384218650741,-0.0053985176237441,0.0267632582677411,0.81413224168529,0.149247738344778
sorting,25,0.12,0.965546109698113,0.959562782125491,0.961660471836567,0.00209768971107538,0.1664,0.1664,0.026,0.371394230769231,0.628605769230769,0.5,0.5,0.00877210649315403,0.00864212030959506,0.00309792059670274,0.00190701876094617,0.0494609302898298,0.1404,702,0.0916,0.0488,458,244,0.652421652421652,0.347578347578348,0.00340095261402953,-0.00130326290295417,-0.0149408099079441,0.0335058085255249,0.706642360169694,0.139162819018664
sorting,26,0,0.965408322542334,0.965408322542334,0.965112639100037,-0.000295683442296912,0.1666,0.1666,0.1,1,0,1,0,0,0.00137339686436375,0.000613645527457988,0.000688368618390599,0.0103107493949937,0.0666,333,0,0.0666,0,333,0,1,0,-0.000295683442296971,0.00443969132578034,0.00443969132578034,1,1
sorting,26,0.02,0.965408322542334,0.96449358478353,0.964526345028427,3.27602448970676e-05,0.1666,0.1666,0.1578,0.720288115246099,0.279711884753902,0.737642585551331,0.262357414448669,0.000368736897996075,0.00168414726625828,0.000286099323397141,0.000779208635953727,0.00101489734070037,0.0088,44,0.0052,0.0036,26,18,0.590909090909091,0.409090909090909,7.43418956402598e-05,-4.15816507431374e-05,-0.00372275510194572,0.0131731302708406,0.968044874145795,0.0957011980267794
sorting,26,0.05,0.965408322542334,0.962540219960454,0.962597836999629,5.76170391750619e-05,0.1666,0.1666,0.1536,0.53781512605042,0.46218487394958,0.549479166666667,0.450520833333333,0.00186988483574941,0.00333795110755055,0.000422867736128695,0.000741326543529495,0.00144624970434992,0.013,65,0.0078,0.0052,39,26,0.6,0.4,0.000195540155870251,-0.000137923116695146,-0.0044320799365465,0.025651020966569,0.889775405543016,-0.00388986013986014
sorting,26,0.08,0.965408322542334,0.961135177586723,0.961855949342871,0.000720771756148264,0.1666,0.1666,0.0788,0.448979591836735,0.551020408163265,0.5,0.5,0.00441719720940034,0.0050649055899729,0.00128520704703746,0.00105352070199977,0.0156555773187562,0.0878,439,0.0524,0.0354,262,177,0.596810933940775,0.403189066059226,0.00159948987567899,-0.000878718119530636,-0.00820924551421819,0.0282256035900869,0.809568310590732,0.118614279595027
sorting,26,0.12,0.965408322542334,0.959856557167124,0.961443239511312,0.00158668234418813,0.1666,0.1666,0.0542,0.402160864345738,0.597839135654262,0.431734317343173,0.568265682656827,0.00871323113007863,0.008919912845196,0.00161904651288837,0.00215711244403013,0.0265681391501262,0.1124,562,0.0688,0.0436,344,218,0.612099644128114,0.387900355871886,0.002754561745316,-0.00116787940112791,-0.0141163909625276,0.03489716322459,0.718301733724069,0.0880100200240259
sorting,27,0,0.964706353239742,0.964706353239742,0.964418266313904,-0.00028808692583826,0.1616,0.1616,0.097,1,0,1,0,0,0.0015292839278984,0.000387153494252597,0.00102358329434227,0.0103380947024381,0.0646,323,0,0.0646,0,323,0,1,0,-0.000288086925838263,0.00445954993557683,0.00445954993557683,1,1
sorting,27,0.02,0.964706353239742,0.963914290183835,0.963795419889141,-0.00011887029469404,0.1616,0.1616,0.0928,0.721534653465347,0.278465346534654,0.864224137931035,0.135775862068966,0.000366489001335979,0.00182877965393217,0.000409503847180253,0.000459975545714893,0.0109790462163978,0.0688,344,0.0324,0.0364,162,182,0.47093023255814,0.529069767441861,0.000326993189709563,-0.0004458634844036,0.00172776591125054,0.0112333818911797,0.969946556557862,0.152877276867702
sorting,27,0.05,0.964706353239742,0.962117437076984,0.962340404849294,0.000222967772309457,0.1616,0.1616,0.0968,0.533415841584159,0.466584158415842,0.615702479338843,0.384297520661157,0.00194948844582119,0.00358157906687041,0.000937420578030939,0.000703345651221083,0.0103852166622156,0.0648,324,0.0382,0.0266,191,133,0.589506172839506,0.410493827160494,0.000802168169418319,-0.000579200397108832,-0.00344086068378839,0.0213174161501104,0.88738550963942,0.0795318109249998
sorting,27,0.08,0.964706353239742,0.960482543645011,0.961074684584885,0.000592140939874031,0.1616,0.1616,0.098,0.436881188118812,0.563118811881188,0.479591836734694,0.520408163265306,0.00419827195652783,0.00549444970278548,0.00138265459191497,0.000739592581636298,0.0102107170804571,0.0636,318,0.04,0.0236,200,118,0.628930817610063,0.371069182389937,0.00123032054054478,-0.000638179600670729,-0.00931039213638448,0.0293789330379797,0.818203482520139,-0.0783508743974973
sorting,27,0.12,0.964706353239742,0.958906920985215,0.957748400397503,-0.00115852058771226,0.1616,0.1616,0.213,0.376237623762376,0.623762376237624,0.357746478873239,0.642253521126761,0.00861810843110411,0.0087947001532136,0.00164261226804243,0.000330857417127347,-0.00653947615412631,0.0514,257,0.0154,0.036,77,180,0.299610894941634,0.700389105058366,0.000367129990690759,-0.00152565057840306,-0.0225393110449865,0.0368245246905413,0.721911822220473,0.0196030053841281
sorting,28,0,0.966401616557949,0.966401616557949,0.965466984034753,-0.000934632523195478,0.1624,0.1624,0.2832,1,0,0.573446327683616,0.426553672316384,0,0.00226981510826758,0.000485578157382703,0.000912472428077434,-0.0150574153295563,0.1208,604,0,0.1208,0,604,0,1,0,-0.000934632523195477,-0.00773702419863805,0.00773702419863805,1,1
sorting,28,0.02,0.966401616557949,0.965461692535512,0.965237608081708,-0.000224084453803952,0.1624,0.1624,0.2084,0.716748768472906,0.283251231527094,0.638195777351248,0.361804222648752,0.000365624817196554,0.00198464731190087,0.000491293996154798,0.000684333896953363,-0.00595291775622964,0.046,230,0.0166,0.0294,83,147,0.360869565217391,0.639130434782609,0.00018779826366664,-0.000411882717470664,-0.00487140116965268,0.0130365430682023,0.966758456334338,0.0274993280878984
sorting,28,0.05,0.966401616557949,0.963694339623634,0.963779963036847,8.5623413212832e-05,0.1624,0.1624,0.147,0.511083743842365,0.488916256157635,0.527891156462585,0.472108843537415,0.00198448079188972,0.00342933704554006,0.00137149599715543,0.000757928960555668,0.00189288281738143,0.0154,77,0.01,0.0054,50,27,0.649350649350649,0.350649350649351,0.000209790814674838,-0.000124167401462077,-0.00555996189693252,0.021685598450449,0.883741596213664,0.0851516904148483
sorting,28,0.08,0.966401616557949,0.962611504984371,0.961984681692406,-0.000626823291965506,0.1624,0.1624,0.2038,0.460591133004926,0.539408866995074,0.431795878312071,0.568204121687929,0.00410199098815327,0.0049301515439594,0.0014218397404438,0.00105636462735895,-0.00533519899498147,0.0414,207,0.0132,0.0282,66,141,0.318840579710145,0.681159420289855,0.000265513614503825,-0.000892336906469292,-0.015140659226219,0.0279674038882396,0.819105478108219,-0.0149405786277884
sorting,28,0.12,0.966401616557949,0.960903368073172,0.961775235872443,0.000871867799271509,0.1624,0.1624,0.122,0.385467980295567,0.614532019704434,0.408196721311475,0.591803278688525,0.00856683504200568,0.00814725990928409,0.00169135029728351,0.000304701563794018,0.00551786607732618,0.0404,202,0.0276,0.0128,138,64,0.683168316831683,0.316831683168317,0.00114759684757641,-0.00027572904830493,-0.0215808861205812,0.0352308390069638,0.715650515634021,-0.0739309354801372
sorting,29,0,0.964917611047581,0.964917611047581,0.964787965787775,-0.000129645259805189,0.1536,0.1536,0.1088,1,0,1,0,0,0.00178454150476438,0.000817145404068196,0.000721080572422463,0.00635841450689689,0.0448,224,0,0.0448,0,224,0,1,0,-0.000129645259805173,0.00289386740636547,0.00289386740636547,1,1
sorting,29,0.02,0.964917611047581,0.963998136215675,0.964029161958633,3.10257429581018e-05,0.1536,0.1536,0.1226,0.692708333333333,0.307291666666667,0.750407830342578,0.249592169657423,0.000369156444163692,0.00207609653842084,0.00118908728305222,0.000650387959474375,0.00408686601826491,0.031,155,0.0166,0.0144,83,72,0.535483870967742,0.464516129032258,0.000213104156288712,-0.00018207841333053,-0.00100083041800587,0.0127478248264271,0.965253084882123,0.150562340884922
sorting,29,0.05,0.964917611047581,0.962468440480547,0.962436751729603,-3.16887509441699e-05,0.1536,0.1536,0.0284,0.526041666666667,0.473958333333333,0.746478873239437,0.253521126760563,0.00189251532630333,0.00256456377756237,0.00109096537990566,0.00107427406384678,0.037648280929599,0.1252,626,0.0656,0.0596,328,298,0.523961661341853,0.476038338658147,0.0013205546246069,-0.00135224337555114,0.000253105039490742,0.021348226838323,0.889485190907408,0.164236770258496
sorting,29,0.08,0.964917611047581,0.961233680364746,0.961392823419742,0.000159143054996425,0.1536,0.1536,0.1338,0.430989583333333,0.569010416666667,0.440956651718984,0.559043348281016,0.0042307933244808,0.00509347306541039,0.000591718058705233,0.0010119344244871,0.00250816742763871,0.0198,99,0.0126,0.0072,63,36,0.636363636363636,0.363636363636364,0.000334365807957791,-0.000175222752961353,-0.00803752803012313,0.0257367960060174,0.811117682396707,-0.194359925788497
sorting,29,0.12,0.964917611047581,0.959639473826017,0.961593792264376,0.00195431843835903,0.1536,0.1536,0.0072,0.376302083333333,0.623697916666667,0.5,0.5,0.00845331580431899,0.00878983530390024,0.0010090173911709,0.000976964049860404,0.0808916001781337,0.1464,732,0.0922,0.0542,461,271,0.629781420765027,0.370218579234973,0.00343741077979718,-0.00148309234143814,-0.0133491696609224,0.033609993997509,0.711063844058554,0.153447999083867
sorting,30,0,0.964655256070351,0.964655256070351,0.961987054390875,-0.00266820167947623,0.1592,0.1592,0.3594,1,0,0.442960489705064,0.557039510294936,0,0.00125725580328914,0.000351087705678977,0.000862886986732968,-0.0276148012507679,0.2002,1001,0,0.2002,0,1001,0,1,0,-0.00266820167947618,-0.0133276807166642,0.0133276807166642,1,1
sorting,30,0.02,0.964655256070351,0.963759888912665,0.963812776925278,5.28880126126063e-05,0.1592,0.1592,0.1476,0.726130653266332,0.273869346733668,0.757452574525745,0.242547425474255,0.000371832913664845,0.00197246345125597,0.000370032664408088,0.000817961938980507,0.00163484392802038,0.0116,58,0.0078,0.0038,39,19,0.672413793103448,0.327586206896552,9.04325012741503e-05,-3.75444886614869e-05,-0.00455931143212616,0.0110324991323825,0.96914551428582,-0.0845611984373558
sorting,30,0.05,0.964655256070351,0.96231335626395,0.958575860128785,-0.00373749613516561,0.1592,0.1592,0.3482,0.557788944723618,0.442211055276382,0.387708213670304,0.612291786329696,0.00186952288542189,0.00319628635904152,0.000383008005957362,0.000761930497338866,-0.025563221100119,0.189,945,0.0462,0.1428,231,714,0.244444444444444,0.755555555555556,0.000754348972237353,-0.00449184510740296,-0.0197751118262731,0.0277576406330175,0.896343194157728,0.158976299398057
sorting,30,0.08,0.964655256070351,0.960436635026599,0.959370397693196,-0.00106623733340361,0.1592,0.1592,0.22,0.457286432160804,0.542713567839196,0.407272727272727,0.592727272727273,0.00441599044778739,0.00600021567380066,0.00107502233271949,0.000994338716747854,-0.00816368823363833,0.0608,304,0.0168,0.044,84,220,0.276315789473684,0.723684210526316,0.000381543186645091,-0.00144778052004866,-0.0175367982467692,0.0300875609653578,0.817337336501493,0.116649723643633
sorting,30,0.12,0.964655256070351,0.958701048985236,0.956870565435806,-0.00183048354942994,0.1592,0.1592,0.2342,0.371859296482412,0.628140703517588,0.344150298889838,0.655849701110162,0.00824250419724718,0.00997931169982959,0.000921707079216965,0.00123236432434348,-0.0101213105428012,0.075,375,0.0214,0.0536,107,268,0.285333333333333,0.714666666666667,0.000494119982355858,-0.00232460353178583,-0.0244064473257329,0.0375829801885558,0.724070590050824,0.0405745818636933
sorting,31,0,0.965621596226662,0.965621596226662,0.965474741658269,-0.000146854568393251,0.155,0.155,0.2038,1,0,0.760549558390579,0.239450441609421,0,0.00127967222245626,0.000239373459503476,0.000426508173156166,-0.0060062356292413,0.0488,244,0,0.0488,0,244,0,1,0,-0.000146854568393219,-0.00300931492609056,0.00300931492609056,1,1
sorting,31,0.02,0.965621596226662,0.96471463750052,0.964701530387393,-1.31071131266314e-05,0.155,0.155,0.0968,0.694193548387097,0.305806451612903,0.816115702479339,0.183884297520661,0.000356641559661183,0.00149756509551558,0.000248198629029558,0.000777423985796903,0.00917229625612725,0.0582,291,0.0296,0.0286,148,143,0.508591065292096,0.491408934707904,0.000333320329846819,-0.000346427442973385,0.000225208129322444,0.0116795149969107,0.968739421789577,0.0810751452405417
sorting,31,0.05,0.965621596226662,0.963170106178276,0.963492924628871,0.000322818450594786,0.155,0.155,0.0914,0.538064516129032,0.461935483870968,0.641137855579869,0.358862144420131,0.0018959201766839,0.00304820589851364,0.000844361845933904,0.000780166959401875,0.00984703740516302,0.0636,318,0.0388,0.0248,194,124,0.610062893081761,0.389937106918239,0.000800511464551344,-0.000477693013956528,-0.00507576180180528,0.02009755469352,0.886123122260925,0.0552864911944524
sorting,31,0.08,0.965621596226662,0.961248062027048,0.962353885919631,0.00110582389258329,0.155,0.155,0.003,0.424516129032258,0.575483870967742,0.866666666666667,0.133333333333333,0.00437198433202723,0.0050555148783305,0.000820128493191006,0.00107777850749573,0.0979147010504923,0.152,760,0.0888,0.0632,444,316,0.58421052631579,0.415789473684211,0.00279224468729297,-0.00168642079470967,-0.00727515718804803,0.0294649044868595,0.804062776418511,0.212246403692381
sorting,31,0.12,0.965621596226662,0.960368370204855,0.962096857360895,0.00172848715603968,0.155,0.155,0.0628,0.363870967741936,0.636129032258065,0.436305732484076,0.563694267515924,0.00837993434501621,0.00847879229672217,0.00130403099731784,0.00130037766599219,0.0169834365763033,0.0922,461,0.0632,0.029,316,145,0.685466377440347,0.314533622559653,0.00244197113866743,-0.00071348398262778,-0.0187471491978269,0.0342240251767376,0.71258925013557,0.0471511983253943
sorting,32,0,0.965301424132598,0.965301424132598,0.964017016351497,-0.00128440778110073,0.162,0.162,0.3026,1,0,0.53536021150033,0.46463978849967,0,0.000825523983085425,0.000466131072468026,0.00112330399336138,-0.0175671387797056,0.1406,703,0,0.1406,0,703,0,1,0,-0.00128440778110073,-0.00913519047724559,0.00913519047724559,1,1
sorting,32,0.02,0.965301424132598,0.964485357190041,0.963615708916376,-0.000869648273664758,0.162,0.162,0.2624,0.735802469135803,0.264197530864198,0.560213414634146,0.439786585365854,0.000371601498525364,0.00118993182395518,0.000435450346238075,0.000727831992148468,-0.0129640343215535,0.1004,502,0.0278,0.0726,139,363,0.276892430278884,0.723107569721116,0.00026936549435137,-0.00113901376801605,-0.0086618353950665,0.0140276818960898,0.968539076501563,0.205244995423361
sorting,32,0.05,0.965301424132598,0.962521985362899,0.961645058398756,-0.000876926964142988,0.162,0.162,0.2332,0.533333333333333,0.466666666666667,0.462264150943396,0.537735849056604,0.00190348553039266,0.0029894218072091,0.00113738113622383,0.00147621167147767,-0.00969508227347249,0.0712,356,0.0214,0.0498,107,249,0.300561797752809,0.699438202247191,0.000465137549245621,-0.00134206451338855,-0.0123163899458276,0.0253820514414911,0.883219699680788,0.0605185641276609
sorting,32,0.08,0.965301424132598,0.961105331059407,0.961967221008743,0.000861889949336114,0.162,0.162,0.0624,0.459259259259259,0.540740740740741,0.538461538461538,0.461538461538462,0.00422342060320387,0.00449160142279975,0.00156260579393067,0.00201676107436091,0.0216333690233025,0.0996,498,0.0588,0.0408,294,204,0.590361445783133,0.409638554216867,0.00179956459616164,-0.000937674646825535,-0.00865351354755126,0.0274823217167387,0.805002281608091,0.0173210594178102
sorting,32,0.12,0.965301424132598,0.95994663984591,0.961150824739096,0.00120418489318608,0.162,0.162,0.0828,0.4,0.6,0.451690821256039,0.548309178743961,0.00825207005194315,0.00818821502084019,0.00152384983210119,0.00118947345957277,0.0148125341592813,0.0792,396,0.0518,0.0274,259,137,0.654040404040404,0.345959595959596,0.00190485882634921,-0.000700673933163072,-0.0152043547119462,0.0328981409029329,0.721180701551228,0.0518659798894471
sorting,33,0,0.965035078432173,0.965035078432173,0.964032950842252,-0.00100212758992091,0.1584,0.1584,0.2804,1,0,0.56490727532097,0.43509272467903,0,0.00184456400746162,0.000440832478773089,0.00218196036978847,-0.0162956460888128,0.122,610,0,0.122,0,610,0,1,0,-0.00100212758992094,-0.00821416057312247,0.00821416057312247,1,1
sorting,33,0.02,0.965035078432173,0.964070384945359,0.958479306915135,-0.00559107803022452,0.1584,0.1584,0.4426,0.705808080808081,0.294191919191919,0.356981473113421,0.643018526886579,0.000359718884295347,0.00200264644458874,0.00121912638976241,0.00235951962880721,-0.0454337772147988,0.2842,1421,0.0462,0.238,231,1190,0.16256157635468,0.83743842364532,0.000403686221496862,-0.00599476425172145,-0.0196730402189465,0.0225139003280025,0.968925717477029,0.542904300739483
sorting,33,0.05,0.965035078432173,0.962426443459671,0.959553538035606,-0.00287290542406504,0.1584,0.1584,0.3252,0.535353535353535,0.464646464646465,0.405289052890529,0.594710947109471,0.00193319144585317,0.0033857741877153,0.00083503412655144,0.00166593721201483,-0.0221536515365,0.1668,834,0.047,0.1198,235,599,0.281774580335731,0.718225419664269,0.000749355389027178,-0.0036222608130922,-0.017223653621493,0.0262087302285335,0.894425458241018,0.146718166006764
sorting,33,0.08,0.965035078432173,0.960789612357207,0.961687425219274,0.000897812862067471,0.1584,0.1584,0.0788,0.433080808080808,0.566919191919192,0.489847715736041,0.51015228426396,0.00446490972178671,0.0057348968542891,0.00162290215901041,0.00215634778109651,0.0132000983889409,0.0796,398,0.0496,0.03,248,150,0.623115577889447,0.376884422110553,0.00158386626191402,-0.00068605339984659,-0.0112790560561235,0.0285165786653343,0.805461308986452,0.0795901059815089
sorting,33,0.12,0.965035078432173,0.9594596159256,0.95906297531083,-0.000396640614770183,0.1584,0.1584,0.174,0.381313131313131,0.618686868686869,0.37816091954023,0.62183908045977,0.00854541197130218,0.0092668237489246,0.00235693524364004,0.00262061141447171,-0.00185501703250279,0.0156,78,0.0054,0.0102,27,51,0.346153846153846,0.653846153846154,7.76055921039077e-05,-0.000474246206874071,-0.0254256804339848,0.0353751153191012,0.718505811780232,0.0515307477332794
sorting,34,0,0.965998484302644,0.965998484302644,0.96596100445847,-3.74798441741264e-05,0.1646,0.1646,0.1908,1,0,0.862683438155136,0.137316561844864,0,0.00228076035279018,0.000512399428242142,0.000783922511358044,-0.00305756035376137,0.0262,131,0,0.0262,0,131,0,1,0,-3.74798441741099e-05,-0.00143052840359198,0.00143052840359198,1,1
sorting,34,0.02,0.965998484302644,0.965124358099949,0.965122493660022,-1.86443992666874e-06,0.1646,0.1646,0.1082,0.713244228432564,0.286755771567436,0.835489833641405,0.164510166358595,0.000350753431922226,0.00171964936136122,0.000471436731545723,0.000695826627340785,0.00787209418568002,0.0564,282,0.0294,0.027,147,135,0.521276595744681,0.478723404255319,0.000349598643337387,-0.000351463083264017,3.30574455076153e-05,0.0124301724574717,0.968021051552842,0.0910163552308298
sorting,34,0.05,0.965998484302644,0.963384482779454,0.962755676516999,-0.000628806262455761,0.1646,0.1646,0.2208,0.54678007290401,0.45321992709599,0.485507246376812,0.514492753623188,0.00190715379956542,0.00274220358562636,0.000659126252447703,0.000660096755410967,-0.00689928114829164,0.0562,281,0.0172,0.039,86,195,0.306049822064057,0.693950177935943,0.000283639181963279,-0.000912445444418981,-0.0111887235312402,0.0212826445975491,0.883343330501733,0.074302047615442
sorting,34,0.08,0.965998484302644,0.961455514446677,0.961639392232499,0.000183877785821518,0.1646,0.1646,0.1436,0.424058323207776,0.575941676792224,0.426183844011142,0.573816155988858,0.00431696452846361,0.0054118825345996,0.000464128210846955,0.000398393100111748,0.00238739566467694,0.021,105,0.0124,0.0086,62,43,0.590476190476191,0.40952380952381,0.000419843042456526,-0.000235965256635058,-0.0087560850391175,0.0312289666234088,0.801714887428595,0.00864607091022185
sorting,34,0.12,0.965998484302644,0.96050493161777,0.961463340894472,0.000958409276701988,0.1646,0.1646,0.1066,0.394896719319563,0.605103280680437,0.416510318949343,0.583489681050657,0.00874375907364001,0.00975290793464944,0.000743583404711334,0.00114836398771204,0.00814859919616728,0.058,290,0.0374,0.0206,187,103,0.644827586206897,0.355172413793103,0.00141530119728883,-0.000456891920586908,-0.0165242978741711,0.0322791916875127,0.703494147371766,-0.0199491486019556
sorting,35,0,0.966718008987281,0.966718008987281,0.966197527213575,-0.000520481773706449,0.1578,0.1578,0.073,1,0,1,0,0,0.00164339358623535,0.00131925120402571,0.000993677396288463,0.0153724605157627,0.0848,424,0,0.0848,0,424,0,1,0,-0.000520481773706379,0.00613775676540541,0.00613775676540541,1,1
sorting,35,0.02,0.966718008987281,0.965806083747991,0.965623818540922,-0.000182265207069321,0.1578,0.1578,0.0732,0.70595690747782,0.29404309252218,0.882513661202186,0.117486338797814,0.000359568445296309,0.00169651947128029,0.00101297240742086,0.000606384954467356,0.0152732531564231,0.0846,423,0.0378,0.0468,189,234,0.446808510638298,0.553191489361702,0.00045148005361658,-0.000633745260685837,0.00215443507174062,0.0128277223912815,0.967377674119107,0.176990879646982
sorting,35,0.05,0.966718008987281,0.964268901976759,0.962917460849107,-0.00135144112765118,0.1578,0.1578,0.2606,0.5297845373891,0.4702154626109,0.445894090560246,0.554105909439755,0.00192427067014637,0.00290900423488402,0.000559563171242761,0.000578483381448544,-0.0131993407213385,0.1028,514,0.0326,0.0702,163,351,0.317120622568093,0.682879377431907,0.000477973161909162,-0.00182941428956028,-0.0131463144713144,0.022445403224411,0.88667824295513,0.084866347173261
sorting,35,0.08,0.966718008987281,0.962605388774923,0.96363709233424,0.00103170355931725,0.1578,0.1578,0.0386,0.429657794676806,0.570342205323194,0.569948186528498,0.430051813471503,0.00421478695862018,0.00545124933220431,0.000599496396820683,0.00100537888912922,0.0310757274338994,0.1192,596,0.0734,0.0458,367,229,0.615771812080537,0.384228187919463,0.0021242919454299,-0.0010925883861127,-0.0086552312023255,0.0269872511035452,0.805528929565157,0.123640196357117
sorting,35,0.12,0.966718008987281,0.961273454683319,0.963147749765519,0.00187429508220005,0.1578,0.1578,0.045,0.375158428390368,0.624841571609633,0.462222222222222,0.537777777777778,0.00815306098664973,0.00782786577397748,0.00182897672643113,0.00112637068083974,0.027526220680301,0.1128,564,0.0744,0.0384,372,192,0.659574468085106,0.340425531914894,0.0028182031530587,-0.000943908070858585,-0.0166160911542563,0.0333520498574227,0.711929398621176,0.0876507854437972
sorting,36,0,0.965563931402166,0.965563931402166,0.965062517117447,-0.000501414284719393,0.1642,0.1642,0.253,1,0,0.64901185770751,0.35098814229249,0,0.00105890548227193,0.00017054920610804,0.000644917606199302,-0.0121281445068749,0.0888,444,0,0.0888,0,444,0,1,0,-0.000501414284719321,-0.00564655726035271,0.00564655726035271,1,1
sorting,36,0.02,0.965563931402166,0.964640479899375,0.964307039879687,-0.000333440019688269,0.1642,0.1642,0.2076,0.721071863580999,0.278928136419001,0.634874759152216,0.365125240847784,0.000373957219731438,0.00139581633419168,0.000482481305042738,0.000692736438966508,-0.00504617976936717,0.0434,217,0.0134,0.03,67,150,0.308755760368664,0.691244239631336,0.000122974040365306,-0.000456414060053583,-0.00768294976240271,0.01334995623085,0.967549466029979,0.200378622396971
sorting,36,0.05,0.965563931402166,0.9629844012833,0.963113777280161,0.000129375996860914,0.1642,0.1642,0.1122,0.551766138855055,0.448233861144945,0.598930481283422,0.401069518716578,0.00190100546988161,0.00351223994985631,0.000474805824792918,0.000413475824786887,0.00705709680387678,0.052,260,0.0286,0.0234,143,117,0.55,0.45,0.00064449608438002,-0.000515120087519153,-0.00248799993963206,0.022300310998061,0.892888593795544,0.0909769944252703
sorting,36,0.08,0.965563931402166,0.961409684476217,0.962277555220993,0.000867870744775456,0.1642,0.1642,0.0406,0.453105968331303,0.546894031668697,0.566502463054187,0.433497536945813,0.00438828515839308,0.00603717137135827,0.000563713877476998,0.00052806167261606,0.0302719235471596,0.1236,618,0.0722,0.0514,361,257,0.584142394822007,0.415857605177994,0.00211627419210046,-0.00124840344732503,-0.00702160796743877,0.0272223109985881,0.816698406555936,0.166008936534226
sorting,36,0.12,0.965563931402166,0.959483426605419,0.960826724663618,0.00134329805819955,0.1642,0.1642,0.105,0.369062119366626,0.630937880633374,0.396190476190476,0.603809523809524,0.00801663635123483,0.00849746844349302,0.00202200858648244,0.00105921822880087,0.00849336030415537,0.0592,296,0.0402,0.019,201,95,0.679054054054054,0.320945945945946,0.00178854766362113,-0.000445249605421611,-0.0226908455776946,0.0377330619770734,0.725749179013967,0.130371049015117
sorting,37,0,0.964271660590579,0.964271660590579,0.964062740700387,-0.000208919890192116,0.1628,0.1628,0.1068,1,0,1,0,0,0.0016984264500139,0.00100258704173767,0.000811667713398914,0.00836028830847435,0.056,280,0,0.056,0,280,0,1,0,-0.000208919890192178,0.00373071232486032,0.00373071232486032,1,1
sorting,37,0.02,0.964271660590579,0.963371402011177,0.963381463143021,1.00611318437638e-05,0.1628,0.1628,0.1034,0.718673218673219,0.281326781326781,0.835589941972921,0.164410058027079,0.000364854814626274,0.0027005630931221,0.0011888165822411,0.00103816073413711,0.00919746393459275,0.0594,297,0.0288,0.0306,144,153,0.484848484848485,0.515151515151515,0.000370196993981716,-0.000360135862137878,-0.00016937932397033,0.0122951659279393,0.970215555000622,-0.0111055228504893
sorting,37,0.05,0.964271660590579,0.96187212419377,0.962107072337915,0.000234948144145708,0.1628,0.1628,0.0832,0.552825552825553,0.447174447174447,0.65625,0.34375,0.0019054758149016,0.00356474224906258,0.000883884658564745,0.00230076812916019,0.0134017790078583,0.0796,398,0.0442,0.0354,221,177,0.555276381909548,0.444723618090452,0.000985133044729558,-0.000750184900583909,-0.00295160985107599,0.0218004766999179,0.892722602492904,0.0991125396494413
sorting,37,0.08,0.964271660590579,0.960087206230076,0.960894620596355,0.000807414366278847,0.1628,0.1628,0.0216,0.452088452088452,0.547911547911548,0.675925925925926,0.324074074074074,0.00443482826952593,0.00523289005663654,0.000421471590177114,0.000921126218089112,0.0514840484874614,0.1412,706,0.0822,0.059,411,295,0.582152974504249,0.417847025495751,0.00242397428230188,-0.001616559916023,-0.00571823205579939,0.0286156812912527,0.811571878574875,0.133308570272545
sorting,37,0.12,0.964271660590579,0.95851326459999,0.95918244551685,0.00066918091686019,0.1628,0.1628,0.1248,0.383292383292383,0.616707616707617,0.391025641025641,0.608974358974359,0.00873681147904431,0.008556546754732,0.000994659158815459,0.000496985492980271,0.00493293756166924,0.038,190,0.0244,0.0136,122,68,0.642105263157895,0.357894736842105,0.00102306260056326,-0.000353881683703048,-0.0176100241279004,0.036235375901745,0.709398209911928,-0.0978825772983943
sorting,38,0,0.964997419940715,0.964997419940715,0.963020181205265,-0.0019772387354503,0.162,0.162,0.335,1,0,0.483582089552239,0.516417910447761,0,0.00163897686405889,0.00104179292883305,0.000398355691381506,-0.0226518073984523,0.173,865,0,0.173,0,865,0,1,0,-0.00197723873545036,-0.0114291256384414,0.0114291256384414,1,1
sorting,38,0.02,0.964997419940715,0.964026925349285,0.96341349734959,-0.00061342799969577,0.162,0.162,0.2518,0.716049382716049,0.283950617283951,0.57823669579031,0.42176330420969,0.000358186809162837,0.00270352583157178,0.000876531978872683,0.000330451234357611,-0.0120153998009006,0.0898,449,0.0296,0.0602,148,301,0.329621380846325,0.670378619153675,0.00032225717028902,-0.000935685169984778,-0.00683104676721335,0.0140082665954766,0.967506829740273,0.189363400148478
sorting,38,0.05,0.964997419940715,0.96215192640854,0.96116613508978,-0.000985791318759754,0.162,0.162,0.2412,0.52716049382716,0.47283950617284,0.458540630182421,0.541459369817579,0.0019495747050356,0.00333317031480536,0.000677605709011513,0.000480506182822573,-0.0107232324848753,0.0792,396,0.0252,0.054,126,270,0.318181818181818,0.681818181818182,0.000391386320640162,-0.00137717763939988,-0.01244686008535,0.0223303530308086,0.881703055428122,0.0861547915464952
sorting,38,0.08,0.964997419940715,0.960663880242982,0.961651274631322,0.000987394388339613,0.162,0.162,0.084,0.433333333333333,0.566666666666667,0.502380952380952,0.497619047619048,0.00450139061722671,0.00604433245095304,0.000650945353088894,0.00107516592032412,0.0134690235131729,0.078,390,0.05,0.028,250,140,0.641025641025641,0.358974358974359,0.00164618787352441,-0.000658793485184724,-0.0126589024146114,0.0295510430603736,0.799642550033702,0.0288938328123333
sorting,38,0.12,0.964997419940715,0.959463842836089,0.958693101967658,-0.000770740868431541,0.162,0.162,0.1938,0.387654320987654,0.612345679012346,0.364293085655315,0.635706914344685,0.00821142764029444,0.00834409261533194,0.000566722952284861,0.000216912603486344,-0.00401244317869365,0.0318,159,0.0078,0.024,39,120,0.245283018867925,0.754716981132076,0.000169957001706763,-0.000940697870138212,-0.0242371342274041,0.034926253831603,0.7224374988495,-0.0409392166228803
sorting,39,0,0.966251432765491,0.966251432765491,0.965299212852155,-0.000952219913335939,0.1646,0.1646,0.058,1,0,1,0,0,0.001282330293859,0.000799573091860681,0.00103745499608488,0.0225951419627118,0.1066,533,0,0.1066,0,533,0,1,0,-0.000952219913335887,0.00893264459039294,0.00893264459039294,1,1
sorting,39,0.02,0.966251432765491,0.96530258041668,0.965375615696584,7.303527990421e-05,0.1646,0.1646,0.1332,0.709599027946537,0.290400972053463,0.77027027027027,0.22972972972973,0.000362769102004112,0.00158424238566144,0.000735250566093426,0.000589470415877162,0.0041681072598786,0.0314,157,0.0172,0.0142,86,71,0.547770700636943,0.452229299363057,0.000226556535992302,-0.000153521256088165,-0.00232596432815723,0.0121043882828174,0.96722675625707,0.0310718870744671
sorting,39,0.05,0.966251432765491,0.963648754066408,0.96394047955886,0.0002917254924516,0.1646,0.1646,0.074,0.540704738760632,0.459295261239368,0.664864864864865,0.335135135135135,0.00187855053817211,0.0024796058688415,0.000858921464892228,0.00060086482429427,0.0169728399540469,0.0906,453,0.0508,0.0398,254,199,0.560706401766004,0.439293598233996,0.00110361809645875,-0.000811892604007147,-0.00321992817275501,0.0211425022126479,0.88921200897648,0.0778693677563402
sorting,39,0.08,0.966251432765491,0.961984864127783,0.963029468726972,0.0010446045991892,0.1646,0.1646,0.0582,0.428918590522479,0.571081409477521,0.539518900343643,0.460481099656357,0.00425666799270612,0.0055582103204554,0.000450284686617111,0.000484815163981833,0.0224695522925644,0.1064,532,0.0672,0.0392,336,196,0.631578947368421,0.368421052631579,0.0018673825871573,-0.000822777987968169,-0.00981771239839409,0.0252834640519311,0.806066579026663,0.0642929229774599
sorting,39,0.12,0.966251432765491,0.960497861794527,0.962463593611466,0.00196573181693904,0.1646,0.1646,0,0.396111786148238,0.603888213851762,,,0.00844335290001155,0.00828092383412353,0.00036823240743111,0.000805787963243607,Inf,0.1646,823,0.0994,0.0652,497,326,0.603888213851762,0.396111786148238,0.00376719611835803,-0.00180146430141899,-0.011942477624174,0.0338314727811483,0.717691132131645,0.19953851829011
sorting,40,0,0.966355656443931,0.966355656443931,0.966303749977322,-5.19064666089086e-05,0.1636,0.1636,0.1942,1,0,0.842430484037075,0.157569515962925,0,0.00128082676066348,0.000361530849952442,0.00119518574568119,-0.00358686394127927,0.0306,153,0,0.0306,0,153,0,1,0,-5.19064666089251e-05,-0.0016962897584616,0.0016962897584616,1,1
sorting,40,0.02,0.966355656443931,0.965504500293814,0.965411009043292,-9.34912505226038e-05,0.1636,0.1636,0.1942,0.729828850855746,0.270171149144254,0.677651905252317,0.322348094747683,0.000350578648507381,0.00170151177835251,0.000582811782545504,0.00132977420336734,-0.00358686394127927,0.0306,153,0.0122,0.0184,61,92,0.398692810457516,0.601307189542484,0.000138603337797789,-0.00023209458832036,-0.00305526962492061,0.0121143113110506,0.967923982492959,0.0960187902912361
sorting,40,0.05,0.966355656443931,0.963616085386358,0.963728927801036,0.000112842414677683,0.1636,0.1636,0.0596,0.525672371638142,0.474327628361858,0.644295302013423,0.355704697986577,0.00185202067143598,0.00417144545332717,0.000516625367444179,0.000778309222165501,0.0221699094150829,0.104,520,0.0564,0.0476,282,238,0.542307692307692,0.457692307692308,0.00116919751283023,-0.00105635509815264,-0.00108502321805373,0.0213995443363737,0.888038873281555,0.0476616180021148
sorting,40,0.08,0.966355656443931,0.962202900595925,0.963216742196778,0.00101384160085272,0.1636,0.1636,0.0592,0.440097799511002,0.559902200488998,0.543918918918919,0.456081081081081,0.00432534837584158,0.00561280310955119,0.000915962113126803,0.00102446246944391,0.0226105344744059,0.1044,522,0.0646,0.0398,323,199,0.618773946360153,0.381226053639847,0.00195604045875202,-0.000942198857899268,-0.00971112644494971,0.0277609129947441,0.805294821363793,0.149334002530412
sorting,40,0.12,0.966355656443931,0.960836526176647,0.962496367255517,0.00165984107887029,0.1636,0.1636,0.065,0.372860635696822,0.627139364303179,0.44,0.56,0.00855637014571847,0.00886218154373416,0.00232417421191809,0.00115315763114482,0.0195983188233975,0.0986,493,0.0662,0.0324,331,162,0.671399594320487,0.328600405679513,0.00245518991367298,-0.000795348834802711,-0.0168340880209966,0.0329669244267311,0.712027135553085,0.0831513811110058
sorting,41,0,0.966522959208855,0.966522959208855,0.966512613836944,-1.03453719115798e-05,0.1656,0.1656,0.152,1,0,1,0,0,0.00368236493951185,0.000618865393718619,0.00113924155016748,0.00146574823785994,0.0136,68,0,0.0136,0,68,0,1,0,-1.03453719116605e-05,0.00076068911115151,0.00076068911115151,1,1
sorting,41,0.02,0.966522959208855,0.965589418802804,0.963605636809452,-0.00198378199335236,0.1656,0.1656,0.332,0.710144927536232,0.289855072463768,0.480722891566265,0.519277108433735,0.000372486723946585,0.00203257500351388,0.000389091263805756,0.00120471211502621,-0.0221027439269896,0.1664,832,0.042,0.1244,210,622,0.252403846153846,0.747596153846154,0.000386199895094563,-0.00236998188844696,-0.0119217667869735,0.0165635924491678,0.967814362296574,0.301803587305514
sorting,41,0.05,0.966522959208855,0.963941595261731,0.964160471468977,0.000218876207245478,0.1656,0.1656,0.0838,0.545893719806763,0.454106280193237,0.653937947494033,0.346062052505967,0.00194119290131771,0.00403073210523622,0.000440920300427457,0.00115881799023402,0.014182552014304,0.0818,409,0.0462,0.0356,231,178,0.56479217603912,0.43520782396088,0.000967602044200876,-0.000748725836955466,-0.00267574825483386,0.0209820034371191,0.888128158853126,0.0603287578971
sorting,41,0.08,0.966522959208855,0.962289899722046,0.963243411952894,0.000953512230848164,0.1656,0.1656,0.0706,0.439613526570048,0.560386473429952,0.526912181303116,0.473087818696884,0.00431182827542837,0.0050208238706191,0.00120961574732271,0.00121360848659469,0.0181412421460017,0.095,475,0.0594,0.0356,297,178,0.625263157894737,0.374736842105263,0.00176900948801,-0.000815497257161882,-0.0100369708510328,0.027205334159704,0.802570328966813,0.135491744999132
sorting,41,0.12,0.966522959208855,0.960658688169977,0.960265534789486,-0.000393153380490952,0.1656,0.1656,0.1794,0.371980676328502,0.628019323671498,0.360089186176143,0.639910813823857,0.00860589759771296,0.00826807093495191,0.00131360235666164,0.00134349450495414,-0.00154394128734481,0.0138,69,0.003,0.0108,15,54,0.217391304347826,0.782608695652174,6.66874271806876e-05,-0.00045984080767173,-0.0284893753979016,0.0381542199168419,0.708252866986115,0.0896967482645232
sorting,42,0,0.966265051392165,0.966265051392165,0.966158364545095,-0.000106686847069715,0.165,0.165,0.204,1,0,0.808823529411765,0.191176470588235,0,0.00112107893050677,0.000613826060117425,0.000527473099691535,-0.00541229322267833,0.039,195,0,0.039,0,195,0,1,0,-0.000106686847069758,-0.00273556018127585,0.00273556018127585,1,1
sorting,42,0.02,0.966265051392165,0.96537201694916,0.965387380249249,1.53633000896658e-05,0.165,0.165,0.1046,0.723636363636364,0.276363636363636,0.848948374760994,0.151051625239006,0.000343546077961284,0.00128796675835363,0.000735014932929912,0.00168649470979569,0.00877097184485443,0.0604,302,0.0298,0.0306,149,153,0.493377483443709,0.506622516556291,0.000370250975408935,-0.000354887675319256,-0.000254359273007923,0.0120056068001356,0.971181096063244,0.218161828503811
sorting,42,0.05,0.966265051392165,0.963685380545384,0.963178057934514,-0.000507322610869387,0.165,0.165,0.1984,0.549090909090909,0.450909090909091,0.514112903225807,0.485887096774194,0.00188488545205216,0.00307875512912121,0.000674198783591197,0.00119286808392649,-0.0046995345313009,0.0334,167,0.0114,0.022,57,110,0.341317365269461,0.658682634730539,0.000201428767349576,-0.000708751378218912,-0.0151892997266268,0.0272509025619308,0.893785043559402,-0.0563915198862173
sorting,42,0.08,0.966265051392165,0.961986668285206,0.962866252575209,0.000879584290003344,0.165,0.165,0.0874,0.447272727272727,0.552727272727273,0.478260869565217,0.521739130434783,0.00423794007084124,0.0052482028862738,0.00121780410325177,0.000537135218753895,0.0127826791005938,0.0776,388,0.0456,0.032,228,160,0.587628865979382,0.412371134020619,0.0015918238069133,-0.000712239516909934,-0.0113348490979815,0.0296915376781344,0.812448698257948,-0.00354222867857531
sorting,42,0.12,0.966265051392165,0.960378168391978,0.962087306913153,0.0017091385211746,0.165,0.165,0.0824,0.372121212121212,0.627878787878788,0.439320388349515,0.560679611650485,0.00830861180585329,0.00850941709915946,0.00171831517645258,0.00086081323272151,0.0142680542826586,0.0826,413,0.0574,0.0252,287,126,0.694915254237288,0.305084745762712,0.00234189055763883,-0.000632752036464229,-0.0206917496510242,0.0360126222046375,0.71990949945238,0.0811132904127874
sorting,43,0,0.965128705534584,0.965128705534584,0.963805798376107,-0.0013229071584776,0.159,0.159,0.0448,1,0,1,0,0,0.00162656052109898,0.000288070275936419,0.000115619323625188,0.030938670899587,0.1142,571,0,0.1142,0,571,0,1,0,-0.00132290715847754,0.0115841257309767,0.0115841257309767,1,1
sorting,43,0.02,0.965128705534584,0.964235261633185,0.963022734459293,-0.00121252717389242,0.159,0.159,0.2888,0.715723270440252,0.284276729559748,0.511080332409972,0.488919667590028,0.000368556647377472,0.00123527909728772,0.000348045561457887,0.000284133054161961,-0.0168483633812103,0.1298,649,0.0338,0.096,169,480,0.26040061633282,0.73959938366718,0.000356150581134137,-0.00156867775502655,-0.00934150365094311,0.0148291859488497,0.971169319742773,0.315108977651351
sorting,43,0.05,0.965128705534584,0.962406998503547,0.962696084818227,0.000289086314679277,0.159,0.159,0.0716,0.537106918238994,0.462893081761006,0.664804469273743,0.335195530726257,0.0019847950891237,0.00344200380457833,0.000695575369918597,0.00065144444839563,0.0185256828675449,0.0874,437,0.0496,0.0378,248,189,0.567505720823799,0.432494279176201,0.00119497664970084,-0.000905890335021637,-0.00330762373774834,0.0240373796879002,0.895387602535504,0.177192972869908
sorting,43,0.08,0.965128705534584,0.960980205068367,0.961530518223373,0.00055031315500631,0.159,0.159,0.0622,0.469182389937107,0.530817610062893,0.527331189710611,0.472668810289389,0.00441162125587907,0.00497076632841027,0.000948965578924704,0.00126402093745863,0.0223225639374183,0.0968,484,0.055,0.0418,275,209,0.568181818181818,0.431818181818182,0.00167372350321333,-0.00112341034820702,-0.00568505325419742,0.0288960108617805,0.821643861057754,0.0456683937878673
sorting,43,0.12,0.965128705534584,0.959010382959345,0.961317483334401,0.00230710037505633,0.159,0.159,0.0122,0.361006289308176,0.638993710691824,0.475409836065574,0.524590163934426,0.00856458754471976,0.00883799209791937,0.00124531141143378,0.000264037855689829,0.0681064475384989,0.1468,734,0.0952,0.0516,476,258,0.64850136239782,0.35149863760218,0.00377352764269261,-0.00146642726763623,-0.0157159426093759,0.0356945157379348,0.724172142886886,0.119111084069925
sorting,44,0,0.966013710206103,0.966013710206103,0.965904053966881,-0.000109656239222544,0.1544,0.1544,0.1984,1,0,0.778225806451613,0.221774193548387,0,0.00136181744642725,0.000632062612063972,0.000764040827569265,-0.00532101595915135,0.044,220,0,0.044,0,220,0,1,0,-0.000109656239222469,-0.00249218725505612,0.00249218725505612,1,1
sorting,44,0.02,0.966013710206103,0.965169087805459,0.964135491341649,-0.0010335964638104,0.1544,0.1544,0.2688,0.709844559585492,0.290155440414508,0.526785714285714,0.473214285714286,0.000355285274775054,0.00173306295048083,0.000608485659388859,0.000941727132699955,-0.0152128208310803,0.1144,572,0.032,0.0824,160,412,0.27972027972028,0.72027972027972,0.00029447539531737,-0.00132807185912782,-0.0090349341242172,0.0141831053710244,0.967278708195148,0.252758849333244
sorting,44,0.05,0.966013710206103,0.963320094798555,0.96323635587205,-8.37389265049282e-05,0.1544,0.1544,0.1712,0.516839378238342,0.483160621761658,0.503504672897196,0.496495327102804,0.00190762792209415,0.00242808340936289,0.000829184135190919,0.000813813492617991,-0.00178909251015169,0.0168,84,0.0064,0.0104,32,52,0.380952380952381,0.619047619047619,0.000134233561889472,-0.000217972488394349,-0.00498445991100458,0.0209646458502275,0.886380881599235,-0.168208970335122
sorting,44,0.08,0.966013710206103,0.962025958403258,0.962816336711273,0.000790378308014761,0.1544,0.1544,0.0792,0.428756476683938,0.571243523316062,0.507575757575758,0.492424242424242,0.0044954840176962,0.00467944032613454,0.000831678179880596,0.000602290183886729,0.0134802031192259,0.0752,376,0.0492,0.026,246,130,0.654255319148936,0.345744680851064,0.00141839561160611,-0.000628017303591361,-0.0105103498406217,0.0272129377020941,0.808977198823088,0.034909419267453
sorting,44,0.12,0.966013710206103,0.960870912724731,0.962333854650459,0.00146294192572727,0.1544,0.1544,0.0762,0.380829015544041,0.619170984455959,0.433070866141732,0.566929133858268,0.00830302189848542,0.00942674202478276,0.00140277105554945,0.00100622793372491,0.0147420609608054,0.0782,391,0.0524,0.0258,262,129,0.670076726342711,0.329923273657289,0.00213163888613499,-0.000668696960407679,-0.01870769725994,0.0358099213112873,0.724586296503452,0.129040579442479
sorting,45,0,0.96585488277817,0.96585488277817,0.96536794366123,-0.000486939116939866,0.1538,0.1538,0.0754,1,0,1,0,0,0.000740420442035112,0.000845666868078746,0.000649375054921826,0.014806984902449,0.0784,392,0,0.0784,0,392,0,1,0,-0.000486939116939862,0.00621095812423293,0.00621095812423293,1,1
sorting,45,0.02,0.96585488277817,0.964983981335599,0.964886384239085,-9.75970965139128e-05,0.1538,0.1538,0.0846,0.694408322496749,0.305591677503251,0.84160756501182,0.15839243498818,0.000367843416654278,0.00112897782663466,0.000363707676044483,0.000633169529382093,0.0125056884351387,0.0692,346,0.0336,0.0356,168,178,0.485549132947977,0.514450867052023,0.000368692134690301,-0.000466289231204262,0.00141036266638672,0.012066204709459,0.970829828977193,0.248151933095437
sorting,45,0.05,0.96585488277817,0.963327254962998,0.963343160301094,1.5905338096367e-05,0.1538,0.1538,0.0332,0.52925877763329,0.47074122236671,0.734939759036145,0.265060240963855,0.00191925693467141,0.00259142788978792,0.000383135306720287,0.00080454381717975,0.0347919368955936,0.1206,603,0.0636,0.057,318,285,0.527363184079602,0.472636815920398,0.00127802548952015,-0.00126212015142381,-0.000131885058841963,0.0210625675036812,0.894155799414232,0.240656303529984
sorting,45,0.08,0.96585488277817,0.961946395372805,0.962726285399033,0.000779890026227914,0.1538,0.1538,0.0516,0.451235370611183,0.548764629388817,0.569767441860465,0.430232558139535,0.00425879330278836,0.00469289747761475,0.000709143993588185,0.00088073509043204,0.0227434872895212,0.1022,511,0.0622,0.04,311,200,0.608610567514677,0.391389432485323,0.00187219245147814,-0.00109230242525014,-0.00763101786915848,0.0290067991852082,0.81693599619744,0.0942243078738345
sorting,45,0.12,0.96585488277817,0.960328817048711,0.962321517100136,0.00199270005142527,0.1538,0.1538,0.023,0.352405721716515,0.647594278283485,0.426086956521739,0.573913043478261,0.008461535683456,0.00844232212781648,0.000543577707510111,0.000466165984971651,0.0434002857184914,0.1308,654,0.0864,0.0444,432,222,0.660550458715596,0.339449541284404,0.00321560597449268,-0.00122290592306748,-0.0152347098732813,0.0339335771984722,0.717389199063568,0.125377601285774
sorting,46,0,0.965320932287281,0.965320932287281,0.965316227170779,-4.70511650130234e-06,0.1688,0.1688,0.1784,1,0,0.946188340807175,0.0538116591928251,0,0.000922617646947894,0.000766015436466468,0.000824117229030151,-0.00113698325427403,0.0096,48,0,0.0096,0,48,0,1,0,-4.70511650133605e-06,-0.000490116302222505,0.000490116302222505,1,1
sorting,46,0.02,0.965320932287281,0.964487044136199,0.964088598791644,-0.000398445344555243,0.1688,0.1688,0.2238,0.727488151658768,0.272511848341232,0.631814119749777,0.368185880250223,0.000358058821064415,0.00117414633413928,0.000528592737274558,0.000767334898083578,-0.00728224762855279,0.055,275,0.0186,0.0364,93,182,0.338181818181818,0.661818181818182,0.000160725347145618,-0.000559170691700868,-0.00724446081009545,0.0130890188881179,0.968500046548002,0.0742673321600646
sorting,46,0.05,0.965320932287281,0.962759624708718,0.962653773791863,-0.00010585091685511,0.1688,0.1688,0.0278,0.552132701421801,0.447867298578199,0.841726618705036,0.158273381294964,0.00187595360301442,0.00289788993145147,0.000294604718242894,0.000429529946339074,0.0401364095811446,0.141,705,0.0712,0.0698,356,349,0.504964539007092,0.495035460992908,0.00150676829630414,-0.00161261921315921,0.000750715722376409,0.0221233156699528,0.892176844007074,0.208983854882987
sorting,46,0.08,0.965320932287281,0.961159814064874,0.962187410676792,0.0010275966119172,0.1688,0.1688,0.0236,0.454976303317536,0.545023696682464,0.584745762711864,0.415254237288136,0.00422079644807037,0.00461390227596946,0.00142360349680037,0.000523978165144459,0.0433332306990251,0.1452,726,0.0822,0.063,411,315,0.566115702479339,0.433884297520661,0.00254191983348314,-0.00151432322156592,-0.00707711165232245,0.0279355582303655,0.807087911643516,0.143032524343964
sorting,46,0.12,0.965320932287281,0.959455661268136,0.961795100470766,0.00233943920262969,0.1688,0.1688,0.0044,0.368483412322275,0.631516587677725,0.5,0.5,0.00843530823170778,0.00852287108918353,0.00123185601651696,0.00103566154483035,0.0907817945951388,0.1644,822,0.1044,0.06,522,300,0.635036496350365,0.364963503649635,0.00389447838467202,-0.00155503918204233,-0.0142301654661173,0.0331479170724717,0.718667620554705,0.180540941914292
sorting,47,0,0.965454519454638,0.965454519454638,0.965379673820994,-7.48456336440162e-05,0.16,0.16,0.125,1,0,1,0,0,0.00114335468760702,0.00039100120425729,8.80004254217315e-05,0.00466755920451278,0.035,175,0,0.035,0,175,0,1,0,-7.48456336439511e-05,0.00213844667554146,0.00213844667554146,1,1
sorting,47,0.02,0.965454519454638,0.964618796908117,0.964394125048607,-0.000224671859509806,0.16,0.16,0.208,0.725,0.275,0.645192307692308,0.354807692307692,0.00038223189808104,0.0015917875569546,6.92788753016815e-05,0.000342224910546963,-0.0059313326124486,0.048,240,0.0182,0.0298,91,149,0.379166666666667,0.620833333333333,0.000181687428325098,-0.000406359287834904,-0.00468066373978762,0.0122509732533334,0.968392973519719,0.125047309849129
sorting,47,0.05,0.965454519454638,0.963026017594385,0.962880790121717,-0.000145227472668097,0.16,0.16,0.0376,0.555,0.445,0.771276595744681,0.228723404255319,0.00195504631215496,0.00321498199118441,0.000126813016088372,0.00214023981820596,0.0343130405096226,0.1224,612,0.0626,0.0598,313,299,0.511437908496732,0.488562091503268,0.00128856882550198,-0.00143379629817007,0.00118649895970659,0.0222415451280396,0.892405224368209,0.196209362175384
sorting,47,0.08,0.965454519454638,0.961272549989687,0.962235415279445,0.000962865289757975,0.16,0.16,0.0358,0.44875,0.55125,0.631284916201117,0.368715083798883,0.0043596751424062,0.00458327571551979,0.00116083171989691,0.000664827118169347,0.0357386358744478,0.1242,621,0.075,0.0492,375,246,0.603864734299517,0.396135265700483,0.00219798999427885,-0.00123512470452087,-0.00775253856487899,0.0276418252721395,0.814427039553081,0.0961412285593883
sorting,47,0.12,0.965454519454638,0.959357805660035,0.960265505009795,0.000907699349759761,0.16,0.16,0.1144,0.35125,0.64875,0.374125874125874,0.625874125874126,0.00831979655583593,0.00831373134244335,0.00104990618412359,0.000923084096557509,0.0064880491617304,0.0456,228,0.0322,0.0134,161,67,0.706140350877193,0.293859649122807,0.00118866554092429,-0.000280966191164552,-0.0199056874947311,0.0322287660545798,0.718156707670268,0.119246474302834
sorting,48,0,0.965668576163691,0.965668576163691,0.965388290949742,-0.00028028521394885,0.1606,0.1606,0.2284,1,0,0.703152364273205,0.296847635726795,0,0.0016542342866915,0.000503043311995719,0.00099939572474766,-0.0087096075079518,0.0678,339,0,0.0678,0,339,0,1,0,-0.000280285213948904,-0.00413400020573605,0.00413400020573605,1,1
sorting,48,0.02,0.965668576163691,0.964795170751228,0.964777196918613,-1.797383261537e-05,0.1606,0.1606,0.171,0.713574097135741,0.286425902864259,0.701754385964912,0.298245614035088,0.000359456070442501,0.00254901036160539,0.000395467559855377,0.000718338062506734,-0.00112816851891129,0.0104,52,0.0054,0.005,27,25,0.519230769230769,0.480769230769231,5.14264811477878e-05,-6.94003137631512e-05,-0.00172825313609263,0.0116179610491288,0.968855944578238,0.213950311619568
sorting,48,0.05,0.965668576163691,0.962934338341313,0.962665719848887,-0.000268618492426764,0.1606,0.1606,0.1918,0.506849315068493,0.493150684931507,0.489051094890511,0.510948905109489,0.00200489111855421,0.00267893026269272,0.000494075890851111,0.000975338070753711,-0.0034432390084026,0.0312,156,0.0124,0.0188,62,94,0.397435897435897,0.602564102564103,0.000178238106785779,-0.000446856599212518,-0.0086095670649596,0.0200350867307146,0.889741764165671,0.0393071075216134
sorting,48,0.08,0.965668576163691,0.961374465415154,0.962159499732102,0.000785034316948652,0.1606,0.1606,0.0846,0.444582814445828,0.555417185554172,0.50354609929078,0.49645390070922,0.00449845222659916,0.00474704925873714,0.00082945779975274,0.00116330953936823,0.0120794374156371,0.076,380,0.0472,0.0288,236,144,0.621052631578947,0.378947368421053,0.0015107526189826,-0.000725718302033933,-0.0103293989072192,0.0294272489607438,0.810741443501658,0.0168089077741827
sorting,48,0.12,0.965668576163691,0.959853338217152,0.961990714305036,0.00213737608788456,0.1606,0.1606,0.0292,0.38107098381071,0.61892901618929,0.534246575342466,0.465753424657534,0.0089614890501398,0.00873302005203372,0.00154967222513599,0.000398191189629941,0.040320616371347,0.1314,657,0.0858,0.0456,429,228,0.65296803652968,0.34703196347032,0.00344877519902079,-0.00131139911113614,-0.0162661802730947,0.0362265929235688,0.7108849925954,0.0414380853534979
sorting,49,0,0.965517886298715,0.965517886298715,0.965458726765927,-5.91595327884553e-05,0.1616,0.1616,0.1306,1,0,1,0,0,0.000940361735463264,0.000382295395410046,0.000199128145365976,0.00414962542547304,0.031,155,0,0.031,0,155,0,1,0,-5.91595327884657e-05,0.00190837202543438,0.00190837202543438,1,1
sorting,49,0.02,0.965517886298715,0.964554268775771,0.964661705945057,0.000107437169286073,0.1616,0.1616,0.1284,0.702970297029703,0.297029702970297,0.777258566978193,0.222741433021807,0.000357092879678279,0.00126552631404469,0.000296539021179743,0.000500238388795105,0.00450923173294182,0.0332,166,0.0194,0.0138,97,69,0.58433734939759,0.41566265060241,0.000259998614748213,-0.000152561445462208,-0.00323605931584354,0.0124265078376633,0.966481884163275,0.0975070669176434
sorting,49,0.05,0.965517886298715,0.96292574095777,0.962765264291434,-0.000160476666336562,0.1616,0.1616,0.1834,0.534653465346535,0.465346534653465,0.517993456924755,0.482006543075245,0.00182535937599367,0.00244459601972595,0.000185123341244889,0.000372374388364777,-0.00268344730889458,0.0218,109,0.0086,0.0132,43,66,0.394495412844037,0.605504587155963,0.000160351273219393,-0.000320827939555952,-0.00736131496956692,0.0220724409529975,0.886383967903359,-0.0811880270595867
sorting,49,0.08,0.965517886298715,0.96141694389487,0.962329153959861,0.000912210064991315,0.1616,0.1616,0.0758,0.445544554455446,0.554455445544555,0.503957783641161,0.496042216358839,0.00421804349362613,0.00491615544257073,0.000944916318116385,0.000578074483392071,0.0140430740244228,0.0858,429,0.052,0.0338,260,169,0.606060606060606,0.393939393939394,0.00166381163317322,-0.000751601568181952,-0.0106318189392922,0.0281516690134636,0.811209646560386,0.0304198084028556
sorting,49,0.12,0.965517886298715,0.960087196950201,0.961924584231711,0.00183738728150995,0.1616,0.1616,0.0024,0.376237623762376,0.623762376237624,0.333333333333333,0.666666666666667,0.0081494263398719,0.00878892956947061,0.0011096894662455,0.000839055532253765,0.107973932039424,0.1592,796,0.0992,0.06,496,300,0.623115577889447,0.376884422110553,0.003450089589163,-0.00161270230765305,-0.0115413773964193,0.0318014566382918,0.708416153776646,0.123162889564415
sorting,50,0,0.96513717249675,0.96513717249675,0.964225375128156,-0.000911797368593703,0.1556,0.1556,0.2794,1,0,0.556907659269864,0.443092340730136,0,0.00144017534983703,0.00112719420530133,0.000611439874269451,-0.0151427789213984,0.1238,619,0,0.1238,0,619,0,1,0,-0.000911797368593678,-0.00736508375277608,0.00736508375277608,1,1
sorting,50,0.02,0.96513717249675,0.964208458966121,0.964261740029302,5.32810631809211e-05,0.1556,0.1556,0.1402,0.694087403598972,0.305912596401028,0.730385164051355,0.269614835948645,0.000366068309834682,0.00220621189500047,0.00138078288828738,0.000542305478564147,0.00192688037962741,0.0154,77,0.0098,0.0056,49,28,0.636363636363636,0.363636363636364,0.000120811867341728,-6.75308041607262e-05,-0.00345980929746765,0.0122300436040555,0.967381816711273,-0.0690362269309638
sorting,50,0.05,0.96513717249675,0.962502903988319,0.958722394977482,-0.00378050901083749,0.1556,0.1556,0.359,0.506426735218509,0.493573264781491,0.377715877437326,0.622284122562674,0.00200736508565006,0.00332103058346857,0.000857770916089513,0.000517621084185128,-0.0261572969739231,0.2034,1017,0.0568,0.1466,284,733,0.279252704031465,0.720747295968535,0.000905238233508969,-0.00468574724434643,-0.0185865733079521,0.0274876375509115,0.888771854910874,0.160357976098998
sorting,50,0.08,0.96513717249675,0.961302908679553,0.961671722080123,0.0003688134005706,0.1556,0.1556,0.1276,0.448586118251928,0.551413881748072,0.470219435736677,0.529780564263323,0.00430909562223453,0.00508831103917861,0.000923122330496025,0.000334676547017845,0.00401692864620329,0.028,140,0.0182,0.0098,91,49,0.65,0.35,0.000556105042656484,-0.000187291642085882,-0.0131719071632358,0.0265498815979416,0.820147353573894,0.00395355448164265
sorting,50,0.12,0.96513717249675,0.959850364708974,0.961504316190987,0.00165395148201286,0.1556,0.1556,0.0536,0.392030848329049,0.607969151670951,0.477611940298507,0.522388059701493,0.00881914567737193,0.00921774420747421,0.00181526424215376,0.00146240595492608,0.0222317057106566,0.102,510,0.0666,0.0354,333,177,0.652941176470588,0.347058823529412,0.00247236187601287,-0.000818410394000005,-0.0162152106079693,0.0322624732354203,0.727979336095173,-0.0111904449052544
sorting,51,0,0.963770137272835,0.963770137272835,0.963645921443448,-0.000124215829387375,0.1704,0.1704,0.128,1,0,1,0,0,0.00091370974259595,0.000290102322623776,0.000799747033056578,0.00593438260776324,0.0424,212,0,0.0424,0,212,0,1,0,-0.00012421582938745,0.00292961861762854,0.00292961861762854,1,1
sorting,51,0.02,0.963770137272835,0.962861234091253,0.962715042531341,-0.000146191559912134,0.1704,0.1704,0.2014,0.72887323943662,0.27112676056338,0.673286991062562,0.326713008937438,0.000368968452178907,0.001268686719793,0.000234273641744146,0.000844367238483045,-0.00392116344388482,0.031,155,0.0114,0.0196,57,98,0.367741935483871,0.632258064516129,0.000129578417786472,-0.000275769977698589,-0.00471585677135861,0.0130757546930665,0.971269021794761,0.0130804679191776
sorting,51,0.05,0.963770137272835,0.960944065792553,0.961241213411684,0.000297147619131577,0.1704,0.1704,0.1256,0.538732394366197,0.461267605633803,0.605095541401274,0.394904458598726,0.00201636547611561,0.00337404673294434,0.000317354158813343,0.000805273333490767,0.00629424084357566,0.0448,224,0.029,0.0158,145,79,0.647321428571429,0.352678571428571,0.00067296823638794,-0.000375820617256313,-0.00663275935561667,0.0234104654831306,0.893223582256943,0.102449284646594
sorting,51,0.08,0.963770137272835,0.959452807026168,0.960331424434826,0.000878617408657578,0.1704,0.1704,0.0932,0.476525821596244,0.523474178403756,0.555793991416309,0.444206008583691,0.0044933015939735,0.00508231844425407,0.000547963836150251,0.000518317635851147,0.0131872266297539,0.0772,386,0.0478,0.0294,239,147,0.619170984455959,0.380829015544041,0.00161463302869624,-0.000736015620038581,-0.011381054516291,0.0304488166934563,0.818257829466313,0.0249218990031136
sorting,51,0.12,0.963770137272835,0.958011266873255,0.959729329238493,0.00171806236523842,0.1704,0.1704,0.026,0.392018779342723,0.607981220657277,0.476923076923077,0.523076923076923,0.00855772966521049,0.00866351269607186,0.00187753660822529,0.00130449590815868,0.0490823848348786,0.1444,722,0.09,0.0544,450,272,0.623268698060942,0.376731301939058,0.00327386489454069,-0.00155580252930224,-0.0118979388174408,0.0334464503036214,0.731758944950358,0.182297695782699
sorting,52,0,0.965942373499064,0.965942373499064,0.965403225080692,-0.000539148418372104,0.1554,0.1554,0.0766,1,0,1,0,0,0.00152550651728022,0.000568633767419811,0.000763613938607641,0.0158027804294634,0.0788,394,0,0.0788,0,394,0,1,0,-0.000539148418372092,0.00684198500472198,0.00684198500472198,1,1
sorting,52,0.02,0.965942373499064,0.965041859626394,0.964305621087708,-0.000736238538685541,0.1554,0.1554,0.0396,0.693693693693694,0.306306306306306,0.97979797979798,0.0202020202020202,0.000366566549125415,0.00189477198696449,0.00067473399379037,0.000676402789346931,0.0318439863178258,0.1158,579,0.0468,0.069,234,345,0.404145077720207,0.595854922279793,0.000485200615367222,-0.00122143915405275,0.00635784575721527,0.0147378218430049,0.967494408395776,0.367755526471485
sorting,52,0.05,0.965942373499064,0.963460059259921,0.963128924736149,-0.000331134523772869,0.1554,0.1554,0.0262,0.526383526383526,0.473616473616474,0.740458015267176,0.259541984732824,0.00200445641627983,0.00350107610745972,0.000696887662934847,0.000635889686055406,0.0447726951736837,0.1292,646,0.0668,0.0624,334,312,0.51702786377709,0.48297213622291,0.00130624540133161,-0.00163737992510447,0.00256296071031626,0.0227834777587932,0.889110982124439,0.228013451317428
sorting,52,0.08,0.965942373499064,0.961977548941887,0.962808261899402,0.000830712957514246,0.1554,0.1554,0.035,0.44015444015444,0.55984555984556,0.565714285714286,0.434285714285714,0.00432422457723705,0.00628215287962073,0.000546954348075479,0.0010861683376267,0.0358155374333585,0.1204,602,0.0718,0.0486,359,243,0.596345514950166,0.403654485049834,0.00204338379384481,-0.00121267083633065,-0.00689960928167906,0.0270436431077696,0.816485778547431,0.138739225745667
sorting,52,0.12,0.965942373499064,0.960059645984955,0.962258517906656,0.00219887192170121,0.1554,0.1554,0.0024,0.351351351351351,0.648648648648649,0.75,0.25,0.00849804991899156,0.00971440302065651,0.00111647363864129,0.000701002802903072,0.11188832006495,0.153,765,0.1002,0.0528,501,264,0.654901960784314,0.345098039215686,0.00374974719387906,-0.00155087527217784,-0.014371711906544,0.0346445912814177,0.718331091581244,0.17253596611775
sorting,53,0,0.965630753708102,0.965630753708102,0.964128790301776,-0.0015019634063268,0.1672,0.1672,0.3188,1,0,0.524466750313676,0.475533249686324,0,0.00308144807955895,0.000670223754748132,0.00258679934929861,-0.0189512926035764,0.1516,758,0,0.1516,0,758,0,1,0,-0.00150196340632675,-0.00990741033197068,0.00990741033197068,1,1
sorting,53,0.02,0.965630753708102,0.964755676271516,0.96458824294079,-0.000167433330725997,0.1672,0.1672,0.2046,0.72488038277512,0.27511961722488,0.657869012707722,0.342130987292278,0.000368185355685846,0.00261507440922149,0.000701258591446515,0.00241944702372994,-0.00533717812700685,0.0374,187,0.0134,0.024,67,120,0.358288770053476,0.641711229946524,0.000143811508776549,-0.000311244839502607,-0.00447682702476091,0.0121672820395496,0.967788564983542,0.0585317423905982
sorting,53,0.05,0.965630753708102,0.962769863301605,0.963067856189989,0.000297992888384502,0.1672,0.1672,0.121,0.522727272727273,0.477272727272727,0.565289256198347,0.434710743801653,0.00196982804494734,0.00379158048632768,0.000740453175820795,0.00266817120517181,0.0066809933951022,0.0462,231,0.0272,0.019,136,95,0.588744588744589,0.411255411255411,0.000680947883102895,-0.000382954994718347,-0.00645006251914605,0.0230282008186416,0.886152546550102,-0.00567573356179053
sorting,53,0.08,0.965630753708102,0.961438996821272,0.962079529642461,0.000640532821189033,0.1672,0.1672,0.0136,0.454545454545455,0.545454545454545,0.691176470588235,0.308823529411765,0.00433203956716659,0.00629899905627175,0.000671263763765008,0.0019890569126031,0.0625980413960954,0.1536,768,0.087,0.0666,435,333,0.56640625,0.43359375,0.00248993624809158,-0.00184940342690265,-0.00417013555461543,0.0282509093424104,0.808150183462007,0.203002293696584
sorting,53,0.12,0.965630753708102,0.959750025845796,0.961845574779791,0.00209554893399544,0.1672,0.1672,0.0334,0.393540669856459,0.606459330143541,0.491017964071856,0.508982035928144,0.00829194319489134,0.0101262200384197,0.00154108109759646,0.00278939569193201,0.0364650998458718,0.1338,669,0.0844,0.0494,422,247,0.630792227204783,0.369207772795217,0.00328663877377436,-0.00119108983977889,-0.0156618007025073,0.0334658341820124,0.722486148483446,0.138583538364674
sorting,54,0,0.965668669767958,0.965668669767958,0.964504252883286,-0.00116441688467273,0.1674,0.1674,0.3022,1,0,0.553937789543349,0.446062210456651,0,0.000903949843694817,0.000534594541389303,0.00120132565038067,-0.0170252163453282,0.1348,674,0,0.1348,0,674,0,1,0,-0.00116441688467267,-0.00863810745306136,0.00863810745306136,1,1
sorting,54,0.02,0.965668669767958,0.964682264416386,0.962756742882023,-0.00192552153436321,0.1674,0.1674,0.3348,0.727598566308244,0.272401433691756,0.482078853046595,0.517921146953405,0.000377332376633182,0.00161051286784017,0.00102931549076731,0.00095008444448484,-0.0208915337483508,0.1674,837,0.0396,0.1278,198,639,0.236559139784946,0.763440860215054,0.000433992247503086,-0.00235951378186631,-0.0115025181264231,0.016687610689184,0.964994154631766,0.276198639269011
sorting,54,0.05,0.965668669767958,0.962749338971461,0.962422633186409,-0.00032670578505245,0.1674,0.1674,0.2046,0.536439665471924,0.463560334528077,0.498533724340176,0.501466275659824,0.00194986793752291,0.00313045780353684,0.00069481135302722,0.00187420809676388,-0.00470203984202189,0.0372,186,0.0122,0.025,61,125,0.327956989247312,0.672043010752688,0.000242467787060128,-0.000569173572112532,-0.00878241357667754,0.0218183161067919,0.88115401076616,0.0396020308733781
sorting,54,0.08,0.965668669767958,0.961384409077007,0.959902583417868,-0.00148182565913935,0.1674,0.1674,0.2462,0.43010752688172,0.56989247311828,0.394800974817222,0.605199025182778,0.00441643575946505,0.00524204457066178,0.000741405891812534,0.000656589495717543,-0.00985417223529195,0.0788,394,0.0252,0.0536,126,268,0.319796954314721,0.680203045685279,0.000498497076201062,-0.00198032273534038,-0.0188048941515142,0.0314571042073787,0.797679730019189,0.0507795696683218
sorting,54,0.12,0.965668669767958,0.959909030236762,0.961676386595563,0.00176735635880176,0.1674,0.1674,0.0674,0.377538829151732,0.622461170848268,0.495548961424332,0.504451038575668,0.00846248992396847,0.00880986391406832,0.00215824748586472,0.00107752923985269,0.019961056770987,0.1,500,0.0702,0.0298,351,149,0.702,0.298,0.00257997764190667,-0.000812621283104836,-0.0176735635880183,0.0339259892501151,0.710962646998506,0.0543833535334141
sorting,55,0,0.963914386587492,0.963914386587492,0.963722312036082,-0.000192074551410015,0.154,0.154,0.1012,1,0,1,0,0,0.000884320212779482,0.000480574788295729,0.00124656772608055,0.00773397565562783,0.0528,264,0,0.0528,0,264,0,1,0,-0.000192074551410027,0.00363777559488687,0.00363777559488687,1,1
sorting,55,0.02,0.963914386587492,0.963128758489093,0.962087959893748,-0.00104079859534523,0.154,0.154,0.024,0.724675324675325,0.275324675324675,0.991666666666667,0.00833333333333333,0.000376198254469082,0.00149552542937915,0.000755036630028242,0.00214630519691704,0.0420758436721351,0.13,650,0.0422,0.0878,211,439,0.324615384615385,0.675384615384615,0.000453043635300371,-0.00149384223064566,0.00800614304111764,0.0149760451226618,0.972645518041821,0.389255730600728
sorting,55,0.05,0.963914386587492,0.961283453854788,0.961510781097055,0.000227327242267594,0.154,0.154,0.0352,0.505194805194805,0.494805194805195,0.721590909090909,0.278409090909091,0.00199143670623299,0.00310981947848988,0.00073167989626936,0.00174942230271771,0.0296911563165062,0.1188,594,0.0664,0.0524,332,262,0.558922558922559,0.441077441077441,0.00139812737553872,-0.00117080013327116,-0.00191352897531617,0.021623968929376,0.896824738336989,0.201800080244679
sorting,55,0.08,0.963914386587492,0.959648866454005,0.960882686897826,0.0012338204438207,0.154,0.154,0.0162,0.397402597402597,0.602597402597403,0.617283950617284,0.382716049382716,0.00443048560827499,0.005078668234338,0.000881963883792048,0.000617456954781612,0.0535891981436201,0.1378,689,0.0866,0.0512,433,256,0.62844702467344,0.37155297532656,0.00255087247341741,-0.00131705202959672,-0.00895370423672491,0.0280691183092462,0.814315105660604,0.169802295497204
sorting,55,0.12,0.963914386587492,0.957889034956231,0.96049144387581,0.00260240891957864,0.154,0.154,0.0466,0.341558441558442,0.658441558441559,0.437768240343348,0.562231759656652,0.00873786122436054,0.00868789866152488,0.00112288806667517,0.000592269723930612,0.0224153923653991,0.1074,537,0.0752,0.0322,376,161,0.700186219739292,0.299813780260708,0.0033815873886663,-0.000779178469087652,-0.0242309955268031,0.0387408366643757,0.715566122990645,0.12096050763193
sorting,56,0,0.966051900585591,0.966051900585591,0.963901958654542,-0.00214994193104945,0.1648,0.1648,0.0248,1,0,1,0,0,0.00231107153526844,0.000754420457497899,0.00070291908028256,0.0489091072716882,0.14,700,0,0.14,0,700,0,1,0,-0.00214994193104948,0.0153567280789248,0.0153567280789248,1,1
sorting,56,0.02,0.966051900585591,0.965177533402618,0.964782090614653,-0.000395442787965439,0.1648,0.1648,0.0678,0.716019417475728,0.283980582524272,0.932153392330384,0.0678466076696165,0.000386680138542552,0.00158981552564403,0.000582604589733539,0.000763882589726195,0.0198957127024957,0.097,485,0.0422,0.0548,211,274,0.435051546391753,0.564948453608247,0.000461660763189593,-0.000857103551155085,0.00407672977284012,0.013595508395306,0.969144911789796,0.155399459554411
sorting,56,0.05,0.966051900585591,0.963339327820025,0.963397614893802,5.82870737774188e-05,0.1648,0.1648,0.044,0.54247572815534,0.45752427184466,0.745454545454546,0.254545454545455,0.00188705291202048,0.00357406896911888,0.000779112658483073,0.000398375008382763,0.0316591023811583,0.1208,604,0.0642,0.0566,321,283,0.531456953642384,0.468543046357616,0.00132403978913648,-0.0012657527153591,-0.000482508888885592,0.0214386796729767,0.895473364522935,0.166754863414851
sorting,56,0.08,0.966051900585591,0.961736589337414,0.96182557544405,8.89861066369901e-05,0.1648,0.1648,0.1436,0.436893203883495,0.563106796116505,0.448467966573816,0.551532033426184,0.004179215564804,0.00515586824690976,0.000886311993210902,0.00124634920302834,0.00251390415709973,0.0212,106,0.0136,0.0076,68,38,0.641509433962264,0.358490566037736,0.000284123779044311,-0.000195137672407319,-0.00419745786023546,0.0226066722382844,0.826065769938631,-0.0393732523868302
sorting,56,0.12,0.966051900585591,0.960569316505423,0.961364571520743,0.000795255015320406,0.1648,0.1648,0.1146,0.407766990291262,0.592233009708738,0.431064572425829,0.568935427574171,0.00839967906598648,0.00877220317672152,0.00183824357139542,0.000898934822663693,0.00760637624812643,0.0502,251,0.0324,0.0178,162,89,0.645418326693227,0.354581673306773,0.00121920056604263,-0.000423945550722309,-0.0158417333729148,0.0327319943578674,0.734758340654334,-0.0897317397078353
sorting,57,0,0.966531456426955,0.966531456426955,0.966393294880428,-0.000138161546527238,0.1608,0.1608,0.115,1,0,1,0,0,0.00135895410281145,0.000311756858413888,0.000778717690311967,0.00621032642299391,0.0458,229,0,0.0458,0,229,0,1,0,-0.000138161546527315,0.00301662765343483,0.00301662765343483,1,1
sorting,57,0.02,0.966531456426955,0.96555863611604,0.96530454886167,-0.000254087254369262,0.1608,0.1608,0.2006,0.708955223880597,0.291044776119403,0.642073778664008,0.357926221335992,0.000369919243024522,0.00149047419868196,0.00037353502771074,0.000890720336655513,-0.00481110847523314,0.0398,199,0.0148,0.025,74,125,0.371859296482412,0.628140703517588,0.000153550286413718,-0.000407637540783068,-0.00638410186857662,0.0141001966632358,0.963701283220051,0.000516217450890818
sorting,57,0.05,0.966531456426955,0.963951396648844,0.964193624092747,0.000242227443903009,0.1608,0.1608,0.0706,0.507462686567164,0.492537313432836,0.637393767705382,0.362606232294618,0.00195358136542476,0.00276891143326054,0.000385674095233713,0.000787101958254247,0.0178177506332076,0.0902,451,0.0536,0.0366,268,183,0.594235033259424,0.405764966740577,0.00102565467925447,-0.000783427235351524,-0.00268544838029871,0.0200563405166961,0.881238961457558,0.060016482546161
sorting,57,0.08,0.966531456426955,0.96229087312127,0.963344207315652,0.00105333419438181,0.1608,0.1608,0.0676,0.430348258706468,0.569651741293532,0.532544378698225,0.467455621301775,0.0042256190548255,0.00500921772129737,0.000710676012192539,0.000785951546482354,0.0186993479783958,0.0932,466,0.06,0.0332,300,166,0.643776824034335,0.356223175965665,0.00187693715597084,-0.000823602961589038,-0.0113018690384313,0.0289757523343334,0.800475149811006,0.0378015031094164
sorting,57,0.12,0.966531456426955,0.96072509455877,0.962807379481768,0.00208228492299756,0.1608,0.1608,0.0254,0.366915422885572,0.633084577114428,0.409448818897638,0.590551181102362,0.00860513164068021,0.00968111255240567,0.00104533346191965,0.0011266323586186,0.0454214674842669,0.1354,677,0.0868,0.0486,434,243,0.641063515509601,0.358936484490399,0.00330816542768167,-0.00122588050468409,-0.0153787660487266,0.0334863067382996,0.702784585327383,0.0812509392884913
sorting,58,0,0.964645323846871,0.964645323846871,0.964597910995214,-4.74128516566585e-05,0.1596,0.1596,0.1324,1,0,1,0,0,0.00114764472251737,0.000325637092534488,0.000604040772416624,0.00353672717307973,0.0272,136,0,0.0272,0,136,0,1,0,-4.74128516566168e-05,0.00174311954619915,0.00174311954619915,1,1
sorting,58,0.02,0.964645323846871,0.96381286243399,0.962753823985692,-0.00105903844829791,0.1596,0.1596,0.2722,0.716791979949875,0.283208020050125,0.536370315944159,0.463629684055841,0.000361093276817353,0.00183186826004074,0.000862953679624117,0.00102259321011527,-0.0145716700265989,0.1126,563,0.0316,0.081,158,405,0.280639431616341,0.719360568383659,0.000286460498664374,-0.00134549894696231,-0.00940531481614508,0.0144934231405567,0.96892274512491,0.240064038379991
sorting,58,0.05,0.964645323846871,0.962107349171699,0.961927177770879,-0.00018017140081994,0.1596,0.1596,0.1724,0.538847117794486,0.461152882205514,0.520881670533643,0.479118329466357,0.00189260924023019,0.00267811882173126,0.000543434951026442,0.000512638969087863,-0.00137776889956676,0.0128,64,0.0038,0.009,19,45,0.296875,0.703125,6.78889567218897e-05,-0.00024806035754173,-0.0140758906890501,0.0246835401768453,0.891426637385066,0.0842490842490842
sorting,58,0.08,0.964645323846871,0.960600758448186,0.956025140404179,-0.00457561804400675,0.1596,0.1596,0.3532,0.43609022556391,0.56390977443609,0.343148357870895,0.656851642129105,0.00439817278527438,0.00545817304903482,0.000356015297801467,0.000515296993642102,-0.0257564545086597,0.1936,968,0.0516,0.142,258,710,0.266528925619835,0.733471074380165,0.000940608508981528,-0.00551622655298825,-0.0236343907231752,0.0333514207746373,0.817031814281273,0.16910508198803
sorting,58,0.12,0.964645323846871,0.959238434816086,0.960675728311139,0.00143729349505317,0.1596,0.1596,0.0848,0.387218045112782,0.612781954887218,0.424528301886792,0.575471698113208,0.00855686197497239,0.00892457157185737,0.000875235106864145,0.000686528054239934,0.0128177154643742,0.0748,374,0.049,0.0258,245,129,0.655080213903743,0.344919786096257,0.00202263570602408,-0.000585342210970913,-0.0192151536771814,0.0348660149330881,0.720814669664587,-0.072272512222047
sorting,59,0,0.965224844131475,0.965224844131475,0.964171854001078,-0.00105299013039706,0.166,0.166,0.0504,1,0,1,0,0,0.000941661475529429,0.000625467530473084,0.000613666637993913,0.0247115495169008,0.1156,578,0,0.1156,0,578,0,1,0,-0.001052990130397,0.00910891116260383,0.00910891116260383,1,1
sorting,59,0.02,0.965224844131475,0.964322488767054,0.963915111801361,-0.000407376965692041,0.166,0.166,0.062,0.709638554216868,0.290361445783133,0.912903225806452,0.0870967741935484,0.000371147528168091,0.00138006755343858,0.000603195204104427,0.000562359505589554,0.0193485588454528,0.104,520,0.0428,0.0612,214,306,0.411538461538462,0.588461538461539,0.000453210274862527,-0.000860587240554622,0.00391708620857783,0.0126326684174726,0.967363537446541,0.202269552089263
sorting,59,0.05,0.965224844131475,0.962652838726998,0.962871562869594,0.000218724142596161,0.166,0.166,0.0766,0.531325301204819,0.468674698795181,0.650130548302872,0.349869451697128,0.00199381446212058,0.00277266232961554,0.000149213401990477,0.000801650568361299,0.0149396867827165,0.0894,447,0.051,0.0384,255,192,0.570469798657718,0.429530201342282,0.00108025682121639,-0.000861532678620222,-0.0024465787762435,0.0217202404903424,0.883146338397854,0.204343821074943
sorting,59,0.08,0.965224844131475,0.960955648059285,0.962161477763554,0.00120582970426819,0.166,0.166,0.0526,0.443373493975904,0.556626506024096,0.596958174904943,0.403041825095057,0.00442250501012281,0.00492586232172306,0.000321045059173782,0.00100849633359217,0.0239424256588678,0.1134,567,0.0712,0.0422,356,211,0.627865961199295,0.372134038800705,0.00218340408714225,-0.000977574382874029,-0.0106334189088908,0.0278745896826832,0.805980844399234,0.0360023641390287
sorting,59,0.12,0.965224844131475,0.959492371657791,0.960000648580059,0.000508276922267625,0.166,0.166,0.1368,0.396385542168675,0.603614457831325,0.409356725146199,0.590643274853801,0.0085685718135262,0.00884083916099369,0.000568376997090578,0.00117384431493719,0.00314506234550294,0.0292,146,0.0194,0.0098,97,49,0.664383561643836,0.335616438356164,0.000757987738309802,-0.000249710816042226,-0.0174067439132732,0.0345102244641106,0.714338969917559,-0.0212063663443649
sorting,60,0,0.964902299354666,0.964902299354666,0.964794909043842,-0.00010739031082363,0.1622,0.1622,0.2016,1,0,0.804563492063492,0.195436507936508,0,0.00164735797825783,0.000348298599733442,0.0010602057033907,-0.00562996065030608,0.0394,197,0,0.0394,0,197,0,1,0,-0.000107390310823597,-0.00272564240669028,0.00272564240669028,1,1
sorting,60,0.02,0.964902299354666,0.964011840585595,0.961744759302927,-0.00226708128266784,0.1622,0.1622,0.3402,0.731196054254007,0.268803945745993,0.464432686654909,0.535567313345091,0.000368508878110284,0.00175182681350232,0.000316797100375806,0.0010987957662467,-0.0234083588867838,0.178,890,0.0394,0.1386,197,693,0.221348314606742,0.778651685393259,0.000371468790163203,-0.00263855007283099,-0.0127364117003808,0.016910218331428,0.969826582761063,0.317088309143516
sorting,60,0.05,0.964902299354666,0.962038525301286,0.962333034554061,0.000294509252774744,0.1622,0.1622,0.1052,0.511713933415536,0.488286066584464,0.557034220532319,0.442965779467681,0.00198688783364527,0.00330560916243122,0.00106473106596451,0.000528819752192526,0.00956637978248853,0.057,285,0.0326,0.0244,163,122,0.571929824561404,0.428070175438597,0.000812482212930832,-0.000517972960156101,-0.00516682899604791,0.0233413188260866,0.887158827710353,-0.0246979114288232
sorting,60,0.08,0.964902299354666,0.960692816653092,0.960809553899962,0.000116737246870113,0.1622,0.1622,0.1512,0.448828606658446,0.551171393341554,0.44973544973545,0.55026455026455,0.00448332874276486,0.00480902897369704,0.00118029051530164,0.000833521373647105,0.00128054118846188,0.011,55,0.0062,0.0048,31,24,0.563636363636364,0.436363636363636,0.000207577048419117,-9.08398015490982e-05,-0.0106124769881835,0.027128804542565,0.813058162154326,0.216666666666667
sorting,60,0.12,0.964902299354666,0.959247418670446,0.96111677993627,0.00186936126582404,0.1622,0.1622,0.0084,0.406905055487053,0.593094944512947,0.690476190476191,0.30952380952381,0.0083109828687347,0.00868731369986401,0.0014200242454752,0.00130977834174667,0.0740663790541355,0.1538,769,0.0936,0.0602,468,301,0.608582574772432,0.391417425227568,0.00359748827961969,-0.00172812701379569,-0.0121544945762289,0.034626887473442,0.730382813695313,0.188232947156874
sorting,61,0,0.967141023904047,0.967141023904047,0.966444592974226,-0.00069643092982119,0.163,0.163,0.265,1,0,0.615094339622642,0.384905660377359,0,0.0013193782411513,0.000292907326321782,0.00134140473128259,-0.0130790692355458,0.102,510,0,0.102,0,510,0,1,0,-0.000696430929821194,-0.00682775421393328,0.00682775421393328,1,1
sorting,61,0.02,0.967141023904047,0.966192460615362,0.966260019962276,6.75593469143809e-05,0.163,0.163,0.1364,0.717791411042945,0.282208588957055,0.772727272727273,0.227272727272727,0.000359138702902542,0.00127524473660379,0.000436230598505284,0.00106833132216102,0.0030875383384682,0.0266,133,0.015,0.0116,75,58,0.56390977443609,0.43609022556391,0.000175807663314303,-0.000108248316399854,-0.00253982507197174,0.0106787962298555,0.966789605839584,0.0692810724232562
sorting,61,0.05,0.967141023904047,0.964488532216197,0.963677987720606,-0.000810544495590371,0.163,0.163,0.2234,0.515337423312884,0.484662576687117,0.465532676812892,0.534467323187108,0.00196726177612907,0.00287277760057565,0.000712979040186002,0.00111301604682394,-0.00815379568193042,0.0604,302,0.02,0.0404,100,202,0.33112582781457,0.668874172185431,0.000313293442162589,-0.00112383793775297,-0.0134196108541454,0.0237935658926417,0.882739428749577,0.0399039243872903
sorting,61,0.08,0.967141023904047,0.963079548009108,0.963643929601934,0.000564381592826013,0.163,0.163,0.0152,0.434355828220859,0.565644171779141,0.631578947368421,0.368421052631579,0.00449829710189171,0.00510759872655711,0.000972959663817362,0.0015593470281192,0.0636875697431286,0.1478,739,0.0866,0.0612,433,306,0.585926928281461,0.414073071718539,0.00239112752340448,-0.00182674593057844,-0.00381854934253066,0.0285377094315489,0.803886486811459,0.191415052796617
sorting,61,0.12,0.967141023904047,0.961160996322438,0.963266037976859,0.00210504165442049,0.163,0.163,0.0216,0.36319018404908,0.63680981595092,0.462962962962963,0.537037037037037,0.00816503555075979,0.00841467572683865,0.00109636869482018,0.00073349860657658,0.0531327049220179,0.1414,707,0.0922,0.0492,461,246,0.652050919377652,0.347949080622348,0.00360693271916891,-0.00150189106474835,-0.0148871404131581,0.0361302955015365,0.717183367951335,0.11573314044188
sorting,62,0,0.965018336492883,0.965018336492883,0.964080788239544,-0.000937548253339582,0.1628,0.1628,0.0564,1,0,1,0,0,0.000709433962265369,0.000962261523728607,0.00123720800715308,0.0219803959480104,0.1064,532,0,0.1064,0,532,0,1,0,-0.000937548253339618,0.00881154373439491,0.00881154373439491,1,1
sorting,62,0.02,0.965018336492883,0.964081148438941,0.963938520969221,-0.000142627469719936,0.1628,0.1628,0.0778,0.71007371007371,0.28992628992629,0.889460154241645,0.110539845758355,0.000365313016306433,0.000916315573891931,0.000713178946976981,0.000846112577606907,0.0144743991558615,0.085,425,0.0386,0.0464,193,232,0.454117647058824,0.545882352941177,0.000441179875745185,-0.00058380734546508,0.00167797023199876,0.012058673190709,0.96604650955386,0.155486079629832
sorting,62,0.05,0.965018336492883,0.962086855471944,0.962510854264992,0.000423998793047442,0.1628,0.1628,0.0576,0.520884520884521,0.479115479115479,0.694444444444445,0.305555555555556,0.00192818258840351,0.00234434726319433,0.00103396594044308,0.000989393938366344,0.0214995630872338,0.1052,526,0.0604,0.0448,302,224,0.574144486692015,0.425855513307985,0.0013963830549407,-0.000972384261893211,-0.00403040677801793,0.0225167995896759,0.878479097187164,0.144281746060377
sorting,62,0.08,0.965018336492883,0.960572006188173,0.960386038740074,-0.000185967448098956,0.1628,0.1628,0.1744,0.432432432432432,0.567567567567568,0.423165137614679,0.576834862385321,0.00425868181129576,0.00480314339635608,0.00129062448009786,0.00160491756998321,-0.00147858169979942,0.0116,58,0.0034,0.0082,17,41,0.293103448275862,0.706896551724138,5.99302375411556e-05,-0.000245897685640136,-0.0160316765602569,0.0263644761363182,0.797483519163341,0.131009874188686
sorting,62,0.12,0.965018336492883,0.9593160617732,0.961441963523011,0.00212590174981087,0.1628,0.1628,0,0.378378378378378,0.621621621621622,,,0.00838601955254361,0.0086868187390253,0.00149472581774055,0.00172321618545181,Inf,0.1628,814,0.1012,0.0616,506,308,0.621621621621622,0.378378378378378,0.00371006049722073,-0.00158415874740983,-0.0130583645565781,0.0325197742299175,0.700835842081434,0.176607498849592
sorting,63,0,0.964964038466739,0.964964038466739,0.964819487285899,-0.000144551180839891,0.158,0.158,0.2082,1,0,0.758885686839577,0.241114313160423,0,0.00115588633644888,0.000976086495523323,0.000804926150754728,-0.00602007815932582,0.0502,251,0,0.0502,0,251,0,1,0,-0.000144551180839857,-0.00287950559441947,0.00287950559441947,1,1
sorting,63,0.02,0.964964038466739,0.964108518037742,0.963715117737902,-0.000393400299839919,0.158,0.158,0.2196,0.720253164556962,0.279746835443038,0.604735883424408,0.395264116575592,0.000376251233925865,0.00179695595335273,0.000817870732451229,0.000703582990629187,-0.00745612582644184,0.0616,308,0.019,0.0426,95,213,0.308441558441558,0.691558441558442,0.000183280790608901,-0.000576681090448817,-0.00638636850389474,0.0123370435236643,0.969314796468592,0.101620778892212
sorting,63,0.05,0.964964038466739,0.962356287402586,0.962394420391913,3.81329893275328e-05,0.158,0.158,0.0464,0.551898734177215,0.448101265822785,0.728448275862069,0.271551724137931,0.00199634669264888,0.00307900388624748,0.000893337164208284,0.00116189473781455,0.0278839066911407,0.1116,558,0.0582,0.0534,291,267,0.521505376344086,0.478494623655914,0.0012782705891698,-0.00124013759984227,-0.000341693452755613,0.0225663816219719,0.889840084105603,0.132666677234148
sorting,63,0.08,0.964964038466739,0.960923150929009,0.961479117638602,0.000555966709593569,0.158,0.158,0.0858,0.454430379746835,0.545569620253165,0.477855477855478,0.522144522144522,0.0044439716930656,0.0050627101216897,0.000433603878195717,0.00073602093535063,0.013229154887037,0.0722,361,0.0414,0.0308,207,154,0.573407202216067,0.426592797783934,0.00129370288454602,-0.000737736174952516,-0.00770036993896823,0.0281362750623066,0.813653157314126,0.0333060406176826
sorting,63,0.12,0.964964038466739,0.95905977233727,0.961134695664778,0.00207492332750747,0.158,0.158,0.0024,0.341772151898734,0.658227848101266,0.416666666666667,0.583333333333333,0.00856221111163765,0.00859830960234075,0.00102147641238873,0.000809587792857042,0.105207325370008,0.1556,778,0.1026,0.053,513,265,0.659383033419023,0.340616966580977,0.00361846503756493,-0.00154354171005751,-0.0133349828245978,0.0331748505631262,0.712961447142458,0.0880816263697883
sorting,64,0,0.965119280794277,0.965119280794277,0.965060679330463,-5.86014638140897e-05,0.1632,0.1632,0.1908,1,0,0.855345911949686,0.144654088050314,0,0.00222601655972305,0.000965036372003642,0.00230847030938982,-0.00375931240653848,0.0276,138,0,0.0276,0,138,0,1,0,-5.86014638140717e-05,-0.00212324144253883,0.00212324144253883,1,1
sorting,64,0.02,0.965119280794277,0.964197336339477,0.964003597997435,-0.000193738342042504,0.1632,0.1632,0.0736,0.713235294117647,0.286764705882353,0.899456521739131,0.10054347826087,0.000360266154517668,0.00133250862054702,0.000825468204995141,0.00273392326004466,0.0162589860346889,0.0896,448,0.0394,0.0502,197,251,0.439732142857143,0.560267857142857,0.000451669740029756,-0.000645408082072187,0.00216225828172356,0.0122441721216735,0.969382071831283,0.177833531209228
sorting,64,0.05,0.965119280794277,0.962210364134348,0.962561419621539,0.000351055487190277,0.1632,0.1632,0.0984,0.535539215686275,0.464460784313726,0.591463414634146,0.408536585365854,0.00198992127365524,0.00299063598130466,0.000732729213572141,0.00106741487885579,0.0100968226378914,0.0648,324,0.0356,0.0292,178,146,0.549382716049383,0.450617283950617,0.000890280281190965,-0.000539224794000708,-0.00541752295046693,0.0220602635060443,0.887954478334179,0.0452520441374931
sorting,64,0.08,0.965119280794277,0.961082608078206,0.961854373763558,0.000771765685351866,0.1632,0.1632,0.0372,0.46078431372549,0.53921568627451,0.623655913978495,0.376344086021505,0.00436566272331045,0.00501452581727056,0.000823140208620541,0.00104928577367006,0.0323336360510443,0.126,630,0.074,0.052,370,260,0.587301587301587,0.412698412698413,0.0021561869545101,-0.00138442126915828,-0.00612512448691918,0.0281000652672094,0.814915946260638,0.152795907415093
sorting,64,0.12,0.965119280794277,0.959502045829169,0.96158273319637,0.00208068736720124,0.1632,0.1632,0.0088,0.388480392156863,0.611519607843137,0.5,0.5,0.0085491041293315,0.00866693740623085,0.00154658389505851,0.00164014492163575,0.0661219067230687,0.1544,772,0.0954,0.059,477,295,0.617875647668394,0.382124352331606,0.00357864754234068,-0.00149796017513945,-0.0134759544507851,0.0328795836624361,0.714200628824025,0.173907236408898
sorting,65,0,0.96581199486288,0.96581199486288,0.964825969964357,-0.00098602489852273,0.1624,0.1624,0.051,1,0,1,0,0,0.00158893961928989,0.000437595978375634,0.00110230241092731,0.0220344187136641,0.1114,557,0,0.1114,0,557,0,1,0,-0.000986024898522701,0.00885121093826483,0.00885121093826483,1,1
sorting,65,0.02,0.96581199486288,0.964861513021133,0.964715547350981,-0.000145965670152459,0.1624,0.1624,0.0858,0.694581280788177,0.305418719211823,0.839160839160839,0.160839160839161,0.000373468229759741,0.00124333020905964,0.000294263017419735,0.00101485600365638,0.012020824729024,0.0766,383,0.0358,0.0408,179,204,0.467362924281984,0.532637075718016,0.000419581819870154,-0.000565547490022606,0.00190555705159859,0.0128606959516026,0.96403124128125,0.131547279332358
sorting,65,0.05,0.96581199486288,0.963031728362342,0.962655778322781,-0.000375950039560813,0.1624,0.1624,0.0082,0.520935960591133,0.479064039408867,0.804878048780488,0.195121951219512,0.00195784120543184,0.00825903804835143,0.000660266026645293,0.00226097358020821,0.0726487841636795,0.1542,771,0.0762,0.078,381,390,0.494163424124514,0.505836575875486,0.00163792697882164,-0.00201387701838241,0.00243806770143166,0.0236822567912066,0.876734297789372,0.295772786315316
sorting,65,0.08,0.96581199486288,0.96175359951823,0.961779786800714,2.61872824844911e-05,0.1624,0.1624,0.1618,0.440886699507389,0.559113300492611,0.442521631644005,0.557478368355995,0.00434095003257467,0.00509179275060324,0.000691139983750435,0.000800374807449428,0.000104726392757715,6e-04,3,6e-04,0,3,0,1,0,2.61872824844931e-05,0,-0.0436454708074885,0.0436454708074885,0.798674449322978,1
sorting,65,0.12,0.96581199486288,0.960110956046867,0.962445623510388,0.00233466746352085,0.1624,0.1624,0.007,0.379310344827586,0.620689655172414,0.571428571428571,0.428571428571429,0.00852234085065001,0.00864615842860853,0.00121707920371153,0.000475875891410641,0.0781787435316913,0.1554,777,0.0978,0.0576,489,288,0.629343629343629,0.370656370656371,0.00368453508051173,-0.00134986761699087,-0.0150236001513569,0.032396413754843,0.71224199882568,0.130038181299677
sorting,66,0,0.965403248007165,0.965403248007165,0.964003839136807,-0.00139940887035828,0.1616,0.1616,0.036,1,0,1,0,0,0.000756985935623965,0.000345945435116225,0.000804154076473168,0.0328291623334984,0.1256,628,0,0.1256,0,628,0,1,0,-0.0013994088703583,0.0111417903690947,0.0111417903690947,1,1
sorting,66,0.02,0.965403248007165,0.964541482034533,0.963633521806604,-0.000907960227928384,0.1616,0.1616,0.0352,0.727722772277228,0.272277227722772,0.971590909090909,0.0284090909090909,0.000366833068041572,0.00120384418550373,0.000391070446386286,0.000866591100606986,0.0340810077143465,0.1264,632,0.043,0.0834,215,417,0.340189873417722,0.659810126582278,0.000482605482885699,-0.00139056571081405,0.0071832296513319,0.0148193923552195,0.968532594005304,0.385666656430382
sorting,66,0.05,0.965403248007165,0.96273599279879,0.962990606166019,0.000254613367228651,0.1616,0.1616,0.0532,0.525990099009901,0.474009900990099,0.68421052631579,0.315789473684211,0.00192158120839087,0.00310493156695593,0.000785382524774336,0.000803372184615221,0.0227099873296571,0.1084,542,0.0598,0.0486,299,243,0.551660516605166,0.448339483394834,0.00133910427809197,-0.00108449091086333,-0.00234883180100224,0.0223578891970046,0.887885644411426,0.123572277991548
sorting,66,0.08,0.965403248007165,0.960945182531668,0.962149673748155,0.00120449121648725,0.1616,0.1616,0.0154,0.40470297029703,0.59529702970297,0.649350649350649,0.350649350649351,0.00432028581637063,0.00547389508482361,0.000798562968289179,0.00112168648603868,0.0568243378399481,0.1462,731,0.0908,0.0554,454,277,0.621067031463748,0.378932968536252,0.00266536226468203,-0.00146087104819476,-0.0082386540115408,0.0282232100743967,0.799182845951314,0.178397139541949
sorting,66,0.12,0.965403248007165,0.95950228534239,0.960507059256406,0.00100477391401543,0.1616,0.1616,0.1128,0.371287128712871,0.628712871287129,0.395390070921986,0.604609929078014,0.0083068649823803,0.00921185973156488,0.00114819139971862,0.00117496703264788,0.0070469733974815,0.0488,244,0.0334,0.0154,167,77,0.684426229508197,0.315573770491803,0.00149629841897342,-0.000491524504957904,-0.0205896293855638,0.0407340763100681,0.706757422606297,0.0617283950617284
sorting,67,0,0.96624785362313,0.96624785362313,0.96610303189267,-0.000144821730460598,0.1722,0.1722,0.1236,1,0,1,0,0,0.00169040441640299,0.00093059420725551,0.000541825784263862,0.00624707473003616,0.0486,243,0,0.0486,0,243,0,1,0,-0.000144821730460577,0.00297987099713121,0.00297987099713121,1,1
sorting,67,0.02,0.96624785362313,0.965329993063172,0.964897018245196,-0.000432974817976328,0.1722,0.1722,0.237,0.720092915214866,0.279907084785134,0.619409282700422,0.380590717299578,0.000367157129034417,0.00200973911559174,0.000894547215429271,0.000455102192624581,-0.00932508442926272,0.0648,324,0.0228,0.042,114,210,0.351851851851852,0.648148148148148,0.000222785781917568,-0.000655760599893797,-0.00668171015395417,0.013557814534126,0.967307858692314,0.0766849249821386
sorting,67,0.05,0.96624785362313,0.963511925219729,0.963692013685491,0.000180088465762895,0.1722,0.1722,0.081,0.557491289198606,0.442508710801394,0.674074074074074,0.325925925925926,0.00194920059528299,0.00391918745951857,0.000957803741339383,0.00110088024432239,0.0147184354073587,0.0912,456,0.0498,0.0414,249,207,0.546052631578947,0.453947368421053,0.00104638611131801,-0.000866297645555105,-0.00197465422985644,0.0209724096148368,0.886147108629884,0.150189520257469
sorting,67,0.08,0.96624785362313,0.961938433163268,0.962710886500681,0.00077245333741327,0.1722,0.1722,0.0612,0.457607433217189,0.542392566782811,0.552287581699346,0.447712418300654,0.00443227759852318,0.0051128289970603,0.000706447539376523,0.000295246294209038,0.0218263556348748,0.111,555,0.066,0.045,330,225,0.594594594594595,0.405405405405405,0.00194208160868789,-0.00116962827127458,-0.00695903907579555,0.0280334223420042,0.808580127735205,-0.0189380820448529
sorting,67,0.12,0.96624785362313,0.960170217938902,0.961712865311348,0.00154264737244636,0.1722,0.1722,0.0988,0.384436701509872,0.615563298490128,0.42914979757085,0.57085020242915,0.008805893618236,0.00897023779320017,0.0012973023680232,0.000449399267477312,0.010121356000812,0.0734,367,0.0496,0.0238,248,119,0.67574931880109,0.32425068119891,0.0021686449922114,-0.000625997619765074,-0.0210169941750181,0.0380741500269274,0.711575099567004,0.118871394695291
sorting,68,0,0.966137853727279,0.966137853727279,0.966133641245643,-4.21248163540167e-06,0.1606,0.1606,0.1698,1,0,0.945818610129564,0.0541813898704358,0,0.00193741315501845,0.001151120253363,0.00103605933002747,-0.000946959508036693,0.0092,46,0,0.0092,0,46,0,1,0,-4.21248163531931e-06,-0.000457878438621664,0.000457878438621664,1,1
sorting,68,0.02,0.966137853727279,0.965346560786023,0.965332983987859,-1.35767981643831e-05,0.1606,0.1606,0.1242,0.734744707347447,0.265255292652553,0.79549114331723,0.20450885668277,0.000366992629476487,0.00257780495128944,0.000658554221403491,0.000446159071690917,0.00465772087118532,0.0364,182,0.0172,0.0192,86,96,0.472527472527473,0.527472527472528,0.000199719838801394,-0.000213296636965829,0.000372988960561405,0.0113466064771215,0.969108332236333,0.151852585418386
sorting,68,0.05,0.966137853727279,0.963569366003273,0.963344296179451,-0.0002250698238212,0.1606,0.1606,0.0238,0.523038605230386,0.476961394769614,0.764705882352941,0.235294117647059,0.00188452024756252,0.00283575190451959,0.000441884273534134,0.000808538513878482,0.0456287993570441,0.1368,684,0.071,0.0658,355,329,0.519005847953216,0.480994152046784,0.00141626074789494,-0.00164133057171615,0.00164524725015502,0.0223508137398472,0.890029773201191,0.240380444758432
sorting,68,0.08,0.966137853727279,0.961967204779262,0.962871044582751,0.00090383980348907,0.1606,0.1606,0.0422,0.417185554171856,0.582814445828145,0.52132701421801,0.478672985781991,0.00437155689397733,0.00484172810751557,0.00062399108731222,0.00101291003459715,0.0304313680738595,0.1184,592,0.0734,0.045,367,225,0.619932432432433,0.380067567567568,0.00197706929071378,-0.00107322948722466,-0.00763378212406349,0.0257626585974531,0.809457605210304,0.125667601414685
sorting,68,0.12,0.966137853727279,0.960777614702796,0.962601424222443,0.00182380951964622,0.1606,0.1606,0.0288,0.382316313823163,0.617683686176837,0.458333333333333,0.541666666666667,0.00840551842700984,0.00879121548100615,0.00138310928966291,0.000304334227456235,0.0408496473569952,0.1318,659,0.0836,0.0482,418,241,0.634294385432473,0.365705614567527,0.0029468716157994,-0.00112306209615317,-0.0138377050049031,0.0308796184518405,0.725358836758353,0.119001635693593
sorting,69,0,0.965884964844643,0.965884964844643,0.964688643169495,-0.00119632167514816,0.1654,0.1654,0.044,1,0,1,0,0,0.000835847595856169,0.000586876548475323,0.000914903683808704,0.027544717590706,0.1214,607,0,0.1214,0,607,0,1,0,-0.00119632167514817,0.0098543795316983,0.0098543795316983,1,1
sorting,69,0.02,0.965884964844643,0.965010274088838,0.964543818231821,-0.000466455857016324,0.1654,0.1654,0.0584,0.708585247883918,0.291414752116082,0.917808219178082,0.0821917808219178,0.000379035960521707,0.00100378916601601,0.000425240731797108,0.000516319791633308,0.0205962024745451,0.107,535,0.0434,0.0636,217,318,0.405607476635514,0.594392523364486,0.000467377764331049,-0.000933833621347381,0.00435940053286292,0.0130954335110134,0.967334720645389,0.357510410772975
sorting,69,0.05,0.965884964844643,0.963077545213766,0.963464619316958,0.000387074103192497,0.1654,0.1654,0.1086,0.522370012091899,0.477629987908102,0.576427255985267,0.423572744014733,0.00196827897415394,0.00282212894370761,0.000316609455757216,0.00105611955912115,0.00742859614079094,0.0568,284,0.033,0.0238,165,119,0.580985915492958,0.419014084507042,0.000837677893106489,-0.000450603789914015,-0.00681468491536047,0.0226810155461356,0.886154283574171,0.00232183504598355
sorting,69,0.08,0.965884964844643,0.961615925224907,0.962683057359984,0.00106713213507725,0.1654,0.1654,0.0182,0.449818621523579,0.550181378476421,0.637362637362637,0.362637362637363,0.00435878516090212,0.00525893426847133,0.00153398640742776,0.001497182331709,0.0540711337955663,0.1472,736,0.0844,0.0628,422,314,0.573369565217391,0.426630434782609,0.00257529798014889,-0.00150816584507168,-0.00724953896112238,0.0277409227256832,0.810610618440425,0.0881662812018796
sorting,69,0.12,0.965884964844643,0.95993086475839,0.962333278481682,0.00240241372329209,0.1654,0.1654,0.0114,0.391777509068924,0.608222490931076,0.473684210526316,0.526315789473684,0.00861596930987988,0.00895851057294071,0.00153875996421883,0.00130225520549758,0.0661130229083965,0.154,770,0.0946,0.0594,473,297,0.614285714285714,0.385714285714286,0.00391299225777619,-0.00151057853448404,-0.0156000891122867,0.035217992157534,0.709011121576445,0.0928517445526245
sorting,70,0,0.96391408122331,0.96391408122331,0.963258429887503,-0.000655651335807583,0.163,0.163,0.2622,1,0,0.621662852784134,0.378337147215866,0,0.00153240514868209,0.0013643531185762,0.00110717331110713,-0.0133702343745419,0.0992,496,0,0.0992,0,496,0,1,0,-0.000655651335807519,-0.0066093884658016,0.0066093884658016,1,1
sorting,70,0.02,0.96391408122331,0.962896709712444,0.959546164880036,-0.00335054483240804,0.163,0.163,0.3898,0.699386503067485,0.300613496932515,0.412006157003592,0.587993842996409,0.000359590767959924,0.00211990625840439,0.00144531870279077,0.00286293672151476,-0.0310565121358233,0.2268,1134,0.0466,0.1802,233,901,0.205467372134039,0.794532627865961,0.000473438776701894,-0.00382398360910991,-0.0147731253633511,0.0189480704841791,0.967423880840955,0.423882553346648
sorting,70,0.05,0.96391408122331,0.961391529369281,0.959066659632344,-0.00232486973693669,0.163,0.163,0.309,0.56441717791411,0.43558282208589,0.423300970873786,0.576699029126214,0.00195592663005063,0.00415055739100673,0.00081866125591611,0.000974620415835642,-0.0190043590088321,0.146,730,0.0388,0.1072,194,536,0.265753424657534,0.734246575342466,0.000711823361193257,-0.00303669309812996,-0.0159237653214843,0.0256747702693371,0.892398736495949,0.135141972339614
sorting,70,0.08,0.96391408122331,0.959523144231136,0.957267015184595,-0.00225612904654149,0.163,0.163,0.2802,0.43680981595092,0.56319018404908,0.379728765167737,0.620271234832263,0.00424983499030652,0.00537028694876628,0.000687000023825207,0.000834355773053701,-0.0156837100841334,0.1172,586,0.0352,0.082,176,410,0.300341296928328,0.699658703071672,0.000759751157288501,-0.00301588020383001,-0.0192502478373849,0.0322152846511819,0.814850536658021,0.133012356490329
sorting,70,0.12,0.96391408122331,0.958134795343112,0.960076617770058,0.00194182242694574,0.163,0.163,0.0042,0.38159509202454,0.61840490797546,0.619047619047619,0.380952380952381,0.00844577478068343,0.0099985325868462,0.0010225367527444,0.00126629565448236,0.097617920896504,0.1588,794,0.0992,0.0596,496,298,0.624685138539043,0.375314861460957,0.00366612170066454,-0.00172429927371883,-0.0122281009253509,0.0339447164633713,0.716580297271212,0.136120969130527
sorting,71,0,0.964367545134648,0.964367545134648,0.964097976211631,-0.000269568923016661,0.154,0.154,0.0946,1,0,1,0,0,0.000812615681851765,0.00114930702331696,0.000947213989083688,0.00988451003503144,0.0594,297,0,0.0594,0,297,0,1,0,-0.000269568923016585,0.00453819735718157,0.00453819735718157,1,1
sorting,71,0.02,0.964367545134648,0.963558839847879,0.963522562968608,-3.62768792708801e-05,0.154,0.154,0.165,0.702597402597403,0.297402597402597,0.684848484848485,0.315151515151515,0.000356166694183523,0.0012902517582083,0.00094451331985076,0.000707241442281483,-0.00109069788215577,0.011,55,0.0048,0.0062,24,31,0.436363636363636,0.563636363636364,4.57911431168862e-05,-8.20680223877249e-05,-0.00329789811553079,0.0116235605004192,0.968393463311738,0.00707070707070707
sorting,71,0.05,0.964367545134648,0.961748611146675,0.961094698769694,-0.000653912376980981,0.154,0.154,0.0058,0.509090909090909,0.490909090909091,0.793103448275862,0.206896551724138,0.0019218660133546,0.00246622029934472,0.000821027474911621,0.000984570640100144,0.0870649731553812,0.1482,741,0.0744,0.0738,372,369,0.502024291497976,0.497975708502024,0.00151239731594498,-0.00216630969292596,0.00441236421714565,0.024822584405337,0.888124393924976,0.272787133958931
sorting,71,0.08,0.964367545134648,0.960224054951281,0.961221929684462,0.000997874733181137,0.154,0.154,0.0304,0.418181818181818,0.581818181818182,0.565789473684211,0.434210526315789,0.00415794929057993,0.00485294360419466,0.00069814083509026,0.00154764555601546,0.0393337281417753,0.1236,618,0.0764,0.0472,382,236,0.618122977346278,0.381877022653722,0.00220978723843567,-0.00121191250525452,-0.00807342017136848,0.0276836548842248,0.813368526998741,0.134768104657094
sorting,71,0.12,0.964367545134648,0.958562318048286,0.960179820507085,0.00161750245879866,0.154,0.154,0.0838,0.336363636363636,0.663636363636364,0.403341288782816,0.596658711217184,0.00869392842330982,0.00845977026354846,0.00110323703557174,0.00108364253874905,0.0124791595151021,0.0702,351,0.0522,0.018,261,90,0.743589743589744,0.256410256410256,0.00204797533351433,-0.000430472874715764,-0.0230413455669312,0.0353055300317678,0.715472377162895,0.0128227328227328
sorting,72,0,0.966457010850184,0.966457010850184,0.966416912260897,-4.00985892872185e-05,0.154,0.154,0.128,1,0,1,0,0,0.00132537352248094,0.00107233510904775,0.00246466455059773,0.00333278107682355,0.026,130,0,0.026,0,130,0,1,0,-4.00985892871319e-05,0.00154225343412046,0.00154225343412046,1,1
sorting,72,0.02,0.966457010850184,0.965623207274485,0.965514641416619,-0.00010856585786545,0.154,0.154,0.1774,0.711688311688312,0.288311688311688,0.666290868094701,0.333709131905299,0.000364774631490934,0.00148356575912239,0.00095370852053242,0.00209314904407997,-0.00292465354593185,0.0234,117,0.0086,0.0148,43,74,0.367521367521368,0.632478632478633,8.56559412305505e-05,-0.000194221799096085,-0.00463956657545019,0.011960587193446,0.967321361476854,0.109038049423789
sorting,72,0.05,0.966457010850184,0.964023294134231,0.962697445161988,-0.00132584897224353,0.154,0.154,0.2424,0.551948051948052,0.448051948051948,0.454620462046205,0.545379537953795,0.00194635168095708,0.00297075985596564,0.00128990463573766,0.00209728555528574,-0.0120479519347619,0.0884,442,0.0252,0.0632,126,316,0.285067873303167,0.714932126696833,0.000456431724523858,-0.00178228069676731,-0.0149982915412155,0.0253248011458277,0.888732631997305,0.0723897824453622
sorting,72,0.08,0.966457010850184,0.962259269199151,0.963262303600949,0.00100303440179883,0.154,0.154,0.0172,0.423376623376623,0.576623376623377,0.616279069767442,0.383720930232558,0.0043761092750275,0.00450580338205807,0.00124480545155618,0.00123664824435305,0.0524657824436767,0.1368,684,0.0822,0.0546,411,273,0.600877192982456,0.399122807017544,0.00251663584601889,-0.00151360144422008,-0.00733212282016677,0.0294607989052556,0.804483089587323,0.135977314908821
sorting,72,0.12,0.966457010850184,0.960970753784184,0.963033293536699,0.00206253975251491,0.154,0.154,0.0216,0.364935064935065,0.635064935064935,0.472222222222222,0.527777777777778,0.00850503363476985,0.00881564074494869,0.00250178406781624,0.0019788150683152,0.0450398203887261,0.1324,662,0.0864,0.046,432,230,0.652567975830816,0.347432024169184,0.00339299744422264,-0.00133045769170775,-0.0155780948075143,0.0356756430206222,0.720323722860949,0.0516569553732874
sorting,73,0,0.965018690283501,0.965018690283501,0.964571622060588,-0.000447068222913849,0.1626,0.1626,0.0838,1,0,1,0,0,0.000792120936144097,0.000965432200593635,0.00130184888469815,0.0128250957131287,0.0788,394,0,0.0788,0,394,0,1,0,-0.00044706822291382,0.00567345460550533,0.00567345460550533,1,1
sorting,73,0.02,0.965018690283501,0.964154885122401,0.964187129887837,3.22447654362845e-05,0.1626,0.1626,0.1516,0.715867158671587,0.284132841328413,0.737467018469657,0.262532981530343,0.000355433062472717,0.00184784899980871,0.000913110766613566,0.000954702759786153,0.00153300749645058,0.011,55,0.0064,0.0046,32,23,0.581818181818182,0.418181818181818,8.95835515505306e-05,-5.73387861142497e-05,-0.00293134231238917,0.0133565761513437,0.967037878457515,-0.123160173160173
sorting,73,0.05,0.965018690283501,0.962502793657718,0.962683512791454,0.000180719133735963,0.1626,0.1626,0.0678,0.542435424354244,0.457564575645757,0.669616519174041,0.330383480825959,0.00193238638320328,0.00243983402074658,0.00101549382023651,0.00113970396177868,0.017697377286903,0.0948,474,0.052,0.0428,260,214,0.548523206751055,0.451476793248945,0.00112603613154839,-0.000945316997812409,-0.00190631997611789,0.0218497165544388,0.888281096075244,0.111613089511855
sorting,73,0.08,0.965018690283501,0.960839764333677,0.961954327463665,0.00111456312998837,0.1626,0.1626,0.065,0.450184501845019,0.549815498154982,0.56,0.44,0.00425446226952915,0.00569336259158358,0.00164896932061384,0.001047090738803,0.0190426063207459,0.0976,488,0.0608,0.0368,304,184,0.622950819672131,0.377049180327869,0.00183449518390807,-0.000719932053919768,-0.0114197042006998,0.0261724102236459,0.815261611266464,0.0466753926539385
sorting,73,0.12,0.965018690283501,0.959204494274094,0.961292081420631,0.00208758714653712,0.1626,0.1626,0.0012,0.384993849938499,0.615006150061501,0.333333333333333,0.666666666666667,0.00830505026767221,0.00815886545226779,0.00207630030519004,0.000436879310741677,0.123627346610841,0.1614,807,0.0992,0.0622,496,311,0.614622057001239,0.385377942998761,0.00373956671575944,-0.00165197956922228,-0.0129342450219155,0.0334048716541619,0.725962966510519,0.125228774364887
sorting,74,0,0.964799923653371,0.964799923653371,0.964799550364827,-3.73288544741612e-07,0.1646,0.1646,0.1616,1,0,1,0,0,0.00100084295113505,0.000316372694644268,0.00149356609212143,0.000349630788085364,0.003,15,0,0.003,0,15,0,1,0,-3.7328854473877e-07,0.000124429514912923,0.000124429514912923,1,1
sorting,74,0.02,0.964799923653371,0.96395823335215,0.96393256431199,-2.56690401606585e-05,0.1646,0.1646,0.1372,0.720534629404617,0.279465370595383,0.760932944606414,0.239067055393586,0.000369246360574188,0.00123184368319545,0.000472439879095777,0.000916159093583672,0.00356202901021452,0.0274,137,0.0132,0.0142,66,71,0.481751824817518,0.518248175182482,0.000145495961585317,-0.000171165001745978,0.000936826283235809,0.0115569694646458,0.970061519346461,-0.0444863442044542
sorting,74,0.05,0.964799923653371,0.962115938132986,0.961774835779915,-0.000341102353070388,0.1646,0.1646,0.1952,0.526123936816525,0.473876063183475,0.504098360655738,0.495901639344262,0.00189525680609788,0.00254827252390953,0.00066112719602473,0.000918532512341815,-0.00354102715978843,0.0306,153,0.0118,0.0188,59,94,0.38562091503268,0.61437908496732,0.000196265822202317,-0.000537368175272664,-0.0111471357212532,0.0239749672377445,0.888218874728755,-0.0846099205232332
sorting,74,0.08,0.964799923653371,0.960582202368583,0.961479623745881,0.000897421377298091,0.1646,0.1646,0.0712,0.452004860267315,0.547995139732685,0.536516853932584,0.463483146067416,0.0043530532961745,0.00475462710060527,0.000725463728682418,0.000937389612757299,0.0173536391963526,0.0934,467,0.0572,0.0362,286,181,0.612419700214133,0.387580299785867,0.00180927549095812,-0.000911854113659952,-0.0096083659239633,0.0291341499423777,0.813329126293165,0.0595297091239597
sorting,74,0.12,0.964799923653371,0.958584150502278,0.958102285579656,-0.000481864922621256,0.1646,0.1646,0.183,0.35722964763062,0.64277035236938,0.355191256830601,0.644808743169399,0.00876062570548386,0.00883432951322964,0.00230765287863221,0.00211714989682726,-0.00192981859607433,0.0184,92,0.0062,0.0122,31,61,0.33695652173913,0.66304347826087,0.000107058911320646,-0.000588923833941899,-0.0261883110120246,0.0378251491990514,0.707626521777061,-0.133209006981798
sorting,75,0,0.965373716541644,0.965373716541644,0.965238050122042,-0.00013566641960272,0.1578,0.1578,0.1124,1,0,1,0,0,0.00205193789080037,0.000443339929400966,0.00173297303947401,0.00652467722194738,0.0454,227,0,0.0454,0,227,0,1,0,-0.00013566641960275,0.00298824712781387,0.00298824712781387,1,1
sorting,75,0.02,0.965373716541644,0.964440205874145,0.964483955719841,4.37498456959951e-05,0.1578,0.1578,0.111,0.708491761723701,0.291508238276299,0.818018018018018,0.181981981981982,0.000369134855298071,0.0023353764066431,0.000566708451386611,0.00135447921872215,0.00684913048241731,0.0468,234,0.0258,0.021,129,105,0.551282051282051,0.448717948717949,0.000323535843711737,-0.0002797859980157,-0.000934825762735838,0.0128914923446034,0.967185549503422,0.165302782324059
sorting,75,0.05,0.965373716541644,0.962678825896089,0.962571207310455,-0.000107618585633795,0.1578,0.1578,0.1694,0.520912547528517,0.479087452471483,0.514757969303424,0.485242030696576,0.00183826985090312,0.00344004174378517,0.000690404474321931,0.0011816989122532,-0.00164771787524143,0.0116,58,0.005,0.0066,25,33,0.431034482758621,0.568965517241379,7.46540571814995e-05,-0.00018227264281537,-0.0092774642787819,0.022148853448006,0.885730731365229,-0.0238395521240272
sorting,75,0.08,0.965373716541644,0.961232287187438,0.95951690795603,-0.00171537923140785,0.1578,0.1578,0.2434,0.427122940430925,0.572877059569075,0.37797863599014,0.62202136400986,0.00427689260157873,0.00561090061394765,0.00061045039424303,0.00152964532655797,-0.0116061480393771,0.0856,428,0.0246,0.061,123,305,0.287383177570093,0.712616822429907,0.000510221110749236,-0.00222560034215703,-0.0200394770024274,0.0319605309918956,0.805233673393347,0.0475086427284987
sorting,75,0.12,0.965373716541644,0.959900895694999,0.961850736333647,0.00194984063864834,0.1578,0.1578,0.022,0.385297845373891,0.614702154626109,0.472727272727273,0.527272727272727,0.00816482803287746,0.00828518030043568,0.00194014714755707,0.00165286053599463,0.0437117061296072,0.1358,679,0.0854,0.0504,427,252,0.628865979381443,0.371134020618557,0.00331393364084915,-0.00136409300220085,-0.0143581784878372,0.0344479134245214,0.717134796461392,0.111744964384805
sorting,76,0,0.964153449302606,0.964153449302606,0.963710184935877,-0.000443264366729257,0.1648,0.1648,0.0858,1,0,1,0,0,0.000666783219686517,0.000918936260193923,0.0017182560706397,0.0121525587940973,0.079,395,0,0.079,0,395,0,1,0,-0.000443264366729231,0.00561094135100292,0.00561094135100292,1,1
sorting,76,0.02,0.964153449302606,0.963213341725515,0.962923311316994,-0.000290030408520936,0.1648,0.1648,0.0652,0.70995145631068,0.29004854368932,0.91717791411043,0.0828220858895705,0.000363622231178887,0.0013591781231461,0.000659194375021315,0.000554938577296889,0.0179379407003732,0.0996,498,0.0424,0.0572,212,286,0.42570281124498,0.57429718875502,0.000475135039890303,-0.000765165448411225,0.00291195189278034,0.0124528161476057,0.969061898474476,0.22888583401804
sorting,76,0.05,0.964153449302606,0.961667385589652,0.961235057625398,-0.000432327964254742,0.1648,0.1648,0.0172,0.554611650485437,0.445388349514563,0.813953488372093,0.186046511627907,0.00195249099677856,0.00238795495127445,0.00130307449139895,0.000553072615885709,0.052984829317051,0.1476,738,0.0702,0.0774,351,387,0.475609756097561,0.524390243902439,0.00139466001520949,-0.0018269879794643,0.00292905124833884,0.0218268834327493,0.896207868904315,0.220917635776902
sorting,76,0.08,0.964153449302606,0.959896071585553,0.960768032260181,0.000871960674628358,0.1648,0.1648,0.0056,0.424757281553398,0.575242718446602,0.857142857142857,0.142857142857143,0.00446944391658493,0.00468175346509067,0.00137182692588771,0.00070737704978316,0.0804606922631349,0.1592,796,0.094,0.0652,470,326,0.590452261306533,0.409547738693467,0.0026662821637731,-0.00179432148914479,-0.00547713991600699,0.0280188671665697,0.806297192155888,0.237894783926498
sorting,76,0.12,0.964153449302606,0.958689904126321,0.960608917698364,0.00191901357204372,0.1648,0.1648,0.0022,0.371359223300971,0.628640776699029,0.727272727272727,0.272727272727273,0.00821284138057764,0.00794811286012834,0.0018196791197928,0.000318353544924446,0.101667014902907,0.1626,813,0.103,0.0596,515,298,0.633456334563346,0.366543665436654,0.00354878475867017,-0.00162977118662652,-0.0118020514885834,0.0318484375479501,0.718680334891213,0.170290797024478
sorting,77,0,0.965906499801453,0.965906499801453,0.965899505710651,-6.99409080207047e-06,0.1544,0.1544,0.1646,1,0,0.938031591737546,0.0619684082624544,0,0.00135897626962776,0.00053766205556763,0.000648039180642013,-0.00132389310674552,0.0102,51,0,0.0102,0,51,0,1,0,-6.99409080204716e-06,-0.00068569517667129,0.00068569517667129,1,1
sorting,77,0.02,0.965906499801453,0.965074763720826,0.964575528516773,-0.000499235204053039,0.1544,0.1544,0.2224,0.705958549222798,0.294041450777202,0.591726618705036,0.408273381294964,0.000368007682435416,0.00184676576306088,0.000655725677737494,0.00089224182856613,-0.0088145880429652,0.068,340,0.0226,0.0454,113,227,0.332352941176471,0.667647058823529,0.000203096736540736,-0.000702331940593746,-0.00734169417725015,0.0133151276049189,0.967377721735109,0.11326151304993
sorting,77,0.05,0.965906499801453,0.963207396155723,0.963209883069399,2.48691367610299e-06,0.1544,0.1544,0.0254,0.50259067357513,0.497409326424871,0.740157480314961,0.259842519685039,0.00192561238320824,0.00337357203114293,0.000795029781411686,0.0011169911422897,0.04133962113954,0.129,645,0.0702,0.0588,351,294,0.544186046511628,0.455813953488372,0.00150502699171798,-0.00150254007804188,-1.9278400589931e-05,0.0233144734089912,0.882741556301662,0.145038054602396
sorting,77,0.08,0.965906499801453,0.961923961264362,0.962485006096904,0.00056104483254138,0.1544,0.1544,0.0908,0.424870466321244,0.575129533678757,0.451541850220264,0.548458149779736,0.00446931417454774,0.00539613605934015,0.00137380003252947,0.000879342577222164,0.0103144799683961,0.0636,318,0.039,0.0246,195,123,0.613207547169811,0.386792452830189,0.00118959246391924,-0.000628547631377859,-0.0088214596311538,0.0285871084166211,0.810333697021348,0.131485866548845
sorting,77,0.12,0.965906499801453,0.960186863940155,0.962303777242404,0.00211691330224906,0.1544,0.1544,0.0042,0.360103626943005,0.639896373056995,0.285714285714286,0.714285714285714,0.00846923102573968,0.0084093970142966,0.00240758722807695,0.00150597483653493,0.10625282346925,0.1502,751,0.0958,0.0544,479,272,0.637816245006658,0.362183754993342,0.00358154935081489,-0.00146463604856586,-0.0140939633971307,0.0335964407415496,0.713865378186615,0.156539252627702
sorting,78,0,0.963914743088963,0.963914743088963,0.963834725763945,-8.00173250177227e-05,0.1572,0.1572,0.1924,1,0,0.817047817047817,0.182952182952183,0,0.00153881504263094,0.000815005992609982,0.00235284525906987,-0.00479682828896744,0.0352,176,0,0.0352,0,176,0,1,0,-8.00173250177235e-05,-0.00227321946073078,0.00227321946073078,1,1
sorting,78,0.02,0.963914743088963,0.963087739669973,0.963101469146384,1.37294764116502e-05,0.1572,0.1572,0.116,0.723918575063613,0.276081424936387,0.806896551724138,0.193103448275862,0.000356399035782,0.0018677019013401,0.000754712286032848,0.00202902654590673,0.0060583828513906,0.0412,206,0.021,0.0202,105,101,0.509708737864078,0.490291262135922,0.000245950044462593,-0.000232220568050924,-0.000333239718729841,0.011606082827998,0.969859276618371,0.079245127613792
sorting,78,0.05,0.963914743088963,0.961357540155719,0.961614074645964,0.000256534490245652,0.1572,0.1572,0.1166,0.526717557251908,0.473282442748092,0.579759862778731,0.420240137221269,0.00189373581085584,0.00304755403090842,0.00106242825406766,0.00209210573677952,0.00595421022491038,0.0406,203,0.0254,0.0152,127,76,0.625615763546798,0.374384236453202,0.000561244757325191,-0.000304710267079442,-0.00631858350358988,0.0213289414877989,0.886127774325111,-0.00314301206996967
sorting,78,0.08,0.963914743088963,0.959817942932725,0.960927028407096,0.00110908547437105,0.1572,0.1572,0.052,0.423664122137405,0.576335877862595,0.542307692307692,0.457692307692308,0.00438607252903989,0.00573480750850263,0.000975510279231113,0.00232069892411706,0.0212987349394521,0.1052,526,0.0668,0.0384,334,192,0.634980988593156,0.365019011406844,0.00191587417827565,-0.000806788703904605,-0.0105426375890784,0.0258808258762382,0.804424130128965,0.111656296027549
sorting,78,0.12,0.963914743088963,0.958236258138048,0.960214210186856,0.00197795204880735,0.1572,0.1572,0.0546,0.366412213740458,0.633587786259542,0.446886446886447,0.553113553113553,0.00833613936269227,0.00908117031766715,0.00146854257492934,0.00173856671247834,0.0202669084548174,0.1026,513,0.0694,0.0332,347,166,0.676413255360624,0.323586744639376,0.00280582288330307,-0.000827870834495715,-0.0192782850760951,0.0354161181072006,0.716642018073681,0.110936095609484
sorting,79,0,0.965189283490975,0.965189283490975,0.965000564173406,-0.000188719317569142,0.169,0.169,0.2206,1,0,0.766092475067996,0.233907524932004,0,0.00142591830086616,0.000887086146936287,0.00262027878330985,-0.00745728784357924,0.0516,258,0,0.0516,0,258,0,1,0,-0.000188719317569212,-0.0036573511156824,0.0036573511156824,1,1
sorting,79,0.02,0.965189283490975,0.964308651151625,0.963724536937043,-0.000584114214582265,0.169,0.169,0.2468,0.730177514792899,0.269822485207101,0.602106969205835,0.397893030794165,0.000357933194873816,0.00159512374867137,0.00084977480597079,0.00102679975842517,-0.0108412695064893,0.0778,389,0.0252,0.0526,126,263,0.323907455012853,0.676092544987147,0.000249861612085016,-0.000833975826667257,-0.00750789478897482,0.0139310724775356,0.967374860262994,0.149019935620524
sorting,79,0.05,0.965189283490975,0.962440113713821,0.962385271439433,-5.48422743882338e-05,0.169,0.169,0.177,0.537278106508876,0.462721893491124,0.532203389830509,0.467796610169492,0.00190137938263669,0.00323483525537756,0.000693786961613228,0.00225620708307658,-0.00112509535222771,0.008,40,0.0034,0.0046,17,23,0.425,0.575,7.15587463626732e-05,-0.000126401020750879,-0.00685528429852575,0.0247449708891941,0.886397154751886,-0.190243902439024
sorting,79,0.08,0.965189283490975,0.9609328162546,0.96167187781589,0.000739061561289889,0.169,0.169,0.0682,0.456804733727811,0.543195266272189,0.524926686217009,0.475073313782991,0.00430714669647527,0.00461207677204346,0.00134535744165751,0.00139733235573227,0.0182130605763601,0.1008,504,0.0594,0.0414,297,207,0.589285714285714,0.410714285714286,0.00173300260934032,-0.000993941048050437,-0.0073319599334314,0.0270530124741147,0.814417663232706,0.093470951752943
sorting,79,0.12,0.965189283490975,0.959559021441428,0.961298481966767,0.00173946052533924,0.169,0.169,0.0222,0.392899408284024,0.607100591715976,0.405405405405405,0.594594594594595,0.00828646138944577,0.00839437977706282,0.00168510300448012,0.00133132286303268,0.0491623696978526,0.1468,734,0.0894,0.0574,447,287,0.608991825613079,0.391008174386921,0.0032176525942242,-0.00147819206888495,-0.0118491861399131,0.0319880426642313,0.727496437739857,0.116047678499453
sorting,80,0,0.964345906022354,0.964345906022354,0.963969713870918,-0.000376192151435695,0.1664,0.1664,0.2434,1,0,0.683648315529992,0.316351684470008,0,0.000969872041119053,0.000344436641210387,0.000827034791061792,-0.00968220017213028,0.077,385,0,0.077,0,385,0,1,0,-0.000376192151435748,-0.00488561235630842,0.00488561235630842,1,1
sorting,80,0.02,0.964345906022354,0.963491813056295,0.963317568316593,-0.000174244739701623,0.1664,0.1664,0.0976,0.717548076923077,0.282451923076923,0.84016393442623,0.159836065573771,0.000359785793552171,0.00163948351567731,0.000491342367022891,0.00101318637303649,0.0107419940174422,0.0688,344,0.0314,0.0374,157,187,0.456395348837209,0.543604651162791,0.000333654706208805,-0.000507899445910466,0.0025326270305474,0.0122318917459196,0.968399519183981,0.181731406992957
sorting,80,0.05,0.964345906022354,0.961791480301325,0.961812843014324,2.13627129984628e-05,0.1664,0.1664,0.1498,0.554086538461538,0.445913461538462,0.562082777036048,0.437917222963952,0.00192701659950619,0.00283633695734589,0.000469666246245347,0.00160960591393017,0.00189347036928189,0.0166,83,0.0086,0.008,43,40,0.518072289156627,0.481927710843373,0.000190526617593452,-0.00016916390459501,-0.00128691042159285,0.0216681037462929,0.886307406748296,-0.0405944334830612
sorting,80,0.08,0.964345906022354,0.960243209057174,0.96068627747143,0.000443068414256342,0.1664,0.1664,0.1218,0.442307692307692,0.557692307692308,0.467980295566503,0.532019704433498,0.00428376962776761,0.00510345074870467,0.00090194111446144,0.00133870533955435,0.00624741553599451,0.0446,223,0.028,0.0166,140,83,0.62780269058296,0.37219730941704,0.000870233197469344,-0.000427164783212949,-0.00993426937794609,0.0290896408224729,0.812604109688164,-0.00492148137888048
sorting,80,0.12,0.964345906022354,0.958686305217728,0.959283116334983,0.00059681111725518,0.1664,0.1664,0.1384,0.387019230769231,0.612980769230769,0.40606936416185,0.59393063583815,0.00855688511169486,0.00883825934910791,0.00156928839161675,0.000408726893636109,0.00347620616201305,0.028,140,0.0198,0.0082,99,41,0.707142857142857,0.292857142857143,0.00076578636279087,-0.000168975245535752,-0.0213146827591114,0.0333843431545222,0.719060898874436,0.000546675121908552
sorting,81,0,0.964631708425512,0.964631708425512,0.963580965199698,-0.00105074322581367,0.1508,0.1508,0.274,1,0,0.55036496350365,0.44963503649635,0,0.00144390055962918,0.000386452013606679,0.000235596017806203,-0.0160723218090693,0.1232,616,0,0.1232,0,616,0,1,0,-0.00105074322581366,-0.00852875994978619,0.00852875994978619,1,1
sorting,81,0.02,0.964631708425512,0.96371902815113,0.963783923324831,6.48951737007852e-05,0.1508,0.1508,0.1114,0.693633952254642,0.306366047745358,0.782764811490126,0.217235188509874,0.000373286798121062,0.00137097902110444,0.000386479653806961,0.00051010116839784,0.00566308310850894,0.0394,197,0.022,0.0174,110,87,0.558375634517767,0.441624365482233,0.000293823924105177,-0.000228928750404305,-0.0016470856269257,0.0132678343784133,0.968814402976576,0.212516755663964
sorting,81,0.05,0.964631708425512,0.961958411589287,0.962247539316884,0.000289127727596594,0.1508,0.1508,0.0412,0.503978779840849,0.496021220159151,0.669902912621359,0.330097087378641,0.00193696789716027,0.00309561648209722,0.000591049175705804,0.000612649240662062,0.025840850745479,0.1096,548,0.0612,0.0484,306,242,0.558394160583942,0.441605839416058,0.00140869290323423,-0.00111956517563753,-0.00263802671164874,0.0230680481648884,0.885366688118667,0.14219229818759
sorting,81,0.08,0.964631708425512,0.960697316913281,0.961639467809881,0.000942150896599325,0.1508,0.1508,0.0618,0.435013262599469,0.564986737400531,0.514563106796117,0.485436893203884,0.00454076685468629,0.00522597594042912,0.000291900048153652,0.000324905052218698,0.0166550574352357,0.089,445,0.0552,0.0338,276,169,0.620224719101124,0.379775280898876,0.00173044470673868,-0.000788293810139287,-0.0105859651303303,0.0283004327739098,0.808059130626365,0.128037459538442
sorting,81,0.12,0.964631708425512,0.959320127670894,0.960100917781409,0.000780790110515461,0.1508,0.1508,0.1196,0.352785145888594,0.647214854111406,0.37123745819398,0.62876254180602,0.00844784598191657,0.00826905486074113,0.000957376252519322,0.000929634985507798,0.00418281248871655,0.0312,156,0.0224,0.0088,112,44,0.717948717948718,0.282051282051282,0.000949450163646319,-0.000168660053130864,-0.0250253240549825,0.0358368659223456,0.720942606181704,-0.0399867237755054
sorting,82,0,0.965490945686674,0.965490945686674,0.965372444478363,-0.000118501208311139,0.1586,0.1586,0.1174,1,0,1,0,0,0.00113462732044594,0.000795406822295573,0.000665730331625446,0.00600512121324182,0.0412,206,0,0.0412,0,206,0,1,0,-0.000118501208311154,0.00287624292017365,0.00287624292017365,1,1
sorting,82,0.02,0.965490945686674,0.964659904297671,0.963689481350692,-0.000970422946979022,0.1586,0.1586,0.2726,0.716267339218159,0.283732660781841,0.53925165077036,0.460748349229641,0.000360008173962811,0.00138092223398421,0.000612821419729519,0.000737658456319459,-0.0141464997029839,0.114,570,0.0334,0.0806,167,403,0.292982456140351,0.707017543859649,0.000298877254936785,-0.00126930020191583,-0.00851248199104426,0.0137559426039703,0.969147200333888,0.294420014900177
sorting,82,0.05,0.965490945686674,0.962820768577474,0.963053548123558,0.000232779546083806,0.1586,0.1586,0.1386,0.529634300126103,0.470365699873897,0.556998556998557,0.443001443001443,0.0018891977345372,0.00345369327669031,0.000872058204264294,0.000807225889098922,0.00260235231874739,0.02,100,0.0132,0.0068,66,34,0.66,0.34,0.0003504810813258,-0.000117701535241944,-0.0116389773041928,0.0234091308283872,0.885754226310169,-0.0690669066906691
sorting,82,0.08,0.965490945686674,0.961527342850454,0.962051176990473,0.000523834140019774,0.1586,0.1586,0.065,0.453972257250946,0.546027742749054,0.510769230769231,0.489230769230769,0.00414751054743465,0.00469230486920196,0.00046205613087323,0.000887551059221039,0.0188190243377795,0.0936,468,0.0548,0.0388,274,194,0.585470085470086,0.414529914529915,0.00153474504567613,-0.00101091090565637,-0.00559651858995475,0.0271971789672276,0.813604229952169,0.0370869608940496
sorting,82,0.12,0.965490945686674,0.960121712164901,0.961603694450298,0.00148198228539664,0.1586,0.1586,0.0544,0.380832282471627,0.619167717528373,0.415441176470588,0.584558823529412,0.00862078017711523,0.00868953717192986,0.00117795065134392,0.000504855861845378,0.0234295890037566,0.1042,521,0.0664,0.0378,332,189,0.637236084452975,0.362763915547025,0.00250317896891534,-0.00102119668351879,-0.014222478746608,0.0338231828448573,0.71146100913044,0.0601244630895832
sorting,83,0,0.965060359786511,0.965060359786511,0.964202567417309,-0.000857792369202359,0.156,0.156,0.274,1,0,0.569343065693431,0.430656934306569,0,0.00199055798164506,0.000883020926159861,0.00191214925123013,-0.0144996772553291,0.118,590,0,0.118,0,590,0,1,0,-0.000857792369202396,-0.00726942685764742,0.00726942685764742,1,1
sorting,83,0.02,0.965060359786511,0.964262305090982,0.963174361706293,-0.00108794338468821,0.156,0.156,0.2754,0.706410256410257,0.293589743589744,0.520697167755991,0.479302832244009,0.000351062290074001,0.00189825454599563,0.000607832530900873,0.00130755411463021,-0.0147969444395917,0.1194,597,0.0332,0.0862,166,431,0.278056951423786,0.721943048576214,0.000319955462970931,-0.00140789884765918,-0.0091117536406051,0.0144711416300679,0.969934203085368,0.269029994307241
sorting,83,0.05,0.965060359786511,0.962191876262724,0.961444503530419,-0.000747372732305185,0.156,0.156,0.2314,0.508974358974359,0.491025641025641,0.449438202247191,0.550561797752809,0.00198604808770104,0.00312588368905846,0.000753263349967739,0.000971776596416571,-0.00932255678884641,0.0754,377,0.0246,0.0508,123,254,0.326259946949602,0.673740053050398,0.000530331512944968,-0.00127770424525006,-0.00991210520298532,0.0239792540874672,0.885126629453065,0.0524553501442716
sorting,83,0.08,0.965060359786511,0.960915991422672,0.960915991422672,0,0.156,0.156,0.156,0.442307692307692,0.557692307692308,0.442307692307692,0.557692307692308,0.00441750358172568,0.00610381083526376,0.00091655716859098,0.00134149266322305,0.000106046118929948,0,0,0,0,0,0,,,0,0,,,0.79771624621265,
sorting,83,0.12,0.965060359786511,0.959372536058054,0.961318499282236,0.00194596322418272,0.156,0.156,0.0476,0.365384615384615,0.634615384615385,0.483193277310924,0.516806722689076,0.00855757890658544,0.00920302444237153,0.0020419295421071,0.00151576152175362,0.0281065908683223,0.1084,542,0.0744,0.034,372,170,0.686346863468635,0.313653136531365,0.00285721729690317,-0.000911254072720447,-0.0179516902599882,0.0347644960297382,0.710961726166469,0.103718936618498
sorting,84,0,0.965273699383661,0.965273699383661,0.963918350036063,-0.00135534934759762,0.1514,0.1514,0.037,1,0,1,0,0,0.0013464799861781,0.000531828219589935,0.00114078310758537,0.0319919850815431,0.1144,572,0,0.1144,0,572,0,1,0,-0.00135534934759755,0.0118474593321464,0.0118474593321464,1,1
sorting,84,0.02,0.965273699383661,0.964422823628077,0.963800380490409,-0.000622443137668127,0.1514,0.1514,0.0456,0.723910171730515,0.276089828269485,0.951754385964912,0.0482456140350877,0.000367383109688848,0.0016016602914505,0.000839828003334521,0.00103046548200741,0.0270355272477889,0.1058,529,0.0396,0.0662,198,331,0.374291115311909,0.625708884688091,0.000466055055518039,-0.00108849819318612,0.00588320546000072,0.0146933199310412,0.968196371463855,0.348620897061351
sorting,84,0.05,0.965273699383661,0.962405348120043,0.962674310301357,0.000268962181313559,0.1514,0.1514,0.0364,0.513870541611625,0.486129458388375,0.697802197802198,0.302197802197802,0.00196316191063697,0.00313576983524071,0.000416958335056627,0.00085434759951521,0.0321843919238245,0.115,575,0.0626,0.0524,313,262,0.544347826086957,0.455652173913044,0.0014677248016404,-0.0011987626203268,-0.00233880157663997,0.0231868471475409,0.888220055720802,0.211753332828359
sorting,84,0.08,0.965273699383661,0.961160934980887,0.962105137568611,0.000944202587723764,0.1514,0.1514,0.0202,0.446499339498019,0.553500660501982,0.623762376237624,0.376237623762376,0.00436987603683394,0.00526633276929045,0.00121476893605833,0.000590227890876714,0.0475400564932722,0.1312,656,0.0762,0.055,381,275,0.580792682926829,0.419207317073171,0.00243248115868209,-0.00148827857095837,-0.00719666606496745,0.0298838394027474,0.809849895017996,0.153898026693328
sorting,84,0.12,0.965273699383661,0.959788036049703,0.961834313912014,0.0020462778623106,0.1514,0.1514,0.056,0.364597093791281,0.635402906208719,0.475,0.525,0.00823132337847235,0.0084836929244217,0.0016251336391186,0.00119384543068449,0.0214465170539723,0.0954,477,0.0668,0.0286,334,143,0.70020964360587,0.29979035639413,0.0027620829707623,-0.000715805108451686,-0.0214494534833398,0.0364558498869391,0.709067088906684,0.105738592903017
sorting,85,0,0.966044633832613,0.966044633832613,0.965986452471285,-5.81813613282911e-05,0.1582,0.1582,0.1902,1,0,0.831756046267087,0.168243953732913,0,0.000885188914454094,0.00043576922185025,0.000465575690488779,-0.00361505979654286,0.032,160,0,0.032,0,160,0,1,0,-5.81813613282392e-05,-0.00181816754150748,0.00181816754150748,1,1
sorting,85,0.02,0.966044633832613,0.965100156283845,0.965166163358422,6.60070745767127e-05,0.1582,0.1582,0.1092,0.687737041719343,0.312262958280657,0.804029304029304,0.195970695970696,0.000357859395239651,0.00128133311933881,0.000294185160509114,0.000416642199856088,0.00751151059198496,0.049,245,0.028,0.021,140,105,0.571428571428571,0.428571428571429,0.000341061682063406,-0.000275054607486645,-0.00134708315462778,0.0125738018275521,0.968876280643051,0.147687863630058
sorting,85,0.05,0.966044633832613,0.963437811070029,0.963666758342546,0.000228947272517543,0.1582,0.1582,0.1304,0.533501896333755,0.466498103666245,0.562883435582822,0.437116564417178,0.00195476835670266,0.00390419120653092,0.000485026066876062,0.000521720752644801,0.00358182224848413,0.0278,139,0.0168,0.011,84,55,0.60431654676259,0.39568345323741,0.000425845193617924,-0.00019689792110036,-0.0082355133999124,0.0224008314646865,0.890162523062501,0.049926270163993
sorting,85,0.08,0.966044633832613,0.962205929116471,0.963110904687251,0.000904975570780175,0.1582,0.1582,0.0488,0.434892541087231,0.565107458912769,0.540983606557377,0.459016393442623,0.00419559460979907,0.004917992082682,0.000788230656576493,0.000460750102747717,0.0241753194557084,0.1094,547,0.067,0.0424,335,212,0.612431444241316,0.387568555758684,0.00191229193008901,-0.00100731635930883,-0.00827217157934351,0.0266874615118632,0.82350198798008,0.102258261627882
sorting,85,0.12,0.966044633832613,0.960817807746644,0.961462656611371,0.000644848864727043,0.1582,0.1582,0.1286,0.378002528445006,0.621997471554994,0.390357698289269,0.609642301710731,0.00844549382928421,0.00866488978103125,0.000552783436331489,0.000493857916900724,0.00399353753299836,0.0296,148,0.02,0.0096,100,48,0.675675675675676,0.324324324324324,0.000876760734535635,-0.000231911869808505,-0.0217854346191598,0.0374551555521669,0.727321729252869,0.0963918308117733
sorting,86,0,0.964558493130199,0.964558493130199,0.96421638130855,-0.000342111821649116,0.1688,0.1688,0.2378,1,0,0.709840201850294,0.290159798149706,0,0.00106717167938307,0.00108465793051552,0.00121229766317647,-0.0100433935990002,0.069,345,0,0.069,0,345,0,1,0,-0.000342111821649054,-0.00495814234273991,0.00495814234273991,1,1
sorting,86,0.02,0.964558493130199,0.96369915235609,0.96365921973963,-3.9932616460292e-05,0.1688,0.1688,0.185,0.726303317535545,0.273696682464455,0.708108108108108,0.291891891891892,0.000353960328184969,0.00126625882522274,0.00105274176069365,0.00158293212087425,-0.0021637244251701,0.0162,81,0.0084,0.0078,42,39,0.518518518518519,0.481481481481482,6.71752794066985e-05,-0.00010710789586696,-0.00246497632470752,0.0107582206959049,0.969928702957148,-0.133062330623306
sorting,86,0.05,0.964558493130199,0.961770398970854,0.962150536919109,0.000380137948254644,0.1688,0.1688,0.1116,0.530805687203792,0.469194312796209,0.600358422939068,0.399641577060932,0.00188859736530308,0.00257726854249204,0.000670936889349591,0.000795325959378944,0.00758771291958782,0.0572,286,0.0346,0.0226,173,113,0.604895104895105,0.395104895104895,0.000857489035419886,-0.000477351087165138,-0.00664576832613195,0.0233363657794585,0.887568926382757,0.151329799853548
sorting,86,0.08,0.964558493130199,0.960069657392871,0.960258838646623,0.000189181253752224,0.1688,0.1688,0.157,0.470379146919431,0.529620853080569,0.481528662420382,0.518471337579618,0.00448537741954509,0.00469999365621908,0.00096279291328575,0.000710566877495774,0.000952301588687976,0.0118,59,0.008,0.0038,40,19,0.677966101694915,0.322033898305085,0.000301592798030227,-0.000112411544278012,-0.0160323096400182,0.0350851137549355,0.808858202306328,0.152951490356517
sorting,86,0.12,0.964558493130199,0.958635945141317,0.960181037440498,0.00154509229918076,0.1688,0.1688,0.0712,0.393364928909953,0.606635071090047,0.421348314606742,0.578651685393258,0.00853928219204204,0.00879702543979069,0.00131691042572348,0.00114485327206266,0.0175931211676454,0.0976,488,0.0612,0.0364,306,182,0.627049180327869,0.372950819672131,0.0025307560750645,-0.000985663775883795,-0.0158308637211138,0.0360288919154539,0.721400608088024,0.0256378193485207
sorting,87,0,0.965315681418172,0.965315681418172,0.965036667447632,-0.000279013970540309,0.164,0.164,0.2294,1,0,0.714908456843941,0.285091543156059,0,0.00147661531541351,0.000913631544065922,0.0013052844054281,-0.00893214979930224,0.0654,327,0,0.0654,0,327,0,1,0,-0.000279013970540314,-0.00426626866269593,0.00426626866269593,1,1
sorting,87,0.02,0.965315681418172,0.964393716233755,0.964070966199993,-0.000322750033761587,0.164,0.164,0.0654,0.70609756097561,0.29390243902439,0.896024464831804,0.103975535168196,0.00036892602941329,0.00206004074337479,0.000642698247874907,0.00217318389025336,0.017355943146406,0.0986,493,0.0414,0.0572,207,286,0.419878296146045,0.580121703853955,0.000479542783578977,-0.000802292817340572,0.0032733269144178,0.0130003610640928,0.967628786801151,0.231957486773955
sorting,87,0.05,0.965315681418172,0.962606520885773,0.962943016182294,0.000336495296521355,0.164,0.164,0.0674,0.536585365853659,0.463414634146342,0.649851632047478,0.350148367952522,0.00191463441297324,0.00341592821023872,0.000797685400154133,0.00150842231198294,0.017007310577946,0.0966,483,0.0524,0.0442,262,221,0.542443064182195,0.457556935817805,0.00118533941702579,-0.000848844120504457,-0.00348338816274672,0.0210578005955512,0.890770529870821,0.114972541604001
sorting,87,0.08,0.965315681418172,0.961274368510777,0.962000882217291,0.000726513706514109,0.164,0.164,0.0198,0.436585365853659,0.563414634146341,0.646464646464647,0.353535353535354,0.00433004866471584,0.00558550998645525,0.00101872109285419,0.00176748744706464,0.0500463663018389,0.1442,721,0.0854,0.0588,427,294,0.592233009708738,0.407766990291262,0.00231765732106032,-0.00159114361454621,-0.00503823652228921,0.027106802604761,0.8190475022659,0.180988879966908
sorting,87,0.12,0.965315681418172,0.959655716356845,0.961849811482394,0.00219409512554891,0.164,0.164,0.0198,0.375609756097561,0.624390243902439,0.494949494949495,0.505050505050505,0.00862025835347836,0.00887918519557179,0.00136015030159816,0.00141999341566305,0.0500463663018389,0.1442,721,0.0924,0.0518,462,259,0.640776699029126,0.359223300970874,0.0035134333496034,-0.00131933822405448,-0.0152156388734322,0.0335143659754361,0.725007544136302,0.121992161036213
sorting,88,0,0.964362421718068,0.964362421718068,0.964324583993396,-3.78377246722517e-05,0.1642,0.1642,0.138,1,0,1,0,0,0.00157454260589842,0.0003656221156609,0.00162343109506712,0.00334446576164471,0.0262,131,0,0.0262,0,131,0,1,0,-3.78377246722731e-05,0.00144418796459058,0.00144418796459058,1,1
sorting,88,0.02,0.964362421718068,0.963564552940273,0.963529094660944,-3.54582793291591e-05,0.1642,0.1642,0.1096,0.733252131546894,0.266747868453106,0.844890510948905,0.155109489051095,0.000365189013090232,0.00142146299540419,0.000284398719478084,0.00126680097131955,0.00753711285190073,0.0546,273,0.0268,0.0278,134,139,0.490842490842491,0.509157509157509,0.000306842319791344,-0.000342300599120538,0.000649419035333207,0.0118890644489356,0.968178118023125,0.0460403701064929
sorting,88,0.05,0.964362421718068,0.961681862770122,0.96159474495055,-8.71178195726019e-05,0.1642,0.1642,0.1796,0.522533495736906,0.477466504263094,0.514476614699332,0.485523385300668,0.00188391043449694,0.00322614786824405,0.000314606848165066,0.000744170227708222,-0.00144239529456969,0.0154,77,0.0066,0.0088,33,44,0.428571428571429,0.571428571428571,0.000124332836675277,-0.000211450656247834,-0.00565700127094526,0.0218041229170852,0.888091906179676,-0.054577001945423
sorting,88,0.08,0.964362421718068,0.96004533717259,0.961100394856387,0.0010550576837971,0.1642,0.1642,0.0226,0.443361753958587,0.556638246041413,0.654867256637168,0.345132743362832,0.00431435564335324,0.00491414126970228,0.000673796154017968,0.00127888274207764,0.0499935665392247,0.1416,708,0.0836,0.058,418,290,0.590395480225989,0.409604519774011,0.00254528214820497,-0.00149022446440794,-0.00745097234319935,0.0284993404845544,0.811359208710368,0.122101233301629
sorting,88,0.12,0.964362421718068,0.958657195841445,0.959889692168339,0.00123249632689382,0.1642,0.1642,0.0912,0.372716199756395,0.627283800243605,0.399122807017544,0.600877192982456,0.00826310702349961,0.00929241403501584,0.00231729023924617,0.00286900907898055,0.0106610616714578,0.073,365,0.0482,0.0248,241,124,0.66027397260274,0.33972602739726,0.00190728159943751,-0.000674785272543658,-0.0168835113273131,0.0353707790682352,0.722929089141164,-0.0407262174160894
sorting,89,0,0.965022507053698,0.965022507053698,0.964781810823348,-0.000240696230350279,0.1588,0.1588,0.2202,1,0,0.721162579473206,0.278837420526794,0,0.00168754954901292,0.000434726976076098,0.00123735888811128,-0.00826089757281912,0.0614,307,0,0.0614,0,307,0,1,0,-0.000240696230350294,-0.00392013404479306,0.00392013404479306,1,1
sorting,89,0.02,0.965022507053698,0.964152010972291,0.963653108031834,-0.000498902940457291,0.1588,0.1588,0.2346,0.709068010075567,0.290931989924433,0.595055413469736,0.404944586530264,0.00037560278753556,0.00216878160777642,0.000289523610522229,0.00112914011951738,-0.0103353178473022,0.0758,379,0.027,0.0488,135,244,0.356200527704486,0.643799472295514,0.000249042545433735,-0.000747945485891044,-0.00658183298756345,0.0131528764027016,0.968278914475157,0.297517320125291
sorting,89,0.05,0.965022507053698,0.962504560361952,0.96117984754163,-0.00132471282032254,0.1588,0.1588,0.2614,0.541561712846348,0.458438287153652,0.455241009946442,0.544758990053558,0.0019214296983614,0.00354680208810277,0.000481787703099269,0.00120300228062011,-0.0136070872067559,0.1026,513,0.033,0.0696,165,348,0.321637426900585,0.678362573099415,0.000551551855107718,-0.00187626467543026,-0.0129114309972957,0.0236629291475436,0.894615154152606,0.0900480977086036
sorting,89,0.08,0.965022507053698,0.960579831350569,0.959942611150516,-0.000637220200053412,0.1588,0.1588,0.1926,0.414357682619647,0.585642317380353,0.399792315680166,0.600207684319834,0.00441915122853726,0.00529706292928744,0.000323287595620986,0.00124427677130394,-0.00384259945080245,0.0338,169,0.0112,0.0226,56,113,0.331360946745562,0.668639053254438,0.000207366960334904,-0.000844587160388361,-0.0188526686406348,0.0311229029799783,0.805031461481258,0.120548456068818
sorting,89,0.12,0.965022507053698,0.959729032073196,0.961452803065765,0.00172377099256882,0.1588,0.1588,0.0414,0.375314861460957,0.624685138539043,0.478260869565217,0.521739130434783,0.00831154641163817,0.00985291660504759,0.00158591832662306,0.00195657625989563,0.0283181349376732,0.1174,587,0.0776,0.0398,388,199,0.660988074957411,0.339011925042589,0.0028205371380695,-0.00109676614550069,-0.0146828875005861,0.0333671489230851,0.71891474885259,0.113435752867467
sorting,90,0,0.965775803848294,0.965775803848294,0.965690833458755,-8.49703895392517e-05,0.1622,0.1622,0.127,1,0,1,0,0,0.000964964555176203,0.00069329537749828,0.00111959420079235,0.0050825590700655,0.0352,176,0,0.0352,0,176,0,1,0,-8.49703895392129e-05,0.00241393152100037,0.00241393152100037,1,1
sorting,90,0.02,0.965775803848294,0.964918885495056,0.964398963004928,-0.000519922490128222,0.1622,0.1622,0.2418,0.718865598027127,0.281134401972873,0.584780810587262,0.415219189412738,0.000372878808633433,0.00126329170263507,0.00110013411311917,0.0014360799809892,-0.00955397583244721,0.0796,398,0.0248,0.0548,124,274,0.311557788944724,0.688442211055276,0.000253576948413348,-0.000773499438541633,-0.00653168957447594,0.0129029696853641,0.96544524856981,0.139662632017686
sorting,90,0.05,0.965775803848294,0.963055413628773,0.96331465712542,0.000259243496647077,0.1622,0.1622,0.0526,0.517879161528977,0.482120838471024,0.684410646387833,0.315589353612167,0.00190577971784808,0.00283223639105808,0.000556477388823731,0.000722824621082758,0.0248772742006358,0.1096,548,0.0616,0.048,308,240,0.562043795620438,0.437956204379562,0.00133954754794806,-0.00108030405130094,-0.00236536037086793,0.0220789379493522,0.875609276144371,0.193803601428251
sorting,90,0.08,0.965775803848294,0.961746517907844,0.962428562176137,0.000682044268292992,0.1622,0.1622,0.0524,0.424167694204686,0.575832305795314,0.515267175572519,0.484732824427481,0.00418873331853088,0.00523287519282634,0.000969837416267536,0.00113306549402692,0.025167689690155,0.1098,549,0.068,0.0418,340,209,0.619307832422587,0.380692167577414,0.00181877900902429,-0.00113673474073131,-0.00621169643254081,0.0269172472655337,0.79903151279326,0.117825085847103
sorting,90,0.12,0.965775803848294,0.959888563058363,0.960589557035994,0.00070099397763046,0.1622,0.1622,0.1356,0.352651048088779,0.647348951911221,0.370206489675516,0.629793510324484,0.00828737476122361,0.00804547483449985,0.00129091578166916,0.00108184750483426,0.00374210850334678,0.0266,133,0.0196,0.007,98,35,0.736842105263158,0.263157894736842,0.000837266285833066,-0.000136272308202582,-0.0263531570537776,0.0365991952644981,0.695284622563385,0.0033156160414605
sorting,91,0,0.966500037082792,0.966500037082792,0.966494018014883,-6.01906790820284e-06,0.1638,0.1638,0.154,1,0,1,0,0,0.00138338257069938,0.00017506912503826,0.000356297323442674,0.00120894594139209,0.0098,49,0,0.0098,0,49,0,1,0,-6.01906790811138e-06,0.000614190602868508,0.000614190602868508,1,1
sorting,91,0.02,0.966500037082792,0.965632570708429,0.96550403880622,-0.000128531902208962,0.1638,0.1638,0.1918,0.721611721611722,0.278388278388278,0.672575599582899,0.327424400417101,0.000367588055412275,0.0021805745319319,0.000322946595260626,0.000638331008806239,-0.00384535009230202,0.028,140,0.0108,0.0172,54,86,0.385714285714286,0.614285714285714,0.000119817537272333,-0.00024834943948131,-0.00459042507889204,0.0131488205983444,0.967235237953409,0.0530099932212285
sorting,91,0.05,0.966500037082792,0.963799505109749,0.964241552537725,0.0004420474279766,0.1638,0.1638,0.068,0.537240537240537,0.462759462759463,0.673529411764706,0.326470588235294,0.00196625374815055,0.00319030514373321,0.000689819862588111,0.000585332419820372,0.0175507229589603,0.0958,479,0.0536,0.0422,268,211,0.559498956158664,0.440501043841336,0.00128978808906776,-0.000847740661091101,-0.00461427377846203,0.0223124086655414,0.880558298486332,0.109233955852936
sorting,91,0.08,0.966500037082792,0.962261908434947,0.9634965195695,0.00123461113455237,0.1638,0.1638,0.0274,0.451770451770452,0.548229548229548,0.627737226277372,0.372262773722628,0.00413752042696471,0.00502687095616164,0.000847256542362665,0.000330609789560311,0.0379997177031802,0.1364,682,0.0796,0.0568,398,284,0.583577712609971,0.416422287390029,0.00252231876511722,-0.00128770763056483,-0.0090514012797096,0.0279327448363787,0.807672654482906,0.125078540855554
sorting,91,0.12,0.966500037082792,0.960565645666792,0.963093882366428,0.00252823669963564,0.1638,0.1638,0.0032,0.365079365079365,0.634920634920635,0.5625,0.4375,0.00896207061117808,0.00896119959349197,0.00182063296265389,0.000682804571408599,0.0937714631601797,0.1606,803,0.1026,0.058,513,290,0.638854296388543,0.361145703611457,0.00401983414784921,-0.00149159744821357,-0.0157424452032107,0.0343177558908018,0.700173479974939,0.168876520618307
sorting,92,0,0.965712964924289,0.965712964924289,0.965219648358562,-0.000493316565727264,0.1588,0.1588,0.077,1,0,1,0,0,0.00119303151813411,0.00026870243552775,0.000836015058399006,0.0141117083213778,0.0818,409,0,0.0818,0,409,0,1,0,-0.000493316565727246,0.00603076486219127,0.00603076486219127,1,1
sorting,92,0.02,0.965712964924289,0.964901355103078,0.964528421846831,-0.00037293325624721,0.1588,0.1588,0.0652,0.716624685138539,0.283375314861461,0.932515337423313,0.0674846625766871,0.000360488263698472,0.00162856730893876,0.000193723033543686,0.000637589202630008,0.0179276064776822,0.0936,468,0.0406,0.053,203,265,0.433760683760684,0.566239316239316,0.000418875851765684,-0.000791809108012949,0.00398432966076138,0.0129346683737033,0.969852267562091,0.274385186335073
sorting,92,0.05,0.965712964924289,0.963200744234751,0.962515647619262,-0.000685096615489322,0.1588,0.1588,0.215,0.540302267002519,0.459697732997481,0.485581395348837,0.514418604651163,0.00205053129659863,0.00315201112476372,0.000544145462114201,0.00073207021630241,-0.00767068930544435,0.0562,281,0.0186,0.0376,93,188,0.330960854092527,0.669039145907473,0.000346887974983409,-0.00103198459047274,-0.0121903312364649,0.0245350990294688,0.890100110196004,0.043913400902119
sorting,92,0.08,0.965712964924289,0.961425938361242,0.962398046383278,0.000972108022035734,0.1588,0.1588,0.0164,0.428211586901763,0.571788413098237,0.682926829268293,0.317073170731707,0.00444125581012478,0.00489906644892864,0.000425635623474236,0.000893850028352941,0.0573314199613844,0.1424,712,0.0856,0.0568,428,284,0.601123595505618,0.398876404494382,0.00255033900702429,-0.00157823098498854,-0.00682660127834099,0.0289927667978429,0.807319939812798,0.166805935033318
sorting,92,0.12,0.965712964924289,0.960182955003365,0.962002020077781,0.00181906507441632,0.1588,0.1588,0,0.392947103274559,0.607052896725441,,,0.00855962629502158,0.00883176404529328,0.00131283870877965,0.000811513205616838,Inf,0.1588,794,0.0964,0.0624,482,312,0.607052896725441,0.392947103274559,0.0035375279926331,-0.00171846291821681,-0.0114550697381378,0.0330981795393571,0.715544637421785,0.180476764484256
sorting,93,0,0.966253987923585,0.966253987923585,0.965664622534991,-0.000589365388594221,0.1602,0.1602,0.0736,1,0,1,0,0,0.00129846600189092,0.000692756169237028,0.00107856369547151,0.0148851768533343,0.0866,433,0,0.0866,0,433,0,1,0,-0.00058936538859419,0.00680560494912459,0.00680560494912459,1,1
sorting,93,0.02,0.966253987923585,0.965388863597401,0.965165673739263,-0.000223189858137185,0.1602,0.1602,0.071,0.717852684144819,0.282147315855181,0.915492957746479,0.0845070422535211,0.000369380687441689,0.001679100576179,0.00078087245686975,0.00130892418330805,0.0154180982689446,0.0892,446,0.0392,0.05,196,250,0.439461883408072,0.560538116591928,0.000460373718937218,-0.000683563577074425,0.00250212845445299,0.0128244091481126,0.96854375765375,0.233153625233033
sorting,93,0.05,0.966253987923585,0.963732554277554,0.963567869163736,-0.000164685113817731,0.1602,0.1602,0.0396,0.531835205992509,0.468164794007491,0.707070707070707,0.292929292929293,0.00192814245100805,0.00259248446748346,0.000961365254753153,0.00125946964461969,0.0310409527242554,0.1206,603,0.0634,0.0572,317,286,0.525704809286899,0.474295190713101,0.00132318378544368,-0.00148786889926144,0.00136554820744409,0.0233088945663775,0.894591069479643,0.210442966790216
sorting,93,0.08,0.966253987923585,0.962208860656613,0.962704300829199,0.000495440172585515,0.1602,0.1602,0.01,0.446941323345818,0.553058676654182,0.66,0.34,0.0044340763295685,0.00532547448782515,0.001852063663193,0.000677675774617653,0.0784559219263824,0.1502,751,0.0852,0.065,426,325,0.567243675099867,0.432756324900133,0.00233804704090682,-0.00184260686832125,-0.00329853643532336,0.0278339141759525,0.824488479891539,0.125746664022438
sorting,93,0.12,0.966253987923585,0.960647108093723,0.962536849104738,0.0018897410110148,0.1602,0.1602,0.0106,0.379525593008739,0.620474406991261,0.490566037735849,0.509433962264151,0.00836895937671481,0.00864318525211551,0.00212884568878248,0.000377674398904904,0.0747469041006323,0.1496,748,0.094,0.0556,470,278,0.628342245989305,0.371657754010695,0.00356871373505788,-0.00167897272404312,-0.0126319586297778,0.035078118042119,0.730048104113924,0.116486737594588
sorting,94,0,0.964648102275973,0.964648102275973,0.961973357900429,-0.00267474437554405,0.1566,0.1566,0.3658,1,0,0.428102788408967,0.571897211591033,0,0.00100924116515354,0.000664700974026728,0.000886579579970812,-0.0264409564704854,0.2092,1046,0,0.2092,0,1046,0,1,0,-0.00267474437554401,-0.0127855849691396,0.0127855849691396,1,1
sorting,94,0.02,0.964648102275973,0.963695420239173,0.963787421078965,9.20008397924388e-05,0.1566,0.1566,0.1284,0.688378033205619,0.311621966794381,0.755451713395639,0.244548286604361,0.00036643532987395,0.00169353015517382,0.000468149503473472,0.000584655935338614,0.00428943347685762,0.0282,141,0.0174,0.0108,87,54,0.617021276595745,0.382978723404255,0.000216310037814462,-0.000124309198022054,-0.00326244112739036,0.0120786963062594,0.967315330084613,0.162339997431397
sorting,94,0.05,0.964648102275973,0.961963563637659,0.959926021582911,-0.0020375420547476,0.1566,0.1566,0.291,0.537675606641124,0.462324393358876,0.420618556701031,0.579381443298969,0.0019712222169787,0.00377341470920041,0.000395435262175131,0.0004948731806195,-0.0165231004253553,0.1344,672,0.0382,0.0962,191,481,0.28422619047619,0.71577380952381,0.000724648802640978,-0.00276219085738854,-0.0151602831454432,0.0259437474704577,0.884616547064662,0.18973869223851
sorting,94,0.08,0.964648102275973,0.960477546697901,0.961130450715656,0.000652904017754974,0.1566,0.1566,0.117,0.441890166028097,0.558109833971903,0.475213675213675,0.524786324786325,0.00437631154518555,0.00508766457457305,0.000969091661830869,0.00060206170075084,0.00655997752522619,0.0396,198,0.026,0.0136,130,68,0.656565656565657,0.343434343434343,0.000957558738692794,-0.000304654720937825,-0.0164874751958326,0.0318740772633995,0.810602429928097,0.0076764378731065
sorting,94,0.12,0.964648102275973,0.959040335512655,0.96077141478671,0.0017310792740548,0.1566,0.1566,0.0456,0.352490421455939,0.647509578544061,0.385964912280702,0.614035087719298,0.00864593735955734,0.0084109366607527,0.000848060055970582,0.000353571097318903,0.027027263071293,0.111,555,0.0734,0.0376,367,188,0.661261261261261,0.338738738738739,0.00277815532201759,-0.00104707604796284,-0.015595308775268,0.0344615438736975,0.71590899295636,0.185395872978659
sorting,95,0,0.965996194215995,0.965996194215995,0.965587212709667,-0.000408981506327066,0.157,0.157,0.0806,1,0,1,0,0,0.00204924857752639,0.000457954879782891,0.0010845278578406,0.0129384069329117,0.0764,382,0,0.0764,0,382,0,1,0,-0.000408981506327055,0.00535316107757925,0.00535316107757925,1,1
sorting,95,0.02,0.965996194215995,0.965094030160957,0.965046450059185,-4.75801017719713e-05,0.157,0.157,0.0974,0.695541401273885,0.304458598726115,0.82135523613963,0.17864476386037,0.000368984778966384,0.00217812667160309,0.000501806080322818,0.00140455245744821,0.0090158191947598,0.0596,298,0.0304,0.0292,152,146,0.51006711409396,0.48993288590604,0.000347749839918049,-0.000395329941690108,0.000798323855235884,0.0124677815706067,0.967519357644774,0.118471192588496
sorting,95,0.05,0.965996194215995,0.963333840530444,0.9636623052558,0.000328464725355637,0.157,0.157,0.059,0.532484076433121,0.467515923566879,0.68135593220339,0.31864406779661,0.00185211953435863,0.0031786828414467,0.000512033331354705,0.0018386389023597,0.0198809809593874,0.098,490,0.0546,0.0434,273,217,0.557142857142857,0.442857142857143,0.0012178210489346,-0.000889356323579018,-0.00335168087097531,0.0215018099236083,0.890287127419485,0.0480651221167187
sorting,95,0.08,0.965996194215995,0.962023078553156,0.962857046015966,0.00083396746281017,0.157,0.157,0.0832,0.430573248407643,0.569426751592357,0.5,0.5,0.00431096952062205,0.00536749918309992,0.000262251989260294,0.000637677565889756,0.0122458174437302,0.0738,369,0.0478,0.026,239,130,0.64769647696477,0.35230352303523,0.00143458522168208,-0.000600617758871915,-0.0113003721247989,0.0275772761592682,0.809541286781651,0.0496063932437209
sorting,95,0.12,0.965996194215995,0.96041850467888,0.962298332694423,0.00187982801554276,0.157,0.157,0.0474,0.356687898089172,0.643312101910828,0.371308016877637,0.628691983122363,0.00836669527287447,0.00956153676219415,0.00130355202797068,0.000807294524789331,0.024317843663349,0.1096,548,0.0712,0.0384,356,192,0.64963503649635,0.35036496350365,0.00285519580406161,-0.000975367788518847,-0.0171517154702807,0.0349503977425224,0.712112043044482,0.072513622555088
sorting,96,0,0.964664854259536,0.964664854259536,0.96438735890076,-0.000277495358775859,0.1626,0.1626,0.0998,1,0,1,0,0,0.000918453046286993,0.000384441360171862,0.00208207163551871,0.0103761107765424,0.0628,314,0,0.0628,0,314,0,1,0,-0.000277495358775807,0.00441871590407335,0.00441871590407335,1,1
sorting,96,0.02,0.964664854259536,0.963762861453582,0.963490407836977,-0.000272453616605328,0.1626,0.1626,0.0676,0.714637146371464,0.285362853628536,0.940828402366864,0.0591715976331361,0.000376559476430918,0.00140424524025959,0.00113442152960908,0.00274414610177036,0.018745930727077,0.095,475,0.0424,0.0526,212,263,0.446315789473684,0.553684210526316,0.000494425829719356,-0.000766879446324615,0.00286793280637114,0.0132768976425681,0.966871159090846,0.210522620773826
sorting,96,0.05,0.964664854259536,0.96219155918578,0.960981588327808,-0.00120997085797236,0.1626,0.1626,0,0.549815498154982,0.450184501845019,,,0.00191412971922698,0.00271556856910244,0.00108463885604386,0.00251827517305498,0.936818816710542,0.1626,813,0.0732,0.0894,366,447,0.450184501845019,0.549815498154982,0.00145163214899883,-0.00266160300697117,0.00744139519048179,0.0252966491757073,0.891652789970111,0.28851261915265
sorting,96,0.08,0.964664854259536,0.960592856876804,0.960117818504461,-0.000475038372343639,0.1626,0.1626,0.1904,0.46740467404674,0.53259532595326,0.439075630252101,0.560924369747899,0.00451281575256163,0.00540170824206418,0.000791752613859668,0.0019237025914617,-0.00355718566003149,0.0278,139,0.0076,0.0202,38,101,0.273381294964029,0.726618705035971,0.000169296581636791,-0.000644334953980417,-0.0170877112353822,0.0292673214250794,0.816484330867373,0.00532642209213995
sorting,96,0.12,0.964664854259536,0.958618280259246,0.959312052240655,0.000693771981408742,0.1626,0.1626,0.1314,0.365313653136531,0.634686346863469,0.382039573820396,0.617960426179604,0.00832162351673791,0.00828546255096174,0.00144643259529938,0.001254535127654,0.00422433488668927,0.0312,156,0.022,0.0092,110,46,0.705128205128205,0.294871794871795,0.000909512686886566,-0.000215740705477886,-0.0222362814554064,0.036065813857835,0.715173795166952,0.0778081585560525
sorting,97,0,0.965313839353567,0.965313839353567,0.964179591516421,-0.00113424783714666,0.15,0.15,0.2826,1,0,0.530785562632696,0.469214437367304,0,0.00157765069281227,0.00139846443247307,0.00230507361037336,-0.0164875220595782,0.1326,663,0,0.1326,0,663,0,1,0,-0.00113424783714665,-0.0085539052575162,0.0085539052575162,1,1
sorting,97,0.02,0.965313839353567,0.964319447147623,0.964162957214309,-0.000156489933313853,0.15,0.15,0.068,0.677333333333333,0.322666666666667,0.867647058823529,0.132352941176471,0.000373317089470834,0.00191190762147984,0.00175055774143113,0.00315654439561697,0.0166363610431387,0.082,410,0.0394,0.0426,197,213,0.480487804878049,0.519512195121951,0.000449849800538102,-0.00060633973385195,0.00190841382090058,0.0128803601754884,0.966437146529486,0.203392077752091
sorting,97,0.05,0.965313839353567,0.962736726408864,0.960284410548999,-0.00245231585986505,0.15,0.15,0.303,0.526666666666667,0.473333333333333,0.403960396039604,0.596039603960396,0.00196051513631782,0.00357680077251069,0.00137165765274973,0.00161171949807281,-0.0190294303012057,0.153,765,0.0434,0.1096,217,548,0.283660130718954,0.716339869281046,0.000742822780675139,-0.00319513864054016,-0.0160282082344119,0.0257383099425836,0.887722457940898,0.099098880321475
sorting,97,0.08,0.965313839353567,0.961397403454443,0.96154084501179,0.000143441557346136,0.15,0.15,0.1262,0.44,0.56,0.446909667194929,0.553090332805071,0.00430588307572239,0.00527569874986739,0.00101175147039285,0.00123914101522539,0.00342716018963163,0.0238,119,0.0142,0.0096,71,48,0.596638655462185,0.403361344537815,0.000401930182645534,-0.000258488625299431,-0.00602695619101276,0.0277486894094523,0.808802071200083,-0.0325238570004273
sorting,97,0.12,0.965313839353567,0.959786354505164,0.961452227851318,0.00166587334615431,0.15,0.15,0.0712,0.341333333333333,0.658666666666667,0.412921348314607,0.587078651685393,0.00820493625399454,0.00803681903685911,0.00190457980264889,0.000817425849223909,0.0155456654401765,0.0788,394,0.057,0.0218,285,109,0.723350253807107,0.276649746192893,0.0022450948555323,-0.000579221509378052,-0.021140524697389,0.035841578234903,0.708664561754582,0.00547697538642494
sorting,98,0,0.964609452575617,0.964609452575617,0.964600067061825,-9.38551379126018e-06,0.1524,0.1524,0.1642,1,0,0.928136419001218,0.071863580998782,0,0.00289340185720378,0.000680470473213707,0.000868938532883969,-0.00141787652006597,0.0118,59,0,0.0118,0,59,0,1,0,-9.38551379131878e-06,-0.000795382524688032,0.000795382524688032,1,1
sorting,98,0.02,0.964609452575617,0.963696371486439,0.963244046040062,-0.000452325446376856,0.1524,0.1524,0.2208,0.699475065616798,0.300524934383202,0.574275362318841,0.425724637681159,0.000373788981458494,0.00329519178095041,0.000419485966089143,0.00158653869529849,-0.00812462647089507,0.0684,342,0.0202,0.0482,101,241,0.295321637426901,0.7046783625731,0.000199338555003496,-0.000651664001380403,-0.00661294512246939,0.0124415578418699,0.968460937490437,0.136100770209082
sorting,98,0.05,0.964609452575617,0.961966692503068,0.962419555366289,0.000452862863220771,0.1524,0.1524,0.0514,0.519685039370079,0.480314960629921,0.680933852140078,0.319066147859922,0.00196109327573775,0.00364163348143873,0.000345848349263784,0.000990418081972603,0.0216576672139164,0.101,505,0.0568,0.0442,284,221,0.562376237623762,0.437623762376238,0.00133916528897198,-0.000886302425751138,-0.0044837907249588,0.0220343338091398,0.888291192395648,0.0573792472414943
sorting,98,0.08,0.964609452575617,0.960763753845356,0.961216870632173,0.000453116786817365,0.1524,0.1524,2e-04,0.439632545931759,0.560367454068242,1,0,0.00424984460722381,0.00669598443992866,0.001239370452468,0.00128003551747086,0.215735203249414,0.1522,761,0.0854,0.0668,427,334,0.561103810775296,0.438896189224704,0.00233028812035805,-0.00187717133354061,-0.00297711423664546,0.0276442802490057,0.822486292963452,0.204762311896849
sorting,98,0.12,0.964609452575617,0.959170448373238,0.961305267692539,0.00213481931930137,0.1524,0.1524,0.003,0.362204724409449,0.637795275590551,0.666666666666667,0.333333333333333,0.00890544877586556,0.00921029689541301,0.00148600522390838,0.000706004449595512,0.102903602133863,0.1494,747,0.0962,0.0532,481,266,0.643908969210174,0.356091030789826,0.003557369648699,-0.00142255032939757,-0.0142892859390993,0.0333327977114898,0.716866067490643,0.1188478592151
sorting,99,0,0.965124076616478,0.965124076616478,0.965067008206459,-5.70684100195118e-05,0.1542,0.1542,0.188,1,0,0.820212765957447,0.179787234042553,0,0.000663686403580576,0.000628699541044264,0.000645142675843478,-0.00379787506461038,0.0338,169,0,0.0338,0,169,0,1,0,-5.70684100194563e-05,-0.00168841449761705,0.00168841449761705,1,1
sorting,99,0.02,0.965124076616478,0.964287724894611,0.964306328489777,1.86035951658114e-05,0.1542,0.1542,0.1054,0.696498054474708,0.303501945525292,0.800759013282733,0.199240986717268,0.000350341197622729,0.00147814411455313,0.000400008523860676,0.000906913110167905,0.00709316078631672,0.0488,244,0.0258,0.023,129,115,0.528688524590164,0.471311475409836,0.000291703585960699,-0.000273099990794902,-0.000381221212413873,0.0115738437859754,0.966710374732415,0.100193714401365
sorting,99,0.05,0.965124076616478,0.962559038298491,0.9627396633926,0.000180625094109765,0.1542,0.1542,0.048,0.529182879377432,0.470817120622568,0.666666666666667,0.333333333333333,0.00192688587953595,0.00279766397626961,0.000898467169589806,0.000828019529271784,0.0236447436399959,0.1062,531,0.0566,0.0496,283,248,0.532956685499058,0.467043314500942,0.00124197903181539,-0.00106135393770564,-0.00170080126280369,0.0216886343646048,0.885424599832984,0.054780299004627
sorting,99,0.08,0.965124076616478,0.961363544227411,0.961914782229335,0.000551238001924026,0.1542,0.1542,0.005,0.429312581063554,0.570687418936446,0.84,0.16,0.00416053450015236,0.00447471261369025,0.000918329022406357,0.000317766389267634,0.0908708414472964,0.1492,746,0.0872,0.062,436,310,0.584450402144772,0.415549597855228,0.00232001123723611,-0.00176877323531215,-0.00369462467777453,0.0274047216658731,0.812732317021293,0.162606067792772
sorting,99,0.12,0.965124076616478,0.95962442741255,0.961692049885634,0.00206762247308367,0.1542,0.1542,0.0158,0.37094682230869,0.62905317769131,0.518987341772152,0.481012658227848,0.00833362257648667,0.00828129773666734,0.000905044813432859,0.00072150557941442,0.0592711191590319,0.1384,692,0.0894,0.049,447,245,0.645953757225434,0.354046242774567,0.00329374258399749,-0.00122612011091387,-0.0149394687361533,0.0326579674487816,0.725425063801002,0.122745920584355
sorting,100,0,0.966255618093231,0.966255618093231,0.965542042308105,-0.00071357578512643,0.1776,0.1776,0.2728,1,0,0.651026392961877,0.348973607038123,0,0.00409273427306979,0.00070820999001177,0.000808813246826103,-0.0144532216049971,0.0952,476,0,0.0952,0,476,0,1,0,-0.000713575785126465,-0.00749554396141245,0.00749554396141245,1,1
sorting,100,0.02,0.966255618093231,0.965315442321027,0.96531245856941,-2.98375161611464e-06,0.1776,0.1776,0.1812,0.740990990990991,0.259009009009009,0.735099337748344,0.264900662251656,0.000369652330347737,0.00206889928240598,0.000932967862802562,0.00088306278361258,-0.000422786127895924,0.0036,18,0.0016,0.002,8,10,0.444444444444444,0.555555555555556,2.36676000658456e-05,-2.66513516819154e-05,-0.000828819893352743,0.0139774865966003,0.969082779051311,-0.302373581011352
sorting,100,0.05,0.966255618093231,0.963341691899849,0.96128138082209,-0.00206031107775884,0.1776,0.1776,0.3052,0.558558558558559,0.441441441441441,0.450851900393185,0.549148099606815,0.00190093861548189,0.00284846024757651,0.0010107313326183,0.000704387618051789,-0.0177727368775802,0.1276,638,0.0384,0.0892,192,446,0.300940438871473,0.699059561128527,0.000619380959750253,-0.00267969203750914,-0.0161466385404302,0.025854804053757,0.890165588150623,0.156438048410573
sorting,100,0.08,0.966255618093231,0.961786895256093,0.96283351948507,0.00104662422897672,0.1776,0.1776,0.0364,0.447072072072072,0.552927927927928,0.604395604395604,0.395604395604396,0.00421875999097901,0.00485666158134079,0.000773240235514191,0.00114264427890842,0.0339250980675881,0.1412,706,0.0838,0.0574,419,287,0.593484419263456,0.406515580736544,0.00256984935852801,-0.00152322512955121,-0.00741235289643626,0.0289877796606178,0.815383365959335,0.085549679846361
sorting,100,0.12,0.966255618093231,0.960242473314021,0.962417928338847,0.00217545502482619,0.1776,0.1776,0.0328,0.399774774774775,0.600225225225225,0.536585365853659,0.463414634146342,0.00855579857015222,0.00878577661792845,0.00144342906903846,0.000688883951317,0.037147721956754,0.1448,724,0.0914,0.0534,457,267,0.63121546961326,0.36878453038674,0.00356411118395015,-0.00138865615912398,-0.015023860668689,0.0342041943582468,0.718353905502156,0.137727462808565
sorting,101,0,0.965512414283502,0.965512414283502,0.965397477127881,-0.00011493715562072,0.1628,0.1628,0.2052,1,0,0.793372319688109,0.206627680311891,0,0.00443823923325026,0.000655687248712437,0.00147389807180726,-0.00540485359531984,0.0424,212,0,0.0424,0,212,0,1,0,-0.000114937155620673,-0.00271078197218568,0.00271078197218568,1,1
sorting,101,0.02,0.965512414283502,0.964586778077114,0.964162969666912,-0.000423808410202065,0.1628,0.1628,0.2332,0.71007371007371,0.28992628992629,0.601200686106346,0.398799313893654,0.000368068109450482,0.00467641274834029,0.000986963139550856,0.00146625880970676,-0.00913462325354475,0.0704,352,0.0246,0.0458,123,229,0.349431818181818,0.650568181818182,0.000253952010243016,-0.000677760420445064,-0.00602000582673363,0.0132345515722739,0.967770465430818,0.131602855752997
sorting,101,0.05,0.965512414283502,0.962670317843702,0.963058637555459,0.000388319711757346,0.1628,0.1628,0.0616,0.524570024570025,0.475429975429976,0.675324675324675,0.324675324675325,0.0019680305405816,0.00299378084889216,0.00132219644306344,0.00163562079503982,0.0201793790061471,0.1012,506,0.0574,0.0438,287,219,0.567193675889328,0.432806324110672,0.00129377077979575,-0.00090545106803841,-0.00383715130194998,0.021731441184132,0.883627786769111,0.138197740535566
sorting,101,0.08,0.965512414283502,0.961427746481839,0.960904804869269,-0.000522941612570715,0.1628,0.1628,0.1964,0.477886977886978,0.522113022113022,0.439918533604888,0.560081466395112,0.00430362625351513,0.00506756744768282,0.00134254041391207,0.00189175853850078,-0.00438880447616363,0.0336,168,0.0086,0.025,43,125,0.255952380952381,0.744047619047619,0.000171147092464777,-0.000694088705035493,-0.0155637384693666,0.0257510654017937,0.813441972281679,0.0862822115700974
sorting,101,0.12,0.965512414283502,0.960337391842473,0.961819975401854,0.00148258355938091,0.1628,0.1628,0,0.395577395577396,0.604422604422604,,,0.0082270303909405,0.00892428230768058,0.00278954531705708,0.00127157658277921,Inf,0.1628,814,0.0984,0.0644,492,322,0.604422604422604,0.395577395577396,0.00336604526809056,-0.00188346170870955,-0.00910677862027649,0.0322451288501235,0.718725909645036,0.152343930728917
sorting,102,0,0.96505246186179,0.96505246186179,0.965052405407921,-5.64538684688642e-08,0.1496,0.1496,0.1486,1,0,1,0,0,0.00148859612542271,0.000656941416312695,0.000828433837540864,0.000163871446819952,0.001,5,0,0.001,0,5,0,1,0,-5.64538685164484e-08,5.64538685164484e-05,5.64538685164484e-05,1,1
sorting,102,0.02,0.96505246186179,0.964278130867859,0.964161023297657,-0.000117107570201447,0.1496,0.1496,0.1702,0.701871657754011,0.298128342245989,0.661574618096357,0.338425381903643,0.00035669275851532,0.001971273491856,0.000825426530718242,0.00167364381022612,-0.00200962532835469,0.0206,103,0.0076,0.013,38,65,0.368932038834951,0.631067961165049,7.18658999650599e-05,-0.000188973470166419,-0.00568483350492035,0.0126621053461883,0.967609583440383,-0.00556824671616219
sorting,102,0.05,0.96505246186179,0.962494898367024,0.962478253597556,-1.66447694678329e-05,0.1496,0.1496,0.034,0.504010695187166,0.495989304812834,0.7,0.3,0.00194996400016886,0.00356539438956136,0.000512787341710801,0.00101108840988822,0.0346838247593171,0.1156,578,0.064,0.0516,320,258,0.55363321799308,0.44636678200692,0.00133681769174561,-0.00135346246121343,0.000143985895050322,0.0232723196622754,0.885847100553884,0.139492002210213
sorting,102,0.08,0.96505246186179,0.961133906117287,0.961629467052549,0.000495560935262041,0.1496,0.1496,0.114,0.443850267379679,0.556149732620321,0.470175438596491,0.529824561403509,0.00444792065972878,0.0062123344986159,0.000432747805594586,0.00155298299509081,0.00539043699140396,0.0356,178,0.0228,0.0128,114,64,0.640449438202247,0.359550561797753,0.00077176671155947,-0.000276205776297413,-0.0139202509905072,0.0294374294341821,0.810047833873913,0.109347620937326
sorting,102,0.12,0.96505246186179,0.959488203709864,0.961610723379296,0.00212251966943167,0.1496,0.1496,0.0334,0.363636363636364,0.636363636363636,0.44311377245509,0.55688622754491,0.00849294178226108,0.00976382198174438,0.00193372354050813,0.00101653752474406,0.0352906079229689,0.1162,581,0.0766,0.0396,383,198,0.6592082616179,0.3407917383821,0.00309012977738697,-0.000967610107955302,-0.0182660900983792,0.0349203088239438,0.718279293627172,0.0814689360254486
sorting,103,0,0.964931573082403,0.964931573082403,0.963630629334236,-0.00130094374816692,0.1592,0.1592,0.0396,1,0,1,0,0,0.00129415887453802,0.000651194868722052,0.0018521736615065,0.0291800831240086,0.1196,598,0,0.1196,0,598,0,1,0,-0.00130094374816688,0.0108774560883519,0.0108774560883519,1,1
sorting,103,0.02,0.964931573082403,0.96406050656871,0.963041975825066,-0.00101853074364322,0.1592,0.1592,0.0306,0.717336683417086,0.282663316582915,0.973856209150327,0.0261437908496732,0.00037167541878492,0.00217200859609118,0.000684123533992118,0.00179639557764581,0.0407782340849994,0.1286,643,0.0442,0.0844,221,422,0.343701399688958,0.656298600311042,0.000498289061791515,-0.00151681980543469,0.00792014575150214,0.0156695868369067,0.970806886704275,0.368163479134756
sorting,103,0.05,0.964931573082403,0.962097106748716,0.962551761843519,0.000454655094802692,0.1592,0.1592,0.0634,0.515075376884422,0.484924623115578,0.662460567823344,0.337539432176656,0.00197514394089868,0.00316491259018825,0.0010390665600925,0.00145083066756629,0.0189146510951288,0.0958,479,0.0558,0.04,279,200,0.582463465553236,0.417536534446764,0.00123614892466509,-0.000781493829862431,-0.00474587781631172,0.0210609890869261,0.893049177993967,0.0832310601759244
sorting,103,0.08,0.964931573082403,0.96084733942775,0.961583976865278,0.00073663743752761,0.1592,0.1592,0.0228,0.438442211055276,0.561557788944724,0.605263157894737,0.394736842105263,0.00436048489251074,0.00557463515712716,0.00110939505828936,0.00205749091536482,0.0516274283936139,0.1364,682,0.0804,0.056,402,280,0.589442815249267,0.410557184750733,0.0023377595991968,-0.00160112216166922,-0.00540056772380925,0.0288774322644137,0.828414612880584,0.185265817776968
sorting,103,0.12,0.964931573082403,0.959781609933724,0.961535226922836,0.00175361698911203,0.1592,0.1592,0.0192,0.412060301507538,0.587939698492462,0.541666666666667,0.458333333333333,0.00864063358342406,0.0089696942933551,0.00106261337598388,0.00140603444960089,0.0555958439780804,0.14,700,0.0848,0.0552,424,276,0.605714285714286,0.394285714285714,0.00305678816394975,-0.00130317117483767,-0.0125258356365149,0.0311425667056244,0.744428184881127,0.0963771996036143
sorting,104,0,0.965393509133581,0.965393509133581,0.963965896486743,-0.00142761264683844,0.1586,0.1586,0.3072,1,0,0.516276041666667,0.483723958333333,0,0.0026345159183797,0.000791980047037832,0.00121055431500831,-0.0185531609867726,0.1486,743,0,0.1486,0,743,0,1,0,-0.00142761264683845,-0.00960708376068945,0.00960708376068945,1,1
sorting,104,0.02,0.965393509133581,0.964479251645642,0.960208479158527,-0.00427077248711538,0.1586,0.1586,0.4128,0.707440100882724,0.292559899117276,0.380813953488372,0.619186046511628,0.000365766803956979,0.00364882254350385,0.000730528630409906,0.00143312440943657,-0.0376112560514462,0.2542,1271,0.045,0.2092,225,1046,0.177025963808025,0.822974036191975,0.000374487030683199,-0.00464525951779861,-0.0168008359052534,0.0197472326848222,0.966252423802097,0.396491426576963
sorting,104,0.05,0.965393509133581,0.962737745271028,0.960120504730205,-0.00261724054082346,0.1586,0.1586,0.3308,0.523329129886507,0.476670870113493,0.408706166868198,0.591293833131802,0.00194274885282018,0.00345757919584024,0.000568613678679826,0.00156590538900045,-0.0216549211097085,0.1722,861,0.0522,0.12,261,600,0.303135888501742,0.696864111498258,0.000892298462508637,-0.00350953900333204,-0.0151988417004843,0.0255623546216067,0.892215555144622,0.194705329282675
sorting,104,0.08,0.965393509133581,0.961143611535471,0.960803557934441,-0.000340053601029289,0.1586,0.1586,0.183,0.423707440100883,0.576292559899117,0.407650273224044,0.592349726775956,0.00435550249869417,0.0100529788384591,0.000443820807463088,0.00128499364125816,-0.00298937223521378,0.0244,122,0.0074,0.017,37,85,0.30327868852459,0.69672131147541,0.000196736646862963,-0.000536790247892263,-0.0139366229930041,0.0300625776539027,0.806154541238182,-0.0597413926991187
sorting,104,0.12,0.965393509133581,0.959324546137223,0.961777350325681,0.00245280418845817,0.1586,0.1586,6e-04,0.361916771752837,0.638083228247163,1,0,0.00887463737222668,0.00900764965022509,0.00115587583692569,0.00144279610809,0.131475917822583,0.158,790,0.1012,0.0568,506,284,0.640506329113924,0.359493670886076,0.00389747607622913,-0.00144467188777097,-0.0155240771421402,0.0338110630632918,0.691079429755177,0.107426128291355
sorting,105,0,0.965789540889082,0.965789540889082,0.965454047798378,-0.000335493090704575,0.1578,0.1578,0.2274,1,0,0.693931398416887,0.306068601583113,0,0.00110209606484003,0.000587606541764675,0.000519453874013951,-0.00986563216675218,0.0696,348,0,0.0696,0,348,0,1,0,-0.000335493090704637,-0.00482030302736548,0.00482030302736548,1,1
sorting,105,0.02,0.965789540889082,0.964889655254324,0.96247145491653,-0.0024182003377935,0.1578,0.1578,0.3414,0.707224334600761,0.29277566539924,0.447568834212068,0.552431165787932,0.000363439732770484,0.00105159959610716,0.000670096075489312,0.000589974827586234,-0.0242361730758399,0.1836,918,0.0412,0.1424,206,712,0.224400871459695,0.775599128540305,0.000355924294137937,-0.0027741246319315,-0.0131710258049758,0.0170481967650841,0.967061381466455,0.32343018859522
sorting,105,0.05,0.965789540889082,0.963321212141102,0.963575683387733,0.000254471246631138,0.1578,0.1578,0.0768,0.531051964512041,0.46894803548796,0.635416666666667,0.364583333333333,0.00189327263134246,0.00247301660230374,0.000456099824760991,0.000342517580876268,0.0152314641337408,0.081,405,0.046,0.035,230,175,0.567901234567901,0.432098765432099,0.00100491774465748,-0.000750446498026338,-0.00314162032877958,0.0216711634899237,0.888658039802322,0.0846051436013881
sorting,105,0.08,0.965789540889082,0.961693066818014,0.962454384834342,0.000761318016328283,0.1578,0.1578,0.1,0.430925221799747,0.569074778200254,0.472,0.528,0.00429718813572743,0.0050948901407602,0.000475074623402231,0.00074453612702665,0.00943518523450859,0.0578,289,0.037,0.0208,185,104,0.640138408304498,0.359861591695502,0.00122694529646074,-0.000465627280132437,-0.0131715919779984,0.0292832625708163,0.805986236623449,0.10372370043352
sorting,105,0.12,0.965789540889082,0.960164915162443,0.962312547476241,0.00214763231379811,0.1578,0.1578,0.0314,0.372623574144487,0.627376425855513,0.45859872611465,0.54140127388535,0.00846713679936441,0.00855683868509347,0.000748641220645245,0.000505015847499479,0.0349627198577389,0.1264,632,0.082,0.0444,410,222,0.64873417721519,0.35126582278481,0.00329368739241981,-0.00114605507862169,-0.016990761976251,0.0351245448658347,0.704501784340071,0.110518505222264
sorting,106,0,0.965106353600218,0.965106353600218,0.964436178551452,-0.000670175048765986,0.1552,0.1552,0.064,1,0,1,0,0,0.00100639463627008,0.000223076190410228,0.000655654196747781,0.0179503283816014,0.0912,456,0,0.0912,0,456,0,1,0,-0.000670175048766001,0.00734841062243422,0.00734841062243422,1,1
sorting,106,0.02,0.965106353600218,0.964283089206392,0.963329868080761,-0.000953221125630788,0.1552,0.1552,0.0308,0.703608247422681,0.29639175257732,0.993506493506494,0.00649350649350649,0.000363321421194846,0.00130385910710534,0.000231535010699996,0.000210934017166094,0.0375744474177542,0.1244,622,0.0458,0.0786,229,393,0.368167202572347,0.631832797427653,0.000435495983984871,-0.00138871710961565,0.00766254924140494,0.0146640923922871,0.968732641501306,0.37838242230365
sorting,106,0.05,0.965106353600218,0.962572525528582,0.962658521720565,8.59961919831287e-05,0.1552,0.1552,0.0334,0.505154639175258,0.494845360824742,0.748502994011976,0.251497005988024,0.00194534568778849,0.00664266860103894,0.000760533495013927,0.00102514194370986,0.0354112820338719,0.1218,609,0.0684,0.0534,342,267,0.561576354679803,0.438423645320197,0.00134009322534193,-0.00125409703335875,-0.000706044269155803,0.0212987705968857,0.890474304098972,0.169069224786103
sorting,106,0.08,0.965106353600218,0.96132625772052,0.961974014567238,0.000647756846718695,0.1552,0.1552,0.0142,0.438144329896907,0.561855670103093,0.676056338028169,0.323943661971831,0.00420668193791345,0.00516800851570141,0.000808507835045639,0.00156670128490679,0.0616573713056846,0.141,705,0.0826,0.0584,413,292,0.585815602836879,0.414184397163121,0.00216139924774297,-0.00151364240102435,-0.00459402018949373,0.0260641251685626,0.8151174956767,0.157534308031189
sorting,106,0.12,0.965106353600218,0.95986880429041,0.961475733227982,0.00160692893757142,0.1552,0.1552,0.0352,0.381443298969072,0.618556701030928,0.477272727272727,0.522727272727273,0.00857461505424004,0.00832539943718063,0.00131616721288721,0.000739234602981594,0.0342706653731049,0.12,600,0.0776,0.0424,388,212,0.646666666666667,0.353333333333333,0.00283502088087121,-0.00122809194329977,-0.013391074479762,0.0338592735347582,0.725913455084538,0.117459215164487
sorting,107,0,0.966877486920064,0.966877486920064,0.966842088486654,-3.53984334101609e-05,0.1596,0.1596,0.1848,1,0,0.863636363636364,0.136363636363636,0,0.000679847476544941,0.000523344397462515,0.00071347047017125,-0.00287860249541272,0.0252,126,0,0.0252,0,126,0,1,0,-3.53984334101871e-05,-0.00140469973849949,0.00140469973849949,1,1
sorting,107,0.02,0.966877486920064,0.966054175578132,0.96604523540376,-8.94017437247374e-06,0.1596,0.1596,0.1614,0.739348370927318,0.260651629072682,0.734820322180917,0.265179677819083,0.000377365804757481,0.00127782109025866,0.000615138080744713,0.00123636422968598,-9.40996809702943e-05,0.0018,9,6e-04,0.0012,3,6,0.333333333333333,0.666666666666667,4.83415264358766e-06,-1.3774327016012e-05,-0.00496676354023575,0.0103380442553332,0.968857342050294,0.233333333333333
sorting,107,0.05,0.966877486920064,0.964317904792811,0.964470279833045,0.000152375040233799,0.1596,0.1596,0.1292,0.537593984962406,0.462406015037594,0.568111455108359,0.431888544891641,0.0019344333289013,0.00264528776491661,0.000826379246109277,0.000939174564419852,0.00440398272962594,0.0304,152,0.018,0.0124,90,62,0.592105263157895,0.407894736842105,0.00044157912149122,-0.000289204081257519,-0.00501233684979277,0.0240389211430506,0.890554023270161,0.095476322282137
sorting,107,0.08,0.966877486920064,0.962950104950704,0.963598883982827,0.000648779032123459,0.1596,0.1596,0.084,0.448621553884712,0.551378446115288,0.50952380952381,0.49047619047619,0.00419918485305811,0.00522615899060876,0.00220778640827288,0.00240609242795466,0.0139961870022007,0.0756,378,0.0468,0.0288,234,144,0.619047619047619,0.380952380952381,0.0012881811838604,-0.000639402151736868,-0.00858173322914722,0.0254971340687469,0.812512121332485,0.09949543577057
sorting,107,0.12,0.966877486920064,0.961209843257712,0.961483717763711,0.000273874505999472,0.1596,0.1596,0.144,0.378446115288221,0.621553884711779,0.380555555555556,0.619444444444445,0.0082496860259272,0.00861298200044196,0.0024517403941066,0.00203729167533911,0.0018990537810889,0.0156,78,0.01,0.0056,50,28,0.641025641025641,0.358974358974359,0.000396822840763445,-0.000122948334763971,-0.0175560580768894,0.0333186650979113,0.725660835394433,-0.067312434401042
sorting,108,0,0.965637797234646,0.965637797234646,0.965499640951121,-0.000138156283525093,0.1588,0.1588,0.1134,1,0,1,0,0,0.000627830677882513,0.000954930139635393,0.000868025182290363,0.00691738617590765,0.0454,227,0,0.0454,0,227,0,1,0,-0.000138156283525032,0.00304308994548529,0.00304308994548529,1,1
sorting,108,0.02,0.965637797234646,0.964717217491684,0.964261776170516,-0.000455441321167815,0.1588,0.1588,0.235,0.720403022670025,0.279596977329975,0.602553191489362,0.397446808510638,0.000362729476146009,0.00109018542714045,0.000493025373246629,0.00108530100288733,-0.0104940059062443,0.0762,381,0.0272,0.049,136,245,0.356955380577428,0.643044619422572,0.000266395325154053,-0.000721836646321827,-0.00597692022529887,0.0129689235101822,0.969751925670077,0.145612877888748
sorting,108,0.05,0.965637797234646,0.963032282853121,0.963237808592781,0.000205525739660595,0.1588,0.1588,0.0658,0.526448362720403,0.473551637279597,0.632218844984802,0.367781155015198,0.00196364119558677,0.00257060485404121,0.000450695273485712,0.000902576906685022,0.0187896004873388,0.093,465,0.051,0.042,255,210,0.548387096774194,0.451612903225806,0.00112357091285906,-0.000918045173198523,-0.0022099541898983,0.0219528611404042,0.88993474778939,0.0831321878863974
sorting,108,0.08,0.965637797234646,0.961407310633059,0.962216703317928,0.00080939268486846,0.1588,0.1588,0.011,0.418136020151134,0.581863979848867,0.781818181818182,0.218181818181818,0.00433237793727922,0.00471676104964009,0.00150858009748148,0.00236147976490864,0.0678769162436971,0.1478,739,0.09,0.0578,450,289,0.60893098782138,0.39106901217862,0.00249541278703825,-0.00168602010216979,-0.00547626985702612,0.0282911562192696,0.81281275849651,0.194525285376469
sorting,108,0.12,0.965637797234646,0.959895802107775,0.962015812871339,0.00212001076356483,0.1588,0.1588,0.0268,0.355163727959698,0.644836272040302,0.462686567164179,0.537313432835821,0.00891794469473325,0.00866309578384306,0.00124257057531873,0.000578302020479276,0.0428771299662508,0.132,660,0.088,0.044,440,220,0.666666666666667,0.333333333333333,0.00334152353767218,-0.00122151277410738,-0.0160606876027637,0.0345684569074209,0.702563132902525,0.0613414046989423
sorting,109,0,0.965785177999304,0.965785177999304,0.965726236997165,-5.89410021392123e-05,0.1584,0.1584,0.1914,1,0,0.827586206896552,0.172413793103448,0,0.000892438823949602,0.000182634363497826,0.00031465942535826,-0.00414076228762861,0.033,165,0,0.033,0,165,0,1,0,-5.89410021391348e-05,-0.00178609097391317,0.00178609097391317,1,1
sorting,109,0.02,0.965785177999304,0.964955786184657,0.964089134080024,-0.00086665210463388,0.1584,0.1584,0.2582,0.726010101010101,0.273989898989899,0.55151045701007,0.44848954298993,0.000348730940664435,0.00119877148806091,0.000446940752073411,0.000427075542926907,-0.0121954039451074,0.0998,499,0.0274,0.0724,137,362,0.274549098196393,0.725450901803607,0.000247082299358875,-0.00111373440399275,-0.00868388882398667,0.0136354379093349,0.967188720671549,0.140361494072482
sorting,109,0.05,0.965785177999304,0.963251159581132,0.961362240683475,-0.00188891889765619,0.1584,0.1584,0.2768,0.526515151515152,0.473484848484849,0.419797687861272,0.580202312138728,0.00191530469359392,0.00261680999143739,0.000939995167652177,0.000574254500519247,-0.0144760333380471,0.1184,592,0.0328,0.0856,164,428,0.277027027027027,0.722972972972973,0.000535197331592344,-0.00242411622924846,-0.0159537069058793,0.0249942023719662,0.881356696726268,0.184339369286853
sorting,109,0.08,0.965785177999304,0.96161875696991,0.96161875696991,0,0.1584,0.1584,0.1584,0.430555555555556,0.569444444444445,0.430555555555556,0.569444444444445,0.00420110103897289,0.00472767516483406,0.000641958342757312,0.000663289455876544,0,0,0,0,0,0,0,,,0,0,,,0.805037232425489,
sorting,109,0.12,0.965785177999304,0.960547492812631,0.961626238182467,0.00107874536983621,0.1584,0.1584,0.0968,0.396464646464646,0.603535353535354,0.458677685950413,0.541322314049587,0.00839073845942102,0.00823808835258978,0.0010015445962171,0.000416227505086273,0.0102059641694748,0.0616,308,0.0432,0.0184,216,92,0.701298701298701,0.298701298701299,0.00157595041089439,-0.000497205041058267,-0.0175121001596773,0.0336551209732574,0.706293886203755,-0.0754627555171498
sorting,110,0,0.964897974558411,0.964897974558411,0.964164649050624,-0.000733325507787819,0.1622,0.1622,0.2636,1,0,0.615326251896813,0.384673748103187,0,0.000916728368251839,0.00205490868294024,0.00176875385789452,-0.014167638383268,0.1014,507,0,0.1014,0,507,0,1,0,-0.000733325507787847,-0.00723200698015629,0.00723200698015629,1,1
sorting,110,0.02,0.964897974558411,0.96401991121812,0.963128830329669,-0.000891080888450913,0.1622,0.1622,0.2606,0.729963008631319,0.270036991368681,0.564850345356869,0.435149654643131,0.000365529929519878,0.0012271753450927,0.00107716791117164,0.00167044860173844,-0.0138350731026661,0.0984,492,0.0288,0.0696,144,348,0.292682926829268,0.707317073170732,0.000292083860177684,-0.00118316474862851,-0.00905570008588237,0.014992363910632,0.96990675908427,0.178893259293615
sorting,110,0.05,0.964897974558411,0.962037718656491,0.962349127699663,0.000311409043171729,0.1622,0.1622,0.069,0.515413070283601,0.4845869297164,0.649275362318841,0.350724637681159,0.00193628051660157,0.00314113752823178,0.000454919938132814,0.00100445015842018,0.0192278032447792,0.0932,466,0.0544,0.0388,272,194,0.583690987124464,0.416309012875536,0.00119393610157707,-0.00088252705840536,-0.00334129874647762,0.0222796476392965,0.888411099856444,0.0724272717920775
sorting,110,0.08,0.964897974558411,0.960875357005962,0.959157245007112,-0.00171811199885052,0.1622,0.1622,0.2384,0.450061652281134,0.549938347718866,0.398489932885906,0.601510067114094,0.00437544086300524,0.00440978836408371,0.000712225728992104,0.000928127703452405,-0.0110162099414144,0.0762,381,0.022,0.0542,110,271,0.288713910761155,0.711286089238845,0.000445835935473267,-0.00216394793432388,-0.0225474015597194,0.0342491321495689,0.809981840399274,0.00709399131666822
sorting,110,0.12,0.964897974558411,0.958819960468772,0.959982652033066,0.00116269156429394,0.1622,0.1622,0.1124,0.369913686806412,0.630086313193588,0.409252669039146,0.590747330960854,0.00839814487221607,0.00810528284389716,0.00115726713537971,0.000915887143478328,0.00851627347846884,0.0498,249,0.0358,0.014,179,70,0.718875502008032,0.281124497991968,0.00154885510796222,-0.000386163543668283,-0.023347220166545,0.0388557962174801,0.71583400946536,-0.0160225417800233
sorting,111,0,0.965091393535654,0.965091393535654,0.964736185535003,-0.000355208000650364,0.15,0.15,0.0808,1,0,1,0,0,0.00112453408749919,0.000888762495429129,0.000635269817684356,0.0112971563077964,0.0692,346,0,0.0692,0,346,0,1,0,-0.000355208000650371,0.00513306359321346,0.00513306359321346,1,1
sorting,111,0.02,0.965091393535654,0.964312727059271,0.964236431823282,-7.62952359893987e-05,0.15,0.15,0.0916,0.721333333333333,0.278666666666667,0.827510917030568,0.172489082969432,0.000352330858157383,0.000991535123500146,0.000579057397465351,0.000500241459840227,0.00893226205896614,0.0584,292,0.026,0.0324,130,162,0.445205479452055,0.554794520547945,0.00030995843625551,-0.00038625367224482,0.00130642527378955,0.0119214402140467,0.969336813781472,0.111768598658237
sorting,111,0.05,0.965091393535654,0.962642762891663,0.962567684257748,-7.50786339154264e-05,0.15,0.15,0.0152,0.536,0.464,0.81578947368421,0.184210526315789,0.00189001342700052,0.00270714825324395,0.000530097925759346,0.000560530337195822,0.0538305931253584,0.1348,674,0.0668,0.068,334,340,0.495548961424332,0.504451038575668,0.00145704732278003,-0.00153212595669548,0.000556963159610157,0.0221748759605009,0.888643881337755,0.203008530728603
sorting,111,0.08,0.965091393535654,0.960899533732114,0.961706228397149,0.000806694665034691,0.15,0.15,0.0904,0.414666666666667,0.585333333333333,0.455752212389381,0.544247787610619,0.00425515639501282,0.00543838786847639,0.000662376143727263,0.00118781816123317,0.00938783143103217,0.0596,298,0.0386,0.021,193,105,0.647651006711409,0.352348993288591,0.00118765621760686,-0.000380961552572197,-0.0135351453864877,0.0263190901036755,0.806415551808622,-0.0489224810788861
sorting,111,0.12,0.965091393535654,0.95965410152696,0.961985787982642,0.00233168645568149,0.15,0.15,2e-04,0.354666666666667,0.645333333333333,1,0,0.00814142564779355,0.0081966344374598,0.000623077109095176,0.000734602991641025,0.179103736202651,0.1498,749,0.0968,0.053,484,265,0.646194926568758,0.353805073431242,0.0037145838533449,-0.00138289739766332,-0.0155653301447368,0.0340285797797611,0.722657915626317,0.165819181368384
sorting,112,0,0.965952734899071,0.965952734899071,0.965312927498187,-0.000639807400883652,0.166,0.166,0.2652,1,0,0.625942684766214,0.374057315233786,0,0.000813099826890391,0.000912869056208932,0.00113215177212399,-0.0127862700507165,0.0992,496,0,0.0992,0,496,0,1,0,-0.000639807400883617,-0.00644967137987517,0.00644967137987517,1,1
sorting,112,0.02,0.965952734899071,0.964930672304554,0.964660226371034,-0.000270445933520769,0.166,0.166,0.0628,0.7,0.3,0.929936305732484,0.0700636942675159,0.0003644600219523,0.00156455961209048,0.00106627231238553,0.00120189286152676,0.0207974869662312,0.1032,516,0.0454,0.0578,227,289,0.439922480620155,0.560077519379845,0.000582800619357292,-0.000853246552877973,0.00262060013101435,0.0139151857774735,0.967459173322367,0.249383590569104
sorting,112,0.05,0.965952734899071,0.963353375530119,0.963574131260943,0.000220755730824584,0.166,0.166,0.14,0.530120481927711,0.469879518072289,0.564285714285714,0.435714285714286,0.00197542558534899,0.00266376248952306,0.000938141317962826,0.00184240890704545,0.00305453691175273,0.026,130,0.017,0.009,85,45,0.653846153846154,0.346153846153846,0.00039539572984956,-0.000174639999024973,-0.00849060503171489,0.021924451110559,0.890463974594559,0.11533408895383
sorting,112,0.08,0.965952734899071,0.96161106688299,0.962133426260365,0.00052235937737477,0.166,0.166,0.1348,0.449397590361446,0.550602409638554,0.477744807121662,0.522255192878338,0.00433650195096744,0.00474556936488637,0.000522060452809367,0.00263714488342053,0.00386029518062692,0.0312,156,0.021,0.0102,105,51,0.673076923076923,0.326923076923077,0.00073974450566402,-0.000217385128289232,-0.0167422877363714,0.030677231857476,0.807660231218409,-0.0478102132098434
sorting,112,0.12,0.965952734899071,0.960123794755383,0.961017705960814,0.000893911205430809,0.166,0.166,0.1288,0.38433734939759,0.61566265060241,0.406832298136646,0.593167701863354,0.00805071785968877,0.00801500590282177,0.000651334050313687,0.00170285606277307,0.0048298734908041,0.0372,186,0.0258,0.0114,129,57,0.693548387096774,0.306451612903226,0.00119151733731407,-0.00029760613188331,-0.0240298711137302,0.0400302007848759,0.724348947341958,-0.0203805323349915
sorting,113,0,0.965312344438559,0.965312344438559,0.964135911107303,-0.00117643333125661,0.1552,0.1552,0.2956,1,0,0.525033829499323,0.474966170500677,0,0.00104942615797584,0.000354224305875212,0.000866428429155313,-0.0166954345509796,0.1404,702,0,0.1404,0,702,0,1,0,-0.00117643333125661,-0.00837915478102996,0.00837915478102996,1,1
sorting,113,0.02,0.965312344438559,0.964428771982516,0.964142359196867,-0.000286412785649226,0.1552,0.1552,0.0658,0.697164948453608,0.302835051546392,0.899696048632219,0.100303951367781,0.000366984141705558,0.00140522712984805,0.000628160282700495,0.000695589421178012,0.0169044665396283,0.0894,447,0.0404,0.049,202,245,0.451901565995526,0.548098434004474,0.000428577670950987,-0.000714990456600264,0.00320372243455567,0.0127915897936382,0.965472895418916,0.168938288139164
sorting,113,0.05,0.965312344438559,0.962777004461973,0.962862216356598,8.52118946246261e-05,0.1552,0.1552,0.1452,0.515463917525773,0.484536082474227,0.524793388429752,0.475206611570248,0.00188053637937997,0.00259964004315572,0.000360555219668937,0.000453978533560315,0.0010752483585611,0.01,50,0.0062,0.0038,31,19,0.62,0.38,0.000175886347974546,-9.06744533498628e-05,-0.00852118946246827,0.0266560801324408,0.886201839000074,-0.0171428571428571
sorting,113,0.08,0.965312344438559,0.961216004782366,0.962254192700162,0.00103818791779609,0.1552,0.1552,0.0612,0.417525773195876,0.582474226804124,0.532679738562092,0.467320261437909,0.00429281809569725,0.0055114358323767,0.000375713192165621,0.000520778520891841,0.0183311640713145,0.094,470,0.0618,0.0322,309,161,0.657446808510638,0.342553191489362,0.00183201806473344,-0.000793830146937379,-0.0110445523169794,0.0279345554433066,0.810448522049941,0.0616635522174234
sorting,113,0.12,0.965312344438559,0.960047606962821,0.961956373777857,0.00190876681503638,0.1552,0.1552,0.0144,0.354381443298969,0.645618556701031,0.541666666666667,0.458333333333333,0.00843923422948936,0.0088229643906372,0.000917247078980786,0.00100467409370141,0.061558281534003,0.1408,704,0.0936,0.0472,468,236,0.664772727272727,0.335227272727273,0.0031606737227976,-0.00125190690776122,-0.0135565824931561,0.0313393510693098,0.716210197672408,0.10244269516386
sorting,114,0,0.965996848363897,0.965996848363897,0.965044835375208,-0.000952012988688855,0.1582,0.1582,0.2796,1,0,0.565808297567954,0.434191702432046,0,0.0014400969032076,0.000662446876827337,0.00150615404620225,-0.0154181335800656,0.1214,607,0,0.1214,0,607,0,1,0,-0.000952012988688882,-0.00784195213088041,0.00784195213088041,1,1
sorting,114,0.02,0.965996848363897,0.965155954751739,0.965076367470695,-7.95872810438469e-05,0.1582,0.1582,0.0882,0.70417193426043,0.29582806573957,0.848072562358277,0.151927437641723,0.000365237462226313,0.00172798388103501,0.000338242848111004,0.0021142722062037,0.0109681625291803,0.07,350,0.0334,0.0366,167,183,0.477142857142857,0.522857142857143,0.000362494783867244,-0.000442082064911116,0.0011369611577696,0.011493954982548,0.968475429651017,0.116505907336853
sorting,114,0.05,0.965996848363897,0.963313897745292,0.961297431711815,-0.00201646603347749,0.1582,0.1582,0.2954,0.518331226295828,0.481668773704172,0.421123899796886,0.578876100203114,0.00193655280850314,0.00321989245667932,0.000885544164818206,0.00178080254826695,-0.0175138593036694,0.1372,686,0.0424,0.0948,212,474,0.309037900874636,0.690962099125365,0.000634330037957544,-0.00265079607143503,-0.0146972742964831,0.0239440678527156,0.891505177484207,0.154660610937391
sorting,114,0.08,0.965996848363897,0.961857774061317,0.960186234642238,-0.00167153941907894,0.1582,0.1582,0.2476,0.437420986093552,0.562579013906448,0.382875605815832,0.617124394184168,0.00455526838849034,0.00505638437908444,0.000603465217629284,0.00126387035937539,-0.0115665431022075,0.0894,447,0.0256,0.0638,128,319,0.286353467561521,0.713646532438479,0.000550424227943434,-0.0022219636470223,-0.0186973089382424,0.0310110500555451,0.806720377068815,0.0570097629294592
sorting,114,0.12,0.965996848363897,0.960383007973214,0.962311784549359,0.0019287765761451,0.1582,0.1582,0.025,0.365360303413401,0.634639696586599,0.4,0.6,0.00867147203756562,0.00856351398653398,0.000938367177657159,0.000468259412206259,0.0433840042443407,0.1332,666,0.0854,0.0478,427,239,0.641141141141141,0.358858858858859,0.00318783395199212,-0.001259057375847,-0.0144803046257141,0.0333850700288222,0.716411367792455,0.118287147830271
sorting,115,0,0.965878487671174,0.965878487671174,0.965154678775872,-0.000723808895301992,0.1452,0.1452,0.256,1,0,0.5671875,0.4328125,0,0.00147139374108172,0.000801313652721943,0.00187155747071041,-0.0130453458726744,0.1108,554,0,0.1108,0,554,0,1,0,-0.000723808895302034,-0.00653257125723857,0.00653257125723857,1,1
sorting,115,0.02,0.965878487671174,0.964956324923914,0.963330529061312,-0.0016257958626027,0.1452,0.1452,0.2942,0.677685950413223,0.322314049586777,0.464989802855201,0.535010197144799,0.000371052708337119,0.00187749731051337,0.000710465692831435,0.00110363774006698,-0.0176999544543679,0.149,745,0.0384,0.1106,192,553,0.257718120805369,0.742281879194631,0.00034811467141247,-0.00197391053401518,-0.0109113816282061,0.0155840617813936,0.96554598914984,0.374369212838683
sorting,115,0.05,0.965878487671174,0.963364899822082,0.961869807984558,-0.00149509183752383,0.1452,0.1452,0.2576,0.49862258953168,0.50137741046832,0.404503105590062,0.595496894409938,0.00197235273744189,0.00288265768467773,0.000448023906326744,0.000981577584430235,-0.0132216481319464,0.1124,562,0.0318,0.0806,159,403,0.282918149466192,0.717081850533808,0.000554008403748666,-0.00204910024127252,-0.013301528803593,0.023159329582039,0.885888940715558,0.08144639590351
sorting,115,0.08,0.965878487671174,0.961979527986611,0.959045745316368,-0.0029337826702428,0.1452,0.1452,0.2782,0.395316804407714,0.604683195592286,0.332854061826024,0.667145938173976,0.00455139075785528,0.00558747689957772,0.000938553361361462,0.00141441748808279,-0.015765311466984,0.133,665,0.0352,0.0978,176,489,0.264661654135338,0.735338345864662,0.000732381925556555,-0.00366616459579938,-0.0220585163176152,0.0330717783560596,0.802710783788431,0.0871938067245613
sorting,115,0.12,0.965878487671174,0.960762019190611,0.96200299057454,0.00124097138392942,0.1452,0.1452,0.072,0.353994490358127,0.646005509641873,0.383333333333333,0.616666666666667,0.00809149027790984,0.00798918373903175,0.000662448864666357,0.000704704571289407,0.0143163198748133,0.0732,366,0.0494,0.0238,247,119,0.674863387978142,0.325136612021858,0.00177086268686785,-0.000529891302938409,-0.0169531609826426,0.0314310654345117,0.718381584895263,0.0542838278820083
sorting,116,0,0.964579890762012,0.964579890762012,0.96417765293496,-0.000402237827052843,0.1622,0.1622,0.0862,1,0,1,0,0,0.0019328352072471,0.000665949450619589,0.00181405481529456,0.0121348954606592,0.076,380,0,0.076,0,380,0,1,0,-0.000402237827052814,0.00529260298753702,0.00529260298753702,1,1
sorting,116,0.02,0.964579890762012,0.963712876323962,0.9628673804285,-0.000845495895461679,0.1622,0.1622,0.0374,0.705302096177559,0.294697903822441,0.941176470588235,0.0588235294117647,0.000364278349338725,0.00268341315262189,0.000439051358291647,0.00216050931178337,0.0303973032363319,0.1248,624,0.0456,0.0792,228,396,0.365384615384615,0.634615384615385,0.000465606973973197,-0.00131110286943488,0.00677480685466094,0.0142364570785904,0.967018630168745,0.34621000123472
sorting,116,0.05,0.964579890762012,0.962044189980314,0.962315786493617,0.000271596513302996,0.1622,0.1622,0.1284,0.542540073982737,0.457459926017263,0.585669781931464,0.414330218068536,0.00189566428147033,0.00280504904424999,0.000579060433771465,0.000981908202545509,0.00437186161599712,0.0338,169,0.021,0.0128,105,64,0.621301775147929,0.378698224852071,0.000488205702939089,-0.000216609189636103,-0.00803539980186348,0.0208525116146507,0.889120819244833,-0.0838645517378549
sorting,116,0.08,0.964579890762012,0.960437460928781,0.961496347211054,0.00105888628227224,0.1622,0.1622,0.074,0.448828606658446,0.551171393341554,0.562162162162162,0.437837837837838,0.00430414158842947,0.00556262313762889,0.000559654819235864,0.000880192077516518,0.0152878309340165,0.0882,441,0.057,0.0312,285,156,0.646258503401361,0.353741496598639,0.00180184839856214,-0.000742962116289804,-0.0120055134044483,0.028852726925759,0.809263787826552,0.125033230075247
sorting,116,0.12,0.964579890762012,0.959133001076586,0.960836905409653,0.00170390433306722,0.1622,0.1622,0.0546,0.384710234278668,0.615289765721332,0.428571428571429,0.571428571428571,0.00888743010745991,0.00929330321554688,0.00107781467925769,0.00176104490648725,0.0218363586294359,0.1076,538,0.0686,0.039,343,195,0.637546468401487,0.362453531598513,0.00264540898288921,-0.000941504649821928,-0.0158355421288781,0.033335628556795,0.718436444769458,0.0914483653753273
sorting,117,0,0.964979088157153,0.964979088157153,0.96465826887195,-0.000320819285203111,0.1526,0.1526,0.2222,1,0,0.686768676867687,0.313231323132313,0,0.00109328831807571,0.000282817986533444,0.00114983318157626,-0.00976904605704676,0.0696,348,0,0.0696,0,348,0,1,0,-0.000320819285203115,-0.0046094724885505,0.0046094724885505,1,1
sorting,117,0.02,0.964979088157153,0.964131530735336,0.963950409879472,-0.000181120855863748,0.1526,0.1526,0.184,0.709043250327654,0.290956749672346,0.645652173913044,0.354347826086957,0.000362401425295018,0.00137541569754875,0.000332378295332889,0.00155758049246438,-0.00397236694690795,0.0314,157,0.0106,0.0208,53,104,0.337579617834395,0.662420382165605,0.000100858018649189,-0.000281978874512927,-0.00576818012304897,0.0121922577440164,0.967075963291038,0.0474419960431409
sorting,117,0.05,0.964979088157153,0.962500714446341,0.962769801009252,0.00026908656291158,0.1526,0.1526,0.1076,0.534731323722149,0.465268676277851,0.58364312267658,0.41635687732342,0.00197540790454986,0.00284926314006938,0.000860570836241906,0.000762905093677334,0.00621619420125852,0.045,225,0.0262,0.0188,131,94,0.582222222222222,0.417777777777778,0.000633395049166451,-0.000364308486254848,-0.00597970139803561,0.0221711896760289,0.885613223808529,0.116798356510746
sorting,117,0.08,0.964979088157153,0.961187118547829,0.961551187181458,0.000364068633629255,0.1526,0.1526,0.1314,0.440366972477064,0.559633027522936,0.455098934550989,0.544901065449011,0.00426349797020058,0.00488384895842345,0.000210663913735222,0.000998216757208139,0.00271906676543876,0.0212,106,0.0138,0.0074,69,37,0.650943396226415,0.349056603773585,0.000532608219959748,-0.000168539586330513,-0.017173048756096,0.0330730097306727,0.812808580480343,-0.0238657833085624
sorting,117,0.12,0.964979088157153,0.959653236828892,0.961804269310457,0.00215103248156456,0.1526,0.1526,0.0214,0.377457404980341,0.622542595019659,0.598130841121495,0.401869158878505,0.00842769926465805,0.00845558264711062,0.00106215231659887,0.000377828791423072,0.051885223671864,0.1312,656,0.0864,0.0448,432,224,0.658536585365854,0.341463414634146,0.00322378174175435,-0.00107274926018985,-0.0163950646460709,0.0327479497099405,0.715721120852845,0.10961607618795
sorting,118,0,0.96490387713013,0.96490387713013,0.964287497933504,-0.00061637919662616,0.1548,0.1548,0.0634,1,0,1,0,0,0.00244392250288492,0.000798094394539783,0.000988051999965786,0.0167416193137759,0.0914,457,0,0.0914,0,457,0,1,0,-0.000616379196626117,0.00674375488650019,0.00674375488650019,1,1
sorting,118,0.02,0.96490387713013,0.964040064128485,0.96349297497557,-0.000547089152915126,0.1548,0.1548,0.0454,0.702842377260982,0.297157622739018,0.929515418502203,0.0704845814977974,0.000354901950130712,0.00191109190753884,0.000724203535685334,0.00057588093148851,0.0255407714702105,0.1094,547,0.0428,0.0666,214,333,0.391224862888483,0.608775137111517,0.000481132177969094,-0.00102822133088425,0.00500081492609836,0.0137966499895187,0.967131876477275,0.361616898960605
sorting,118,0.05,0.96490387713013,0.962276318155873,0.962619012366621,0.000342694210748173,0.1548,0.1548,0.1202,0.506459948320413,0.493540051679587,0.545757071547421,0.454242928452579,0.0019327518319587,0.00297329667717212,0.00107473874844915,0.00022440079506035,0.00429999369622569,0.0346,173,0.0218,0.0128,109,64,0.630057803468208,0.369942196531792,0.00053661302855382,-0.000193918817805572,-0.00990445695804185,0.0211136371780171,0.887664082066563,-0.0170768225243475
sorting,118,0.08,0.96490387713013,0.96115106327267,0.960217442829201,-0.000933620443468453,0.1548,0.1548,0.2038,0.42764857881137,0.572351421188631,0.392541707556428,0.607458292443572,0.00420985209153956,0.00494878247441774,0.000634276260871857,0.000466589637682916,-0.0061347072263177,0.049,245,0.0138,0.0352,69,176,0.281632653061225,0.718367346938775,0.000297323300930925,-0.00123094374439936,-0.0190534784381314,0.0311891233740875,0.819020840952834,0.0663783466205355
sorting,118,0.12,0.96490387713013,0.959468588771861,0.961680949730461,0.00221236095859989,0.1548,0.1548,0.0058,0.361757105943152,0.638242894056848,0.551724137931035,0.448275862068966,0.00834545237525876,0.00904584075482135,0.00197668080773231,0.00069847803964191,0.0787428098808498,0.149,745,0.0962,0.0528,481,264,0.645637583892618,0.354362416107383,0.00346403050255538,-0.0012516695439555,-0.0148480601248314,0.0316489936007441,0.724464185362567,0.147707887981046
sorting,119,0,0.963660874990753,0.963660874990753,0.960550590409922,-0.00311028458083185,0.1474,0.1474,0.002,1,0,1,0,0,0.0025641020312851,0.000613057996931461,0.0020897435522869,0.115690291022789,0.1454,727,0,0.1454,0,727,0,1,0,-0.00311028458083185,0.0213912282037954,0.0213912282037954,1,1
sorting,119,0.02,0.963660874990753,0.96283241220529,0.961524641870016,-0.00130777033527385,0.1474,0.1474,0.0162,0.691994572591588,0.308005427408413,1,0,0.000361801923561599,0.00230677123269328,0.000591728287785434,0.00257149946928067,0.0545948346041757,0.1312,656,0.0454,0.0858,227,429,0.346036585365854,0.653963414634146,0.000459094726459296,-0.00176686506173318,0.00996776170178268,0.0169661569221988,0.969508372604335,0.512468958528339
sorting,119,0.05,0.963660874990753,0.961392253275016,0.960693134770981,-0.000699118504035479,0.1474,0.1474,0.0076,0.525101763907734,0.474898236092266,0.921052631578947,0.0789473684210526,0.00189414266918141,0.00429802089224325,0.000598427078753397,0.00239894993866742,0.0818421939921167,0.1398,699,0.0694,0.0704,347,352,0.496423462088698,0.503576537911302,0.00129628742254716,-0.00199540592658261,0.00500084766835086,0.0235457321110856,0.893597301247892,0.311883440292752
sorting,119,0.08,0.963660874990753,0.959942582763551,0.960677528580426,0.000734945816875499,0.1474,0.1474,0.0268,0.424694708276798,0.575305291723202,0.559701492537313,0.440298507462687,0.0044132416682662,0.0051191338427483,0.000840649504014164,0.00147481298860829,0.0379047477659764,0.1206,603,0.073,0.0476,365,238,0.60530679933665,0.39469320066335,0.00205609553456869,-0.00132114971769325,-0.00609407808354428,0.0280036919756379,0.821008634696345,0.0494232430726612
sorting,119,0.12,0.963660874990753,0.958161126242804,0.960226834205111,0.0020657079623071,0.1474,0.1474,0.0464,0.362279511533243,0.637720488466757,0.482758620689655,0.517241379310345,0.00847809726106922,0.00979854261854098,0.0012364718094482,0.00181625429598914,0.0246668665300039,0.101,505,0.07,0.031,350,155,0.693069306930693,0.306930693069307,0.00284064909965517,-0.000774941137348041,-0.0204525540822488,0.0357979231386456,0.719216656672666,0.0318070937528535
sorting,120,0,0.964632382407909,0.964632382407909,0.962767465168245,-0.00186491723966409,0.1608,0.1608,0.3342,1,0,0.481149012567325,0.518850987432675,0,0.00181038750215265,0.000763666726180027,0.00245647894533796,-0.0216689841089446,0.1734,867,0,0.1734,0,867,0,1,0,-0.00186491723966405,-0.0107550013821456,0.0107550013821456,1,1
sorting,120,0.02,0.964632382407909,0.963789870784241,0.963664911913163,-0.000124958871077441,0.1608,0.1608,0.0862,0.717661691542289,0.282338308457712,0.890951276102088,0.109048723897912,0.000379463375684218,0.00364360393872027,0.000777179370868463,0.00193251603775029,0.0121345228286699,0.0746,373,0.036,0.0386,180,193,0.482573726541555,0.517426273458445,0.00040124850051378,-0.000526207371591146,0.00167505189111751,0.0124323843445701,0.966368874590755,0.190384829723796
sorting,120,0.05,0.964632382407909,0.962201270765673,0.962336703709192,0.000135432943518699,0.1608,0.1608,0.1268,0.557213930348259,0.442786069651741,0.591482649842271,0.408517350157729,0.00194786683097377,0.0035900528691859,0.000255255481477588,0.00239463375300603,0.00425154305018283,0.034,170,0.0194,0.0146,97,73,0.570588235294118,0.429411764705882,0.000430445114741728,-0.000295012171223063,-0.00398332186819603,0.0213369789989644,0.888006534816261,0.0755601150457069
sorting,120,0.08,0.964632382407909,0.960446519634465,0.961179940780867,0.000733421146401958,0.1608,0.1608,0.0104,0.435323383084577,0.564676616915423,0.673076923076923,0.326923076923077,0.00418003520478167,0.00425636898715168,0.000651175267391761,0.000235884980359759,0.067766414757055,0.1504,752,0.0874,0.063,437,315,0.581117021276596,0.418882978723404,0.00245371015045979,-0.00172028900405783,-0.00487647038831088,0.0277526539529097,0.813659466050379,0.161219642494137
sorting,120,0.12,0.964632382407909,0.9589865210864,0.960952073599012,0.00196555251261199,0.1608,0.1608,0.0052,0.369402985074627,0.630597014925373,0.423076923076923,0.576923076923077,0.00869176675165645,0.00943328709619194,0.00118374887572258,0.000339182069518652,0.0878268550480579,0.1556,778,0.0984,0.0572,492,286,0.632390745501285,0.367609254498715,0.00359348573737541,-0.00162793322476342,-0.0126320855566324,0.0335566771345683,0.714401707552068,0.128318013362778
sorting,121,0,0.965413670929708,0.965413670929708,0.965150519646637,-0.000263151283070529,0.1556,0.1556,0.2176,1,0,0.715073529411765,0.284926470588235,0,0.00172012512613035,0.000232426211242764,0.00098365064690574,-0.00883556018039777,0.062,310,0,0.062,0,310,0,1,0,-0.000263151283070532,-0.00424437553339568,0.00424437553339568,1,1
sorting,121,0.02,0.965413670929708,0.964542461836443,0.964481474757127,-6.09870793155665e-05,0.1556,0.1556,0.1026,0.696658097686375,0.303341902313625,0.805068226120858,0.194931773879142,0.000386254714806521,0.00224635548250511,0.000518141028823749,0.000877082599307762,0.00884346167178629,0.053,265,0.0272,0.0258,136,129,0.513207547169811,0.486792452830189,0.000305928123737987,-0.000366915203053559,0.00115069960972777,0.0126951571092744,0.967248904129956,0.109239866389817
sorting,121,0.05,0.965413670929708,0.962771663642011,0.963003968402557,0.000232304760546143,0.1556,0.1556,0.045,0.524421593830334,0.475578406169666,0.711111111111111,0.288888888888889,0.00193716909408069,0.00337154657798056,0.000370893594260547,0.000964342511307485,0.0276340250350324,0.1106,553,0.061,0.0496,305,248,0.551537070524412,0.448462929475588,0.00138203505200841,-0.00114973029146227,-0.00210040470656546,0.0228911875539844,0.892804102656164,0.190506513607233
sorting,121,0.08,0.965413670929708,0.961411923154369,0.96193759040633,0.00052566725196046,0.1556,0.1556,0.0092,0.438303341902314,0.561696658097687,0.565217391304348,0.434782608695652,0.00425559837560634,0.00544300406739808,0.000936903083648473,0.00127680013176507,0.0753941339951703,0.1464,732,0.0834,0.063,417,315,0.569672131147541,0.430327868852459,0.00245817100117614,-0.00193250374921562,-0.00359062330574128,0.0299909477485776,0.814586096007444,0.182511915254129
sorting,121,0.12,0.965413670929708,0.959619785482657,0.961075045230834,0.00145525974817695,0.1556,0.1556,0.0834,0.353470437017995,0.646529562982005,0.402877697841727,0.597122302158273,0.00847012015760071,0.00905509592698924,0.00103819330489033,0.000541576973262449,0.0129341166670255,0.0722,361,0.0508,0.0214,254,107,0.703601108033241,0.296398891966759,0.00204525768921774,-0.000589997941040749,-0.0201559521908171,0.0364993854606439,0.711349648741986,0.0454535947312305
sorting,122,0,0.966109360945938,0.966109360945938,0.966080693625303,-2.86673206351118e-05,0.1648,0.1648,0.187,1,0,0.881283422459893,0.118716577540107,0,0.000757589301076209,0.000388628993531881,0.000995105133257827,-0.0028330563257758,0.0222,111,0,0.0222,0,111,0,1,0,-2.86673206351188e-05,-0.00129132074932968,0.00129132074932968,1,1
sorting,122,0.02,0.966109360945938,0.965246205979945,0.964933330088449,-0.000312875891496423,0.1648,0.1648,0.2154,0.726941747572815,0.273058252427184,0.64066852367688,0.35933147632312,0.000360632866236195,0.00143833849702181,0.000499358347469082,0.00100959552778136,-0.00722582161739627,0.0506,253,0.0182,0.0324,91,162,0.359683794466403,0.640316205533597,0.000150536239117648,-0.000463412130614003,-0.00618331801376194,0.0121333669907441,0.968459888882395,0.141487748814007
sorting,122,0.05,0.966109360945938,0.963477960993092,0.963179763669321,-0.000298197323770566,0.1648,0.1648,0.017,0.536407766990291,0.463592233009709,0.811764705882353,0.188235294117647,0.00189946567350111,0.0030147976749277,0.000534532704094405,0.00190484624524826,0.0546537421744018,0.1478,739,0.0732,0.0746,366,373,0.495263870094723,0.504736129905277,0.00162264511654926,-0.00192084244031988,0.00201757323254821,0.0239748819815233,0.887732631349305,0.306478345403723
sorting,122,0.08,0.966109360945938,0.962177267641522,0.962947794291168,0.000770526649646497,0.1648,0.1648,0.0496,0.449029126213592,0.550970873786408,0.580645161290323,0.419354838709677,0.00412560035413788,0.00460492959866109,0.000824211418703162,0.000631534316056271,0.025593933428528,0.1152,576,0.07,0.0452,350,226,0.607638888888889,0.392361111111111,0.00181487722314701,-0.00104435057350053,-0.00668859938929237,0.0248196857347877,0.813766588614664,0.134943360208977
sorting,122,0.12,0.966109360945938,0.960307041768806,0.961226311592548,0.000919269823741575,0.1648,0.1648,0.1262,0.372572815533981,0.627427184466019,0.393026941362916,0.606973058637084,0.0083531124068267,0.00901547568583537,0.00127880029450823,0.00144182383177819,0.00510328872138588,0.0386,193,0.0268,0.0118,134,59,0.694300518134715,0.305699481865285,0.00116216500590929,-0.000242895182167767,-0.0238152804078116,0.0364005230071777,0.712342425197697,0.0858427701511672
sorting,123,0,0.964990619109888,0.964990619109888,0.964942676461543,-4.79426483454004e-05,0.1706,0.1706,0.1402,1,0,1,0,0,0.00123083972305534,0.000649822534442885,0.000802427175317928,0.0032597224505132,0.0304,152,0,0.0304,0,152,0,1,0,-4.79426483453918e-05,0.00157706080083526,0.00157706080083526,1,1
sorting,123,0.02,0.964990619109888,0.964136844473697,0.964144395127405,7.55065370883212e-06,0.1706,0.1706,0.159,0.737397420867526,0.262602579132474,0.752201257861635,0.247798742138365,0.000352101483692207,0.00197951776297357,0.000459935580370828,0.000986896637712471,0.00130157274978993,0.0116,58,0.0054,0.0062,27,31,0.46551724137931,0.53448275862069,6.51305785944439e-05,-5.75799248856917e-05,-0.000650918423168294,0.010578491679322,0.968380563599222,-0.0956965763327079
sorting,123,0.05,0.964990619109888,0.962216406441736,0.962443337301321,0.000226930859585472,0.1706,0.1706,0.1388,0.550996483001172,0.449003516998828,0.576368876080692,0.423631123919308,0.0019754747009674,0.00294577725189487,0.000262531497297144,0.000973444768905456,0.00359025885851072,0.0318,159,0.0178,0.014,89,70,0.559748427672956,0.440251572327044,0.000435192592404002,-0.000208261732818502,-0.00713619055300312,0.020234412742846,0.886880985171239,0.0317709577262957
sorting,123,0.08,0.964990619109888,0.960530894358962,0.961369991022356,0.000839096663394101,0.1706,0.1706,0.0098,0.433763188745604,0.566236811254396,0.571428571428571,0.428571428571429,0.00442423535847199,0.00535761016278795,0.000331610755338296,0.00145447510928372,0.0714690955203779,0.1608,804,0.0924,0.0684,462,342,0.574626865671642,0.425373134328358,0.00264429162258411,-0.00180519495918994,-0.00521826283205331,0.0276709364538187,0.801657419138297,0.157419134073681
sorting,123,0.12,0.964990619109888,0.959097478868932,0.961265076894574,0.00216759802564237,0.1706,0.1706,0.0106,0.397420867526378,0.602579132473623,0.528301886792453,0.471698113207547,0.00860363171308978,0.0087956025221667,0.00122601144109934,0.00107423197785354,0.0688638500504057,0.16,800,0.0978,0.0622,489,311,0.61125,0.38875,0.00374527767776925,-0.00157767965212691,-0.0135474876602646,0.033268483311851,0.708238615401545,0.098699966718698
sorting,124,0,0.966256038933407,0.966256038933407,0.966243205026925,-1.28339064816574e-05,0.1648,0.1648,0.1782,1,0,0.924803591470258,0.0751964085297419,0,0.00105009678617394,0.00109356582013502,0.00100721065204069,-0.00184848864857956,0.0134,67,0,0.0134,0,67,0,1,0,-1.28339064816507e-05,-0.000957754215048562,0.000957754215048562,1,1
sorting,124,0.02,0.966256038933407,0.965323824898655,0.965348699365248,2.48744665932721e-05,0.1648,0.1648,0.1484,0.719660194174757,0.280339805825243,0.749326145552561,0.250673854447439,0.000356740097177989,0.00137426124170799,0.000952362404568049,0.000709336855080019,0.00230231580825635,0.0164,82,0.009,0.0074,45,37,0.548780487804878,0.451219512195122,0.000104707955572414,-7.98334889791787e-05,-0.00151673576788021,0.0112525271068044,0.969359041238362,0.144589196895985
sorting,124,0.05,0.966256038933407,0.963582725944281,0.963898739515936,0.000316013571655449,0.1648,0.1648,0.1232,0.546116504854369,0.453883495145631,0.600649350649351,0.399350649350649,0.00189901293581536,0.00243842451632259,0.00134948598696232,0.00107927467830386,0.00660466261073245,0.0416,208,0.0256,0.016,128,80,0.615384615384615,0.384615384615385,0.000635520661342147,-0.00031950708968669,-0.00759648008787155,0.0229573978612701,0.896978793767152,0.0613114955220218
sorting,124,0.08,0.966256038933407,0.962066866576226,0.962626631814824,0.000559765238598464,0.1648,0.1648,0.0022,0.453883495145631,0.546116504854369,0.909090909090909,0.0909090909090909,0.00443720527873832,0.0051580888933221,0.00239747182860738,0.00136982478800066,0.106255389321297,0.1626,813,0.0898,0.0728,449,364,0.552275522755228,0.447724477244772,0.00260302115876307,-0.00204325592016462,-0.00344259064328686,0.0285748897843031,0.812221201864848,0.208667966843307
sorting,124,0.12,0.966256038933407,0.960612705428245,0.962571532930344,0.00195882750209919,0.1648,0.1648,0.0074,0.393203883495146,0.606796116504854,0.567567567567568,0.432432432432432,0.00849946895821178,0.00885779012948888,0.00219309171431764,0.00158234096854292,0.0806395976952273,0.1574,787,0.0968,0.0606,484,303,0.614993646759848,0.385006353240152,0.003713628374501,-0.00175480087240184,-0.0124449015381141,0.0347422442624069,0.724514937108597,0.145576840577271
sorting,125,0,0.963716565247647,0.963716565247647,0.963280871372141,-0.000435693875505905,0.1604,0.1604,0.0848,1,0,1,0,0,0.0014640210901435,0.000404538635351411,0.000403876376396778,0.0127897042013487,0.0756,378,0,0.0756,0,378,0,1,0,-0.000435693875505938,0.0057631465014013,0.0057631465014013,1,1
sorting,125,0.02,0.963716565247647,0.962928327041851,0.96236929623508,-0.000559030806770888,0.1604,0.1604,0.2408,0.736907730673317,0.263092269326683,0.601328903654485,0.398671096345515,0.000366789129132323,0.0023382019916116,0.000762137639048096,0.000795279904240134,-0.0101754585775846,0.0804,402,0.0266,0.0538,133,269,0.330845771144279,0.669154228855721,0.000270420385951852,-0.0008294511927228,-0.00695311948720084,0.013679994759635,0.968837553089502,0.21786788907144
sorting,125,0.05,0.963716565247647,0.961094876443972,0.96072107102554,-0.000373805418432904,0.1604,0.1604,0.1968,0.548628428927681,0.451371571072319,0.502032520325203,0.497967479674797,0.00188859427032334,0.00280534813630661,0.000353491535987418,0.000880269799855956,-0.00403598957161522,0.0364,182,0.0108,0.0256,54,128,0.296703296703297,0.703296703296703,0.000198028433816093,-0.000571833852249011,-0.010269379627278,0.0211500628039864,0.892158301606332,0.00601255460416768
sorting,125,0.08,0.963716565247647,0.959518325438075,0.960416336554741,0.000898011116665876,0.1604,0.1604,0.0718,0.432668329177057,0.567331670822943,0.50974930362117,0.49025069637883,0.00442459517630963,0.00548270287543496,0.000746337665959271,0.000751692017503501,0.0173753869665813,0.0886,443,0.0558,0.0328,279,164,0.62979683972912,0.37020316027088,0.00168869788027774,-0.00079068676361194,-0.0101355656508556,0.0279840253260687,0.807613701552548,0.0344367328831543
sorting,125,0.12,0.963716565247647,0.958004094235683,0.959448004726136,0.00144391049045323,0.1604,0.1604,0.0806,0.360349127182045,0.639650872817955,0.399503722084367,0.600496277915633,0.00885146838646812,0.00918306323112377,0.00134300717927709,0.000794487647037923,0.0150642874054457,0.0798,399,0.0542,0.0256,271,128,0.679197994987469,0.320802005012531,0.00209453195413491,-0.000650621463681646,-0.0180941164217201,0.034400418769631,0.710434152865366,0.0515606226621831
sorting,126,0,0.964404158346774,0.964404158346774,0.961937571356347,-0.00246658699042746,0.1552,0.1552,0.3484,1,0,0.445464982778416,0.554535017221584,0,0.00105222047439707,0.00086622909079102,0.00122403280803037,-0.0252499384287107,0.1932,966,0,0.1932,0,966,0,1,0,-0.00246658699042741,-0.0127670134080094,0.0127670134080094,1,1
sorting,126,0.02,0.964404158346774,0.96349475183338,0.958201994619625,-0.00529275721375444,0.1552,0.1552,0.4336,0.701030927835052,0.298969072164948,0.357472324723247,0.642527675276753,0.000363097471702771,0.00210276131650196,0.00067039774522914,0.00127929041158879,-0.0414811045619777,0.2784,1392,0.0462,0.2322,231,1161,0.165948275862069,0.834051724137931,0.000379850272671698,-0.00567260748642608,-0.0190113405666465,0.0217401499967593,0.968274810570992,0.540524706379763
sorting,126,0.05,0.964404158346774,0.961558605752139,0.960059351238346,-0.00149925451379318,0.1552,0.1552,0.2656,0.520618556701031,0.479381443298969,0.433734939759036,0.566265060240964,0.0019499472697168,0.00405206280392393,0.000553842261809277,0.00134737081303688,-0.0148965551202349,0.1104,552,0.0344,0.076,172,380,0.311594202898551,0.688405797101449,0.000575964751706151,-0.00207521926549929,-0.0135802039292857,0.0240143479819334,0.886970605110824,0.0987396279969847
sorting,126,0.08,0.964404158346774,0.960400152516507,0.961386457753469,0.000986305236962082,0.1552,0.1552,0.0554,0.422680412371134,0.577319587628866,0.523465703971119,0.476534296028881,0.00437825573918017,0.00509701106568919,0.00107969326411186,0.00217768740073481,0.0209310281437778,0.0998,499,0.0632,0.0366,316,183,0.633266533066132,0.366733466933868,0.00188585428400227,-0.000899549047040126,-0.00988281800563272,0.0279098530164569,0.812341334733653,0.094741676123331
sorting,126,0.12,0.964404158346774,0.959126139229139,0.95695034061924,-0.00217579860989892,0.1552,0.1552,0.2284,0.387886597938144,0.612113402061856,0.355516637478109,0.644483362521891,0.00820525754807362,0.00823428612152745,0.00116292108500901,0.00116002838815599,-0.0100226586434231,0.0732,366,0.021,0.0522,105,261,0.286885245901639,0.713114754098361,0.000366383013701581,-0.00254218162360048,-0.0297240247253948,0.0397344895806293,0.727167640702706,0.0445656144619156
sorting,127,0,0.965205368508336,0.965205368508336,0.964483167898228,-0.000722200610107082,0.1578,0.1578,0.2668,1,0,0.591454272863568,0.408545727136432,0,0.00202592857149825,0.000142971905393894,0.00138356363312377,-0.0139091894147337,0.109,545,0,0.109,0,545,0,1,0,-0.000722200610107009,-0.0066256936707065,0.0066256936707065,1,1
sorting,127,0.02,0.965205368508336,0.964301079062905,0.964305742350493,4.66328758741419e-06,0.1578,0.1578,0.153,0.700887198986058,0.299112801013942,0.70718954248366,0.29281045751634,0.000362139395322528,0.00216109526103027,0.000276656504684509,0.00173132793000262,0.000593372568581829,0.0048,24,0.0024,0.0024,12,12,0.5,0.5,3.33902009136616e-05,-2.87269133261744e-05,-0.00097151824739318,0.0129410654666325,0.966863406130536,0.408695652173913
sorting,127,0.05,0.965205368508336,0.962597400330845,0.961793665263126,-0.000803735067718803,0.1578,0.1578,0.223,0.510773130544994,0.489226869455006,0.457399103139013,0.542600896860987,0.00196478189309574,0.00440336460434684,0.000609424963623364,0.00161032717271138,-0.00779027468630367,0.0652,326,0.0214,0.0438,107,219,0.328220858895706,0.671779141104295,0.000389241955198472,-0.00119297702291723,-0.0123272249650116,0.0242671622410383,0.88332525005301,0.129964194639154
sorting,127,0.08,0.965205368508336,0.961048343297987,0.961854283063965,0.00080593976597787,0.1578,0.1578,0.1058,0.427122940430925,0.572877059569075,0.468809073724008,0.531190926275992,0.00432622130415289,0.00553179651896602,0.000715301741520384,0.00195034575466791,0.00781207736801193,0.052,260,0.0342,0.0178,171,89,0.657692307692308,0.342307692307692,0.00115302409281635,-0.000347084326838388,-0.0154988416534223,0.0288482388395141,0.800122378596895,-0.109881916778468
sorting,127,0.12,0.965205368508336,0.959233801486912,0.961461000011046,0.00222719852413378,0.1578,0.1578,0.0464,0.35234474017744,0.64765525982256,0.422413793103448,0.577586206896552,0.00844378495441238,0.00927096215769667,0.0017005964785013,0.00140029737803687,0.0256027298832373,0.1114,557,0.0754,0.036,377,180,0.676840215439856,0.323159784560144,0.003129070196518,-0.000901871672384253,-0.0199928054231036,0.0361843973869143,0.697623028768921,0.057141406814318
sorting,128,0,0.967004478140901,0.967004478140901,0.966480873457271,-0.000523604683630552,0.1544,0.1544,0.2436,1,0,0.633825944170772,0.366174055829228,0,0.000992843298669103,0.000716688718370129,0.00102487171213494,-0.011669387975674,0.0892,446,0,0.0892,0,446,0,1,0,-0.000523604683630564,-0.00587000766401978,0.00587000766401978,1,1
sorting,128,0.02,0.967004478140901,0.966210829036116,0.966211860534172,1.03149805630309e-06,0.1544,0.1544,0.1148,0.72020725388601,0.27979274611399,0.804878048780488,0.195121951219512,0.000369234180410651,0.00108777121303204,0.000653706240014726,0.000652359045387513,0.00559048329049994,0.0396,198,0.0208,0.0188,104,94,0.525252525252525,0.474747474747475,0.000218602327388927,-0.000217570829332597,-2.60479307154058e-05,0.011014473654584,0.968829603329184,0.00542089002155834
sorting,128,0.05,0.967004478140901,0.964226430666247,0.963860065749729,-0.00036636491651787,0.1544,0.1544,0.1844,0.520725388601036,0.479274611398964,0.488069414316703,0.511930585683297,0.00197985613952843,0.00254496470890193,0.00101763193682891,0.000861123341237268,-0.00373533171811535,0.03,150,0.0096,0.0204,48,102,0.32,0.68,0.000186996514732301,-0.000553361431250196,-0.0122121638839299,0.0246785981994166,0.879579215663169,0.166878527934575
sorting,128,0.08,0.967004478140901,0.963051153500999,0.961856777072759,-0.00119437642823972,0.1544,0.1544,0.2192,0.41839378238342,0.58160621761658,0.389598540145985,0.610401459854015,0.00439684483995817,0.00526260648880367,0.00105225545174752,0.0014829497621883,-0.00846935836662432,0.0648,324,0.0208,0.044,104,220,0.320987654320988,0.679012345679012,0.000498110122064279,-0.00169248655030395,-0.0184317350036986,0.0338055042032134,0.807231343137254,0.0955892496449772
sorting,128,0.12,0.967004478140901,0.961438490166896,0.963448103756613,0.00200961358971719,0.1544,0.1544,0.046,0.384715025906736,0.615284974093264,0.460869565217391,0.539130434782609,0.00842664933307182,0.00843897998018132,0.00226338528856821,0.00124245960174341,0.0248453043948533,0.1084,542,0.0702,0.0382,351,191,0.64760147601476,0.35239852398524,0.00300955855890236,-0.000999944969185146,-0.0185388707538488,0.0369880399270065,0.712306373836255,0.0482617002312015
sorting,129,0,0.965575571033817,0.965575571033817,0.96538242632498,-0.000193144708837578,0.1592,0.1592,0.1076,1,0,1,0,0,0.0012178810411224,0.00113333905484959,0.00237479162693706,0.00810112993204093,0.0516,258,0,0.0516,0,258,0,1,0,-0.000193144708837555,0.00374311451235571,0.00374311451235571,1,1
sorting,129,0.02,0.965575571033817,0.96468478322744,0.964644661763961,-4.01214634786484e-05,0.1592,0.1592,0.1762,0.721105527638191,0.278894472361809,0.698070374574347,0.301929625425653,0.000359201334671843,0.00165463590032155,0.00143199320138376,0.00263715896708928,-0.0019313853682098,0.017,85,0.0082,0.0088,41,44,0.482352941176471,0.517647058823529,7.95753135567942e-05,-0.000119696777035425,-0.00236008608697828,0.0117218876818953,0.968891539171661,-0.0577291381668947
sorting,129,0.05,0.965575571033817,0.962978050148299,0.96326930300634,0.000291252858041546,0.1592,0.1592,0.056,0.530150753768844,0.469849246231156,0.667857142857143,0.332142857142857,0.00194130992078807,0.00276613970087992,0.000924162775791322,0.00217885423056692,0.0224937869457277,0.1032,516,0.0562,0.047,281,235,0.544573643410853,0.455426356589147,0.00129148909114423,-0.00100023623310268,-0.00282221761668166,0.0222066407388267,0.887175368607015,0.154535104264883
sorting,129,0.08,0.965575571033817,0.961639768728794,0.962264341958575,0.0006245732297816,0.1592,0.1592,0.014,0.451005025125628,0.548994974874372,0.642857142857143,0.357142857142857,0.0042513096194642,0.00570362388128931,0.000911020771012595,0.00167414443748184,0.0625843865714618,0.1452,726,0.0824,0.0628,412,314,0.567493112947658,0.432506887052342,0.0022579853833527,-0.00163341215357108,-0.00430146852466681,0.0268002585187588,0.818335372125415,0.121077237819982
sorting,129,0.12,0.965575571033817,0.960072652520539,0.961958636983386,0.00188598446284771,0.1592,0.1592,0.0012,0.375628140703518,0.624371859296482,0.666666666666667,0.333333333333333,0.00830355119688299,0.009888737035243,0.00241533135783693,0.00186157480835249,0.12483093067615,0.158,790,0.099,0.059,495,295,0.626582278481013,0.373417721518987,0.0035824417374351,-0.00169645727458747,-0.011936610524352,0.0334107532406492,0.726647119849885,0.187485042994944
sorting,130,0,0.965281203130771,0.965281203130771,0.964681188185749,-0.000600014945021599,0.1612,0.1612,0.26,1,0,0.62,0.38,0,0.000758711316709362,0.000728941811898593,0.000324469311512838,-0.0127646245330555,0.0988,494,0,0.0988,0,494,0,1,0,-0.000600014945021639,-0.00607302575932833,0.00607302575932833,1,1
sorting,130,0.02,0.965281203130771,0.964458214684439,0.963682574346581,-0.000775640337858818,0.1612,0.1612,0.255,0.720843672456576,0.279156327543424,0.566274509803922,0.433725490196078,0.000363605076141661,0.00106060012960938,0.00106921302467527,0.000697384493754623,-0.0120231907278893,0.0938,469,0.0282,0.0656,141,328,0.300639658848614,0.699360341151386,0.000267666874799857,-0.00104330721265866,-0.00826908675755659,0.01397626958911,0.969019725288789,0.163206413571609
sorting,130,0.05,0.965281203130771,0.962809121204067,0.962913288474387,0.000104167270320255,0.1612,0.1612,0.0718,0.550868486352357,0.449131513647643,0.662952646239554,0.337047353760446,0.00196818159805832,0.00308748540930378,0.000671055710897455,0.000411943478336597,0.0177550486740311,0.0894,447,0.0482,0.0412,241,206,0.539149888143177,0.460850111856823,0.00101411393477375,-0.0009099466644534,-0.00116518199463479,0.0215219306401247,0.892271035562841,0.171802648663522
sorting,130,0.08,0.965281203130771,0.961166106266829,0.960761340641897,-0.000404765624931525,0.1612,0.1612,0.1864,0.437965260545906,0.562034739454094,0.42381974248927,0.57618025751073,0.00439667124425209,0.00535019951504906,0.000953453919122614,0.00132590105059103,-0.00280137326904395,0.0252,126,0.0084,0.0168,42,84,0.333333333333333,0.666666666666667,0.000173671871289703,-0.000578437496221235,-0.0160621279734735,0.0298456098218626,0.819686922291477,0.089559805024372
sorting,130,0.12,0.965281203130771,0.959728442015382,0.961625847094587,0.00189740507920477,0.1612,0.1612,0.0424,0.387096774193548,0.612903225806452,0.495283018867925,0.504716981132076,0.00860528729558674,0.00828495834491269,0.000669954210762336,0.000754072327251124,0.0313820539493652,0.1188,594,0.0774,0.0414,387,207,0.651515151515152,0.348484848484849,0.00299876247298826,-0.00110135739378345,-0.0159714232256297,0.0345127934913444,0.729828763977151,0.112882849496281
sorting,131,0,0.966066952905753,0.966066952905753,0.96581469623721,-0.000252256668542672,0.1644,0.1644,0.1032,1,0,1,0,0,0.00230299145252282,0.000293504001805307,0.00101800116197411,0.00936072355114637,0.0612,306,0,0.0612,0,306,0,1,0,-0.000252256668542715,0.00412184098926004,0.00412184098926004,1,1
sorting,131,0.02,0.966066952905753,0.965183012004645,0.965139187776754,-4.3824227890843e-05,0.1644,0.1644,0.175,0.712895377128954,0.287104622871046,0.693714285714286,0.306285714285714,0.000373427632129403,0.00184752688976374,0.000239957364332384,0.000749319397654933,-0.00120925235582647,0.0106,53,0.0042,0.0064,21,32,0.39622641509434,0.60377358490566,4.74811631316449e-05,-9.13053910224962e-05,-0.00413436112177843,0.0130930711466171,0.968127529093101,-0.00661183680051605
sorting,131,0.05,0.966066952905753,0.963560959118256,0.963707896975042,0.000146937856785545,0.1644,0.1644,0.129,0.552311435523114,0.447688564476886,0.595348837209302,0.404651162790698,0.00189416601473042,0.00241940779199294,0.000475930684224113,0.000773340668816516,0.00467623579741749,0.0354,177,0.0214,0.014,107,70,0.604519774011299,0.395480225988701,0.000462889870111483,-0.00031595201332592,-0.00415078691484641,0.0220011831479492,0.891623352912934,0.0233375460951161
sorting,131,0.08,0.966066952905753,0.961655855519416,0.962655843279144,0.000999987759728094,0.1644,0.1644,0.0524,0.435523114355231,0.564476885644769,0.522900763358779,0.477099236641221,0.00427912569553369,0.00500512783317574,0.000213041634412008,0.000484191517360236,0.0257151284184586,0.112,560,0.0678,0.0442,339,221,0.605357142857143,0.394642857142857,0.0020642011617602,-0.00106421340203222,-0.00892846214042845,0.0279322728910037,0.807928568413143,0.06431721493281
sorting,131,0.12,0.966066952905753,0.959903454180657,0.961326803344433,0.0014233491637754,0.1644,0.1644,0.1048,0.373479318734793,0.626520681265207,0.423664122137405,0.576335877862595,0.008405155290287,0.00800896829566371,0.00162241653343297,0.000665795713699448,0.00889820786205797,0.0596,298,0.0426,0.017,213,85,0.714765100671141,0.285234899328859,0.00182573542744237,-0.000402386263666969,-0.0238816973787818,0.037384592132707,0.710194944951798,0.0848604108014671
sorting,132,0,0.965008635598654,0.965008635598654,0.964805816886698,-0.000202818711955821,0.1596,0.1596,0.1048,1,0,1,0,0,0.000905570598436381,0.000411747125177665,0.00099259227929409,0.00781581175496715,0.0548,274,0,0.0548,0,274,0,1,0,-0.000202818711955826,0.00370107138605522,0.00370107138605522,1,1
sorting,132,0.02,0.965008635598654,0.964144062691475,0.962948108776626,-0.00119595391484839,0.1596,0.1596,0.0262,0.701754385964912,0.298245614035088,1,0,0.000367726187480956,0.00127766592351867,0.000863243463415634,0.000244482248018841,0.0445215936160773,0.1334,667,0.0476,0.0858,238,429,0.356821589205397,0.643178410794603,0.000469076605330511,-0.001665030520179,0.00896517177547593,0.0159978045390518,0.968481488211259,0.480432344112779
sorting,132,0.05,0.965008635598654,0.962507821848082,0.962378944985532,-0.000128876862550031,0.1596,0.1596,0.0304,0.551378446115288,0.448621553884712,0.796052631578947,0.203947368421053,0.0019359376019313,0.00246394590875205,0.000443708549373194,0.000172675002187432,0.039736892102352,0.1292,646,0.0654,0.0638,327,319,0.506191950464396,0.493808049535604,0.00136393416116781,-0.0014928110237179,0.000997498936146185,0.0221110308427687,0.889163532430541,0.140802006814239
sorting,132,0.08,0.965008635598654,0.960922540178715,0.961431513239828,0.000508973061113749,0.1596,0.1596,0.0028,0.462406015037594,0.537593984962406,0.785714285714286,0.214285714285714,0.0043831426067662,0.00505491282109449,0.000693563691214625,0.000255210427140835,0.103572726060671,0.1568,784,0.0852,0.0716,426,358,0.543367346938776,0.456632653061225,0.00255590468179083,-0.00204693162067704,-0.00324600166526656,0.0293548233575757,0.807269288194771,0.198497439828117
sorting,132,0.12,0.965008635598654,0.959622045983271,0.961382863107703,0.0017608171244321,0.1596,0.1596,0.0236,0.385964912280702,0.614035087719298,0.466101694915254,0.533898305084746,0.00834821472639833,0.00845253449749088,0.00134268059652015,0.000820049161564182,0.0470800077500845,0.136,680,0.0854,0.0506,427,253,0.627941176470588,0.372058823529412,0.00318619158666232,-0.00142537446223024,-0.0129471847384712,0.0339085738889159,0.719155225118209,0.151134409892755
sorting,133,0,0.966176734682438,0.966176734682438,0.966025478557682,-0.000151256124756416,0.1644,0.1644,0.1154,1,0,1,0,0,0.00175813949642395,0.000986640274464219,0.00137983955797464,0.00687343265275742,0.049,245,0,0.049,0,245,0,1,0,-0.000151256124756363,0.00308685968890538,0.00308685968890538,1,1
sorting,133,0.02,0.966176734682438,0.965298969427981,0.964940963346898,-0.000358006081083717,0.1644,0.1644,0.0638,0.706812652068127,0.293187347931873,0.909090909090909,0.0909090909090909,0.000359978391280983,0.00177632050568388,0.000536462291337489,0.000773644234281882,0.0203468912874853,0.1006,503,0.0424,0.0582,212,291,0.421471172962227,0.578528827037773,0.000441971072467351,-0.000799977153551073,0.00355870855948034,0.012345409801376,0.968808414304336,0.190097793055743
sorting,133,0.05,0.966176734682438,0.963860147512821,0.963901168656581,4.10211437597008e-05,0.1644,0.1644,0.1626,0.563260340632604,0.436739659367397,0.565805658056581,0.434194341943419,0.00189081553888397,0.00386911948420495,0.0008339332554525,0.00152535833149674,0.00014226200181211,0.0018,9,0.0012,6e-04,6,3,0.666666666666667,0.333333333333333,4.99708470973208e-05,-8.94970333764249e-06,-0.0227895243109324,0.0327336391305351,0.89263699650548,-0.333333333333333
sorting,133,0.08,0.966176734682438,0.962115665053584,0.962750934722534,0.000635269668950222,0.1644,0.1644,0.107,0.45985401459854,0.54014598540146,0.497196261682243,0.502803738317757,0.00438637069258374,0.00472497648406912,0.000430342634654613,0.000770637063148011,0.00843257820786081,0.0574,287,0.035,0.0224,175,112,0.609756097560976,0.390243902439024,0.00112257330762174,-0.000487303638671554,-0.011067415835369,0.0280466366950051,0.810995411415816,0.035488393720101
sorting,133,0.12,0.966176734682438,0.960283896841483,0.961977733141838,0.00169383630035536,0.1644,0.1644,0.0876,0.395377128953771,0.604622871046229,0.465753424657534,0.534246575342466,0.00859628188853684,0.00864239174293557,0.000918013579690579,0.000509865757345728,0.0120998924625788,0.0768,384,0.0526,0.0242,263,121,0.684895833333333,0.315104166666667,0.00229451502449476,-0.000600678724139406,-0.022055160160877,0.037697835268674,0.711688119507525,0.101597733206741
sorting,134,0,0.965922657025181,0.965922657025181,0.965117932761658,-0.000804724263523071,0.1578,0.1578,0.2716,1,0,0.58100147275405,0.41899852724595,0,0.00180725867297192,0.000878688432286326,0.00137625619847371,-0.0139848074774362,0.1138,569,0,0.1138,0,569,0,1,0,-0.000804724263523123,-0.00707139071637191,0.00707139071637191,1,1
sorting,134,0.02,0.965922657025181,0.965028113083252,0.964739359617649,-0.000288753465603864,0.1578,0.1578,0.2114,0.722433460076046,0.277566539923954,0.623462630085147,0.376537369914853,0.000361670185978664,0.00213110843429309,0.000895610682811874,0.00168393989826641,-0.00668298435614212,0.0536,268,0.0178,0.0358,89,179,0.332089552238806,0.667910447761194,0.000204327052868578,-0.000493080518472393,-0.00538719152245924,0.0130113352862122,0.966262372954495,-0.0215392691111919
sorting,134,0.05,0.965922657025181,0.963342020505233,0.962945899063507,-0.000396121441726516,0.1578,0.1578,0.1924,0.538656527249683,0.461343472750317,0.497920997920998,0.502079002079002,0.00192807389881668,0.00387191121264248,0.000374420102322169,0.00139053892840948,-0.00415829918766597,0.0346,173,0.0108,0.0238,54,119,0.312138728323699,0.687861271676301,0.000216391619981778,-0.000612513061708367,-0.0114485965816934,0.0239567827078077,0.886544976805799,0.0240739624810528
sorting,134,0.08,0.965922657025181,0.961894243460255,0.96119327164274,-0.000700971817515605,0.1578,0.1578,0.1922,0.429657794676806,0.570342205323194,0.394380853277836,0.605619146722165,0.00416823091451322,0.00526122324783351,0.000599394844477495,0.000868986446329487,-0.00412281255596936,0.0344,172,0.008,0.0264,40,132,0.232558139534884,0.767441860465116,0.000191204047751491,-0.000892175865267131,-0.0203770877184779,0.0314936021226344,0.812650842010034,0.152149765460836
sorting,134,0.12,0.965922657025181,0.96036723515235,0.962269737124334,0.00190250197198361,0.1578,0.1578,0.0134,0.377693282636248,0.622306717363752,0.537313432835821,0.462686567164179,0.00876048191112888,0.00935238056870773,0.000999222656395078,0.00150853942853255,0.0648338372201908,0.1444,722,0.092,0.0524,460,262,0.637119113573407,0.362880886426593,0.00336411444985727,-0.0014616124778736,-0.0131752214126293,0.0334191615493828,0.707529585293183,0.122893815957382
sorting,135,0,0.966295337348935,0.966295337348935,0.966145849830872,-0.000149487518062763,0.1644,0.1644,0.2116,1,0,0.776937618147448,0.223062381852552,0,0.000795600522074043,0.000454705046501925,0.000272380447793838,-0.00636173346461311,0.0472,236,0,0.0472,0,236,0,1,0,-0.000149487518062693,-0.00316710843353163,0.00316710843353163,1,1
sorting,135,0.02,0.966295337348935,0.965366041275557,0.965446247369428,8.0206093870383e-05,0.1644,0.1644,0.144,0.717761557177616,0.282238442822384,0.759722222222222,0.240277777777778,0.000368732589392607,0.00103301372609103,0.000223804239952211,0.000520409626099482,0.00238047919193962,0.0204,102,0.0118,0.0086,59,43,0.57843137254902,0.42156862745098,0.000174424810961356,-9.42187170908898e-05,-0.00393167126816008,0.0131688003947179,0.966782582095303,0.0268078778180502
sorting,135,0.05,0.966295337348935,0.963521650368236,0.963639303025092,0.000117652656855594,0.1644,0.1644,0.054,0.530413625304136,0.469586374695864,0.655555555555556,0.344444444444444,0.00190650254542632,0.00260208040622615,0.000664979130480955,0.000456848027583951,0.0233949996464093,0.1104,552,0.0586,0.0518,293,259,0.530797101449275,0.469202898550725,0.00126319774049184,-0.00114554508363625,-0.00106569435557599,0.0218183226823196,0.879110382844415,0.0958442925677163
sorting,135,0.08,0.966295337348935,0.961984869457132,0.962989063085444,0.00100419362831239,0.1644,0.1644,0.046,0.434306569343066,0.565693430656934,0.560869565217391,0.439130434782609,0.00432838293902464,0.0048538825282113,0.00107790068184501,0.00108777913518911,0.028333185495885,0.1184,592,0.0728,0.0456,364,228,0.614864864864865,0.385135135135135,0.0022096754380589,-0.00120548180974648,-0.00848136510399003,0.0288442335118698,0.799027978649119,0.132213652349159
sorting,135,0.12,0.966295337348935,0.960652462243781,0.962246293116009,0.00159383087222831,0.1644,0.1644,0.0762,0.391727493917275,0.608272506082725,0.446194225721785,0.553805774278215,0.0080154422314758,0.0079548164392069,0.0016693920171638,0.00120560603373154,0.0156258053131199,0.0882,441,0.0578,0.0304,289,152,0.655328798185941,0.344671201814059,0.00235457357073857,-0.000760742698510264,-0.0180706448098447,0.0353210461366081,0.714445830785833,0.0503947033358798
sorting,136,0,0.965327002236382,0.965327002236382,0.965206941324837,-0.000120060911544817,0.1666,0.1666,0.211,1,0,0.78957345971564,0.21042654028436,0,0.00224607188699181,0.000838171110253672,0.00298143486924398,-0.00553441311485792,0.0444,222,0,0.0444,0,222,0,1,0,-0.000120060911544798,-0.00270407458434229,0.00270407458434229,1,1
sorting,136,0.02,0.965327002236382,0.964471172650162,0.963843406849364,-0.000627765800797264,0.1666,0.1666,0.2432,0.722689075630252,0.277310924369748,0.592927631578947,0.407072368421053,0.000372481997151733,0.00232130002554319,0.000762595213259958,0.00313391923960888,-0.00979076742964735,0.0766,383,0.0238,0.0528,119,264,0.310704960835509,0.689295039164491,0.000208923084277362,-0.000836688885074635,-0.00819537598952055,0.0136502868061618,0.969403976920159,0.162788735595259
sorting,136,0.05,0.965327002236382,0.962673623285169,0.962423422474052,-0.000250200811117041,0.1666,0.1666,0.1912,0.533013205282113,0.466986794717887,0.506276150627615,0.493723849372385,0.00197970144802062,0.00386464992507567,0.00103029602892017,0.00308589493178738,-0.00301421910873401,0.0246,123,0.008,0.0166,40,83,0.32520325203252,0.67479674796748,0.000160025388329479,-0.000410226199446539,-0.0101707646795553,0.0231809588526837,0.889555156574206,0.0513794482207117
sorting,136,0.08,0.965327002236382,0.960956567336996,0.962176011487754,0.0012194441507577,0.1666,0.1666,0.0244,0.446578631452581,0.553421368547419,0.704918032786885,0.295081967213115,0.00455431101134806,0.0062258389982835,0.00101394425490821,0.00212200416907259,0.0449682967990871,0.1422,711,0.085,0.0572,425,286,0.59774964838256,0.40225035161744,0.00265763184338161,-0.00143818769262396,-0.00857555661573593,0.0288032316174794,0.806272087386883,0.162295080872568
sorting,136,0.12,0.965327002236382,0.959525941685926,0.961740273597355,0.00221433191142939,0.1666,0.1666,0.029,0.373349339735894,0.626650660264106,0.503448275862069,0.496551724137931,0.00837636419179176,0.00878120497202226,0.00238751976549301,0.00308811798383026,0.039049958724835,0.1376,688,0.09,0.0476,450,238,0.654069767441861,0.34593023255814,0.00333692387336692,-0.00112259196193757,-0.0160925284260854,0.032409272058899,0.726690391755616,0.104410322638842
sorting,137,0,0.964670344300714,0.964670344300714,0.964125684856188,-0.000544659444526197,0.1662,0.1662,0.2616,1,0,0.635321100917431,0.364678899082569,0,0.00264988095402765,0.000883232632420981,0.000450909088706341,-0.0121168069089238,0.0954,477,0,0.0954,0,477,0,1,0,-0.0005446594445262,-0.00570921849608176,0.00570921849608176,1,1
sorting,137,0.02,0.964670344300714,0.963725612966169,0.963073807847551,-0.000651805118618398,0.1662,0.1662,0.2594,0.711191335740072,0.288808664259928,0.572860447185813,0.427139552814187,0.000356472749473031,0.00326789146476898,0.000810904120881385,0.00119814870572357,-0.0116310259511072,0.0932,466,0.0304,0.0628,152,314,0.32618025751073,0.67381974248927,0.000304325503121927,-0.000956130621740308,-0.00699361715255773,0.0135242073483072,0.967249933825997,0.224659508748671
sorting,137,0.05,0.964670344300714,0.961966446676758,0.961229551925193,-0.000736894751564798,0.1662,0.1662,0.2234,0.536702767749699,0.463297232250301,0.46911369740376,0.53088630259624,0.0018870005771092,0.00651643684895515,0.000616077447981244,0.000792037120136233,-0.00678521265709486,0.0572,286,0.0156,0.0416,78,208,0.272727272727273,0.727272727272727,0.000314276827238577,-0.00105117157880338,-0.012882775377007,0.0238714756301041,0.88525026305801,0.090099117826974
sorting,137,0.08,0.964670344300714,0.960487754522406,0.959898217698653,-0.000589536823753178,0.1662,0.1662,0.2106,0.438026474127557,0.561973525872443,0.41690408357075,0.58309591642925,0.00442682941322547,0.00536131095056259,0.000411346819926785,0.000891978343707693,-0.00494280949389236,0.0444,222,0.015,0.0294,75,147,0.337837837837838,0.662162162162162,0.000332443590316103,-0.000921980414069288,-0.0132778563908375,0.0282527928915629,0.807831337401253,0.0614887760759562
sorting,137,0.12,0.964670344300714,0.958847417933247,0.95854770606565,-0.000299711867596475,0.1662,0.1662,0.1772,0.381468110709988,0.618531889290012,0.374717832957111,0.625282167042889,0.0085367480825181,0.0089322239626028,0.00102641979133635,0.00090702099306534,-0.00107576252365948,0.011,55,0.003,0.008,15,40,0.272727272727273,0.727272727272727,9.72799190342666e-05,-0.000396991786630738,-0.027246533417861,0.0449337914240913,0.702103174612127,0.105555555555556
sorting,138,0,0.965330009295852,0.965330009295852,0.964869129184411,-0.000460880111441298,0.1618,0.1618,0.2464,1,0,0.656655844155844,0.343344155844156,0,0.00080692283429361,0.000566800032559048,0.00142035361305283,-0.0106435133120567,0.0846,423,0,0.0846,0,423,0,1,0,-0.000460880111441332,-0.00544775545438926,0.00544775545438926,1,1
sorting,138,0.02,0.965330009295852,0.964388037573358,0.964093805445977,-0.000294232127381,0.1618,0.1618,0.219,0.711990111248455,0.288009888751545,0.619178082191781,0.380821917808219,0.000358150823581809,0.0010752130084123,0.000326911967947018,0.00115008588513344,-0.00754188142241685,0.0572,286,0.0204,0.0368,102,184,0.356643356643357,0.643356643356643,0.000229874358947645,-0.000524106486328595,-0.00514391831085578,0.0131814833090252,0.965864126634565,0.110730091474636
sorting,138,0.05,0.965330009295852,0.962719680581166,0.962505881585484,-0.000213798995682413,0.1618,0.1618,0.1868,0.535228677379481,0.464771322620519,0.508565310492505,0.491434689507495,0.00196809849534465,0.00277638197377379,0.00110005545612226,0.00194582962073407,-0.00316718437931329,0.025,125,0.0084,0.0166,42,83,0.336,0.664,0.000141691506016938,-0.000355490501699265,-0.00855195982729309,0.0198872803086481,0.883113373052535,0.0259539170506912
sorting,138,0.08,0.965330009295852,0.961284375760128,0.96219362345884,0.000909247698711813,0.1618,0.1618,0.081,0.464771322620519,0.535228677379481,0.545679012345679,0.454320987654321,0.00423363940242094,0.00449909003372624,0.000731287422310884,0.000346722196039376,0.014572020099479,0.0808,404,0.0498,0.031,249,155,0.616336633663366,0.383663366336634,0.00169082618103554,-0.000781578482323684,-0.011253065578117,0.0305990676158319,0.806842066481683,0.0880604851221268
sorting,138,0.12,0.965330009295852,0.959708485076176,0.961427578625712,0.00171909354953637,0.1618,0.1618,0.0292,0.368355995055624,0.631644004944376,0.486301369863014,0.513698630136986,0.00788610781271881,0.00862067846392866,0.0007688895337653,0.00119125597015133,0.0426746168473934,0.1326,663,0.0872,0.0454,436,227,0.657616892911011,0.342383107088989,0.00307172838002155,-0.00135263483048512,-0.0129645064067604,0.0333662383899447,0.718118311220732,0.137884987201749
sorting,139,0,0.967398124035423,0.967398124035423,0.966407289720959,-0.000990834314464228,0.1612,0.1612,0.0538,1,0,1,0,0,0.00127202894827313,0.000485487483319506,0.000882334353961233,0.0237094686823264,0.1074,537,0,0.1074,0,537,0,1,0,-0.00099083431446423,0.00922564538607291,0.00922564538607291,1,1
sorting,139,0.02,0.967398124035423,0.966493432312974,0.965988388561946,-0.000505043751028,0.1612,0.1612,0.0542,0.71712158808933,0.28287841191067,0.940959409594096,0.0590405904059041,0.000366839464997383,0.0015214516804358,0.000629521987158234,0.00141121737165056,0.0235249115246345,0.107,535,0.0424,0.0646,212,323,0.396261682242991,0.603738317757009,0.000521234740097542,-0.0010262784911255,0.00472003505633609,0.01446274047872,0.966402918592117,0.230601089898612
sorting,139,0.05,0.967398124035423,0.964665128439603,0.96373297548036,-0.000932152959242316,0.1612,0.1612,0.235,0.532258064516129,0.467741935483871,0.461276595744681,0.538723404255319,0.00194030493997436,0.00314991405038938,0.000324802623838128,0.00106477047635483,-0.00912661396452885,0.0738,369,0.0226,0.0512,113,256,0.306233062330623,0.693766937669377,0.000376969267395903,-0.00130912222663825,-0.0126307989057228,0.0228467682118449,0.881834779721391,0.0233758944522465
sorting,139,0.08,0.967398124035423,0.963259236317084,0.964002056456221,0.00074282013913729,0.1612,0.1612,0.0136,0.43424317617866,0.56575682382134,0.676470588235294,0.323529411764706,0.00432850472666758,0.0050131310672585,0.000291120631194697,0.000663277117575441,0.0612386224919432,0.1476,738,0.0868,0.0608,434,304,0.588075880758808,0.411924119241192,0.00242134200339921,-0.00167852186426199,-0.00503265676922238,0.0277768554719593,0.802621923496877,0.103378450826497
sorting,139,0.12,0.967398124035423,0.961953830386362,0.963846770865467,0.00189294047910582,0.1612,0.1612,0.009,0.393300248138958,0.606699751861042,0.644444444444445,0.355555555555556,0.00831873191358764,0.00831417447667442,0.000515963415733364,0.000750594739988161,0.0746774758001787,0.1522,761,0.0946,0.0576,473,288,0.621550591327201,0.378449408672799,0.00348959111820897,-0.00159665063910307,-0.0124371910585144,0.0334181455802368,0.71301150644046,0.153643508960716
sorting,140,0,0.96571073346165,0.96571073346165,0.965676023871085,-3.4709590565063e-05,0.1654,0.1654,0.1904,1,0,0.868697478991597,0.131302521008403,0,0.00106775080723211,0.000618169577216373,0.00164495815361922,-0.00280168616880805,0.025,125,0,0.025,0,125,0,1,0,-3.47095905650249e-05,-0.00138838362260099,0.00138838362260099,1,1
sorting,140,0.02,0.96571073346165,0.964691198811589,0.964639624420375,-5.15743912138378e-05,0.1654,0.1654,0.0978,0.694074969770254,0.305925030229746,0.811860940695297,0.188139059304703,0.000373393596578845,0.00164429595160718,0.000712883385109328,0.00107634232977328,0.0104281139146409,0.0676,338,0.0322,0.0354,161,177,0.476331360946746,0.523668639053255,0.000397563469747076,-0.000449137860960845,0.000762934781268776,0.0125251676140225,0.963390554055622,0.12591239259697
sorting,140,0.05,0.96571073346165,0.96308324544753,0.962616005650802,-0.000467239796727692,0.1654,0.1654,0.2066,0.52720677146312,0.47279322853688,0.491771539206196,0.508228460793804,0.00188181767875999,0.00296216155485709,0.000663717473082559,0.000608814281635664,-0.00468801702484767,0.0412,206,0.0144,0.0268,72,134,0.349514563106796,0.650485436893204,0.000217738945916006,-0.000684978742643737,-0.0113407717652362,0.0219106235087316,0.883639407089576,-0.104375967356128
sorting,140,0.08,0.96571073346165,0.961759632598368,0.962777471691393,0.00101783909302577,0.1654,0.1654,0.0572,0.461910519951632,0.538089480048368,0.608391608391608,0.391608391608392,0.00411134185389293,0.00456342306903573,0.00102099546072544,0.0014643379178336,0.02130788667482,0.1082,541,0.0666,0.0416,333,208,0.615526802218115,0.384473197781885,0.0020065505813898,-0.000988711488364049,-0.00940701564718807,0.0276826438979099,0.806591096071644,0.0415419791905867
sorting,140,0.12,0.96571073346165,0.959719324096614,0.961367090502874,0.00164776640625963,0.1654,0.1654,0.092,0.363966142684401,0.636033857315599,0.391304347826087,0.608695652173913,0.00840998231930525,0.00864562142806497,0.00139767090335427,0.00110228931802049,0.0114723980496636,0.0734,367,0.0492,0.0242,246,121,0.670299727520436,0.329700272479564,0.0021633382778306,-0.000515571871570982,-0.0224491336002672,0.0364974134795856,0.704059109410364,0.0553778784659575
sorting,141,0,0.96468047801569,0.96468047801569,0.964602505786109,-7.7972229580725e-05,0.1614,0.1614,0.1266,1,0,1,0,0,0.00122833823355728,0.000551481688117875,0.0010395922961429,0.00517106124194711,0.0348,174,0,0.0348,0,174,0,1,0,-7.79722295807705e-05,0.00224058130979225,0.00224058130979225,1,1
sorting,141,0.02,0.96468047801569,0.963700153122317,0.96372180469292,2.16515706030762e-05,0.1614,0.1614,0.119,0.69640644361834,0.303593556381661,0.766386554621849,0.233613445378151,0.000349244370765565,0.00157123191889112,0.000506783036929387,0.00109746004287104,0.0062570000151142,0.0424,212,0.0212,0.0212,106,106,0.5,0.5,0.000250917744900106,-0.000229266174297034,-0.000510650250072456,0.0113250924338948,0.96778725842349,0.0413064095023508
sorting,141,0.05,0.96468047801569,0.962301304817457,0.962204966601757,-9.6338215699765e-05,0.1614,0.1614,0.0496,0.561338289962825,0.438661710037175,0.725806451612903,0.274193548387097,0.0018917701220318,0.00279756754057615,0.000783496412140166,0.000624437078688457,0.0261633066259354,0.1118,559,0.0572,0.0546,286,273,0.511627906976744,0.488372093023256,0.00116135679825414,-0.00125769501395395,0.000861701392663698,0.0216373149571386,0.892566364982655,0.117325416518965
sorting,141,0.08,0.96468047801569,0.960688058927003,0.961661329423402,0.000973270496398837,0.1614,0.1614,0.0518,0.465923172242875,0.534076827757125,0.61003861003861,0.38996138996139,0.00466125644490148,0.00580229058059307,0.000880204953588252,0.000722074371618905,0.0244359098830688,0.1096,548,0.066,0.0436,330,218,0.602189781021898,0.397810218978102,0.00207789872552583,-0.00110462822912692,-0.00888020525911412,0.0290376546957368,0.81277224361489,0.0400443727018194
sorting,141,0.12,0.96468047801569,0.958607658108224,0.960998229023689,0.00239057091546524,0.1614,0.1614,0.0134,0.382899628252788,0.617100371747212,0.671641791044776,0.328358208955224,0.0084299075294489,0.00871879742577984,0.00201273187184309,0.000956640204583216,0.0690562065966942,0.148,740,0.0952,0.0528,476,264,0.643243243243243,0.356756756756757,0.00387431041709628,-0.00148373950163107,-0.0161525061855757,0.036203039991401,0.718091971603679,0.08450683704583
sorting,142,0,0.965009642274147,0.965009642274147,0.963884153961753,-0.00112548831239445,0.1626,0.1626,0.0494,1,0,1,0,0,0.00105929720918773,0.000227389088954391,0.000441701981383993,0.0254467011411201,0.1132,566,0,0.1132,0,566,0,1,0,-0.00112548831239454,0.00994247625790225,0.00994247625790225,1,1
sorting,142,0.02,0.965009642274147,0.964121132397333,0.964132225280815,1.10928834818891e-05,0.1626,0.1626,0.1612,0.713407134071341,0.286592865928659,0.715880893300248,0.284119106699752,0.000361827111782248,0.00141996058349483,0.000361401037261115,0.000725588300366168,0.000205446648170571,0.0014,7,8e-04,6e-04,4,3,0.571428571428571,0.428571428571429,1.32019700220398e-05,-2.10908654014508e-06,-0.0079234882013534,0.0109364689729892,0.967295735139829,0.5
sorting,142,0.05,0.965009642274147,0.962203768520225,0.961798953171486,-0.000404815348739707,0.1626,0.1626,0.1934,0.517835178351784,0.482164821648217,0.483971044467425,0.516028955532575,0.00195243914995362,0.0030763218071818,0.000398670485244462,0.000655292977204196,-0.00365338458049758,0.0308,154,0.0094,0.0214,47,107,0.305194805194805,0.694805194805195,0.00015522984695955,-0.000560045195699309,-0.0131433554785636,0.0232232156707422,0.886860296306412,0.0257949514116497
sorting,142,0.08,0.965009642274147,0.960727015228776,0.961867859811818,0.00114084458304187,0.1626,0.1626,0.0352,0.463714637146371,0.536285362853629,0.590909090909091,0.409090909090909,0.00424982988774887,0.0049282950987883,0.000758766966666589,0.000517917329988017,0.033705509904276,0.1274,637,0.0728,0.0546,364,273,0.571428571428571,0.428571428571429,0.00244192798905444,-0.00130108340601255,-0.00895482404271498,0.0293799952517032,0.805912845868514,0.0496112308548409
sorting,142,0.12,0.965009642274147,0.959459521938227,0.961162607512686,0.00170308557445953,0.1626,0.1626,0.0532,0.359163591635916,0.640836408364084,0.424812030075188,0.575187969924812,0.00826900277304424,0.00874416997673779,0.00119434751449136,0.000739675348055387,0.024088227723386,0.1094,547,0.0736,0.0358,368,179,0.672760511882998,0.327239488117002,0.00260955940427433,-0.000906473829814731,-0.0155675098213857,0.0321392434560243,0.721168130350725,-0.000920528916632414
sorting,143,0,0.965365992287212,0.965365992287212,0.963149117029898,-0.0022168752573134,0.1606,0.1606,0.3474,1,0,0.462291306850892,0.537708693149108,0,0.000945990033569612,0.00080106027455248,0.00183757707366161,-0.0239221011439907,0.1868,934,0,0.1868,0,934,0,1,0,-0.00221687525731339,-0.0118676405637762,0.0118676405637762,1,1
sorting,143,0.02,0.965365992287212,0.964411560371589,0.964461227856772,4.96674851828693e-05,0.1606,0.1606,0.098,0.697384806973848,0.302615193026152,0.840816326530612,0.159183673469388,0.000367750841277692,0.00134519150697165,0.000734089086531039,0.00186145086310169,0.0100579432362696,0.0626,313,0.033,0.0296,165,148,0.527156549520767,0.472843450479233,0.000397460236665031,-0.000347792751482158,-0.000793410306435677,0.011904999810658,0.967907365564295,0.189101063971335
sorting,143,0.05,0.965365992287212,0.962701119554216,0.96313701661789,0.000435897063673751,0.1606,0.1606,0.0986,0.530510585305106,0.469489414694894,0.616632860040568,0.383367139959432,0.00193443793524517,0.0024357204894468,0.00077801726477455,0.000850258770855406,0.00984278962966856,0.062,310,0.0376,0.0244,188,122,0.606451612903226,0.393548387096774,0.000866199491728963,-0.000430302428055192,-0.00703059780118985,0.0209113212868412,0.891389809671592,0.122419923808411
sorting,143,0.08,0.965365992287212,0.961239624000213,0.960596586339777,-0.000643037660435386,0.1606,0.1606,0.2012,0.458281444582814,0.541718555417186,0.428429423459245,0.571570576540756,0.00426885870449805,0.00452655905769972,0.00109087781679889,0.0015410300474542,-0.00507039840248924,0.0406,203,0.0126,0.028,63,140,0.310344827586207,0.689655172413793,0.000336861436250035,-0.000979899096685403,-0.0158383660205756,0.0324325254417595,0.808222172328887,0.104706341396238
sorting,143,0.12,0.965365992287212,0.959469085803936,0.961666541196754,0.00219745539281813,0.1606,0.1606,0.0276,0.37733499377335,0.62266500622665,0.507246376811594,0.492753623188406,0.00828606914870781,0.00819723983580571,0.00103191367121111,0.00120635189596029,0.0439837442320055,0.133,665,0.0864,0.0466,432,233,0.649624060150376,0.350375939849624,0.00351159072122906,-0.00131413532841093,-0.0165222209986326,0.0362836545085714,0.718592481063699,0.175620751651189
sorting,144,0,0.965780359836794,0.965780359836794,0.965570969883507,-0.000209389953287342,0.1632,0.1632,0.223,1,0,0.731838565022422,0.268161434977579,0,0.000953753495369012,0.000460206949002697,0.00106102943873916,-0.00738382313711561,0.0598,299,0,0.0598,0,299,0,1,0,-0.000209389953287292,-0.00350150423557345,0.00350150423557345,1,1
sorting,144,0.02,0.965780359836794,0.964858916674915,0.964540398345881,-0.00031851832903429,0.1632,0.1632,0.0662,0.700980392156863,0.299019607843137,0.921450151057402,0.0785498489425982,0.000362950660672094,0.00148332625599501,0.000265882876135301,0.00130010720687174,0.0203403404554626,0.097,485,0.0436,0.0534,218,267,0.449484536082474,0.550515463917526,0.000498228320205166,-0.000816746649239491,0.00328369411375592,0.0135564429839655,0.966886790387472,0.247067572528366
sorting,144,0.05,0.965780359836794,0.963239764598173,0.963722570005957,0.000482805407783782,0.1632,0.1632,0.0922,0.533088235294118,0.466911764705882,0.646420824295011,0.353579175704989,0.00190154172832975,0.00322689439100302,0.000734943774795837,0.000990694414624853,0.0117705390828516,0.071,355,0.0436,0.0274,218,137,0.614084507042254,0.385915492957746,0.000985396319787293,-0.000502590912003581,-0.00680007616596777,0.0209575666449419,0.890278019515121,0.0230097017067172
sorting,144,0.08,0.965780359836794,0.961518130489968,0.962209079603122,0.000690949113153705,0.1632,0.1632,0.0084,0.439950980392157,0.560049019607843,0.857142857142857,0.142857142857143,0.00435301888276551,0.00487823089625726,0.00155736851948533,0.00149061849104885,0.0835142836780593,0.1548,774,0.0902,0.0646,451,323,0.582687338501292,0.417312661498708,0.00258007477145655,-0.00188912565830286,-0.00446349556300839,0.0288708038098153,0.810829842129194,0.209147616787767
sorting,144,0.12,0.965780359836794,0.960161649404169,0.96195634742604,0.00179469802187004,0.1632,0.1632,0.0106,0.366421568627451,0.633578431372549,0.509433962264151,0.490566037735849,0.00821943515999235,0.00842364605458523,0.00110124182426775,0.000827049747959651,0.0751377612885228,0.1526,763,0.0982,0.0544,491,272,0.6435124508519,0.3564875491481,0.00340060492460931,-0.00160590690273919,-0.0117607996190702,0.0328080722630963,0.723366872294675,0.175601335653688
sorting,145,0,0.965413065630721,0.965413065630721,0.965412640786883,-4.24843838442435e-07,0.157,0.157,0.1542,1,0,1,0,0,0.000938430223381225,0.00083599475839799,0.00141487114180269,0.000280089844777787,0.0028,14,0,0.0028,0,14,0,1,0,-4.24843838533806e-07,0.000151729942333502,0.000151729942333502,1,1
sorting,145,0.02,0.965413065630721,0.964646101523489,0.964663299443311,1.71979198222427e-05,0.157,0.157,0.106,0.715923566878981,0.284076433121019,0.835849056603774,0.164150943396226,0.000358778524658527,0.00123815772088095,0.000932803185715317,0.0016541140831479,0.00759538001790416,0.051,255,0.0272,0.0238,136,119,0.533333333333333,0.466666666666667,0.000298322520002508,-0.000281124600180305,-0.000337214114160845,0.0113617082388787,0.967771116214845,0.183321995136637
sorting,145,0.05,0.965413065630721,0.963075736455434,0.963143970230715,6.82337752807571e-05,0.157,0.157,0.0696,0.545222929936306,0.454777070063694,0.646551724137931,0.353448275862069,0.001899490494273,0.00259428778655777,0.00061082423593157,0.000385071391206482,0.0166165499634202,0.0874,437,0.0468,0.0406,234,203,0.535469107551488,0.464530892448513,0.000922001521332972,-0.000853767746052224,-0.000780706810992543,0.0203177261714553,0.888881468099259,-0.0259524233372225
sorting,145,0.08,0.965413065630721,0.961249686435052,0.962106799739686,0.000857113304634227,0.157,0.157,0.0106,0.420382165605096,0.579617834394905,0.622641509433962,0.377358490566038,0.00438590525696884,0.00515656138796794,0.000295794107068399,0.000695080870538631,0.0676877294977449,0.1464,732,0.087,0.0594,435,297,0.594262295081967,0.405737704918033,0.0024581472351352,-0.00160103393050097,-0.00585459907537043,0.027726647306258,0.803041637241666,0.201697936524977
sorting,145,0.12,0.965413065630721,0.959870501264204,0.961857130821232,0.00198662955702777,0.157,0.157,0.002,0.361783439490446,0.638216560509554,0.6,0.4,0.00862132101662533,0.00872207852658828,0.000700586466391101,0.00112915428643043,0.110954393170299,0.155,775,0.0994,0.0556,497,278,0.641290322580645,0.358709677419355,0.00354057418663158,-0.00155394462960381,-0.0128169648840502,0.0328678633305509,0.705614289216572,0.124370886536067
sorting,146,0,0.964585844198595,0.964585844198595,0.964568521647468,-1.73225511271857e-05,0.1606,0.1606,0.1428,1,0,1,0,0,0.00068782058315685,0.000896148644106514,0.000401592558363339,0.00196006970808671,0.0178,89,0,0.0178,0,89,0,1,0,-1.73225511272658e-05,0.000973177029621676,0.000973177029621676,1,1
sorting,146,0.02,0.964585844198595,0.963737500594417,0.963626697525216,-0.000110803069200638,0.1606,0.1606,0.184,0.702366127023661,0.297633872976339,0.673913043478261,0.326086956521739,0.000360057134124589,0.00133618510842396,0.000553932847248123,0.00143322206261305,-0.00277994797218895,0.0234,117,0.0112,0.0122,56,61,0.478632478632479,0.521367521367521,8.79284361546737e-05,-0.000198731505355288,-0.00473517389746215,0.0122504248508531,0.9691849996634,-0.0243522306643289
sorting,146,0.05,0.964585844198595,0.961629639670505,0.962257844679626,0.000628205009121197,0.1606,0.1606,0.0658,0.495641344956414,0.504358655043587,0.623100303951368,0.376899696048632,0.00192887200556761,0.00223934855593823,0.000846816980189217,0.000437359455298578,0.0168482789650746,0.0948,474,0.0562,0.0386,281,193,0.592827004219409,0.407172995780591,0.00134145995580924,-0.000713254946687994,-0.00662663511731273,0.0216742078322493,0.879279660419186,0.0884552511151833
sorting,146,0.08,0.964585844198595,0.96075928062034,0.961440847828968,0.000681567208627554,0.1606,0.1606,0.0846,0.439601494396015,0.560398505603985,0.477541371158393,0.522458628841608,0.00431146582713583,0.0049305146059305,0.000339952354280339,0.000728520437422627,0.0120922560829246,0.076,380,0.0458,0.0302,229,151,0.602631578947368,0.397368421052632,0.00131630502833428,-0.000634737819706698,-0.00896798958720503,0.0256716164215918,0.81072875268515,0.0530121035245542
sorting,146,0.12,0.964585844198595,0.959218886336437,0.959117811720266,-0.000101074616170926,0.1606,0.1606,0.1668,0.368617683686177,0.631382316313823,0.370503597122302,0.629496402877698,0.00841946178896091,0.00871274250030179,0.000641238612884741,0.000473644580243487,-0.000541681105893588,0.0062,31,0.0026,0.0036,13,18,0.419354838709677,0.580645161290323,5.22228807188866e-05,-0.00015329749688986,-0.0163023574469312,0.0331484480014107,0.714928517845141,0.0959677419354839
sorting,147,0,0.965252091697183,0.965252091697183,0.965218860319894,-3.32313772894999e-05,0.1588,0.1588,0.1834,1,0,0.865866957470011,0.134133042529989,0,0.00123254031630685,0.00162054678368877,0.00219250583845048,-0.00284009722226586,0.0246,123,0,0.0246,0,123,0,1,0,-3.32313772894924e-05,-0.00135086899550782,0.00135086899550782,1,1
sorting,147,0.02,0.965252091697183,0.964422135018328,0.963837223688789,-0.000584911329538529,0.1588,0.1588,0.231,0.731738035264484,0.268261964735516,0.596536796536797,0.403463203463203,0.000371081500688371,0.0010309869469182,0.00130907866139633,0.00152539555521036,-0.00959676690682487,0.0722,361,0.0216,0.0506,108,253,0.299168975069252,0.700831024930748,0.000223001873055273,-0.000807913202593768,-0.00810126495205672,0.0142786021558039,0.969033413545336,0.153122592756972
sorting,147,0.05,0.965252091697183,0.962505767445752,0.961846490659469,-0.000659276786283858,0.1588,0.1588,0.2316,0.513853904282116,0.486146095717884,0.474093264248705,0.525906735751295,0.00188963151954679,0.003280143439256,0.00216240916832899,0.00166268958672761,-0.00969036344439023,0.0728,364,0.0282,0.0446,141,223,0.387362637362637,0.612637362637363,0.000526259873286565,-0.00118553665957038,-0.00905599981159091,0.0235136886381449,0.893516904412676,0.0814605071143054
sorting,147,0.08,0.965252091697183,0.960965475945867,0.960038701431885,-0.000926774513982154,0.1588,0.1588,0.2154,0.448362720403023,0.551637279596977,0.417827298050139,0.582172701949861,0.00439035939333395,0.00462667319432377,0.00186851883526577,0.00161053421182737,-0.00744214758803352,0.0566,283,0.0188,0.0378,94,189,0.332155477031802,0.667844522968198,0.000478282941522577,-0.00140505745550469,-0.0163741080208853,0.0332745653185029,0.811779846647194,0.0723433904683647
sorting,147,0.12,0.965252091697183,0.959894852326887,0.961721903503771,0.0018270511768842,0.1588,0.1588,0.0342,0.389168765743073,0.610831234256927,0.549707602339181,0.450292397660819,0.00855638274395795,0.00819539212223513,0.00265800440393238,0.00151242732456309,0.0356261014606137,0.1246,623,0.0816,0.043,408,215,0.654895666131621,0.345104333868379,0.00309499341139415,-0.00126794223450994,-0.0146633320777224,0.0350155348788451,0.721469406298776,0.115480147404169
sorting,148,0,0.966359960508431,0.966359960508431,0.961229727228471,-0.0051302332799601,0.1532,0.1532,0.4366,1,0,0.350893266147503,0.649106733852497,0,0.00321010870851447,0.00102549167401442,0.00168842995186698,-0.0410269714109323,0.2834,1417,0,0.2834,0,1417,0,1,0,-0.00513023327996014,-0.0181024462948488,0.0181024462948488,1,1
sorting,148,0.02,0.966359960508431,0.96568401084245,0.96398459282738,-0.00169941801506956,0.1532,0.1532,0.2988,0.741514360313316,0.258485639686684,0.48326639892905,0.516733601070951,0.000353988959332714,0.00580091666134451,0.00100973323302223,0.00175456054460359,-0.017112660829763,0.1456,728,0.0308,0.1148,154,574,0.211538461538462,0.788461538461538,0.000254417017711995,-0.00195383503278152,-0.0116718270265764,0.0151665662808621,0.96814700538188,0.237786208900377
sorting,148,0.05,0.966359960508431,0.96361351234464,0.963060421730472,-0.000553090614167751,0.1532,0.1532,0.2016,0.509138381201044,0.490861618798956,0.461309523809524,0.538690476190476,0.00192248196501277,0.00358495956888911,0.00153588622846419,0.00112926293397271,-0.00574062526651753,0.0484,242,0.015,0.0334,75,167,0.309917355371901,0.690082644628099,0.000278096573434386,-0.000831187187602072,-0.011427492028258,0.0229190859718276,0.882092913459717,0.0269525380804144
sorting,148,0.08,0.966359960508431,0.962572310054035,0.95849546345353,-0.00407684660050567,0.1532,0.1532,0.3304,0.433420365535248,0.566579634464752,0.340799031476998,0.659200968523003,0.00426198582694428,0.00644264974282571,0.000692845650923791,0.00130871477336488,-0.0216305491765113,0.1772,886,0.0462,0.131,231,655,0.260722347629797,0.739277652370203,0.000865791433514827,-0.00494263803402043,-0.0230070349915666,0.0327789473337204,0.8128074955843,0.108244214348995
sorting,148,0.12,0.966359960508431,0.960794063843493,0.960168318039377,-0.000625745804116451,0.1532,0.1532,0.174,0.361618798955614,0.638381201044386,0.350574712643678,0.649425287356322,0.00820534697824761,0.0103686512566122,0.00211517438481823,0.000910865972129665,-0.00208819904473456,0.0208,104,0.0056,0.0152,28,76,0.269230769230769,0.730769230769231,0.000168938488463215,-0.000794684292579668,-0.0300839328902141,0.0463280183193694,0.706172583574903,-0.00503574095807106
sorting,149,0,0.96459471506485,0.96459471506485,0.964049083559975,-0.000545631504875188,0.161,0.161,0.0746,1,0,1,0,0,0.0023969807649851,0.000299898909970595,0.000693541076192612,0.0149595033570006,0.0864,432,0,0.0864,0,432,0,1,0,-0.000545631504875203,0.00631517945457411,0.00631517945457411,1,1
sorting,149,0.02,0.96459471506485,0.963713694394215,0.963258798058878,-0.000454896335336352,0.161,0.161,0.0518,0.716770186335404,0.283229813664596,0.953667953667954,0.0463320463320463,0.000364966688576834,0.00281277278492807,0.000214524950642302,0.000378853218834753,0.0214523415830069,0.1092,546,0.0432,0.066,216,330,0.395604395604396,0.604395604395604,0.000460012078826288,-0.000914908414162679,0.00416571735656036,0.0125908470053935,0.968627068089083,0.218035742162338
sorting,149,0.05,0.96459471506485,0.961916810688909,0.962219976173748,0.000303165484838996,0.161,0.161,0.0722,0.521739130434783,0.478260869565217,0.645429362880886,0.354570637119114,0.00203160231798276,0.00300008813952396,0.00103015732089103,0.00103230803320369,0.0157029165674905,0.0888,444,0.0514,0.0374,257,187,0.578828828828829,0.421171171171171,0.0011105327240416,-0.000807367239202576,-0.00341402573016917,0.021597972559056,0.884050729378029,0.0591882774803109
sorting,149,0.08,0.96459471506485,0.960402509539682,0.961418324876943,0.00101581533726147,0.161,0.161,0.036,0.443478260869565,0.556521739130435,0.605555555555556,0.394444444444444,0.00429544593016067,0.00454857470955945,0.000672333941571707,0.00078583669091843,0.0322641714250457,0.125,625,0.0754,0.0496,377,248,0.6032,0.3968,0.00226996537451064,-0.0012541500372491,-0.00812652269809225,0.0281929232940779,0.812704871100195,0.120662619808307
sorting,149,0.12,0.96459471506485,0.958915927877522,0.961142350862799,0.00222642298527675,0.161,0.161,0.009,0.360248447204969,0.639751552795031,0.6,0.4,0.00843526280161067,0.00856907060647243,0.00169532196217683,0.000569806039261425,0.0753781003072213,0.152,760,0.0994,0.0526,497,263,0.653947368421053,0.346052631578947,0.00365456578978489,-0.00142814280450813,-0.0146475196399787,0.0334388723308751,0.71207025625881,0.16632470660532
sorting,150,0,0.96500027497796,0.96500027497796,0.964993766300036,-6.50867792384435e-06,0.1654,0.1654,0.1536,1,0,1,0,0,0.00179617480496898,0.00082115030328312,0.00176824192509464,0.00121235606187597,0.0118,59,0,0.0118,0,59,0,1,0,-6.5086779238352e-06,0.000551582874901289,0.000551582874901289,1,1
sorting,150,0.02,0.96500027497796,0.964135998094809,0.9641290716547,-6.92644010924504e-06,0.1654,0.1654,0.124,0.714631197097944,0.285368802902056,0.780645161290323,0.219354838709677,0.000370981895652527,0.00221678177950505,0.000490327223544133,0.00192093762310477,0.00479669077732192,0.0414,207,0.02,0.0214,100,107,0.483091787439614,0.516908212560387,0.000214735525492586,-0.000221661965601779,0.000167305316647183,0.010541002200347,0.968292054475682,0.044000497883993
sorting,150,0.05,0.96500027497796,0.9624668679764,0.962575717370188,0.00010884939378808,0.1654,0.1654,0.1304,0.541717049576784,0.458282950423216,0.569018404907976,0.430981595092025,0.00187104180206055,0.00319570625543226,0.000853942163877317,0.00236495413326742,0.00397374165263875,0.035,175,0.0196,0.0154,98,77,0.56,0.44,0.000345235413509231,-0.000236386019721098,-0.00310998267966094,0.0166177552351523,0.892165281286611,0.137888490819525
sorting,150,0.08,0.96500027497796,0.961000029975874,0.961593153064537,0.00059312308866244,0.1654,0.1654,0.1052,0.453446191051995,0.546553808948005,0.501901140684411,0.498098859315589,0.0043673106730311,0.0066771540530323,0.00108898093864041,0.0016400092166078,0.00794990713862664,0.0602,301,0.038,0.0222,190,111,0.631229235880399,0.368770764119601,0.00113089552546378,-0.000537772436801333,-0.00985254300103725,0.0277187369147028,0.818221332472853,-0.0207396976964203
sorting,150,0.12,0.96500027497796,0.959183317902069,0.961505571805221,0.00232225390315211,0.1654,0.1654,0.03,0.367593712212817,0.632406287787183,0.48,0.52,0.00869859766883001,0.00932933797007389,0.00257113450608635,0.00250775176013466,0.0367581851793604,0.1354,677,0.089,0.0464,445,232,0.657311669128508,0.342688330871492,0.00350224312950444,-0.00117998922635228,-0.0171510628002376,0.0345807411806257,0.714762628398505,0.100407590294098
sorting,151,0,0.964816329755612,0.964816329755612,0.964069653243121,-0.000746676512491495,0.1582,0.1582,0.262,1,0,0.60381679389313,0.39618320610687,0,0.000744579373957631,0.000727591065372887,0.00159351293050518,-0.0141212378342691,0.1038,519,0,0.1038,0,519,0,1,0,-0.000746676512491515,-0.00719341534192211,0.00719341534192211,1,1
sorting,151,0.02,0.964816329755612,0.963963664351631,0.963729182202738,-0.000234482148892767,0.1582,0.1582,0.2008,0.713021491782554,0.286978508217446,0.636454183266932,0.363545816733068,0.000373096801774273,0.00109666023478736,0.000734184568386245,0.000858421634753258,-0.00615528309219937,0.0426,213,0.015,0.0276,75,138,0.352112676056338,0.647887323943662,0.000140957384151032,-0.000375439533043826,-0.00550427579560549,0.0121219933613816,0.967381164007246,0.0677228598180513
sorting,151,0.05,0.964816329755612,0.962201862030322,0.961323485882656,-0.000878376147665505,0.1582,0.1582,0.233,0.529709228824273,0.470290771175727,0.472103004291846,0.527896995708155,0.00200244097671606,0.00275092839444896,0.000769871598689582,0.0010928513351489,-0.0102951941021849,0.0748,374,0.0262,0.0486,131,243,0.350267379679144,0.649732620320856,0.000442161582835359,-0.00132053773050088,-0.0117429966265444,0.0235654988413935,0.886419826592793,0.147592550644435
sorting,151,0.08,0.964816329755612,0.96096210553581,0.960579377125526,-0.000382728410283972,0.1582,0.1582,0.1848,0.43109987357775,0.56890012642225,0.422077922077922,0.577922077922078,0.0043109222191918,0.00451676784557386,0.000789967993173714,0.000777667283589233,-0.00346187332994941,0.0266,133,0.0098,0.0168,49,84,0.368421052631579,0.631578947368421,0.000230867386014163,-0.000613595796298146,-0.0143882861009016,0.0317467361771545,0.812517185812687,0.0739331367768131
sorting,151,0.12,0.964816329755612,0.959407929106799,0.961520413323184,0.00211248421638499,0.1582,0.1582,0.0096,0.370417193426043,0.629582806573957,0.604166666666667,0.395833333333333,0.00854320120807903,0.00883325890079241,0.00233277956201728,0.00177044824380364,0.075104558755683,0.1486,743,0.0958,0.0528,479,264,0.644683714670256,0.355316285329744,0.00345635665705756,-0.00134387244067259,-0.0142159099352959,0.0323030221919929,0.719863200474528,0.121041701213178
sorting,152,0,0.964482926658461,0.964482926658461,0.964479731571873,-3.19508658774836e-06,0.1636,0.1636,0.171,1,0,0.95672514619883,0.0432748538011696,0,0.00166792304289152,0.000321284417099368,0.00110011455051638,-0.00078027848651907,0.0074,37,0,0.0074,0,37,0,1,0,-3.19508658777794e-06,-0.00043176845780783,0.00043176845780783,1,1
sorting,152,0.02,0.964482926658461,0.963567154798412,0.961844750525147,-0.00172240427326475,0.1636,0.1636,0.3212,0.729828850855746,0.270171149144254,0.495018679950187,0.504981320049813,0.000364720309895296,0.00216366222112885,0.000941959759219367,0.00199162734135787,-0.0205672095834607,0.1576,788,0.0396,0.118,198,590,0.251269035532995,0.748730964467005,0.00036590638394598,-0.00208831065721074,-0.0109289611247764,0.0155724431545477,0.969852226186089,0.308833540889761
sorting,152,0.05,0.964482926658461,0.961807863813347,0.962226510920984,0.000418647107636838,0.1636,0.1636,0.095,0.541564792176039,0.458435207823961,0.646315789473684,0.353684210526316,0.00193813508711587,0.0028777601884871,0.000198504959180327,0.000696728736395229,0.0119395476551012,0.0686,343,0.0414,0.0272,207,136,0.603498542274053,0.396501457725948,0.000937067428341194,-0.000518420320704275,-0.00610272751657317,0.0212170225808377,0.89093049774922,0.0684346128729512
sorting,152,0.08,0.964482926658461,0.960331682445384,0.959958904655405,-0.000372777789979684,0.1636,0.1636,0.1822,0.449877750611247,0.550122249388753,0.436882546652031,0.563117453347969,0.00426590969490563,0.00526102591188263,0.000928942302571513,0.000560643275189402,-0.0020768203276994,0.0186,93,0.006,0.0126,30,63,0.32258064516129,0.67741935483871,0.000111423458053545,-0.000484201248033227,-0.0200418166655743,0.0320228336605791,0.818191561623662,-0.170973710125034
sorting,152,0.12,0.964482926658461,0.958713129051305,0.959998519187194,0.00128539013588813,0.1636,0.1636,0.0942,0.382640586797066,0.617359413202934,0.422505307855626,0.577494692144374,0.00876416347293236,0.00922866734511681,0.00178329982726108,0.000640282695769956,0.0121426751127399,0.0694,347,0.0466,0.0228,233,114,0.671469740634006,0.328530259365994,0.00185786259263212,-0.000572472456743991,-0.0185214716986762,0.0350192370227105,0.726024462480978,0.00749095725829011
sorting,153,0,0.965574997594212,0.965574997594212,0.965203596173441,-0.000371401420770856,0.1624,0.1624,0.2374,1,0,0.68407750631845,0.31592249368155,0,0.000860710286652148,0.000854553269464095,0.00162556335859095,-0.00969055425366161,0.075,375,0,0.075,0,375,0,1,0,-0.000371401420770871,-0.00495201894361161,0.00495201894361161,1,1
sorting,153,0.02,0.965574997594212,0.964709403155815,0.962919454514648,-0.00178994864116733,0.1624,0.1624,0.3204,0.717980295566503,0.282019704433498,0.481897627965044,0.518102372034956,0.00036655628418355,0.00125871920251855,0.000620469880764609,0.00075520943732797,-0.0193681574879322,0.158,790,0.0378,0.1202,189,601,0.239240506329114,0.760759493670886,0.000361836221439778,-0.00215178486260711,-0.0113287888681477,0.0159089942028284,0.96640649555226,0.266360260394423
sorting,153,0.05,0.965574997594212,0.963071962882324,0.963200475379043,0.000128512496719302,0.1624,0.1624,0.106,0.539408866995074,0.460591133004926,0.588679245283019,0.411320754716981,0.00189859577804626,0.00269595497133383,0.000815451411903968,0.000692125800418206,0.00904498342008575,0.0564,282,0.0312,0.0252,156,126,0.553191489361702,0.446808510638298,0.000595806628153638,-0.000467294131434299,-0.00227859036736416,0.0188493042480131,0.885962931182517,0.168565443799078
sorting,153,0.08,0.965574997594212,0.96148740809842,0.96194352554008,0.000456117441660076,0.1624,0.1624,0.0042,0.447044334975369,0.552955665024631,0.80952380952381,0.19047619047619,0.00435125906567353,0.00475641999281664,0.00145378710315575,0.00105991284795856,0.090839576202243,0.1582,791,0.089,0.0692,445,346,0.562579013906448,0.437420986093552,0.00242353548683475,-0.00196741804517473,-0.00288316966915304,0.0277557113274936,0.811622711344908,0.195422564068246
sorting,153,0.12,0.965574997594212,0.959778245432719,0.959973563432998,0.000195318000278832,0.1624,0.1624,0.1544,0.397783251231527,0.602216748768473,0.404145077720207,0.595854922279793,0.00813771148592556,0.00820749359462587,0.00157416528077585,0.000879209289991953,0.0010385095833122,0.008,40,0.0058,0.0022,29,11,0.725,0.275,0.000225015085239351,-2.96970849604924e-05,-0.0244147500348573,0.0318390212749804,0.706988874391555,0.1
sorting,154,0,0.965738151117986,0.965738151117986,0.964390865766823,-0.00134728535116313,0.1602,0.1602,0.3092,1,0,0.518111254851229,0.481888745148771,0,0.00161382815370123,0.000412735511087024,0.000712836266004623,-0.0186340066839806,0.149,745,0,0.149,0,745,0,1,0,-0.00134728535116311,-0.00904218356485311,0.00904218356485311,1,1
sorting,154,0.02,0.965738151117986,0.964893410050436,0.964703885905154,-0.000189524145281728,0.1602,0.1602,0.1968,0.715355805243446,0.284644194756554,0.650406504065041,0.349593495934959,0.000358534843598969,0.00154168882358777,0.000567479979738413,0.000807508654554351,-0.00421004194985664,0.0366,183,0.0134,0.0232,67,116,0.366120218579235,0.633879781420765,0.000124593802794454,-0.00031411794807623,-0.00517825533556763,0.0119866598598548,0.967228799905152,0.0142864975366757
sorting,154,0.05,0.965738151117986,0.963044192022998,0.963209212959571,0.000165020936573446,0.1602,0.1602,0.1348,0.515605493133583,0.484394506866417,0.551928783382789,0.448071216617211,0.00199458579962061,0.00309198948438927,0.000471157685154321,0.000637159691677576,0.00297972467717234,0.0254,127,0.0172,0.0082,86,41,0.677165354330709,0.322834645669291,0.000327119376755729,-0.000162098440182347,-0.00649688726666857,0.01926054397394,0.881574549630982,0.0441097206599175
sorting,154,0.08,0.965738151117986,0.96182243222847,0.96256267487873,0.000740242650259737,0.1602,0.1602,0.0226,0.441947565543071,0.558052434456929,0.592920353982301,0.407079646017699,0.00439322187722298,0.0056008288076797,0.000687081856426469,0.000819313996739543,0.0454720920020281,0.1376,688,0.0802,0.0574,401,287,0.582848837209302,0.417151162790698,0.00218292459330502,-0.00144268194304522,-0.00537967042339965,0.0263488847118477,0.803304866660195,0.118970797468319
sorting,154,0.12,0.965738151117986,0.960636790037629,0.961810884369255,0.00117409433162585,0.1602,0.1602,0.081,0.383270911360799,0.616729088639201,0.417283950617284,0.582716049382716,0.00841943641723629,0.00843253316177707,0.0014780474910698,0.00029326267915103,0.0128610452646523,0.0792,396,0.0516,0.0276,258,138,0.651515151515152,0.348484848484849,0.00190807997049309,-0.00073398563886719,-0.0148244233791149,0.0333594142595995,0.722470467554819,0.0592757920692111
sorting,155,0,0.965155571919042,0.965155571919042,0.964949677855095,-0.000205894063947221,0.1526,0.1526,0.2114,1,0,0.721854304635762,0.278145695364238,0,0.00204367265379803,0.000981544531941026,0.000514225396229853,-0.00702374895907421,0.0588,294,0,0.0588,0,294,0,1,0,-0.000205894063947249,-0.00350159972699403,0.00350159972699403,1,1
sorting,155,0.02,0.965155571919042,0.964298251398531,0.964346897764343,4.86463658112557e-05,0.1526,0.1526,0.1426,0.701179554390564,0.298820445609436,0.726507713884993,0.273492286115007,0.000365419393686759,0.00279743717542001,0.0013084202035209,0.00117251747571058,0.00109374452760147,0.01,50,0.0066,0.0034,33,17,0.66,0.34,7.94397021558755e-05,-3.07933363446212e-05,-0.00486463658112544,0.0110233038500497,0.968998042535922,-0.0551740696278511
sorting,155,0.05,0.965155571919042,0.962687714819732,0.962985599186815,0.000297884367083334,0.1526,0.1526,0.1166,0.53735255570118,0.46264744429882,0.588336192109777,0.411663807890223,0.00187056824581142,0.00337929259648342,0.00076301073474174,0.000486069699521747,0.00499122690641207,0.036,180,0.0226,0.0134,113,67,0.627777777777778,0.372222222222222,0.000575158210681335,-0.000277273843597923,-0.00827456575231701,0.0236786681744238,0.892423222736929,0.0279699990740455
sorting,155,0.08,0.965155571919042,0.96108341983222,0.961224780217369,0.000141360385148226,0.1526,0.1526,0.1462,0.420707732634338,0.579292267365662,0.428180574555404,0.571819425444596,0.00438980798927939,0.00524813706614471,0.00136077370023279,0.000787328674289375,0.00074514942240711,0.0064,32,0.0048,0.0016,24,8,0.75,0.25,0.00017195702949571,-3.05966443475001e-05,-0.0220875601794079,0.0316490115380016,0.811754841142194,0.0443548387096774
sorting,155,0.12,0.965155571919042,0.959568835869699,0.961863744808069,0.00229490893837014,0.1526,0.1526,0.0042,0.348623853211009,0.651376146788991,0.428571428571429,0.571428571428571,0.00861165904328016,0.00894038788472858,0.00147350517478026,0.000548840851050646,0.0865381089752487,0.1484,742,0.097,0.0514,485,257,0.653638814016173,0.346361185983827,0.00367629658302333,-0.0013813876446532,-0.0154643459458904,0.034081430105637,0.717013378536535,0.0915542748539497
sorting,156,0,0.964964410535337,0.964964410535337,0.964751446557128,-0.000212963978208913,0.1594,0.1594,0.2168,1,0,0.735239852398524,0.264760147601476,0,0.000774754241173953,0.000591048969328347,0.00100412627870468,-0.00769159694945643,0.0574,287,0,0.0574,0,287,0,1,0,-0.000212963978208918,-0.0037101738363923,0.0037101738363923,1,1
sorting,156,0.02,0.964964410535337,0.964018460308109,0.963376049812658,-0.000642410495450885,0.1594,0.1594,0.0428,0.708908406524467,0.291091593475533,0.957943925233645,0.0420560747663551,0.00036266643837971,0.000901003928806912,0.000333564668321852,0.00107387108349483,0.0274350509683795,0.1166,583,0.0446,0.072,223,360,0.382504288164666,0.617495711835335,0.000545400982920635,-0.00118781147837145,0.00550952397470684,0.0148646008687143,0.966125623061025,0.371472422880256
sorting,156,0.05,0.964964410535337,0.96242329810643,0.962631618255761,0.000208320149331254,0.1594,0.1594,0.1156,0.531994981179423,0.468005018820577,0.581314878892734,0.418685121107266,0.00189573993214474,0.00309983394624763,0.000408604186635516,0.00115709329621013,0.00607107768921755,0.0438,219,0.0262,0.0176,131,88,0.598173515981735,0.401826484018265,0.000601223596749141,-0.000392903447417892,-0.00475616779295089,0.0226969644786994,0.891301283748051,-0.186232819587099
sorting,156,0.08,0.964964410535337,0.960940172274802,0.96133306355638,0.000392891281578045,0.1594,0.1594,0.1356,0.424090338770389,0.575909661229611,0.445427728613569,0.554572271386431,0.00429706985608313,0.00576038933018613,0.000502945636306326,0.00127139263542588,0.00297558389249941,0.0238,119,0.0166,0.0072,83,36,0.697478991596639,0.302521008403361,0.000525024119726966,-0.000132132838148951,-0.0165080370410931,0.0276116368855427,0.808166452774658,0.00878080045577553
sorting,156,0.12,0.964964410535337,0.959506902436245,0.961294959845826,0.00178805740958088,0.1594,0.1594,0.0348,0.355081555834379,0.644918444165621,0.390804597701149,0.609195402298851,0.00857454350109084,0.00877934072206951,0.00180238614406558,0.00178615409015565,0.0330581360534443,0.1246,623,0.0816,0.043,408,215,0.654895666131621,0.345104333868379,0.00292890472329844,-0.0011408473137175,-0.0143503804942291,0.032662536412648,0.711284312003372,0.147712353039496
sorting,157,0,0.965092737091463,0.965092737091463,0.964800758251604,-0.00029197883985832,0.1472,0.1472,0.2134,1,0,0.689784442361762,0.310215557638238,0,0.00117427329926423,0.00068541651390571,0.000428801003860423,-0.00908452215233591,0.0662,331,0,0.0662,0,331,0,1,0,-0.000291978839858305,-0.00441055649332787,0.00441055649332787,1,1
sorting,157,0.02,0.965092737091463,0.964231721245084,0.964315637823361,8.39165782771101e-05,0.1472,0.1472,0.1328,0.713315217391304,0.286684782608696,0.743975903614458,0.256024096385542,0.000357368031560115,0.00130594728953263,0.000506618391253354,0.000257200795363356,0.00206397688931947,0.0144,72,0.0082,0.0062,41,31,0.569444444444445,0.430555555555556,0.000133516658943741,-4.96000806666751e-05,-0.00582754015812957,0.0127164402507233,0.9702024996721,0.0532188565181041
sorting,157,0.05,0.965092737091463,0.962512349874329,0.962738893259853,0.000226543385524303,0.1472,0.1472,0.104,0.508152173913044,0.491847826086957,0.561538461538462,0.438461538461539,0.0020091860873346,0.00279086912015043,0.000396168186486886,0.00042462190586469,0.0064202816764326,0.0432,216,0.0268,0.0164,134,82,0.62037037037037,0.37962962962963,0.000543160645112874,-0.000316617259588526,-0.00524405985010065,0.0199022663125324,0.892298908011956,0.0670405696662261
sorting,157,0.08,0.965092737091463,0.961106723434629,0.962066465010394,0.000959741575765172,0.1472,0.1472,0.0682,0.403532608695652,0.596467391304348,0.498533724340176,0.501466275659824,0.00443978257948796,0.00493659852625504,0.000772651447372343,0.000378121634793964,0.015832369150436,0.079,395,0.0536,0.0254,268,127,0.678481012658228,0.321518987341772,0.00159872517670468,-0.000638983600939494,-0.0121486275413315,0.0283254275651162,0.814070036658801,-0.0133251164864607
sorting,157,0.12,0.965092737091463,0.959451480401448,0.961514010857983,0.00206253045653482,0.1472,0.1472,0.0632,0.334239130434783,0.665760869565217,0.44620253164557,0.55379746835443,0.00838199671235627,0.00873626266903274,0.00181142115516555,0.00116781185222782,0.0173962040425635,0.084,420,0.063,0.021,315,105,0.75,0.25,0.00262676434877989,-0.000564233892245056,-0.0245539340063671,0.037988074297916,0.714763285134531,0.012082834936706
sorting,158,0,0.964785195575953,0.964785195575953,0.964433391258873,-0.000351804317079263,0.1522,0.1522,0.2298,1,0,0.662315056570931,0.337684943429069,0,0.00187076704155618,0.000785202478137032,0.00115391906719658,-0.00957271353227918,0.0776,388,0,0.0776,0,388,0,1,0,-0.000351804317079269,-0.00453356078710398,0.00453356078710398,1,1
sorting,158,0.02,0.964785195575953,0.963888178366911,0.963674727345923,-0.000213451020988242,0.1522,0.1522,0.1994,0.700394218134034,0.299605781865966,0.614844533600802,0.385155466399198,0.000362942507325055,0.0167998569920635,0.000715726888913933,0.00111581160468139,-0.00549711490004046,0.0472,236,0.016,0.0312,80,156,0.338983050847458,0.661016949152542,0.00018314961065675,-0.00039660063164504,-0.0045222673938197,0.0122828441165633,0.970039897169596,0.0961651001748324
sorting,158,0.05,0.964785195575953,0.962090447898181,0.962488544621158,0.00039809672297686,0.1522,0.1522,0.0968,0.507227332457293,0.492772667542707,0.570247933884298,0.429752066115702,0.00194870658868179,0.00837965256169253,0.00135052881799708,0.00143964788923,0.00900154451612389,0.0554,277,0.0334,0.022,167,110,0.602888086642599,0.397111913357401,0.000859354941744281,-0.00046125821876742,-0.0071858614255751,0.0238377826807166,0.89104650328986,0.0839341711374269
sorting,158,0.08,0.964785195575953,0.960697554925252,0.96160347415106,0.000905919225807406,0.1522,0.1522,0.0114,0.417871222076216,0.582128777923785,0.649122807017544,0.350877192982456,0.0042779876503197,0.00477322258141891,0.000917390135403322,0.000549030033382534,0.0645291850604511,0.1408,704,0.0846,0.0562,423,281,0.600852272727273,0.399147727272727,0.00249646035615962,-0.00159054113035222,-0.00643408541056391,0.0290269991939761,0.818002840592114,0.173302866136013
sorting,158,0.12,0.964785195575953,0.959550361961978,0.961262408523392,0.00171204656141444,0.1522,0.1522,0.0356,0.369250985545335,0.630749014454665,0.438202247191011,0.561797752808989,0.00883792849518343,0.0089965897451948,0.000899689546336744,0.000965264045961494,0.0317898375902825,0.1166,583,0.076,0.0406,380,203,0.65180102915952,0.34819897084048,0.00277849379541414,-0.00106644723399971,-0.0146830751407756,0.0329754805267054,0.725744878309795,0.172913502976947
sorting,159,0,0.965688829077907,0.965688829077907,0.965649036714312,-3.97923635946373e-05,0.16,0.16,0.1344,1,0,1,0,0,0.00202000326922132,0.000796482455965851,0.00102249706860754,0.00350600507961418,0.0256,128,0,0.0256,0,128,0,1,0,-3.97923635946942e-05,0.00155438920291774,0.00155438920291774,1,1
sorting,159,0.02,0.965688829077907,0.964772695487414,0.964419114052988,-0.000353581434425321,0.16,0.16,0.2298,0.70875,0.29125,0.604003481288077,0.395996518711923,0.000362091705338449,0.00167644973751305,0.000749190475433741,0.00127193795874384,-0.00870878153628441,0.0698,349,0.0254,0.0444,127,222,0.363896848137536,0.636103151862464,0.000268128525277239,-0.000621709959702601,-0.00506563659635189,0.012748402363608,0.968674105018964,0.0722418733326746
sorting,159,0.05,0.965688829077907,0.962958896691954,0.963233041073983,0.000274144382029107,0.16,0.16,0.089,0.515,0.485,0.586516853932584,0.413483146067416,0.00193226930924275,0.00285220602447683,0.00119827274692634,0.00158189477594818,0.0118450878868382,0.071,355,0.0408,0.0302,204,151,0.574647887323944,0.425352112676056,0.000903539587890462,-0.000629395205861376,-0.0038611884792829,0.0215906308979132,0.885767542086702,0.0997894431912366
sorting,159,0.08,0.965688829077907,0.961522507336586,0.962367169609345,0.000844662272758923,0.16,0.16,0.0464,0.41625,0.58375,0.521551724137931,0.478448275862069,0.0044904501241077,0.00487760025015461,0.00139530792634656,0.00164912849091925,0.0279286555609547,0.1136,568,0.0712,0.0424,356,212,0.626760563380282,0.373239436619718,0.00207290856466282,-0.00122824629190394,-0.00743540733062394,0.0290594617655525,0.805453574554143,0.0985722968940375
sorting,159,0.12,0.965688829077907,0.960333114778702,0.961933777156899,0.001600662378197,0.16,0.16,0.0248,0.39,0.61,0.459677419354839,0.540322580645161,0.00854586348776981,0.0084961664981361,0.0024871902658856,0.00107302278187721,0.043782547706694,0.1352,676,0.0842,0.051,421,255,0.622781065088757,0.377218934911243,0.00292536545369491,-0.00132470307549785,-0.0118392187736468,0.0314354181153311,0.720224391176976,0.0952429453917921
sorting,160,0,0.964851907056505,0.964851907056505,0.964188788707298,-0.000663118349207181,0.162,0.162,0.262,1,0,0.618320610687023,0.381679389312977,0,0.00217364159296441,0.000373560918402516,0.00128061330746243,-0.0131411545995057,0.1,500,0,0.1,0,500,0,1,0,-0.000663118349207162,-0.00663118349207162,0.00663118349207162,1,1
sorting,160,0.02,0.964851907056505,0.963978036434342,0.963932252652982,-4.57837813605533e-05,0.162,0.162,0.0978,0.720987654320988,0.279012345679012,0.848670756646217,0.151329243353783,0.000371194188812582,0.00202965535845006,0.000426498498092643,0.001539894295844,0.00975492649262921,0.0642,321,0.0304,0.0338,152,169,0.473520249221184,0.526479750778816,0.000360246209114212,-0.000406029990474727,0.000713143011846018,0.0119357663487374,0.966538847781554,0.149880637952052
sorting,160,0.05,0.964851907056505,0.962069346548288,0.962265223765671,0.000195877217383122,0.162,0.162,0.1326,0.504938271604938,0.495061728395062,0.52790346907994,0.47209653092006,0.00190751762671812,0.00315868767754934,0.00122424708093538,0.00112844912877469,0.00365547525153653,0.0294,147,0.0176,0.0118,88,59,0.598639455782313,0.401360544217687,0.000427164518355263,-0.000231287300972159,-0.00666249038718041,0.0223963203852865,0.878974212310969,0.0836500464680504
sorting,160,0.08,0.964851907056505,0.960854618925255,0.961810134814256,0.000955515889000669,0.162,0.162,0.1064,0.451851851851852,0.548148148148148,0.509398496240602,0.490601503759399,0.00428715817939254,0.00507967760575663,0.000723621008119878,0.000669267080440885,0.00805596775206796,0.0556,278,0.0366,0.019,183,95,0.658273381294964,0.341726618705036,0.00126534928464063,-0.000309833395639977,-0.0171855375719541,0.028330623746054,0.803477076459083,-0.0260767279968968
sorting,160,0.12,0.964851907056505,0.958949947224964,0.958963550675204,1.36034502408178e-05,0.162,0.162,0.1614,0.358024691358025,0.641975308641975,0.359355638166047,0.640644361833953,0.00851648360156591,0.00908695636287151,0.00120465341827505,0.00102105117402777,8.05845832460017e-05,6e-04,3,6e-04,0,3,0,1,0,1.36034502407364e-05,0,-0.022672417067894,0.022672417067894,0.68649399609976,-0.5
sorting,161,0,0.965045678147064,0.965045678147064,0.964982037945595,-6.36402014694282e-05,0.1712,0.1712,0.206,1,0,0.831067961165049,0.168932038834951,0,0.00105235072943368,0.000681756881686067,0.000810088366786055,-0.00380818367398883,0.0348,174,0,0.0348,0,174,0,1,0,-6.36402014694649e-05,-0.00182874142153635,0.00182874142153635,1,1
sorting,161,0.02,0.965045678147064,0.964084458030869,0.963680465736619,-0.000403992294249367,0.1712,0.1712,0.057,0.704439252336449,0.295560747663551,0.933333333333333,0.0666666666666667,0.000363512826340001,0.00115316104975498,0.000551548178663084,0.000692240176943352,0.0212825965514376,0.1142,571,0.0468,0.0674,234,337,0.409807355516637,0.590192644483363,0.00051870312061792,-0.000922695414867239,0.00353758576400454,0.0126217034630925,0.963329576677183,0.250993001836398
sorting,161,0.05,0.965045678147064,0.962361950845935,0.961768189179722,-0.000593761666213499,0.1712,0.1712,0.2358,0.531542056074766,0.468457943925234,0.487701441899915,0.512298558100085,0.00191406198184083,0.00344964234356064,0.000745871215069581,0.00272837239439489,-0.0079585919953804,0.0646,323,0.024,0.0406,120,203,0.371517027863777,0.628482972136223,0.00041155931706482,-0.00100532098327836,-0.00919135706212914,0.0219331315842598,0.880664392314576,0.183554225147979
sorting,161,0.08,0.965045678147064,0.960933180795137,0.961720527902789,0.000787347107652159,0.1712,0.1712,0.0472,0.454439252336449,0.545560747663552,0.533898305084746,0.466101694915254,0.0042185975052718,0.00474683789396284,0.0011136651408343,0.000942254088936332,0.026867059394765,0.124,620,0.0714,0.0526,357,263,0.575806451612903,0.424193548387097,0.00208055569417449,-0.00129320858652229,-0.00634957344880809,0.0272077764572321,0.799682965555319,0.125538559606538
sorting,161,0.12,0.965045678147064,0.959497394794426,0.961429385993701,0.00193199119927501,0.1712,0.1712,0.0146,0.429906542056075,0.570093457943925,0.63013698630137,0.36986301369863,0.00813832324906098,0.00820353828028103,0.00118925126970997,0.00120695803216965,0.0651526522970267,0.1566,783,0.0922,0.0644,461,322,0.588761174968072,0.411238825031928,0.00364426910089709,-0.00171227790162203,-0.0123371085522034,0.0342052809867121,0.719279788291192,0.124835541412967
sorting,162,0,0.964417627768983,0.964417627768983,0.962679948693043,-0.0017376790759398,0.1654,0.1654,0.3298,1,0,0.501516070345664,0.498483929654336,0,0.000827209250453085,0.000509587145277893,0.000313204911764785,-0.0209539266513743,0.1644,822,0,0.1644,0,822,0,1,0,-0.00173767907593981,-0.0105698240628942,0.0105698240628942,1,1
sorting,162,0.02,0.964417627768983,0.963477916830157,0.961280682587087,-0.00219723424306939,0.1654,0.1654,0.3512,0.701330108827086,0.298669891172914,0.458997722095672,0.541002277904328,0.000377135795930448,0.0014186927040138,0.00074836069768582,0.000548478519822506,-0.0239875070176132,0.1858,929,0.0452,0.1406,226,703,0.243272335844995,0.756727664155005,0.000388770292930309,-0.00258600453599974,-0.0118258032457989,0.016010628788644,0.967126942941078,0.295228147888277
sorting,162,0.05,0.964417627768983,0.96161918808214,0.960711095019862,-0.000908093062277349,0.1654,0.1654,0.2426,0.528415961305925,0.471584038694075,0.474855729596043,0.525144270403957,0.00192776960328753,0.00224177812899263,0.000802566844466514,0.000589449530066349,-0.00989193759674756,0.0772,386,0.0278,0.0494,139,247,0.360103626943005,0.639896373056995,0.000463403966459156,-0.00137149702873649,-0.0117628635010017,0.0237681476061612,0.885006704520268,0.0811681791317892
sorting,162,0.08,0.964417627768983,0.960269110699841,0.960451927746408,0.000182817046567418,0.1654,0.1654,0.1564,0.460701330108827,0.539298669891173,0.465473145780051,0.534526854219949,0.00429604551985814,0.005266664781229,0.000736039357145246,0.00180421042086057,0.000920512858117783,0.009,45,0.0056,0.0034,28,17,0.622222222222222,0.377777777777778,0.000246785229851371,-6.39681832839029e-05,-0.0203130051741631,0.0345281570150305,0.809407056120282,0.120421607378129
sorting,162,0.12,0.964417627768983,0.958828248232921,0.958532724671765,-0.00029552356115603,0.1654,0.1654,0.1804,0.39782345828295,0.60217654171705,0.390243902439024,0.609756097560976,0.0085208960728877,0.00934433139109772,0.00116724185398409,0.000711748545379888,-0.0021326777747388,0.015,75,0.0046,0.0104,23,52,0.306666666666667,0.693333333333333,0.000118847100070021,-0.000414370661226032,-0.0197015707437341,0.0355478507530702,0.718088589139544,0.136443812233286
sorting,163,0,0.965690504138138,0.965690504138138,0.965621512701176,-6.89914369614852e-05,0.157,0.157,0.1256,1,0,1,0,0,0.000946972499609987,0.000945528256866768,0.00164308275093107,0.00463004165885173,0.0314,157,0,0.0314,0,157,0,1,0,-6.89914369614649e-05,0.00219717952106576,0.00219717952106576,1,1
sorting,163,0.02,0.965690504138138,0.964859003809481,0.963756932962336,-0.0011020708471452,0.157,0.157,0.2728,0.715923566878981,0.284076433121019,0.534457478005865,0.465542521994135,0.000362889600435471,0.00124857140178228,0.000396771965092488,0.00111721443554948,-0.0152286321523665,0.1158,579,0.0334,0.0824,167,412,0.288428324697755,0.711571675302245,0.00029741737951866,-0.00139948822666388,-0.00951701940539918,0.0146537617114209,0.972503669492147,0.175845500524564
sorting,163,0.05,0.965690504138138,0.963023835843199,0.963346685692624,0.000322849849425322,0.157,0.157,0.1084,0.538853503184713,0.461146496815287,0.605166051660517,0.394833948339483,0.00205191799828101,0.00271240019522483,0.000714122378338341,0.00094973770503862,0.0079580224244018,0.0486,243,0.0296,0.019,148,95,0.609053497942387,0.390946502057613,0.000745342912457436,-0.000422493063032118,-0.00664300101698187,0.0240295468207727,0.890890357075614,0.00450020991501369
sorting,163,0.08,0.965690504138138,0.961552050399139,0.959713930439962,-0.00183811995917749,0.157,0.157,0.2508,0.429299363057325,0.570700636942675,0.381180223285486,0.618819776714514,0.0043988288145586,0.00518180866137107,0.000955255230224386,0.00153363279106697,-0.0127878674790968,0.0938,469,0.0282,0.0656,141,328,0.300639658848614,0.699360341151386,0.00060438248469861,-0.00244250244387607,-0.0195961616117,0.0324827817545275,0.818831173745247,-0.00590314734487488
sorting,163,0.12,0.965690504138138,0.960197077793883,0.961224137726561,0.0010270599326776,0.157,0.157,0.1034,0.389808917197452,0.610191082802548,0.413926499032882,0.586073500967118,0.00870814888672921,0.00857407979266708,0.00109894306621055,0.000856902060491942,0.00880784954784875,0.0536,268,0.0352,0.0184,176,92,0.656716417910448,0.343283582089552,0.00146088876475631,-0.000433828832078757,-0.0191615659081634,0.0353492088961767,0.726845414481817,-0.00108537966780275
sorting,164,0,0.965596432325921,0.965596432325921,0.965469472885492,-0.000126959440429397,0.1696,0.1696,0.1238,1,0,1,0,0,0.00198927965251458,0.000409098006709664,0.0020993866983613,0.00639359067686895,0.0458,229,0,0.0458,0,229,0,1,0,-0.000126959440429295,0.00277204018404575,0.00277204018404575,1,1
sorting,164,0.02,0.965596432325921,0.964643116329666,0.964634543150066,-8.57317959990223e-06,0.1696,0.1696,0.1742,0.718160377358491,0.281839622641509,0.712973593570609,0.287026406429392,0.000373913322017957,0.00236950122875915,0.000654178464092643,0.00285015509670041,-0.000620725357857399,0.0046,23,0.0024,0.0022,12,11,0.521739130434783,0.478260869565217,1.74854908456647e-05,-2.60586704456513e-05,-0.00186373469564926,0.00946612201985129,0.965389053623562,0.146245059288538
sorting,164,0.05,0.965596432325921,0.962847920068145,0.962830250017446,-1.76700506991923e-05,0.1696,0.1696,0.1732,0.534198113207547,0.465801886792453,0.531177829099307,0.468822170900693,0.00191331372346273,0.00336685739778441,0.000351718210197438,0.00183479907215585,-0.000406662888691178,0.0036,18,0.0014,0.0022,7,11,0.388888888888889,0.611111111111111,2.34096100991992e-05,-4.10796607984498e-05,-0.0049083474164585,0.017913686360458,0.884968601926744,0.118679050567595
sorting,164,0.08,0.965596432325921,0.961632146842917,0.962339565565193,0.00070741872227531,0.1696,0.1696,0.022,0.457547169811321,0.542452830188679,0.654545454545455,0.345454545454545,0.00421714499824018,0.00534902427866404,0.00111417107707882,0.0012907225485508,0.0481490186917465,0.1476,738,0.0844,0.0632,422,316,0.571815718157182,0.428184281842818,0.00224180554976903,-0.00153438682749373,-0.00479280977151285,0.0255839591955471,0.807188879071555,0.206417229610941
sorting,164,0.12,0.965596432325921,0.959801266766508,0.961881901646266,0.00208063487975785,0.1696,0.1696,0.0144,0.386792452830189,0.613207547169811,0.527777777777778,0.472222222222222,0.00844522980958561,0.00859862090779946,0.00210121882107421,0.00108133379850805,0.0579220100705872,0.1552,776,0.0972,0.058,486,290,0.626288659793814,0.373711340206186,0.0036702128914761,-0.00158957801171821,-0.0134061525757596,0.0338904053040871,0.700494986387799,0.0841628735010843
sorting,165,0,0.964918142571413,0.964918142571413,0.964234943958899,-0.000683198612514424,0.1664,0.1664,0.0702,1,0,1,0,0,0.00165055900796599,0.000241083384992971,0.00122682374152381,0.0176961594610997,0.0962,481,0,0.0962,0,481,0,1,0,-0.00068319861251446,0.00710185667894449,0.00710185667894449,1,1
sorting,165,0.02,0.964918142571413,0.964012745003619,0.964007878675366,-4.86632825280609e-06,0.1664,0.1664,0.1146,0.716346153846154,0.283653846153846,0.81326352530541,0.18673647469459,0.000354340454928611,0.00172694075002467,0.000552835226608419,0.000855692893620265,0.00711757458094486,0.0518,259,0.0258,0.026,129,130,0.498069498069498,0.501930501930502,0.000331670468485889,-0.00033653679673871,9.39445608652584e-05,0.012899754154915,0.9670325114813,0.174505632645168
sorting,165,0.05,0.964918142571413,0.962414261080595,0.962391250163331,-2.30109172646431e-05,0.1664,0.1664,0.0506,0.543269230769231,0.456730769230769,0.731225296442688,0.268774703557312,0.0018667066297451,0.0034747584071871,0.00041099908539556,0.00187760228574692,0.0259441031331508,0.1158,579,0.0624,0.0534,312,267,0.538860103626943,0.461139896373057,0.00118792611298798,-0.00121093703025252,0.000198712584322492,0.0207155711851511,0.889683702691348,0.13141704064152
sorting,165,0.08,0.964918142571413,0.960374091083651,0.961516713639771,0.00114262255612008,0.1664,0.1664,0.0094,0.425480769230769,0.574519230769231,0.659574468085106,0.340425531914894,0.00451746444655703,0.00498546959175278,0.000464406781878423,0.000749613710435051,0.069007276884246,0.157,785,0.0924,0.0646,462,323,0.588535031847134,0.411464968152866,0.00277587700277041,-0.00163325444665032,-0.00727785067592418,0.0280836398052276,0.799643236817729,0.141102275986001
sorting,165,0.12,0.964918142571413,0.958926809158059,0.960048967583241,0.00112215842518171,0.1664,0.1664,0.126,0.373798076923077,0.626201923076923,0.406349206349206,0.593650793650794,0.00854093115855564,0.00879462643003146,0.000653880858719963,0.00188057975351373,0.00508071453332415,0.0404,202,0.0294,0.011,147,55,0.727722772277228,0.272277227722772,0.00136869215416711,-0.000246533728985351,-0.0277761986431129,0.0399808386918926,0.708806079680243,-0.0560085491675408
sorting,166,0,0.965080967192621,0.965080967192621,0.964753114161591,-0.00032785303102989,0.1522,0.1522,0.2254,1,0,0.675244010647737,0.324755989352263,0,0.00130261590374137,0.00015779881735945,0.00128491625970834,-0.00956708772771253,0.0732,366,0,0.0732,0,366,0,1,0,-0.000327853031029967,-0.00447886654412523,0.00447886654412523,1,1
sorting,166,0.02,0.965080967192621,0.964210482124811,0.964224009120922,1.3526996111457e-05,0.1522,0.1522,0.11,0.695137976346912,0.304862023653088,0.783636363636364,0.216363636363636,0.000360587963507247,0.00116697328760348,0.000811754019255721,0.000624105987284984,0.00634383517548176,0.0422,211,0.0226,0.0196,113,98,0.535545023696682,0.464454976303318,0.000256042113632525,-0.000242515117521103,-0.000320544931550292,0.0118141523970054,0.966969487766779,0.120726613098964
sorting,166,0.05,0.965080967192621,0.962513830160333,0.962475949602618,-3.78805577146979e-05,0.1522,0.1522,0.1598,0.508541392904074,0.491458607095926,0.505632040050063,0.494367959949937,0.00189443827385299,0.00285073856324177,0.000804410853733691,0.000737767102501541,-0.000795521185865344,0.0076,38,0.0034,0.0042,17,21,0.447368421052632,0.552631578947369,4.76572214663275e-05,-8.55377791810569e-05,-0.00498428390983281,0.017525657979919,0.885950850350034,0.0675128569865412
sorting,166,0.08,0.965080967192621,0.960873668714529,0.962061879682208,0.00118821096767963,0.1522,0.1522,0.0218,0.400788436268068,0.599211563731932,0.596330275229358,0.403669724770642,0.00428933841030143,0.00503852190347734,0.000658761046334004,0.00105203574287975,0.0438865216701471,0.1304,652,0.0824,0.048,412,240,0.631901840490798,0.368098159509202,0.00249294002363469,-0.00130472905595508,-0.00911204729815658,0.0291232291379584,0.806760804494432,0.170701913902093
sorting,166,0.12,0.965080967192621,0.959252824438808,0.961780389070679,0.00252756463187109,0.1522,0.1522,0.001,0.362680683311432,0.637319316688568,0.8,0.2,0.00830079362500276,0.00860739686476598,0.0016074114410626,0.000854670573439808,0.126221073511893,0.1512,756,0.0968,0.0544,484,272,0.64021164021164,0.35978835978836,0.00404334976219046,-0.00151578513031939,-0.0167166973007346,0.0367667651621022,0.716154380870175,0.184396683895402
sorting,167,0,0.96609727099105,0.96609727099105,0.966092880030975,-4.39096007509576e-06,0.1574,0.1574,0.1488,1,0,1,0,0,0.000600775664363991,0.000607027858446851,0.000199939807863791,0.00101014681628586,0.0086,43,0,0.0086,0,43,0,1,0,-4.39096007507966e-06,0.00051057675291624,0.00051057675291624,1,1
sorting,167,0.02,0.96609727099105,0.965232819900208,0.965063756265958,-0.00016906363425051,0.1574,0.1574,0.1844,0.709021601016518,0.290978398983482,0.657266811279826,0.342733188720174,0.000376184380806724,0.00112885606771513,0.00080379554457234,0.00108976132615163,-0.00337044838358236,0.027,135,0.0096,0.0174,48,87,0.355555555555556,0.644444444444445,8.83376422208564e-05,-0.000257401276471344,-0.0062616160833514,0.0128051451367482,0.966907723188309,-0.0294849282996781
sorting,167,0.05,0.96609727099105,0.963655623968766,0.963913771783748,0.000258147814981347,0.1574,0.1574,0.0986,0.532401524777637,0.467598475222363,0.610547667342799,0.389452332657201,0.00195356664228986,0.0028555375179125,0.000420430254426765,0.000412601677367199,0.00946631544732013,0.0588,294,0.0352,0.0236,176,118,0.598639455782313,0.401360544217687,0.000747826912822192,-0.000489679097840886,-0.00439026896226712,0.0210460205895081,0.891736052597442,0.0457635382492211
sorting,167,0.08,0.96609727099105,0.962176253317833,0.963052125421429,0.000875872103595854,0.1574,0.1574,0.0302,0.442185514612452,0.557814485387548,0.589403973509934,0.410596026490066,0.0042385080073,0.00481006082082629,0.00117074185575298,0.000488345263752083,0.0358719217842535,0.1272,636,0.0754,0.0518,377,259,0.592767295597484,0.407232704402516,0.00216623123413937,-0.00129035913054353,-0.00688578697795471,0.0271744525525385,0.811866329306653,0.117584353376106
sorting,167,0.12,0.96609727099105,0.960888992772296,0.962509915273344,0.00162092250104817,0.1574,0.1574,0.0412,0.395171537484117,0.604828462515883,0.441747572815534,0.558252427184466,0.00790016624340831,0.00795511784025435,0.00133501599367731,0.000895458931123455,0.0293376682827391,0.1162,581,0.0722,0.044,361,220,0.621342512908778,0.378657487091222,0.00282001341240427,-0.0011990909113561,-0.0139494191140117,0.034587816899831,0.717344697301788,0.111205229225265
sorting,168,0,0.965659040644751,0.965659040644751,0.965608401014883,-5.06396298675105e-05,0.1572,0.1572,0.1288,1,0,1,0,0,0.000995183676296112,0.00112494255999013,0.00213779352802538,0.00397221475943133,0.0284,142,0,0.0284,0,142,0,1,0,-5.06396298674828e-05,0.00178308555871418,0.00178308555871418,1,1
sorting,168,0.02,0.965659040644751,0.964828224280072,0.964496415257721,-0.000331809022351082,0.1572,0.1572,0.2032,0.716284987277354,0.283715012722646,0.631889763779528,0.368110236220472,0.000358968062405965,0.00164791655514387,0.00062206013523496,0.00186774893256864,-0.00592468007870151,0.046,230,0.0158,0.0302,79,151,0.343478260869565,0.656521739130435,0.000142267115031329,-0.000474076137382482,-0.00721323961632943,0.013398766356822,0.969208179632327,0.208447599486141
sorting,168,0.05,0.965659040644751,0.963106744483253,0.96335344547993,0.000246700996676341,0.1572,0.1572,0.091,0.539440203562341,0.460559796437659,0.630769230769231,0.369230769230769,0.00195674881353629,0.0026445401377803,0.00136342331943219,0.00299881723876461,0.011507905817285,0.0662,331,0.0388,0.0274,194,137,0.586102719033233,0.413897280966767,0.000910064462407517,-0.000663363465731156,-0.0037266011582532,0.023767793476415,0.889383155863326,0.199323633451686
sorting,168,0.08,0.965659040644751,0.961639866380238,0.962495142940167,0.000855276559930007,0.1572,0.1572,0.0862,0.472010178117048,0.527989821882952,0.547563805104408,0.452436194895592,0.0043856573198869,0.00500530940354279,0.000847907402824048,0.00142713392762402,0.0125516294219883,0.071,355,0.044,0.027,220,135,0.619718309859155,0.380281690140845,0.00142798804480038,-0.000572711484870413,-0.0120461487314079,0.0281788666150815,0.81646799128272,0.0786119880586126
sorting,168,0.12,0.965659040644751,0.959621061579204,0.962034881385873,0.00241381980666877,0.1572,0.1572,0.0314,0.374045801526718,0.625954198473283,0.477707006369427,0.522292993630573,0.00832701800721989,0.00845857996034236,0.00238567849564259,0.00160880362554586,0.0352005469428283,0.1258,629,0.082,0.0438,410,219,0.651828298887122,0.348171701112878,0.00351725180580465,-0.00110343199913596,-0.019187756809767,0.0367303959057282,0.717714963268598,0.0895389314272791
sorting,169,0,0.965435204663368,0.965435204663368,0.965383867985702,-5.13366776664359e-05,0.159,0.159,0.1888,1,0,0.842161016949153,0.157838983050847,0,0.00111864098778015,0.000844529740307441,0.00160387255484645,-0.00353072829365908,0.0298,149,0,0.0298,0,149,0,1,0,-5.13366776664744e-05,-0.00172270730424411,0.00172270730424411,1,1
sorting,169,0.02,0.965435204663368,0.964456891871512,0.964362209601614,-9.46822698986161e-05,0.159,0.159,0.1852,0.69811320754717,0.30188679245283,0.651187904967603,0.348812095032397,0.000355990107284729,0.00130229956241645,0.00114335423620601,0.00164566826251853,-0.00308247108469828,0.0262,131,0.0096,0.0166,48,83,0.366412213740458,0.633587786259542,0.000110014343185545,-0.000204696613084266,-0.00361382709537103,0.0120118685599164,0.96578725261549,0.0609192334383174
sorting,169,0.05,0.965435204663368,0.962575265811506,0.96288164266158,0.000306376850073065,0.159,0.159,0.1304,0.505660377358491,0.49433962264151,0.539877300613497,0.460122699386503,0.00195832578030292,0.00386985066078715,0.000942691862576198,0.00140837223705483,0.00352318154471543,0.0286,143,0.0186,0.01,93,50,0.65034965034965,0.34965034965035,0.000512177154712532,-0.00020580030463952,-0.0107124772752801,0.0251041069703515,0.879347181733887,0.0220008864375062
sorting,169,0.08,0.965435204663368,0.961374672978809,0.962564675395198,0.00119000241638845,0.159,0.159,0.0482,0.436477987421384,0.563522012578616,0.618257261410788,0.381742738589212,0.00425911859622013,0.00500332521381506,0.00117890587403958,0.00140576124730284,0.0272479556712019,0.1108,554,0.0712,0.0396,356,198,0.642599277978339,0.357400722021661,0.00210897557167935,-0.000918973155290901,-0.0107400940107261,0.0273280571026196,0.810904211124169,0.114219479269975
sorting,169,0.12,0.965435204663368,0.959813786359762,0.960565658753881,0.000751872394118225,0.159,0.159,0.1216,0.378616352201258,0.621383647798742,0.389802631578947,0.610197368421053,0.00851284062355122,0.00893857809164271,0.000364249599534247,0.000863249579052408,0.00494355784118727,0.0374,187,0.0246,0.0128,123,64,0.657754010695187,0.342245989304813,0.00110021032022957,-0.000348337926111406,-0.0201035399496834,0.0387312365331811,0.713512784476511,-0.11563391189133
sorting,170,0,0.96504893377071,0.96504893377071,0.964308736097971,-0.000740197672739584,0.1622,0.1622,0.274,1,0,0.591970802919708,0.408029197080292,0,0.000722631874688683,0.000236187217134789,0.000938434063457099,-0.0136116671783264,0.1118,559,0,0.1118,0,559,0,1,0,-0.000740197672739579,-0.00662073052539874,0.00662073052539874,1,1
sorting,170,0.02,0.96504893377071,0.96418104239071,0.96286065577393,-0.00132038661678013,0.1622,0.1622,0.296,0.716399506781751,0.283600493218249,0.508108108108108,0.491891891891892,0.000367143962167375,0.00145653017694635,0.000465100748348202,0.00071921203729601,-0.0163262188122474,0.1338,669,0.0342,0.0996,171,498,0.255605381165919,0.744394618834081,0.000298737739724974,-0.00161912435650506,-0.00986836036457465,0.0143337974307178,0.96696574213463,0.159860681555035
sorting,170,0.05,0.96504893377071,0.962229344824829,0.96245875367129,0.000229408846461832,0.1622,0.1622,0.1212,0.526510480887793,0.473489519112207,0.570957095709571,0.429042904290429,0.00196789192034634,0.00331140286261232,0.000657527928869356,0.00186671758076862,0.00528851371507222,0.041,205,0.0248,0.0162,124,81,0.604878048780488,0.395121951219512,0.000618435761856083,-0.00038902691539422,-0.00559533771858202,0.0245722604207391,0.880128086181123,0.0614352774024599
sorting,170,0.08,0.96504893377071,0.960491487944381,0.961553074238526,0.00106158629414477,0.1622,0.1622,0.0342,0.430332922318126,0.569667077681874,0.578947368421053,0.421052631578947,0.00446841491827012,0.00599546848384223,0.000780153277710937,0.0014434816501068,0.0365828454155738,0.128,640,0.078,0.05,390,250,0.609375,0.390625,0.00239507024057908,-0.0013334839464343,-0.0082936429230061,0.029129329586042,0.793766941030678,0.131520447437616
sorting,170,0.12,0.96504893377071,0.959300416838283,0.961270203649763,0.00196978681147941,0.1622,0.1622,0.0444,0.366214549938348,0.633785450061652,0.490990990990991,0.509009009009009,0.00869859831978785,0.00999778775344189,0.00108487380867823,0.000558162222709954,0.0295144685916959,0.1178,589,0.0802,0.0376,401,188,0.68081494057725,0.31918505942275,0.00299803636037449,-0.00102824954889501,-0.0167214500125593,0.0341789975319992,0.716245238441809,0.104261101868159
sorting,171,0,0.966529398517353,0.966529398517353,0.96651575798596,-1.36405313928556e-05,0.1572,0.1572,0.142,1,0,1,0,0,0.00195467938890575,0.000188074341719996,0.000386782315787135,0.00202794557846042,0.0152,76,0,0.0152,0,76,0,1,0,-1.36405313928959e-05,0.000897403381111572,0.000897403381111572,1,1
sorting,171,0.02,0.966529398517353,0.965656121813519,0.964898901092125,-0.000757220721394503,0.1572,0.1572,0.25,0.725190839694657,0.274809160305344,0.5712,0.4288,0.000375729235617165,0.00245480632943645,0.000148788809431624,0.000576702846334367,-0.0130168120282256,0.0928,464,0.0288,0.064,144,320,0.310344827586207,0.689655172413793,0.000295151992666476,-0.00105237271406096,-0.00815970604950951,0.014520740374218,0.970157121622285,0.229728496025101
sorting,171,0.05,0.966529398517353,0.963883558943994,0.964046318900774,0.000162759956779501,0.1572,0.1572,0.1478,0.547073791348601,0.4529262086514,0.565629228687415,0.434370771312585,0.00193697028217506,0.00440345874593652,2.92791047398855e-05,0.000340503388565398,0.00111045060740045,0.0094,47,0.007,0.0024,35,12,0.74468085106383,0.25531914893617,0.000206996657195525,-4.42367004159651e-05,-0.0173148890191021,0.0267269529373926,0.895136770749471,0.0521507863089732
sorting,171,0.08,0.966529398517353,0.96242756784211,0.963190327244085,0.000762759401975233,0.1572,0.1572,0.04,0.447837150127226,0.552162849872774,0.57,0.43,0.00439468060950866,0.00573980123076422,0.000372474581869405,0.000705125425563706,0.0354052218161527,0.1172,586,0.0696,0.0476,348,238,0.593856655290102,0.406143344709898,0.0021082380815909,-0.00134547867961576,-0.00650818602367866,0.0294685730478384,0.811392922567717,0.166884850414803
sorting,171,0.12,0.966529398517353,0.961140753077931,0.962683105932853,0.00154235285492177,0.1572,0.1572,0.0074,0.404580152671756,0.595419847328244,0.486486486486487,0.513513513513514,0.00867843988332129,0.00912471688984352,0.00109858956652598,0.000719622850524345,0.0924898377162405,0.1498,749,0.0898,0.06,449,300,0.599465954606142,0.400534045393859,0.00342829082891683,-0.00188593797399507,-0.010296080473443,0.0354754926763144,0.715888348059534,0.187814169338084
sorting,172,0,0.967181287709052,0.967181287709052,0.966873851677206,-0.00030743603184602,0.1646,0.1646,0.0998,1,0,1,0,0,0.00149662029805021,0.00104233557476959,0.00133813883014769,0.0111264317661227,0.0648,324,0,0.0648,0,324,0,1,0,-0.000307436031846012,0.00474438320750018,0.00474438320750018,1,1
sorting,172,0.02,0.967181287709052,0.966280514137143,0.966252650272531,-2.78638646118434e-05,0.1646,0.1646,0.1688,0.715674362089915,0.284325637910085,0.706161137440758,0.293838862559242,0.000371287532953471,0.00225212217262702,0.00170336649869765,0.00116300415383779,-0.000416583579971097,0.0042,21,0.0014,0.0028,7,14,0.333333333333333,0.666666666666667,1.38958703941427e-05,-4.17597350059695e-05,-0.00663425347900639,0.0132513346190743,0.967207789248311,0.224675324675325
sorting,172,0.05,0.967181287709052,0.964584670151336,0.96476001055977,0.000175340408433811,0.1646,0.1646,0.1214,0.547995139732685,0.452004860267315,0.583196046128501,0.416803953871499,0.00190077634882829,0.00296412559480592,0.0014979835335084,0.000965785807462731,0.00632483842764375,0.0432,216,0.0238,0.0194,119,97,0.550925925925926,0.449074074074074,0.000597390836751966,-0.000422050428318183,-0.00405880575078201,0.0235981774321794,0.882219279512771,-0.0317805641886662
sorting,172,0.08,0.967181287709052,0.963107320258499,0.963439830081051,0.000332509822552507,0.1646,0.1646,0.0076,0.454434993924666,0.545565006075334,0.526315789473684,0.473684210526316,0.00410636258375618,0.00538907995664767,0.00138656669292631,0.00127980619920674,0.0799997002048625,0.157,785,0.0862,0.0708,431,354,0.549044585987261,0.450955414012739,0.00241400985264968,-0.00208150003009721,-0.00211789695893291,0.0286338209092158,0.813691320771653,0.176564027176485
sorting,172,0.12,0.967181287709052,0.961478462670257,0.963526378348229,0.00204791567797247,0.1646,0.1646,0.015,0.382746051032807,0.617253948967193,0.586666666666667,0.413333333333333,0.00818196175738558,0.00921266926790059,0.00161219429161806,0.0012119308435977,0.0582712957234061,0.1496,748,0.0954,0.0542,477,271,0.637700534759358,0.362299465240642,0.00352996305113747,-0.00148204737316507,-0.0136892759222754,0.0335027434779582,0.714958092374324,0.0723305321555386
sorting,173,0,0.965155743413243,0.965155743413243,0.964979172869112,-0.00017657054413156,0.1614,0.1614,0.2146,1,0,0.752096924510718,0.247903075489282,0,0.000960677960435533,0.00038169531517448,0.000616067232901609,-0.00655708735636118,0.0532,266,0,0.0532,0,266,0,1,0,-0.000176570544131577,-0.00331899519044318,0.00331899519044318,1,1
sorting,173,0.02,0.965155743413243,0.964172691618116,0.963723541898491,-0.000449149719625286,0.1614,0.1614,0.2378,0.705080545229244,0.294919454770756,0.593776282590412,0.406223717409588,0.000359562938777142,0.00152667364486906,0.000732607981777947,0.00106699639891883,-0.00954537816658851,0.0764,382,0.0274,0.049,137,245,0.358638743455497,0.641361256544503,0.000266071241584301,-0.000715220961209635,-0.00587892303174521,0.0128441387800253,0.96752526068501,0.163709627680352
sorting,173,0.05,0.965155743413243,0.96244686664487,0.962737599657,0.000290733012130229,0.1614,0.1614,0.135,0.52912019826518,0.47087980173482,0.568888888888889,0.431111111111111,0.00185112652792741,0.00260113950791008,0.000672267185157704,0.000829799291773203,0.00386256287728415,0.0264,132,0.0178,0.0086,89,43,0.674242424242424,0.325757575757576,0.000421084742016395,-0.000130351729886183,-0.0110126140958414,0.0208877451478249,0.890658196138328,0.0107746813251032
sorting,173,0.08,0.965155743413243,0.960990597289804,0.960192781113097,-0.000797816176707267,0.1614,0.1614,0.215,0.420074349442379,0.579925650557621,0.402790697674419,0.597209302325581,0.00432511376189487,0.0055387642102032,0.00113192241207084,0.00195265305714411,-0.00664298168369082,0.0536,268,0.0188,0.0348,94,174,0.350746268656716,0.649253731343284,0.000410262266237614,-0.00120807844294488,-0.0148846301624489,0.0301929236787778,0.812542204469688,-0.0086007454893778
sorting,173,0.12,0.965155743413243,0.959190182722967,0.961636157338052,0.00244597461508478,0.1614,0.1614,0.0236,0.379182156133829,0.620817843866171,0.525423728813559,0.474576271186441,0.00857521412739121,0.00863515422452843,0.00139764299148844,0.00117617252568474,0.0416594967382662,0.1378,689,0.089,0.0488,445,244,0.645863570391872,0.354136429608128,0.00359307057611074,-0.00114709596102597,-0.0177501786290622,0.0343988863362606,0.718090966291639,0.116609372179607
sorting,174,0,0.965104036006708,0.965104036006708,0.964852341631519,-0.000251694375189238,0.1592,0.1592,0.1,1,0,1,0,0,0.00239772546125184,0.000377656784500875,0.000491110413419897,0.00926344539551505,0.0592,296,0,0.0592,0,296,0,1,0,-0.00025169437518928,0.00425159417549459,0.00425159417549459,1,1
sorting,174,0.02,0.965104036006708,0.964116653625672,0.964061839470338,-5.48141553337045e-05,0.1592,0.1592,0.1792,0.698492462311558,0.301507537688442,0.668526785714286,0.331473214285714,0.000360747663864907,0.00212407993220138,0.000416669613758893,0.000543293900801707,-0.00234106041753224,0.02,100,0.0086,0.0114,43,57,0.43,0.57,8.59588173630771e-05,-0.000140772972696817,-0.00274070776668701,0.0113365895029947,0.96679774548791,0.0176177617761776
sorting,174,0.05,0.965104036006708,0.962449901103716,0.962518486947229,6.85858435129916e-05,0.1592,0.1592,0.043,0.527638190954774,0.472361809045226,0.641860465116279,0.358139534883721,0.00186188125888581,0.00265935189589106,0.000804176494897092,0.000687218734302839,0.0264053191958549,0.1162,581,0.0598,0.0564,299,282,0.514629948364888,0.485370051635112,0.00125712137996599,-0.00118853553645301,-0.000590239617151248,0.0210469614149656,0.888343467085739,0.151037688920325
sorting,174,0.08,0.965104036006708,0.960913205326769,0.961071464468124,0.000158259141355255,0.1592,0.1592,0.1508,0.423366834170854,0.576633165829146,0.428381962864721,0.571618037135279,0.00422760230182347,0.0050842396760406,0.000798040626245351,0.000597183205280923,0.00138419774223608,0.0084,42,0.0056,0.0028,28,14,0.666666666666667,0.333333333333333,0.000189107441575471,-3.08483002202514e-05,-0.0188403739708595,0.0261852073566336,0.80872201487688,-0.14204683575075
sorting,174,0.12,0.965104036006708,0.959642904001711,0.961783653951321,0.00214074994961,0.1592,0.1592,0.0314,0.380653266331658,0.619346733668342,0.509554140127389,0.490445859872612,0.0084210564497306,0.00905213330384005,0.00171191835846873,0.000817336035520137,0.0356387503583518,0.1278,639,0.0832,0.0446,416,223,0.651017214397496,0.348982785602504,0.00317631756255284,-0.00103556761294282,-0.0167507820783257,0.0329568480085733,0.721255624850225,0.0703277922498418
sorting,175,0,0.964983322530075,0.964983322530075,0.964948566060548,-3.47564695271085e-05,0.1546,0.1546,0.179,1,0,0.863687150837989,0.136312849162011,0,0.00266353039159578,0.000498778066280493,0.00077018757971813,-0.00297901740513806,0.0244,122,0,0.0244,0,122,0,1,0,-3.47564695271334e-05,-0.0014244454724235,0.0014244454724235,1,1
sorting,175,0.02,0.964983322530075,0.964124917423962,0.964124819205112,-9.82188506082338e-08,0.1546,0.1546,0.1328,0.705045278137128,0.294954721862872,0.745481927710844,0.254518072289157,0.000357769165039759,0.00287741756485048,0.00090750414164675,0.00035402438593084,0.00282777473495488,0.0218,109,0.0118,0.01,59,50,0.541284403669725,0.458715596330275,0.000140221009411624,-0.000140319228262187,4.50545186068313e-06,0.0128688182419179,0.968357379502295,0.069965712167547
sorting,175,0.05,0.964983322530075,0.962282730219392,0.961533403245703,-0.000749326973688236,0.1546,0.1546,0.2264,0.517464424320828,0.482535575679172,0.463780918727915,0.536219081272085,0.00188271469483468,0.00328823220942581,0.00148301582014355,0.00111517665869761,-0.00914615536506103,0.0718,359,0.025,0.0468,125,234,0.348189415041783,0.651810584958217,0.000441849830855369,-0.00119117680454365,-0.010436308825742,0.0227441035570894,0.892201461096058,0.0419518318523936
sorting,175,0.08,0.964983322530075,0.96094746363274,0.961831705847385,0.000884242214644893,0.1546,0.1546,0.0248,0.45019404915912,0.54980595084088,0.669354838709677,0.330645161290323,0.00423360290604824,0.00485293452909332,0.000625867213638834,0.000932355538931467,0.0451106629390216,0.1298,649,0.0768,0.053,384,265,0.591679506933744,0.408320493066256,0.00229647470413035,-0.00141223248948544,-0.00681234371837375,0.0285724745270862,0.818418723744749,0.142426832426832
sorting,175,0.12,0.964983322530075,0.959431811354101,0.961029929177475,0.00159811782337405,0.1546,0.1546,0.05,0.338939197930142,0.661060802069858,0.396,0.604,0.00841281694244704,0.00857011466871581,0.00128734045810876,0.000928994815463775,0.0248872118192014,0.1046,523,0.072,0.0326,360,163,0.688336520076482,0.311663479923518,0.00240604521706741,-0.000807927393693391,-0.0152783730724094,0.0307263155904475,0.718158813910353,0.134635661895528
sorting,176,0,0.964382130364778,0.964382130364778,0.964333934043938,-4.81963208399661e-05,0.1598,0.1598,0.133,1,0,1,0,0,0.00109719357699996,0.00033026459647863,0.000885378067425737,0.00333333603551678,0.0268,134,0,0.0268,0,134,0,1,0,-4.81963208399426e-05,0.00179837018059487,0.00179837018059487,1,1
sorting,176,0.02,0.964382130364778,0.963585660568999,0.962721063160413,-0.00086459740858591,0.1598,0.1598,0.036,0.723404255319149,0.276595744680851,0.966666666666667,0.0333333333333333,0.000376181772201316,0.00136282344796559,0.000531120694337158,0.000663942164940326,0.0309386843532932,0.1238,619,0.043,0.0808,215,404,0.347334410339257,0.652665589660743,0.000436379465217611,-0.00130097687380351,0.00698382397888444,0.0140335730130946,0.968945725221829,0.336808962659129
sorting,176,0.05,0.964382130364778,0.961843208862135,0.961837014060328,-6.1948018070801e-06,0.1598,0.1598,0.158,0.536921151439299,0.463078848560701,0.537974683544304,0.462025316455696,0.001949129011842,0.00285146354386622,0.000513426096894491,0.000553764575388434,0.00031156287700107,0.0018,9,0.001,8e-04,5,4,0.555555555555556,0.444444444444444,1.67626671127634e-05,-2.29574689198463e-05,0.00344155655949047,0.0220667422403387,0.891178234783129,-0.316666666666667
sorting,176,0.08,0.964382130364778,0.960304469753941,0.961205673891426,0.000901204137484513,0.1598,0.1598,0.049,0.413016270337922,0.586983729662078,0.489795918367347,0.510204081632653,0.00419690744734108,0.00554864547615775,0.000468435936615726,0.000487557461297973,0.0229254119435327,0.1108,554,0.0688,0.042,344,210,0.620938628158845,0.379061371841155,0.00197060874212281,-0.00106940460463828,-0.00813361134913839,0.0274369435628257,0.812821790848872,0.033911092988916
sorting,176,0.12,0.964382130364778,0.958728668296014,0.960150142823731,0.0014214745277169,0.1598,0.1598,0.091,0.37171464330413,0.62828535669587,0.410989010989011,0.589010989010989,0.00877335412507579,0.00924891047230741,0.000761759453222317,0.000818826128570046,0.0103757201380595,0.0688,344,0.0468,0.022,234,110,0.680232558139535,0.319767441860465,0.00196800145802543,-0.000546526930308518,-0.0206609669726295,0.036548377737412,0.715240716385629,-0.022389432444941
sorting,177,0,0.966139771134639,0.966139771134639,0.966132981622864,-6.78951177557341e-06,0.167,0.167,0.1764,1,0,0.94671201814059,0.0532879818594104,0,0.00158038732169881,0.000246590466608759,0.00039009127595397,-0.00121010419116807,0.0094,47,0,0.0094,0,47,0,1,0,-6.78951177555465e-06,-0.000722288486761133,0.000722288486761133,1,1
sorting,177,0.02,0.966139771134639,0.96520894975762,0.964920745059679,-0.000288204697941108,0.167,0.167,0.2178,0.723353293413174,0.276646706586826,0.642791551882461,0.357208448117539,0.000368461700503968,0.00164291773329732,0.000349188511556988,0.000236271090477583,-0.00685543440837788,0.0508,254,0.0192,0.0316,96,158,0.377952755905512,0.622047244094488,0.000157148713206028,-0.000445353411147188,-0.00567332082561339,0.0118602780384491,0.967261077602443,0.0882508554135918
sorting,177,0.05,0.966139771134639,0.96347411247359,0.958900751235543,-0.00457336123804708,0.167,0.167,0.3872,0.54251497005988,0.45748502994012,0.380681818181818,0.619318181818182,0.00186705412195162,0.00335425839337396,0.000821252486480556,0.00063581480502063,-0.0304259773182118,0.2202,1101,0.0568,0.1634,284,817,0.25794732061762,0.74205267938238,0.000916844724034064,-0.00549020596208109,-0.0207691246051182,0.0290965062948009,0.887772550646902,0.238930168176671
sorting,177,0.08,0.966139771134639,0.962001847286549,0.962756893435959,0.000755046149409688,0.167,0.167,0.088,0.468263473053892,0.531736526946108,0.536363636363636,0.463636363636364,0.00420127945072014,0.0108324370653906,0.000541411688838483,0.000848299518431469,0.0122571049525138,0.079,395,0.048,0.031,240,155,0.607594936708861,0.392405063291139,0.00142537083439989,-0.000670324684990181,-0.00955754619505961,0.0265277913846844,0.812073461218938,0.0341892873345678
sorting,177,0.12,0.966139771134639,0.960243131991167,0.962307990940551,0.00206485894938402,0.167,0.167,0.051,0.353293413173653,0.646706586826347,0.435294117647059,0.564705882352941,0.00827110612489193,0.0113137465268133,0.00137473476330432,0.000827047507905679,0.0256119440900168,0.116,580,0.0792,0.0368,396,184,0.682758620689655,0.317241379310345,0.00301875320161545,-0.000953894252231405,-0.0178005081843452,0.0342469608090246,0.717933977101359,0.0802847726698929
sorting,178,0,0.963721803206784,0.963721803206784,0.963306904578645,-0.000414898628139593,0.1588,0.1588,0.2392,1,0,0.663879598662207,0.336120401337793,0,0.00243952429023665,0.000442276167963155,0.00135632616554243,-0.0103113183168227,0.0804,402,0,0.0804,0,402,0,1,0,-0.000414898628139683,-0.00516043069825477,0.00516043069825477,1,1
sorting,178,0.02,0.963721803206784,0.962850574299119,0.96180804602059,-0.0010425282785288,0.1588,0.1588,0.2774,0.710327455919396,0.289672544080605,0.535688536409517,0.464311463590483,0.000358003617763807,0.00250398593764425,0.000525889499137776,0.00101555609093858,-0.0153940643853021,0.1186,593,0.0358,0.0828,179,414,0.30185497470489,0.69814502529511,0.000338404336714831,-0.00138093261524358,-0.00879028902638071,0.0144969388866645,0.969137049869482,0.2263885838928
sorting,178,0.05,0.963721803206784,0.961077372668599,0.961138703401421,6.13307328219959e-05,0.1588,0.1588,0.1482,0.527707808564232,0.472292191435768,0.535762483130904,0.464237516869096,0.0019838877582882,0.00390722026537221,0.000614709594299269,0.00147514715584151,0.00120416616592789,0.0106,53,0.0062,0.0044,31,22,0.584905660377359,0.415094339622642,0.000162992726493708,-0.000101661993671731,-0.00578591819075254,0.0249674264307018,0.888628351417134,-0.0927269795194323
sorting,178,0.08,0.963721803206784,0.959571374353993,0.959156377995672,-0.000414996358321318,0.1588,0.1588,0.1796,0.435768261964736,0.564231738035265,0.413140311804009,0.586859688195991,0.00437249218223941,0.00528066960217529,0.000721266495207483,0.000797311546473546,-0.00254110221916348,0.0208,104,0.005,0.0158,25,79,0.240384615384615,0.759615384615385,9.52203705040195e-05,-0.000510216728825315,-0.0199517479962162,0.0291075528523719,0.809796514311861,0.0555851915075216
sorting,178,0.12,0.963721803206784,0.958181125754484,0.960415294057366,0.00223416830288148,0.1588,0.1588,0.0074,0.3727959697733,0.6272040302267,0.621621621621622,0.378378378378378,0.00861527048843119,0.00915048104433299,0.00137171206098788,0.00113288064085767,0.076039085650728,0.1514,757,0.0968,0.0546,484,273,0.639365918097754,0.360634081902246,0.00369204591204495,-0.00145787760916344,-0.0147567259107101,0.0340153469036222,0.719138880157555,0.0563886727049887
sorting,179,0,0.965573344740232,0.965573344740232,0.96552979830453,-4.35464357012583e-05,0.177,0.177,0.2038,1,0,0.868498527968597,0.131501472031403,0,0.000988917696808923,0.000177747419468193,0.000403405074199017,-0.0030939727077135,0.0268,134,0,0.0268,0,134,0,1,0,-4.35464357013176e-05,-0.00162486700378051,0.00162486700378051,1,1
sorting,179,0.02,0.965573344740232,0.964591295475516,0.964622264770568,3.09692950526408e-05,0.177,0.177,0.1204,0.719774011299435,0.280225988700565,0.810631229235881,0.18936877076412,0.000372827260145615,0.00169026031341845,0.000199514277165688,0.000300074097272815,0.00675046032785165,0.0566,283,0.0268,0.0298,134,149,0.473498233215548,0.526501766784452,0.000353917398603881,-0.000322948103551204,-0.000547160689976639,0.0119587544550368,0.964139556549582,0.0583319479314803
sorting,179,0.05,0.965573344740232,0.962810484002694,0.963085857042778,0.00027537304008407,0.177,0.177,0.101,0.554802259887006,0.445197740112994,0.633663366336634,0.366336633663366,0.00191723430491123,0.00261126434627288,0.000142914848723086,0.000196355045103256,0.00982849299239552,0.076,380,0.0418,0.0342,209,171,0.55,0.45,0.000960842864678792,-0.000685469824594625,-0.00362332947479168,0.0216620090693871,0.883567715054709,0.105524276483909
sorting,179,0.08,0.965573344740232,0.961373709696331,0.959819892852304,-0.00155381684402689,0.177,0.177,0.2512,0.456497175141243,0.543502824858757,0.406847133757962,0.593152866242038,0.00409341140446937,0.00506926536230382,0.00048400728858007,0.00048480910936288,-0.00925904672913902,0.0742,371,0.0214,0.0528,107,264,0.288409703504043,0.711590296495957,0.000362547976327535,-0.00191636482035444,-0.0209409278170742,0.030713110467412,0.803884325755373,0.0419307839271321
sorting,179,0.12,0.965573344740232,0.959215783320149,0.961741426390731,0.00252564307058178,0.177,0.177,0.0172,0.393220338983051,0.606779661016949,0.476744186046512,0.523255813953488,0.00813304472048104,0.00824190304267092,0.000996195248250314,0.000464193072863774,0.0540707797493619,0.1598,799,0.0984,0.0614,492,307,0.615769712140175,0.384230287859825,0.00409724865013864,-0.00157160557955679,-0.0158050254729778,0.035474682288457,0.697007061544282,0.0715727601230862
sorting,180,0,0.965885653974538,0.965885653974538,0.96573416191772,-0.00015149205681797,0.16,0.16,0.1138,1,0,1,0,0,0.000891594245362117,0.000779617561121118,0.00187263807969758,0.00720526706721847,0.0462,231,0,0.0462,0,231,0,1,0,-0.000151492056818054,0.00327904884887562,0.00327904884887562,1,1
sorting,180,0.02,0.965885653974538,0.964999780041009,0.964510626305941,-0.000489153735067749,0.16,0.16,0.0596,0.72,0.28,0.932885906040269,0.0671140939597315,0.000378138127306292,0.00161486145814415,0.000584756995637624,0.0011946157431854,0.0241245281385748,0.1004,502,0.0408,0.0596,204,298,0.406374501992032,0.593625498007968,0.00047441832956397,-0.000963572064631769,0.00487204915406175,0.0143226134880054,0.966402544096102,0.275904749948196
sorting,180,0.05,0.965885653974538,0.963411483020067,0.963671335545119,0.000259852525052451,0.16,0.16,0.1196,0.54375,0.45625,0.593645484949833,0.406354515050167,0.00191334747289169,0.00308446154936946,0.000702439054304861,0.00027168237825258,0.00596507811647773,0.0404,202,0.0244,0.016,122,80,0.603960396039604,0.396039603960396,0.000548730978997812,-0.000288878453945405,-0.00643199319436651,0.0207329067560202,0.890817634192705,-0.0149763303659239
sorting,180,0.08,0.965885653974538,0.961452625927892,0.96211395486905,0.000661328941157668,0.16,0.16,0.1118,0.43,0.57,0.461538461538462,0.538461538461538,0.00437118840547346,0.00483543034502328,0.000692154325458744,0.000622162999920615,0.00753312389021343,0.0482,241,0.031,0.0172,155,86,0.643153526970954,0.356846473029046,0.00104289272407514,-0.000381563782917429,-0.0137205174514047,0.0295530395641611,0.79943176224927,0.0001886080724255
sorting,180,0.12,0.965885653974538,0.959875269842288,0.962098812130519,0.00222354228823118,0.16,0.16,0.01,0.375,0.625,0.54,0.46,0.00830527751199972,0.00803607678460687,0.000932818138378154,0.000691667208864242,0.0706826151873342,0.15,750,0.0954,0.0546,477,273,0.636,0.364,0.00367318623712547,-0.00144964394889434,-0.0148236152548742,0.0341522012401321,0.716320092716804,0.120359453083472
sorting,181,0,0.964571580106841,0.964571580106841,0.964520875229731,-5.07048771103413e-05,0.1578,0.1578,0.1864,1,0,0.84656652360515,0.15343347639485,0,0.000753563182603452,0.000391931189763093,0.000510712348655429,-0.00346149897343606,0.0286,143,0,0.0286,0,143,0,1,0,-5.07048771103742e-05,-0.00177289780106203,0.00177289780106203,1,1
sorting,181,0.02,0.964571580106841,0.963704361179897,0.96372281815881,1.84569789133393e-05,0.1578,0.1578,0.1464,0.713561470215463,0.286438529784537,0.740437158469945,0.259562841530055,0.000375731404602027,0.000874964096973059,0.00023869130772059,6.96775180543452e-05,0.00132599616344664,0.0114,57,0.0072,0.0042,36,21,0.631578947368421,0.368421052631579,7.55229505854141e-05,-5.70659716720661e-05,-0.00161903323801298,0.0116306072155684,0.968890696387628,0.0689655172413793
sorting,181,0.05,0.964571580106841,0.962090077449801,0.962338395070129,0.00024831762032862,0.1578,0.1578,0.1272,0.543726235741445,0.456273764258555,0.588050314465409,0.411949685534591,0.00196911790836719,0.00241058422145374,0.00052508694275072,0.000311757836078628,0.00423168071603086,0.0306,153,0.0196,0.011,98,55,0.640522875816993,0.359477124183007,0.000443504436420614,-0.000195186816092049,-0.0081149549126982,0.0208722631540086,0.892278693483148,0.0866035409379063
sorting,181,0.08,0.964571580106841,0.960305677294807,0.961076241266306,0.000770563971498994,0.1578,0.1578,0.002,0.422053231939164,0.577946768060837,0.7,0.3,0.00438970660558597,0.00454078396106109,0.00101400920976583,0.000127543886327051,0.103550804309491,0.1558,779,0.0906,0.0652,453,326,0.581514762516046,0.418485237483954,0.00257038754821209,-0.00179982357671308,-0.00494585347560339,0.0280501355900203,0.809272345074894,0.163710059620709
sorting,181,0.12,0.964571580106841,0.959062340223194,0.961029787808625,0.00196744758543121,0.1578,0.1578,0,0.385297845373891,0.614702154626109,,,0.00842594990732205,0.00829297669703101,0.00182207507184976,0.000581827895569745,Inf,0.1578,789,0.097,0.0608,485,304,0.614702154626109,0.385297845373891,0.0035799231836352,-0.00161247559820398,-0.0124679821636959,0.0329049352461292,0.72714099196564,0.135505753751036
sorting,182,0,0.967451348561539,0.967451348561539,0.967423103862255,-2.82446992834196e-05,0.1712,0.1712,0.1948,1,0,0.878850102669405,0.121149897330596,0,0.000908719199412151,0.000346947088999948,0.000351275970818895,-0.00255738022878671,0.0236,118,0,0.0236,0,118,0,1,0,-2.82446992833743e-05,-0.0011968092916684,0.0011968092916684,1,1
sorting,182,0.02,0.967451348561539,0.966552034388025,0.966550809859106,-1.22452891893055e-06,0.1712,0.1712,0.1722,0.72196261682243,0.27803738317757,0.720092915214866,0.279907084785134,0.000357888228793202,0.00115444612207039,0.000344801844372979,0.000482621029726512,-8.02741870941093e-05,0.001,5,4e-04,6e-04,2,3,0.4,0.6,6.32338306551583e-06,-7.54791198443789e-06,-0.00122452891892206,0.0138712950499537,0.967664766258591,0.9
sorting,182,0.05,0.967451348561539,0.964657310172603,0.964957289843554,0.0002999796709513,0.1712,0.1712,0.0806,0.553738317757009,0.446261682242991,0.682382133995037,0.317617866004963,0.00191325954766754,0.00239712867960525,0.000405315631109493,0.000671724147689944,0.0160102373301081,0.0906,453,0.0508,0.0398,254,199,0.560706401766004,0.439293598233996,0.00120010351521325,-0.000900123844262005,-0.00331103389570909,0.0231813174335017,0.884967073510683,0.153131269684437
sorting,182,0.08,0.967451348561539,0.962678270169558,0.963922013816387,0.00124374364682878,0.1712,0.1712,0.0594,0.428738317757009,0.571261682242991,0.572390572390572,0.427609427609428,0.00453737871658945,0.00584528054375166,0.000561676768588876,0.00183174522994696,0.0238614058687172,0.1118,559,0.0724,0.0394,362,197,0.647584973166369,0.352415026833631,0.00222669785560667,-0.000982954208777886,-0.0111247195601859,0.0287088735633681,0.79598824412753,0.162557672385129
sorting,182,0.12,0.967451348561539,0.960909959837196,0.963289319537342,0.00237935970014591,0.1712,0.1712,0.0242,0.379672897196262,0.620327102803738,0.512396694214876,0.487603305785124,0.00833834780871866,0.00822510419520239,0.0012326416703195,0.00069746937451201,0.0545664613763692,0.147,735,0.0944,0.0526,472,263,0.642176870748299,0.357823129251701,0.00394188166025685,-0.00156252196011088,-0.0161861204091563,0.0374449225875356,0.707738817205553,0.15680633762805
sorting,183,0,0.966507449225317,0.966507449225317,0.966372491718439,-0.000134957506877975,0.163,0.163,0.2106,1,0,0.773979107312441,0.226020892687559,0,0.00170111893846124,0.000830781489489872,0.00206585219616385,-0.00586815417058495,0.0476,238,0,0.0476,0,238,0,1,0,-0.000134957506877911,-0.00283524174113258,0.00283524174113258,1,1
sorting,183,0.02,0.966507449225317,0.96560709341623,0.965519110418011,-8.79829982188829e-05,0.163,0.163,0.1868,0.720245398773006,0.279754601226994,0.67558886509636,0.32441113490364,0.000368834976920658,0.00228910355481083,0.000969744395067986,0.00156506080467493,-0.00292539278307979,0.0238,119,0.0088,0.015,44,75,0.369747899159664,0.630252100840336,0.000102487055196392,-0.000190470053415191,-0.00369676463104197,0.0123091222105707,0.966424807840992,0.184076342401367
sorting,183,0.05,0.966507449225317,0.963892698199639,0.962793536648264,-0.00109916155137468,0.163,0.163,0.2526,0.550920245398773,0.449079754601227,0.463974663499604,0.536025336500396,0.00199554499018904,0.00314500166538202,0.000931063115021045,0.00146286360836846,-0.0110696364037515,0.0896,448,0.0274,0.0622,137,311,0.305803571428571,0.694196428571429,0.000513910969498783,-0.00161307252087344,-0.012267428028735,0.0237386550264757,0.886342177373687,0.0110879455143741
sorting,183,0.08,0.966507449225317,0.962031448091927,0.9621106581013,7.92100093719439e-05,0.163,0.163,0.1612,0.41840490797546,0.58159509202454,0.420595533498759,0.579404466501241,0.00431290812707092,0.0049819737002987,0.00118590234698597,0.00130013083447699,0.000401721458428761,0.0018,9,0.0014,4e-04,7,2,0.777777777777778,0.222222222222222,8.46791815926374e-05,-5.46917222068843e-06,-0.0440055607621939,0.050082418785181,0.800539417205577,0.233333333333333
sorting,183,0.12,0.966507449225317,0.960424525178886,0.962337477023761,0.00191295184487494,0.163,0.163,0.0692,0.376687116564417,0.623312883435583,0.427745664739884,0.572254335260116,0.0082702048911294,0.00859607938147045,0.000973643087454639,0.00104103610799128,0.0184480359576769,0.0938,469,0.062,0.0318,310,159,0.660980810234542,0.339019189765458,0.0026069438318945,-0.000693991987019588,-0.0203939429091142,0.035191213421259,0.715122888956915,0.12835181120351
sorting,184,0,0.965122417309634,0.965122417309634,0.963966397315487,-0.00115601999414705,0.1578,0.1578,0.2926,1,0,0.539302802460697,0.460697197539303,0,0.00110813661371137,0.000241341852556418,0.00121679879184303,-0.0168732687401114,0.1348,674,0,0.1348,0,674,0,1,0,-0.00115601999414704,-0.00857581598031926,0.00857581598031926,1,1
sorting,184,0.02,0.965122417309634,0.964155796366185,0.96425454878663,9.8752420445547e-05,0.1578,0.1578,0.1322,0.699619771863118,0.300380228136882,0.762481089258699,0.237518910741301,0.000362532333027648,0.00164859245006083,0.000388512953049671,0.00100477222399473,0.00332764397802832,0.0256,128,0.016,0.0096,80,48,0.625,0.375,0.000205105669294523,-0.000106353248849034,-0.00385751642365191,0.0121663639899827,0.966622628616905,-0.0794268449002014
sorting,184,0.05,0.965122417309634,0.962584775754897,0.962864676102836,0.000279900347939455,0.1578,0.1578,0.072,0.527249683143219,0.472750316856781,0.633333333333333,0.366666666666667,0.00189517775267122,0.00312239246104916,0.00091121131419709,0.000369771463963177,0.0156704205042851,0.0858,429,0.0482,0.0376,241,188,0.561771561771562,0.438228438228438,0.00101762566599477,-0.000737725318055215,-0.00326224181747736,0.0204586361777388,0.887111859132474,0.10881261750638
sorting,184,0.08,0.965122417309634,0.96115933175009,0.962151588054166,0.000992256304075845,0.1578,0.1578,0.0582,0.43979721166033,0.560202788339671,0.556701030927835,0.443298969072165,0.00431779072152187,0.0054389311162625,0.000732815984010945,0.00112363920920141,0.0199140812850673,0.0996,498,0.0626,0.037,313,185,0.6285140562249,0.3714859437751,0.00188033010294724,-0.000888073798871373,-0.00996241269152474,0.0277952198977772,0.807659295890372,0.0704739337344782
sorting,184,0.12,0.965122417309634,0.95949884434039,0.960776244217442,0.00127739987705156,0.1578,0.1578,0.0986,0.357414448669202,0.642585551330799,0.393509127789047,0.606490872210953,0.00827788510960962,0.00814621057959849,0.00216194531885165,0.00100162541822297,0.0088019747056175,0.0592,296,0.0416,0.0176,208,88,0.702702702702703,0.297297297297297,0.00168242744322714,-0.000405027566175537,-0.0215777006258717,0.0352610643480182,0.71687925213117,0.0556050657745573
sorting,185,0,0.965009699103795,0.965009699103795,0.964883061021722,-0.000126638082072916,0.162,0.162,0.1182,1,0,1,0,0,0.0184769084131766,0.000591166860801988,0.00111865213345229,0.0061306786082086,0.0438,219,0,0.0438,0,219,0,1,0,-0.000126638082072927,0.0028912804126239,0.0028912804126239,1,1
sorting,185,0.02,0.965009699103795,0.964135645182652,0.964202552295858,6.6907113205783e-05,0.162,0.162,0.1292,0.722222222222222,0.277777777777778,0.786377708978328,0.213622291021672,0.000364793836975443,0.00747250646505852,0.000805129039757856,0.00105152854752769,0.00427697914347902,0.0328,164,0.0174,0.0154,87,77,0.530487804878049,0.469512195121951,0.000226559727280279,-0.000159652614074514,-0.00203985101237088,0.0117747665047193,0.969769451718778,0.0527552949818399
sorting,185,0.05,0.965009699103795,0.962375963936434,0.96270918224495,0.000333218308515737,0.162,0.162,0.0948,0.54320987654321,0.45679012345679,0.616033755274262,0.383966244725738,0.00188709955534112,0.00275555282917293,0.000323991962866928,0.000572810514186133,0.0103108809479151,0.0672,336,0.0376,0.0296,188,148,0.55952380952381,0.440476190476191,0.000927452098464029,-0.000594233789948252,-0.00495860578148479,0.0226441352442304,0.895215120288605,0.110421820528557
sorting,185,0.08,0.965009699103795,0.96115149410343,0.961289120275677,0.000137626172247107,0.162,0.162,0.1432,0.453086419753087,0.546913580246914,0.459497206703911,0.540502793296089,0.00445833569878218,0.00537503586302092,0.000370103956944771,0.00097787651830841,0.00259220551578199,0.0188,94,0.0112,0.0076,56,38,0.595744680851064,0.404255319148936,0.000320945369392531,-0.000183319197145437,-0.00732054107697306,0.0268225833264876,0.815975057567002,-0.011956796589965
sorting,185,0.12,0.965009699103795,0.959156933079818,0.959523058835927,0.000366125756109392,0.162,0.162,0.1456,0.376543209876543,0.623456790123457,0.376373626373626,0.623626373626374,0.00826261487818534,0.00894968028042803,0.00121373387182394,0.00105891088441497,0.00215818419649039,0.0164,82,0.0102,0.0062,51,31,0.621951219512195,0.378048780487805,0.000514920128532078,-0.000148794372422727,-0.0223247412261799,0.0404703963996832,0.734260639770425,-0.0983554815467834
sorting,186,0,0.965274610676326,0.965274610676326,0.964943760698066,-0.000330849978260384,0.1624,0.1624,0.096,1,0,1,0,0,0.00183283644280788,0.000915858214100068,0.000735311609458113,0.0105320138548057,0.0664,332,0,0.0664,0,332,0,1,0,-0.000330849978260318,0.00498268039548672,0.00498268039548672,1,1
sorting,186,0.02,0.965274610676326,0.964337356914012,0.964178020275144,-0.000159336638868579,0.1624,0.1624,0.0834,0.717980295566503,0.282019704433498,0.884892086330935,0.115107913669065,0.000359964495428508,0.00204205221231838,0.00129867623176465,0.000686764869839613,0.0141012880639833,0.079,395,0.0362,0.0428,181,214,0.458227848101266,0.541772151898734,0.000432735950618499,-0.00059207258948701,0.00201691947934824,0.0129722600013356,0.968080068035203,0.266792255913891
sorting,186,0.05,0.965274610676326,0.962854837153003,0.963114312899896,0.000259475746892446,0.1624,0.1624,0.1348,0.568965517241379,0.431034482758621,0.606824925816024,0.393175074183976,0.00195172877772542,0.00340939455541303,0.00147491394412278,0.000665869281000747,0.00412687865238259,0.0276,138,0.017,0.0106,85,53,0.615942028985507,0.384057971014493,0.000483304016071842,-0.000223828269179444,-0.00940129517726079,0.0256207349728727,0.888874417090977,-0.108735607515257
sorting,186,0.08,0.965274610676326,0.9610267098138,0.961858928873885,0.000832219060085238,0.1624,0.1624,0.0174,0.449507389162562,0.550492610837438,0.71264367816092,0.28735632183908,0.00431357536687714,0.0052295299504531,0.00140363651259515,0.000804074773924573,0.0601601467627309,0.145,725,0.0844,0.0606,422,303,0.582068965517241,0.417931034482759,0.00249837140661325,-0.00166615234652809,-0.00573944179369073,0.0287208534699403,0.814943897045756,0.180667549426967
sorting,186,0.12,0.965274610676326,0.959092592327564,0.961421216437469,0.0023286241099052,0.1624,0.1624,0.0208,0.375615763546798,0.624384236453202,0.490384615384615,0.509615384615385,0.00873641279693766,0.00948050542084101,0.00270054338448566,0.00108063908054761,0.0557331625984139,0.1416,708,0.0908,0.0508,454,254,0.641242937853107,0.358757062146893,0.00367349683625874,-0.00134487272635353,-0.0164450855219294,0.0354404630127986,0.714273647194946,0.123373544866346
sorting,187,0,0.964234126542699,0.964234126542699,0.964125174532712,-0.00010895200998684,0.1552,0.1552,0.1966,1,0,0.78942014242116,0.21057985757884,0,0.0015624996328941,0.000219210449555709,0.000964451881340048,-0.00531489166060006,0.0414,207,0,0.0414,0,207,0,1,0,-0.000108952009986855,-0.00263169106248443,0.00263169106248443,1,1
sorting,187,0.02,0.964234126542699,0.9634400861898,0.96332132380937,-0.000118762380430515,0.1552,0.1552,0.1788,0.710051546391753,0.289948453608247,0.665548098434004,0.334451901565996,0.00036050718711388,0.00189152209817739,0.000421289903532353,0.000880244753524035,-0.00290972040740334,0.0236,118,0.0088,0.0148,44,74,0.372881355932203,0.627118644067797,9.95795020962395e-05,-0.000218341882526709,-0.00503230425552838,0.0134712451111419,0.969697774179911,-0.0354869457561382
sorting,187,0.05,0.964234126542699,0.961612425582021,0.956524533728721,-0.0050878918532995,0.1552,0.1552,0.399,0.542525773195876,0.457474226804124,0.34937343358396,0.65062656641604,0.00195636811895174,0.00408699016941708,0.000712532377663731,0.00247913798174457,-0.0345578519760961,0.2438,1219,0.0552,0.1886,276,943,0.226415094339623,0.773584905660377,0.000944998287689446,-0.00603289014098896,-0.0208691216296125,0.0286213635302642,0.89297848992714,0.216579638244154
sorting,187,0.08,0.964234126542699,0.96017866124004,0.956146036603957,-0.00403262463608312,0.1552,0.1552,0.3244,0.438144329896907,0.561855670103093,0.346485819975339,0.653514180024661,0.00434132500461615,0.00574761117208953,0.000598062617704102,0.000932418866354204,-0.0216432160623923,0.1692,846,0.0444,0.1248,222,624,0.262411347517731,0.73758865248227,0.000906723743720793,-0.00493934837980391,-0.0238334789366615,0.0345512536851342,0.818147927509917,0.123757163334607
sorting,187,0.12,0.964234126542699,0.958461102930347,0.960821940243217,0.00236083731287018,0.1552,0.1552,0.0424,0.372422680412371,0.627577319587629,0.533018867924528,0.466981132075472,0.0087134198661557,0.00851591432626725,0.000961008638177233,0.000945456573967185,0.0318605015823514,0.1128,564,0.0776,0.0352,388,176,0.687943262411348,0.312056737588653,0.00334070974715238,-0.000979872434282149,-0.020929408802041,0.0383030335233557,0.725121864972874,0.0821075464876845
sorting,188,0,0.966285507198112,0.966285507198112,0.966270736928639,-1.47702694730523e-05,0.1634,0.1634,0.1474,1,0,1,0,0,0.000914647449105515,0.000639290005914724,0.00181944411226167,0.00170108829583382,0.016,80,0,0.016,0,80,0,1,0,-1.47702694730736e-05,0.000923141842067098,0.000923141842067098,1,1
sorting,188,0.02,0.966285507198112,0.965401312948575,0.965301028141316,-0.000100284807259099,0.1634,0.1634,0.106,0.717258261933905,0.282741738066096,0.830188679245283,0.169811320754717,0.000358414577666251,0.0011285255121489,0.00129709542445712,0.00168277034812515,0.00930774853045235,0.0574,287,0.0282,0.0292,141,146,0.491289198606272,0.508710801393728,0.000297194665394499,-0.000397479472653541,0.00174712207768366,0.0121023368997916,0.967798797623952,0.185175089138504
sorting,188,0.05,0.966285507198112,0.963781849216469,0.963946603150727,0.000164753934258521,0.1634,0.1634,0.0654,0.543451652386781,0.456548347613219,0.694189602446483,0.305810397553517,0.00188916343501751,0.00267249267263486,0.000824351847858201,0.00113128292474608,0.0194434245249084,0.098,490,0.0546,0.0434,273,217,0.557142857142857,0.442857142857143,0.00108621877928873,-0.000921464845030299,-0.00168116259447375,0.0204865675950921,0.891368986406759,0.0959010020611396
sorting,188,0.08,0.966285507198112,0.962317671983996,0.962919291775265,0.000601619791269381,0.1634,0.1634,0.0242,0.455324357405141,0.544675642594859,0.652892561983471,0.347107438016529,0.00431682495835617,0.00502725248108703,0.0020103284350029,0.00218178786368401,0.0463333088932171,0.1392,696,0.0806,0.0586,403,293,0.579022988505747,0.420977011494253,0.00218874546985375,-0.00158712567858435,-0.00432198125911923,0.027125511123837,0.810428300321132,0.164545361682257
sorting,188,0.12,0.966285507198112,0.96083789931076,0.960493088152009,-0.000344811158750846,0.1634,0.1634,0.176,0.379436964504284,0.620563035495716,0.370454545454546,0.629545454545455,0.00855672868910482,0.0086220636372576,0.00216018301413289,0.00171954060047468,-0.00141429180802766,0.0126,63,0.0032,0.0094,16,47,0.253968253968254,0.746031746031746,7.24388528670962e-05,-0.000417250011618002,-0.0273659649802306,0.0388641955940554,0.714351905342076,0.0270257296466974
sorting,189,0,0.963870348566799,0.963870348566799,0.963684564475277,-0.000185784091522478,0.1656,0.1656,0.2218,1,0,0.746618575293057,0.253381424706943,0,0.000877468708674109,0.000429382476568518,0.00030669392078652,-0.00672985609120236,0.0562,281,0,0.0562,0,281,0,1,0,-0.000185784091522511,-0.00330576675306958,0.00330576675306958,1,1
sorting,189,0.02,0.963870348566799,0.962963407096374,0.961967495255231,-0.000995911841143005,0.1656,0.1656,0.2826,0.725845410628019,0.274154589371981,0.542108987968861,0.457891012031139,0.000368011041699564,0.00108563165006557,0.000566531429206029,0.00035193846840122,-0.0147367957370244,0.117,585,0.033,0.084,165,420,0.282051282051282,0.717948717948718,0.000324977432396803,-0.00132088927353979,-0.00851206701831613,0.0140672368028769,0.966536947557478,0.152849955225008
sorting,189,0.05,0.963870348566799,0.9612666806316,0.961366916335793,0.000100235704193263,0.1656,0.1656,0.0726,0.545893719806763,0.454106280193237,0.658402203856749,0.341597796143251,0.00194025491152349,0.00236470846509163,0.000614400265714143,0.000434343614221975,0.0182425601906137,0.093,465,0.0504,0.0426,252,213,0.541935483870968,0.458064516129032,0.00101735829411871,-0.000917122589925397,-0.00107780327089587,0.0208008697209044,0.889845403081816,0.106518449206796
sorting,189,0.08,0.963870348566799,0.959639581155238,0.960386964052205,0.000747382896966853,0.1656,0.1656,0.0544,0.45048309178744,0.54951690821256,0.555147058823529,0.444852941176471,0.00434074336958233,0.0050728079722348,0.000729398031123885,0.000914437262301346,0.0256540904884148,0.1112,556,0.0668,0.0444,334,222,0.600719424460432,0.399280575539568,0.00204259433327505,-0.00129521143630813,-0.00672106921732841,0.0300162389351005,0.803067781210711,0.0843889883968414
sorting,189,0.12,0.963870348566799,0.95783495757509,0.958319488112611,0.000484530537520955,0.1656,0.1656,0.145,0.358695652173913,0.641304347826087,0.372413793103448,0.627586206896552,0.00886776136279231,0.00906315032470596,0.00158989965533855,0.000849050337245955,0.00265226442757527,0.0206,103,0.0152,0.0054,76,27,0.737864077669903,0.262135922330097,0.000584779407051508,-0.000100248869530572,-0.0235208998796571,0.0332537998340815,0.707664207250568,-0.108520405921891
sorting,190,0,0.964053521390324,0.964053521390324,0.963970233433913,-8.32879564111044e-05,0.1578,0.1578,0.124,1,0,1,0,0,0.00103571180344428,0.00045540864452625,0.000709099478118511,0.00516716959847685,0.0338,169,0,0.0338,0,169,0,1,0,-8.32879564111731e-05,0.00246414072222405,0.00246414072222405,1,1
sorting,190,0.02,0.964053521390324,0.96317735462301,0.962865132407486,-0.000312222215524516,0.1578,0.1578,0.0636,0.717363751584284,0.282636248415716,0.946540880503145,0.0534591194968554,0.000380486100331868,0.00172617269625862,0.000391455456178098,0.000487891918601491,0.0191076229230367,0.0942,471,0.0412,0.053,206,265,0.437367303609342,0.562632696390658,0.000480889092697218,-0.000793111308221721,0.00331446088667201,0.0135244203919208,0.968054792482192,0.296923013315387
sorting,190,0.05,0.964053521390324,0.961472754325204,0.961710659907755,0.000237905582551323,0.1578,0.1578,0.0894,0.513307984790874,0.486692015209126,0.610738255033557,0.389261744966443,0.00193070044650405,0.00310217294056867,0.000329297209725491,0.000315400458315449,0.0121256495049052,0.0684,342,0.042,0.0264,210,132,0.614035087719298,0.385964912280702,0.000852851345505673,-0.000614945762954346,-0.00347815179168607,0.0214590220535091,0.890486413251457,0.0800086577086681
sorting,190,0.08,0.964053521390324,0.959846063223298,0.959375696261931,-0.000470366961366708,0.1578,0.1578,0.1886,0.433460076045627,0.566539923954373,0.412513255567338,0.587486744432662,0.00447178162442167,0.00544748016511696,0.000929337931009725,0.00119361472774468,-0.00375266248821093,0.0308,154,0.0094,0.0214,47,107,0.305194805194805,0.694805194805195,0.000283657293635888,-0.000754024255002628,-0.0152716545898292,0.0336909593713804,0.810379581567183,0.0199035625980598
sorting,190,0.12,0.964053521390324,0.958240904502906,0.95986157511227,0.00162067060936422,0.1578,0.1578,0.0834,0.38149556400507,0.61850443599493,0.434052757793765,0.565947242206235,0.008452349108858,0.00870367894772931,0.00120764644061907,0.00133073293971973,0.013168913398164,0.0744,372,0.0504,0.024,252,120,0.67741935483871,0.32258064516129,0.00222328842362565,-0.000602617814261426,-0.0217832071151105,0.0379826107242886,0.725686648835466,0.00475445310385645
sorting,191,0,0.965483046745879,0.965483046745879,0.965467316299527,-1.57304463516139e-05,0.1628,0.1628,0.1456,1,0,1,0,0,0.00113115603766216,0.000714928075642274,0.000417479296966387,0.00192334786196213,0.0172,86,0,0.0172,0,86,0,1,0,-1.5730446351645e-05,0.000914560834397965,0.000914560834397965,1,1
sorting,191,0.02,0.965483046745879,0.964597821453002,0.963257687350632,-0.00134013410237022,0.1628,0.1628,0.2952,0.721130221130221,0.278869778869779,0.515582655826558,0.484417344173442,0.000362590334096486,0.00131334379322345,0.000206895276631129,0.000510132990841815,-0.0178679275563504,0.1324,662,0.0348,0.0976,174,488,0.262839879154079,0.737160120845921,0.000331347227124732,-0.00167148132949504,-0.0101218587792319,0.015127103901962,0.966603203016128,0.254604783990738
sorting,191,0.05,0.965483046745879,0.96245810067922,0.961966390729027,-0.000491709950193542,0.1628,0.1628,0.2102,0.522113022113022,0.477886977886978,0.479543292102759,0.520456707897241,0.00196585244012782,0.00375876979763686,0.000462895739924529,0.000755691704051561,-0.00640439008600691,0.0474,237,0.0158,0.0316,79,158,0.333333333333333,0.666666666666667,0.000321882116281287,-0.000813592066474783,-0.010373627641213,0.0239551515349382,0.879058031066321,0.111873241036385
sorting,191,0.08,0.965483046745879,0.961163475694521,0.961255077745254,9.16020507329973e-05,0.1628,0.1628,0.1542,0.427518427518428,0.572481572481573,0.428015564202335,0.571984435797665,0.00433215967974951,0.00470439263777408,0.000567003221885781,0.000692904883807058,0.000919039136795585,0.0086,43,0.005,0.0036,25,18,0.581395348837209,0.418604651162791,0.00015262196635001,-6.10199156169332e-05,-0.0106514012480322,0.0248420792984818,0.800327102061084,0.20144971307762
sorting,191,0.12,0.965483046745879,0.959701140698413,0.960859404699329,0.00115826400091645,0.1628,0.1628,0.1072,0.374692874692875,0.625307125307125,0.41044776119403,0.58955223880597,0.00812806507152322,0.00790886696819291,0.000509226434621799,0.000377133956644508,0.00794808259520563,0.0556,278,0.0386,0.017,193,85,0.694244604316547,0.305755395683453,0.00156459306652484,-0.000406329065608371,-0.0208320863474186,0.0354482397865686,0.710495835939833,0.0886340653807454
sorting,192,0,0.965413349122402,0.965413349122402,0.965336138750881,-7.721037152153e-05,0.1564,0.1564,0.1946,1,0,0.803699897225077,0.196300102774923,0,0.0102350428672465,0.00061859722361484,0.000433316315542624,-0.00455184285006505,0.0382,191,0,0.0382,0,191,0,1,0,-7.72103715214421e-05,-0.00202121391417388,0.00202121391417388,1,1
sorting,192,0.02,0.965413349122402,0.964591390781001,0.964526027137134,-6.53636438671112e-05,0.1564,0.1564,0.1016,0.713554987212276,0.286445012787724,0.834645669291339,0.165354330708661,0.000358327217753186,0.00318737844148422,0.00032993372238696,0.000184137110340508,0.00923354375050933,0.0548,274,0.028,0.0268,140,134,0.510948905109489,0.489051094890511,0.000300637738464968,-0.000366001382332098,0.00119276722385273,0.0121649474598005,0.966892586579703,0.168059969227852
sorting,192,0.05,0.965413349122402,0.963052687287365,0.963205719886652,0.000153032599287117,0.1564,0.1564,0.0686,0.549872122762148,0.450127877237852,0.688046647230321,0.311953352769679,0.00185339644047924,0.00290741366807364,0.000574903521351012,0.00107738745938382,0.0172575604997224,0.0878,439,0.049,0.0388,245,194,0.558086560364465,0.441913439635535,0.000943665634257755,-0.000790633034970697,-0.00174296810121934,0.0197528322235587,0.887029318905173,0.151212140123739
sorting,192,0.08,0.965413349122402,0.961240992032524,0.962096410134091,0.000855418101566419,0.1564,0.1564,0.0122,0.428388746803069,0.571611253196931,0.639344262295082,0.360655737704918,0.00417426023979221,0.0047182040000413,0.000622016523162059,0.000780724345037091,0.0686803073107389,0.1442,721,0.085,0.0592,425,296,0.589459084604716,0.410540915395284,0.00238300234646838,-0.00152758424490197,-0.00593216436592521,0.027119185793137,0.805487079323483,0.139521901329717
sorting,192,0.12,0.965413349122402,0.959835312659837,0.961705766405686,0.00187045374584982,0.1564,0.1564,0.0276,0.359335038363171,0.640664961636829,0.434782608695652,0.565217391304348,0.00803280129581867,0.00799339951105981,0.00139549619060539,0.0004960338064448,0.0412034929716814,0.1288,644,0.0846,0.0442,423,221,0.656832298136646,0.343167701863354,0.00316978651268605,-0.00129933276683626,-0.0145221564118772,0.0346981310521919,0.708959732774389,0.0887129677283264
sorting,193,0,0.965366770736302,0.965366770736302,0.965282542336015,-8.42284002868787e-05,0.1694,0.1694,0.1308,1,0,1,0,0,0.000812790026337585,0.000325482719196136,0.00082870428022077,0.00484541821806794,0.0386,193,0,0.0386,0,193,0,1,0,-8.42284002868806e-05,0.00218208290898654,0.00218208290898654,1,1
sorting,193,0.02,0.965366770736302,0.964529187870275,0.964178385467465,-0.000350802402809935,0.1694,0.1694,0.0782,0.721369539551358,0.278630460448642,0.887468030690537,0.112531969309463,0.00036969832788338,0.00119964078653619,0.00030183041459047,0.000439174613726757,0.0162292126528905,0.0912,456,0.0384,0.0528,192,264,0.421052631578947,0.578947368421053,0.000388601096886204,-0.000739403499696118,0.00384651757467011,0.0123684714537535,0.965658429634337,0.188268727702103
sorting,193,0.05,0.965366770736302,0.962530005983634,0.962925724511465,0.000395718527831268,0.1694,0.1694,0.0742,0.525383707201889,0.474616292798111,0.676549865229111,0.323450134770889,0.00191118881314965,0.00253289530731328,0.000839842694822657,0.000784063954889878,0.0179942234719126,0.0952,476,0.0564,0.0388,282,194,0.592436974789916,0.407563025210084,0.00122438772397582,-0.000828669196144498,-0.00415670722511887,0.0215657239508436,0.884621417528857,0.0453180676441381
sorting,193,0.08,0.965366770736302,0.961025373198537,0.961892026163877,0.00086665296533972,0.1694,0.1694,0.062,0.447461629279811,0.552538370720189,0.519354838709678,0.480645161290323,0.00422621852547045,0.00444550846128189,0.000748558483956113,0.000641816122460011,0.021800531049453,0.1074,537,0.0638,0.0436,319,218,0.594040968342644,0.405959031657356,0.00195277408138831,-0.00108612111604857,-0.00806939446312612,0.0282951135701758,0.805790233799609,0.143229383807221
sorting,193,0.12,0.965366770736302,0.959584036364062,0.960716443297894,0.00113240693383221,0.1694,0.1694,0.1102,0.396694214876033,0.603305785123967,0.41923774954628,0.580762250453721,0.00883357887043088,0.00888236461652682,0.00144278482258494,0.000533573239545412,0.00832943380935902,0.0592,296,0.0382,0.021,191,105,0.64527027027027,0.35472972972973,0.0016565119134415,-0.000524104979609263,-0.0191284955039229,0.0368347448150467,0.705977083119083,0.115631810547065
sorting,194,0,0.964622133406903,0.964622133406903,0.964297442609918,-0.000324690796984939,0.1532,0.1532,0.2232,1,0,0.686379928315412,0.313620071684588,0,0.0010733812365094,0.000361511958208523,0.000817434756672238,-0.00961376392327939,0.07,350,0,0.07,0,350,0,1,0,-0.000324690796984894,-0.00463843995692705,0.00463843995692705,1,1
sorting,194,0.02,0.964622133406903,0.963773783995117,0.963349889428478,-0.000423894566639271,0.1532,0.1532,0.0602,0.710182767624021,0.289817232375979,0.900332225913621,0.0996677740863787,0.00036658086209234,0.00180052444923414,0.000517283499528037,0.000474059753092486,0.0193671468590215,0.093,465,0.0384,0.0546,192,273,0.412903225806452,0.587096774193548,0.000428001684400427,-0.000851896251039741,0.00455800609289584,0.0137623433918298,0.96782124924085,0.299525820296276
sorting,194,0.05,0.964622133406903,0.962084780498979,0.962126113661323,4.1333162344559e-05,0.1532,0.1532,0.049,0.510443864229765,0.489556135770235,0.63265306122449,0.36734693877551,0.00189961451967454,0.00287443251059196,0.000247197668379183,0.000320712518673143,0.0249993347023481,0.1042,521,0.057,0.0472,285,236,0.547024952015355,0.452975047984645,0.00117824650983369,-0.00113691334748913,-0.000396671423652194,0.022218424734384,0.89112024233281,0.161605835204353
sorting,194,0.08,0.964622133406903,0.960526499080295,0.961534423089904,0.0010079240096087,0.1532,0.1532,0.0286,0.424281984334204,0.575718015665796,0.608391608391608,0.391608391608392,0.00436044231868652,0.00505499227483342,0.00114373789265409,0.000519904142889779,0.0395544083593646,0.1246,623,0.077,0.0476,385,238,0.617977528089888,0.382022471910112,0.00218271099928933,-0.00117478698968065,-0.00808927776571973,0.0269462117894861,0.813085979787439,0.131650418117595
sorting,194,0.12,0.964622133406903,0.95932705647048,0.961058997801056,0.00173194133057575,0.1532,0.1532,0.0102,0.373368146214099,0.626631853785901,0.470588235294118,0.529411764705882,0.0085602474225019,0.00892492091765914,0.000630709320588904,0.000783104406377096,0.0710213110081011,0.143,715,0.0906,0.0524,453,262,0.633566433566434,0.366433566433566,0.00317308883550932,-0.00144114750493354,-0.0121114778361943,0.0322673869961039,0.728298828907953,0.0643407529046701
sorting,195,0,0.964840690393314,0.964840690393314,0.963074419754548,-0.001766270638766,0.1584,0.1584,0.026,1,0,1,0,0,0.0019140216612831,0.000615515072894539,0.000413213928677023,0.0441237792264952,0.1324,662,0,0.1324,0,662,0,1,0,-0.001766270638766,0.0133404126795015,0.0133404126795015,1,1
sorting,195,0.02,0.964840690393314,0.963998751758261,0.963945113026151,-5.3638732111061e-05,0.1584,0.1584,0.1744,0.720959595959596,0.279040404040404,0.690366972477064,0.309633027522936,0.000359404662312269,0.00141610907202886,0.000545129981289355,0.000471488796008435,-0.00207056939139338,0.016,80,0.0062,0.0098,31,49,0.3875,0.6125,6.51448907118012e-05,-0.000118783622822867,-0.00335242075694163,0.0114955320959168,0.970610822344433,-0.00942334739803094
sorting,195,0.05,0.964840690393314,0.962109241751353,0.962452885475957,0.000343643724604603,0.1584,0.1584,0.119,0.521464646464647,0.478535353535354,0.584873949579832,0.415126050420168,0.00196731972985844,0.00256066619759806,0.00082447481392072,0.000549316931367377,0.00523024213160772,0.0394,197,0.0264,0.013,132,65,0.67005076142132,0.32994923857868,0.000588244945254452,-0.000244601220649803,-0.00872192194428044,0.0211382275610217,0.890875199731008,0.0514755971608764
sorting,195,0.08,0.964840690393314,0.960813323735338,0.961647722166006,0.000834398430668681,0.1584,0.1584,0.09,0.444444444444444,0.555555555555556,0.508888888888889,0.491111111111111,0.00423006922355606,0.00499729866279569,0.000306509453697135,0.00090306477337898,0.0113599956390259,0.0684,342,0.0438,0.0246,219,123,0.640350877192982,0.359649122807018,0.00143226371726959,-0.000597865286600934,-0.012198807465916,0.0296802485945983,0.816265695754628,0.134598120773236
sorting,195,0.12,0.964840690393314,0.959260310777427,0.960678740454333,0.00141842967690586,0.1584,0.1584,0.0974,0.380050505050505,0.619949494949495,0.439425051334702,0.560574948665298,0.00801790926053096,0.00797704022314591,0.000377683962931355,0.000447922375059298,0.00949371038466462,0.061,305,0.0436,0.0174,218,87,0.714754098360656,0.285245901639344,0.00175611258706619,-0.00033768291016027,-0.0232529455230479,0.0343245163479748,0.728285513515421,-0.039330727977127
sorting,196,0,0.964286570531622,0.964286570531622,0.963972674775584,-0.000313895756038241,0.15,0.15,0.0866,1,0,1,0,0,0.00226986416857629,0.000580791905731458,0.000583328761393002,0.0115788830837678,0.0634,317,0,0.0634,0,317,0,1,0,-0.00031389575603824,0.00495103716148643,0.00495103716148643,1,1
sorting,196,0.02,0.964286570531622,0.963382216922992,0.963414330910463,3.21139874713827e-05,0.15,0.15,0.1364,0.704,0.296,0.730205278592375,0.269794721407625,0.000372090951739683,0.0020682405712069,0.000288515949307764,0.000601763748638638,0.00170580677646515,0.0136,68,0.0076,0.006,38,30,0.558823529411765,0.441176470588235,8.76088111125726e-05,-5.54948236411987e-05,-0.00236132260818926,0.0105223260848361,0.967430426217217,0.0927968851395198
sorting,196,0.05,0.964286570531622,0.961475793558399,0.961777072462526,0.000301278904127678,0.15,0.15,0.1138,0.484,0.516,0.530755711775044,0.469244288224956,0.00190786977742484,0.00293170032655183,0.000735785442213503,0.000495103745383382,0.00558898187096091,0.0362,181,0.024,0.0122,120,61,0.662983425414365,0.337016574585635,0.000554359607895606,-0.000253080703768017,-0.00832262166098313,0.022304980985183,0.885743469797739,-0.0253293667658309
sorting,196,0.08,0.964286570531622,0.960212901170813,0.960706113756841,0.000493212586028191,0.15,0.15,0.1156,0.409333333333333,0.590666666666667,0.429065743944637,0.570934256055363,0.00440262701668146,0.00538572137578949,0.000437990858229825,0.00132594770434191,0.00536562628205917,0.0344,172,0.0226,0.0118,113,59,0.656976744186046,0.343023255813954,0.000698417509285717,-0.000205204923257589,-0.0143375751752363,0.0262680939692821,0.802106113460244,0.0478370277084026
sorting,196,0.12,0.964286570531622,0.958950204777923,0.960394457832149,0.00144425305422635,0.15,0.15,0.0742,0.354666666666667,0.645333333333333,0.382749326145553,0.617250673854447,0.00833190028387503,0.00844777442262083,0.000614391669909672,0.0018967592757693,0.0146956383342919,0.0758,379,0.051,0.0248,255,124,0.672823218997362,0.327176781002639,0.00202182853709306,-0.000577575482866645,-0.0190534703723801,0.0342929290232151,0.710007545744302,-0.0209097942746047
sorting,197,0,0.965627777633532,0.965627777633532,0.964488658491031,-0.00113911914250076,0.1612,0.1612,0.0444,1,0,1,0,0,0.00107517018562949,0.000704234626582013,0.000188258241456887,0.0274938912306829,0.1168,584,0,0.1168,0,584,0,1,0,-0.00113911914250075,0.0097527323844242,0.0097527323844242,1,1
sorting,197,0.02,0.965627777633532,0.964678842332279,0.96432420358855,-0.000354638743728986,0.1612,0.1612,0.0578,0.709677419354839,0.290322580645161,0.913494809688581,0.0865051903114187,0.000367030578088018,0.00158080490199999,0.000787677934366203,0.000567576550857103,0.0202958656280402,0.1034,517,0.0418,0.0616,209,308,0.404255319148936,0.595744680851064,0.000481795951274223,-0.000836434695003197,0.00342977508441949,0.0127488457086791,0.967693912339756,0.299491006071907
sorting,197,0.05,0.965627777633532,0.963073920290257,0.963079345222498,5.42493224064966e-06,0.1612,0.1612,0.1592,0.535980148883375,0.464019851116625,0.537688442211055,0.462311557788945,0.00189223351006352,0.00339639824014473,0.000489638357482339,0.000484295295443002,0.000235871813800137,0.002,10,0.0012,8e-04,6,4,0.6,0.4,2.64787041585923e-05,-2.10537719179724e-05,-0.00271246612030991,0.0237662380382824,0.891761366838455,-0.00606060606060606
sorting,197,0.08,0.965627777633532,0.961745173443573,0.962083940899478,0.000338767455905442,0.1612,0.1612,0.0012,0.471464019851117,0.528535980148883,0.666666666666667,0.333333333333333,0.00437918324260832,0.00499964461704833,0.000716339516243853,0.000225946227028216,0.115718924594082,0.16,800,0.0848,0.0752,424,376,0.53,0.47,0.00235100000673229,-0.00201223255082684,-0.00211729659940902,0.0272702034847446,0.813575988383039,0.241757533996147
sorting,197,0.12,0.965627777633532,0.959828329575977,0.961230098174169,0.00140176859819252,0.1612,0.1612,0.0814,0.357320099255583,0.642679900744417,0.402948402948403,0.597051597051597,0.0086340370545979,0.00868909087568363,0.00131573392317105,0.000976597358310153,0.0126194629984021,0.0798,399,0.055,0.0248,275,124,0.68922305764411,0.31077694235589,0.00207350413488994,-0.000671735536697459,-0.0175660225337403,0.0344014996439523,0.716630652057226,0.0447330638153172
sorting,198,0,0.964525132658604,0.964525132658604,0.964331123187615,-0.000194009470989465,0.1548,0.1548,0.1046,1,0,1,0,0,0.000962993339933035,0.00238249755014432,0.000814373320517195,0.00851712704839447,0.0502,251,0,0.0502,0,251,0,1,0,-0.000194009470989465,0.00386473049779811,0.00386473049779811,1,1
sorting,198,0.02,0.964525132658604,0.963789880519603,0.963369157003804,-0.000420723515799248,0.1548,0.1548,0.0646,0.729974160206718,0.270025839793282,0.934984520123839,0.065015479876161,0.000357140774230245,0.00143088931252919,0.00123977441810223,0.00158507832582793,0.0183525687368541,0.0902,451,0.0376,0.0526,188,263,0.416851441241685,0.583148558758315,0.000381996912168554,-0.000802720427967781,0.00466434052992491,0.0131343385824427,0.971525333357013,0.300822557541746
sorting,198,0.05,0.964525132658604,0.961780380014426,0.961559828795827,-0.000220551218599319,0.1548,0.1548,0.1908,0.515503875968992,0.484496124031008,0.490566037735849,0.509433962264151,0.00198029028118534,0.00305174146769624,0.00165607726911877,0.0007749571068981,-0.00488365476109987,0.036,180,0.0138,0.0222,69,111,0.383333333333333,0.616666666666667,0.000278177370479223,-0.000498728589078608,-0.00612642273887181,0.0215807210988286,0.89245149253006,0.0142514686667284
sorting,198,0.08,0.964525132658604,0.960356553224358,0.961209527529521,0.000852974305163512,0.1548,0.1548,0.0218,0.423772609819121,0.576227390180879,0.63302752293578,0.36697247706422,0.0042422198118261,0.00477980303075507,0.00112357621030049,0.00166533205194516,0.0487866494896699,0.133,665,0.0812,0.0518,406,259,0.610526315789474,0.389473684210526,0.0023755098102353,-0.00152253550507181,-0.00641334064032698,0.0293086113932866,0.821246205905848,0.160594379142255
sorting,198,0.12,0.964525132658604,0.958863863931909,0.960780797305095,0.00191693337318544,0.1548,0.1548,0.0144,0.351421188630491,0.648578811369509,0.430555555555556,0.569444444444445,0.00882916958700246,0.00928058350727015,0.00160563008653141,0.00122307889950179,0.0606647505035553,0.1404,702,0.0922,0.0482,461,241,0.656695156695157,0.343304843304843,0.00321758872698081,-0.00130065535379537,-0.0136533716038849,0.032181225646554,0.725032084521283,0.0580742975066873
sorting,199,0,0.965930499728035,0.965930499728035,0.96511623058553,-0.000814269142504376,0.1554,0.1554,0.0582,1,0,1,0,0,0.00121440018715183,0.000319290366435119,0.000398991903360876,0.02013972486835,0.0972,486,0,0.0972,0,486,0,1,0,-0.000814269142504421,0.00837725455251462,0.00837725455251462,1,1
sorting,199,0.02,0.965930499728035,0.964974249683041,0.964717295054066,-0.000256954628975015,0.1554,0.1554,0.213,0.682110682110682,0.317889317889318,0.608450704225352,0.391549295774648,0.000371922552021645,0.00124743959969632,0.000363999451764156,0.000782256185788142,-0.00694233287270341,0.0576,288,0.0236,0.034,118,170,0.409722222222222,0.590277777777778,0.000241956069479607,-0.000498910698454577,-0.00446101786414879,0.0128622702766351,0.966543422949737,0.110475969440861
sorting,199,0.05,0.965930499728035,0.963315617244224,0.963558334247009,0.000242717002784665,0.1554,0.1554,0.051,0.531531531531532,0.468468468468469,0.698039215686275,0.301960784313726,0.00191939539058387,0.00295489159857061,0.000303656190131508,0.000492770792134347,0.0227861065008145,0.1044,522,0.0574,0.047,287,235,0.549808429118774,0.450191570881226,0.00126564551857531,-0.00102292851579061,-0.00232487550560061,0.0219212072257273,0.889551675518067,0.137391635652394
sorting,199,0.08,0.965930499728035,0.961916684949941,0.962837387866092,0.000920702916151206,0.1554,0.1554,0.0582,0.416988416988417,0.583011583011583,0.518900343642612,0.481099656357388,0.00427656643091388,0.0047110791261277,0.000656508915314106,0.000630944670379864,0.02013972486835,0.0972,486,0.0626,0.0346,313,173,0.6440329218107,0.3559670781893,0.00184000385908439,-0.000919300942933133,-0.00947225222377839,0.028387909485777,0.809912411468497,0.0538930612626782
sorting,199,0.12,0.965930499728035,0.960803522434593,0.962692352948469,0.00188883051387556,0.1554,0.1554,0.0248,0.386100386100386,0.613899613899614,0.540322580645161,0.459677419354839,0.0083290349344843,0.00987257933615472,0.00129157967581561,0.000645995214786607,0.0433130765993449,0.1306,653,0.084,0.0466,420,233,0.643185298621746,0.356814701378254,0.00310246550610843,-0.00121363499223297,-0.0144627145013435,0.0330482427131807,0.717710972740439,0.127356574394896
sorting,200,0,0.965119242186099,0.965119242186099,0.961645947065809,-0.00347329512028938,0.1622,0.1622,0.3914,1,0,0.414409810935105,0.585590189064895,0,0.00221575467008441,0.000279626850820085,0.000467077137101374,-0.0319472924941907,0.2292,1146,0,0.2292,0,1146,0,1,0,-0.00347329512028942,-0.0151539926714198,0.0151539926714198,1,1
sorting,200,0.02,0.965119242186099,0.964224174744151,0.96428381028792,5.96355437699758e-05,0.1622,0.1622,0.136,0.721331689272503,0.278668310727497,0.777941176470588,0.222058823529412,0.000372862439223957,0.00130554165462607,0.000625719687236665,0.000724764195891914,0.00332364329839585,0.0262,131,0.015,0.0112,75,56,0.572519083969466,0.427480916030534,0.000218313997488708,-0.000158678453718785,-0.00227616579274516,0.0143890248552478,0.966690975243639,-0.0367960283990818
sorting,200,0.05,0.965119242186099,0.962306117811575,0.962774677265501,0.000468559453925987,0.1622,0.1622,0.0854,0.50308261405672,0.49691738594328,0.592505854800937,0.407494145199063,0.00195475718777663,0.00279460821684634,0.000541260562111565,0.000240669466641178,0.0124854177732293,0.0768,384,0.0458,0.031,229,155,0.596354166666667,0.403645833333333,0.00105154743107908,-0.000582987977153139,-0.0061010345563273,0.0212830131280236,0.883056773178271,0.0138434183310162
sorting,200,0.08,0.965119242186099,0.960927251751379,0.961271127019885,0.000343875268506433,0.1622,0.1622,0.1398,0.442663378545006,0.557336621454994,0.457796852646638,0.542203147353362,0.00426966850068561,0.00495578595727972,0.000476345141058637,0.000439872896417714,0.00281812642667778,0.0224,112,0.0146,0.0078,73,39,0.651785714285714,0.348214285714286,0.000491033222031907,-0.000147157953525566,-0.0153515744868902,0.0284906774802443,0.807500523020021,0.13122287901049
sorting,200,0.12,0.965119242186099,0.959465925088289,0.961751798961747,0.00228587387345824,0.1622,0.1622,0.0328,0.368680641183724,0.631319358816276,0.524390243902439,0.475609756097561,0.00823700051941913,0.00867651173353366,0.000692656058490939,0.000721895845903564,0.0326658695455786,0.1294,647,0.0868,0.0426,434,213,0.670788253477589,0.329211746522411,0.00333930840413087,-0.00105343453067263,-0.0176651767655197,0.0339470087697333,0.715594182831767,0.0803427194426855
sorting,201,0,0.965055354015229,0.965055354015229,0.963844180163171,-0.00121117385205838,0.159,0.159,0.0436,1,0,1,0,0,0.00145401916854977,0.000454698967509517,0.00153556361835839,0.028866501758202,0.1154,577,0,0.1154,0,577,0,1,0,-0.00121117385205846,0.0104954406590855,0.0104954406590855,1,1
sorting,201,0.02,0.965055354015229,0.964146195016269,0.963414471585957,-0.000731723430311582,0.159,0.159,0.0398,0.70188679245283,0.29811320754717,0.969849246231156,0.0301507537688442,0.000380717039867999,0.0016862228445383,0.000478814219056392,0.000886177294546019,0.0315180348394072,0.1192,596,0.0462,0.073,231,365,0.38758389261745,0.61241610738255,0.000497621120922492,-0.00122934455123399,0.00613861938180789,0.0144879670482926,0.96762726299309,0.372586694115777
sorting,201,0.05,0.965055354015229,0.962521837944285,0.962545870551541,2.40326072552532e-05,0.159,0.159,0.0454,0.534591194968554,0.465408805031447,0.704845814977974,0.295154185022026,0.00195268608356761,0.00303630607964525,0.000701623851756016,0.00152539694757823,0.0273676050576628,0.1136,568,0.0606,0.053,303,265,0.533450704225352,0.466549295774648,0.0012009931735541,-0.00117696056629888,-0.000211554641331142,0.0209326913719453,0.89029874783595,0.123243856813995
sorting,201,0.08,0.965055354015229,0.960774125857174,0.961413447254324,0.00063932139714995,0.159,0.159,0.0042,0.418867924528302,0.581132075471698,0.666666666666667,0.333333333333333,0.00424439401909987,0.00515830987139393,0.000291812237063382,0.00138117669340077,0.0982527148837455,0.1548,774,0.091,0.0638,455,319,0.587855297157623,0.412144702842377,0.00259739947721828,-0.00195807808006827,-0.00412998318572361,0.0294281495948744,0.814955214006209,0.243688981753847
sorting,201,0.12,0.965055354015229,0.959422520849449,0.96143333429357,0.00201081344412124,0.159,0.159,0.0104,0.376100628930818,0.623899371069182,0.557692307692308,0.442307692307692,0.00852932559452099,0.00855738318465205,0.000665979418294358,0.000253780220209827,0.0732670312530167,0.1486,743,0.0946,0.054,473,270,0.636608344549125,0.363391655450875,0.00357915667756173,-0.00156834323344047,-0.0135317190048537,0.0346399724831911,0.717867404554696,0.0941815522390645
sorting,202,0,0.963592994822367,0.963592994822367,0.963509161450317,-8.38333720504236e-05,0.1564,0.1564,0.1952,1,0,0.801229508196721,0.198770491803279,0,0.00111254248929062,0.000226121392522576,0.00117003661831899,-0.00432653535935668,0.0388,194,0,0.0388,0,194,0,1,0,-8.38333720504181e-05,-0.00216065391882521,0.00216065391882521,1,1
sorting,202,0.02,0.963592994822367,0.962637702586399,0.962097088764711,-0.000540613821687574,0.1564,0.1564,0.2298,0.694373401534527,0.305626598465473,0.577893820713664,0.422106179286336,0.000373977442086375,0.00139916957377743,0.000572175385310847,0.00105939358365909,-0.00913361112543265,0.0734,367,0.0242,0.0492,121,246,0.329700272479564,0.670299727520436,0.000246389284709449,-0.000787003106397046,-0.00736531092217434,0.0140789154101702,0.965115600204624,0.169076919640863
sorting,202,0.05,0.963592994822367,0.961026562982144,0.961408881614077,0.00038231863193261,0.1564,0.1564,0.108,0.529411764705882,0.470588235294118,0.590740740740741,0.409259259259259,0.0018969241967246,0.00277650656730003,0.000293134782913293,0.000869327218805585,0.00763909387911665,0.0484,242,0.0294,0.019,147,95,0.607438016528926,0.392561983471074,0.000718205776399738,-0.000335887144467111,-0.00789914528786421,0.0217787793567531,0.892435460241418,0.0691931257755475
sorting,202,0.08,0.963592994822367,0.959376349419906,0.957795776955621,-0.00158057246428545,0.1564,0.1564,0.239,0.416879795396419,0.583120204603581,0.37489539748954,0.62510460251046,0.00445020111184639,0.00556492582977089,0.000943032964947554,0.00056217992084761,-0.0103312593950615,0.0826,413,0.0244,0.0582,122,291,0.295399515738499,0.704600484261501,0.000568855757471699,-0.00214942822175712,-0.019135259858177,0.0329090070124554,0.809901172268047,0.0610444090350509
sorting,202,0.12,0.963592994822367,0.958459111787405,0.956304815057157,-0.00215429673024836,0.1564,0.1564,0.223,0.377237851662404,0.622762148337596,0.339013452914798,0.660986547085202,0.00857816089024067,0.00828005315950524,0.00149827280711537,0.000670630424543816,-0.00804283562955133,0.0666,333,0.0166,0.05,83,250,0.249249249249249,0.750750750750751,0.000321429483662378,-0.00247572621391073,-0.0323467977514768,0.041999334798395,0.721657269762291,-0.0485531704419231
sorting,203,0,0.96517397786095,0.96517397786095,0.964686721712351,-0.000487256148599013,0.1584,0.1584,0.0762,1,0,1,0,0,0.00102278320827773,0.000947749255486672,0.00113166200600414,0.0139156136306875,0.0822,411,0,0.0822,0,411,0,1,0,-0.000487256148599001,0.00592769037225062,0.00592769037225062,1,1
sorting,203,0.02,0.96517397786095,0.964341630023283,0.963938210992143,-0.000403419031140384,0.1584,0.1584,0.056,0.710858585858586,0.289141414141414,0.925,0.075,0.000358740476462452,0.00152593551137005,0.000753839975494596,0.00110987973032283,0.0203524311656348,0.1024,512,0.0416,0.0608,208,304,0.40625,0.59375,0.000415493868871539,-0.000818912900011903,0.00393963897598012,0.0120547536023774,0.969224683472987,0.290575003433241
sorting,203,0.05,0.96517397786095,0.962682154165615,0.962903216694612,0.000221062528997673,0.1584,0.1584,0.124,0.518939393939394,0.481060606060606,0.541935483870968,0.458064516129032,0.00195048725964558,0.00303352870029791,0.00100682857696888,0.00127193211536278,0.00487554232755239,0.0344,172,0.0194,0.015,97,75,0.563953488372093,0.436046511627907,0.00047858077798491,-0.000257518248987221,-0.00642623630807236,0.0213982275282596,0.890571421926857,-0.00353282722871165
sorting,203,0.08,0.96517397786095,0.96110081751115,0.962182271533823,0.0010814540226729,0.1584,0.1584,0.069,0.440656565656566,0.559343434343434,0.542028985507247,0.457971014492754,0.00418954752587653,0.00617874436998336,0.000557228516928282,0.000545610879119163,0.015861280883707,0.0894,447,0.057,0.0324,285,162,0.63758389261745,0.36241610738255,0.00179301713739436,-0.000711563114721469,-0.0120968011484664,0.0280154390616983,0.808451231986049,0.043752337814772
sorting,203,0.12,0.96517397786095,0.959810193832752,0.961685079576519,0.00187488574376726,0.1584,0.1584,8e-04,0.366161616161616,0.633838383838384,1,0,0.00832322876752784,0.00872312528839964,0.00166609825539451,0.00184032073327227,0.142792828223409,0.1576,788,0.1004,0.0572,502,286,0.637055837563452,0.362944162436548,0.00353544699344726,-0.00166056124968009,-0.0118964831457308,0.0329695954513157,0.723485234635409,0.144838621127514
sorting,204,0,0.965361260684128,0.965361260684128,0.965071623663359,-0.000289637020768896,0.1576,0.1576,0.095,1,0,1,0,0,0.00155267541190047,0.000265771702018511,0.000643305229017902,0.010106205108216,0.0626,313,0,0.0626,0,313,0,1,0,-0.000289637020768886,0.00462678946915153,0.00462678946915153,1,1
sorting,204,0.02,0.965361260684128,0.964514886453344,0.963999091560496,-0.000515794892848032,0.1576,0.1576,0.234,0.717005076142132,0.282994923857868,0.582051282051282,0.417948717948718,0.000355562369634268,0.00161244160438282,0.00032494500055344,0.000823142748383359,-0.0094337687589936,0.0764,382,0.0232,0.0532,116,266,0.303664921465969,0.696335078534031,0.000239907735082197,-0.000755702627930267,-0.0067512420529852,0.0130315492540898,0.969747708677908,0.103722529127013
sorting,204,0.05,0.965361260684128,0.962602635568705,0.962578490244449,-2.41453242562084e-05,0.1576,0.1576,0.1596,0.506345177664975,0.493654822335025,0.503759398496241,0.496240601503759,0.00197892122737308,0.00305659321240897,0.000310735335659972,0.00102675335345206,-0.000235995505941999,0.002,10,6e-04,0.0014,3,7,0.3,0.7,1.00918825016876e-05,-3.42372067578736e-05,-0.012072662128093,0.0221645446297806,0.886981719127269,0.696969696969697
sorting,204,0.08,0.965361260684128,0.961472520406451,0.960927765213826,-0.000544755192625313,0.1576,0.1576,0.1916,0.450507614213198,0.549492385786802,0.42901878914405,0.57098121085595,0.00431772248273905,0.00541773206405899,0.000804418690798434,0.00176347799813645,-0.00355577891768,0.034,170,0.0112,0.0228,56,114,0.329411764705882,0.670588235294118,0.000282146563932765,-0.000826901756558139,-0.0160222115478051,0.0326190682497325,0.820814147520566,-0.0581542613931278
sorting,204,0.12,0.965361260684128,0.959798711524238,0.960390661186365,0.000591949662127611,0.1576,0.1576,0.1322,0.388324873096447,0.611675126903553,0.396369137670197,0.603630862329803,0.00868171117400141,0.00907324431378282,0.0011669104367406,0.00079552697296538,0.00341785352176427,0.0254,127,0.0166,0.0088,83,44,0.653543307086614,0.346456692913386,0.000753808911445066,-0.000161859249317487,-0.0233051048081724,0.0360499275890769,0.72446950145878,0.0619961567304087
sorting,205,0,0.965983759629641,0.965983759629641,0.965137179176231,-0.000846580453410017,0.1608,0.1608,0.2698,1,0,0.595997034840623,0.404002965159377,0,0.000915079205503941,0.0001287283409314,0.000651170785581913,-0.0147817480759562,0.109,545,0,0.109,0,545,0,1,0,-0.000846580453409987,-0.00776679315055034,0.00776679315055034,1,1
sorting,205,0.02,0.965983759629641,0.96503551485253,0.965102142258378,6.6627405847508e-05,0.1608,0.1608,0.1406,0.708955223880597,0.291044776119403,0.748221906116643,0.251778093883357,0.000359201389967405,0.00146620429073418,0.000203159578874708,0.000473320888533431,0.00255294931324379,0.0202,101,0.0114,0.0088,57,44,0.564356435643564,0.435643564356436,0.000165189390554641,-9.8561984707171e-05,-0.00329838642809258,0.0130569987753372,0.967390646887626,0.0761910308677927
sorting,205,0.05,0.965983759629641,0.963294218179113,0.963718985828205,0.000424767649091939,0.1608,0.1608,0.0968,0.514925373134328,0.485074626865672,0.599173553719008,0.400826446280992,0.00189831851322748,0.00355957491885601,0.000224115838297161,0.000668547084850353,0.00904511747429682,0.064,320,0.0392,0.0248,196,124,0.6125,0.3875,0.000909093572236055,-0.0004843259231441,-0.0066369945170618,0.0217721796153149,0.885677360547094,0.0557180734186857
sorting,205,0.08,0.965983759629641,0.961794292686852,0.962890387210528,0.00109609452367543,0.1608,0.1608,0.0194,0.447761194029851,0.552238805970149,0.690721649484536,0.309278350515464,0.00427987089385212,0.00525247502991296,0.00055651767805371,0.000398835655315825,0.0487077262348583,0.1414,707,0.0828,0.0586,414,293,0.585572842998586,0.414427157001414,0.0025188183101669,-0.00142272378649151,-0.00775172930463498,0.0278751209098897,0.806139300757572,0.146194361048984
sorting,205,0.12,0.965983759629641,0.960413426997539,0.961539980540331,0.00112655354279168,0.1608,0.1608,0.107,0.373134328358209,0.626865671641791,0.409345794392523,0.590654205607477,0.00845798684417319,0.00850720238525349,0.0010009405277164,0.000279525966807791,0.0072689958595441,0.0538,269,0.0376,0.0162,188,81,0.698884758364312,0.301115241635688,0.00152009887270543,-0.000393545329913712,-0.020939656929214,0.0355695948442219,0.713215772752631,-0.00655890312995124
sorting,206,0,0.965424111268591,0.965424111268591,0.964100885628873,-0.00132322563971832,0.1664,0.1664,0.3072,1,0,0.541666666666667,0.458333333333333,0,0.00149294617679059,0.000311294757955349,0.00109479365794957,-0.0189330296134497,0.1408,704,0,0.1408,0,704,0,1,0,-0.0013232256397183,-0.00939790937299931,0.00939790937299931,1,1
sorting,206,0.02,0.965424111268591,0.964534397170083,0.964425767372145,-0.000108629797938353,0.1664,0.1664,0.1874,0.734375,0.265625,0.695837780149413,0.304162219850587,0.000366723284539911,0.00214193620607166,0.000579398891313092,0.000816782038950108,-0.00236464726647401,0.021,105,0.0082,0.0128,41,64,0.39047619047619,0.60952380952381,9.2383539707796e-05,-0.000201013337646071,-0.00517284752087026,0.0139712798739937,0.970412395520496,0.0132075471698113
sorting,206,0.05,0.965424111268591,0.962880927405852,0.962856491733724,-2.44356721281758e-05,0.1664,0.1664,0.1704,0.552884615384615,0.447115384615385,0.550469483568075,0.449530516431925,0.00191559907581988,0.00279965896824672,0.000520394597803391,0.000993490572362731,-0.000412326136066676,0.004,20,0.0018,0.0022,9,11,0.45,0.55,3.71240902753285e-05,-6.15597624034304e-05,-0.00610891803202546,0.0246709631696897,0.894479017123161,-0.0556390977443609
sorting,206,0.08,0.965424111268591,0.960845804828167,0.959581206084525,-0.0012645987436416,0.1664,0.1664,0.2374,0.451923076923077,0.548076923076923,0.401853411962932,0.598146588037068,0.00434659068966289,0.00515622779671817,0.000637392847808509,0.00105255303076362,-0.00971362668376441,0.071,355,0.0202,0.0508,101,254,0.284507042253521,0.715492957746479,0.000482085836708038,-0.00174668458034969,-0.0178112499104458,0.0313911326346159,0.810885174707407,0.0585857556307182
sorting,206,0.12,0.965424111268591,0.959741185497484,0.960329080132015,0.000587894634530684,0.1664,0.1664,0.1388,0.394230769230769,0.605769230769231,0.402017291066282,0.597982708933718,0.00852086749891021,0.00931561166717814,0.0007526294588652,0.000934525686469015,0.00327366679039232,0.0276,138,0.0178,0.0098,89,49,0.644927536231884,0.355072463768116,0.00081965164752644,-0.000231757012995752,-0.0213005302366191,0.0380945166855867,0.727530045997202,0.0807988328474003
sorting,207,0,0.964068652653405,0.964068652653405,0.959485551365794,-0.0045831012876113,0.1676,0.1676,0.428,1,0,0.391588785046729,0.608411214953271,0,0.00758957744652732,0.000345584890423975,0.000653986279237896,-0.0399636972859501,0.2604,1302,0,0.2604,0,1302,0,1,0,-0.00458310128761135,-0.0176002353594906,0.0176002353594906,1,1
sorting,207,0.02,0.964068652653405,0.963149043980307,0.960666154077379,-0.00248288990292778,0.1676,0.1676,0.361,0.719570405727924,0.280429594272076,0.454293628808864,0.545706371191136,0.000358841748059265,0.00269614676002228,0.000515855165783321,0.0012729891577228,-0.0250449762773426,0.1934,967,0.0434,0.15,217,750,0.22440537745605,0.77559462254395,0.000377774186023288,-0.002860664088951,-0.012838107047196,0.0167447687434037,0.969130045229202,0.348624096227826
sorting,207,0.05,0.964068652653405,0.961211016424769,0.957775138757721,-0.00343587766704756,0.1676,0.1676,0.3618,0.529832935560859,0.470167064439141,0.391929242675511,0.608070757324489,0.00199569778763185,0.00339430238734043,0.00113764264008781,0.000630465009527694,-0.0252396598587463,0.1942,971,0.053,0.1412,265,706,0.272914521112255,0.727085478887745,0.000898541166941763,-0.00433441883398937,-0.0176924699641998,0.0269462409934662,0.886631827433273,0.188082756827205
sorting,207,0.08,0.964068652653405,0.959734421870328,0.960490425331341,0.0007560034610129,0.1676,0.1676,0.1008,0.4618138424821,0.5381861575179,0.5,0.5,0.00449350673305125,0.00705055794218761,0.000965624324831445,0.00133220602254638,0.00956528230130227,0.0668,334,0.0398,0.027,199,135,0.595808383233533,0.404191616766467,0.00135690283540811,-0.00060089937439522,-0.0113174170810312,0.029308416314421,0.806206797880272,0.0353054278695534
sorting,207,0.12,0.964068652653405,0.958170357553538,0.960095240938947,0.00192488338540864,0.1676,0.1676,0.0472,0.36873508353222,0.63126491646778,0.440677966101695,0.559322033898305,0.0084294458766172,0.00894892674995243,0.00114771837603982,0.000894114755968114,0.0277167234500131,0.1204,602,0.0794,0.041,397,205,0.659468438538206,0.340531561461794,0.00303588844658642,-0.00111100506117783,-0.015987403533294,0.0344426371076765,0.715210347264414,0.108090813861769
sorting,208,0,0.96527691526376,0.96527691526376,0.965071263064766,-0.000205652198994044,0.1602,0.1602,0.218,1,0,0.734862385321101,0.265137614678899,0,0.00222655852777219,0.000278879784164844,0.00173833537018193,-0.00748661730465206,0.0578,289,0,0.0578,0,289,0,1,0,-0.000205652198994021,-0.0035579965223879,0.0035579965223879,1,1
sorting,208,0.02,0.96527691526376,0.964385813971576,0.96409936251392,-0.000286451457656267,0.1602,0.1602,0.2118,0.711610486891386,0.288389513108614,0.627006610009443,0.372993389990557,0.000358495711760895,0.00238681295196328,0.00055374490454576,0.00167254244250429,-0.00668050266755715,0.0516,258,0.0188,0.0328,94,164,0.364341085271318,0.635658914728682,0.000203080033260612,-0.000489531490916832,-0.00555138483829885,0.0134227039569272,0.967758528118341,0.160317083762926
sorting,208,0.05,0.96527691526376,0.962482647540968,0.96234620451548,-0.00013644302548832,0.1602,0.1602,0.1776,0.519350811485643,0.480649188514357,0.504504504504505,0.495495495495496,0.00197756287247389,0.00313216436550007,0.000807406011139379,0.00187937702210245,-0.00196667454545152,0.0174,87,0.0064,0.011,32,55,0.367816091954023,0.632183908045977,0.000162781779894243,-0.000299224805382564,-0.00784155318898394,0.0265521026021154,0.87870225889209,0.0748159218488008
sorting,208,0.08,0.96527691526376,0.960987016257668,0.955844869827697,-0.0051421464299708,0.1602,0.1602,0.365,0.421972534332085,0.578027465667915,0.332054794520548,0.667945205479452,0.00417269328614899,0.00512849665102054,0.000938406630668828,0.00147255446535745,-0.0246089590382425,0.2048,1024,0.0536,0.1512,268,756,0.26171875,0.73828125,0.00109151269372176,-0.00623365912369256,-0.0251081368650918,0.0357674405147183,0.804479455603178,0.141965133484729
sorting,208,0.12,0.96527691526376,0.95952873623128,0.960980282784947,0.00145154655366742,0.1602,0.1602,0.0894,0.370786516853933,0.629213483146067,0.422818791946309,0.577181208053691,0.00804153497618819,0.00861103901853763,0.00137587769642748,0.00176257164953253,0.0123154108443022,0.0708,354,0.0492,0.0216,246,108,0.694915254237288,0.305084745762712,0.00193665942377693,-0.000485112870109499,-0.0205020699670541,0.0342058233599778,0.709194603311784,0.0457946990533009
sorting,209,0,0.964400243327089,0.964400243327089,0.963448234044521,-0.000952009282568222,0.1588,0.1588,0.054,1,0,1,0,0,0.00208264432690043,0.000994130621482362,0.00215468836353943,0.0243902727461236,0.1048,524,0,0.1048,0,524,0,1,0,-0.000952009282568201,0.00908405803977291,0.00908405803977291,1,1
sorting,209,0.02,0.964400243327089,0.963497388031523,0.96358974153848,9.23535069563552e-05,0.1588,0.1588,0.128,0.712846347607053,0.287153652392947,0.784375,0.215625,0.000368078305769616,0.0019624469837425,0.000818532298433968,0.00160118636046655,0.00399933091544458,0.0308,154,0.018,0.0128,90,64,0.584415584415584,0.415584415584416,0.000232667420747141,-0.000140313913790696,-0.00299849048559888,0.0121097835888908,0.968266607562664,0.0110845511225018
sorting,209,0.05,0.964400243327089,0.961595576445351,0.961899810698006,0.000304234252654689,0.1588,0.1588,0.0716,0.516372795969773,0.483627204030227,0.634078212290503,0.365921787709497,0.00208797976146151,0.00358390514999253,0.00080988689379045,0.00153814801391622,0.0166584321003499,0.0872,436,0.0506,0.0366,253,183,0.580275229357798,0.419724770642202,0.00117358484539599,-0.000869350592741352,-0.00348892491576416,0.0234281586942355,0.885891671147667,0.127664752848105
sorting,209,0.08,0.964400243327089,0.96025212668643,0.959023580171146,-0.00122854651528415,0.1588,0.1588,0.2312,0.435768261964736,0.564231738035265,0.390138408304498,0.609861591695502,0.0045658248772471,0.00541822801210943,0.00104825541556499,0.000942117537776723,-0.00952139632945292,0.0724,362,0.021,0.0514,105,257,0.290055248618785,0.709944751381216,0.000469681082925953,-0.00169822759821007,-0.0169688745204988,0.0299434900709395,0.812271568938863,-0.038124089250279
sorting,209,0.12,0.964400243327089,0.958451558070973,0.960391073844066,0.0019395157730927,0.1588,0.1588,0.0394,0.377833753148615,0.622166246851386,0.451776649746193,0.548223350253807,0.00860990330866774,0.0090901522436058,0.00108574667294754,0.00127524948864718,0.0354102908833478,0.1194,597,0.0772,0.0422,386,211,0.646566164154104,0.353433835845896,0.0032229139514547,-0.00128339817836199,-0.0162438506959189,0.0377413076199053,0.716102069604083,0.0768214487174036
sorting,210,0,0.96398120503407,0.96398120503407,0.961520016026598,-0.00246118900747261,0.1628,0.1628,0.0152,1,0,1,0,0,0.000907391494929346,0.000887324759154237,0.000756756339967201,0.0592545162637993,0.1476,738,0,0.1476,0,738,0,1,0,-0.00246118900747265,0.01667472227285,0.01667472227285,1,1
sorting,210,0.02,0.96398120503407,0.963111035324509,0.961831216620517,-0.00127981870399174,0.1628,0.1628,0.0266,0.724815724815725,0.275184275184275,0.969924812030075,0.0300751879699248,0.000359055799588073,0.00111365114961063,0.000857257916169698,0.000557113076008626,0.0423927495830685,0.1362,681,0.044,0.0922,220,461,0.323054331864905,0.676945668135096,0.000492080537327975,-0.00177189924131969,0.00939661309832389,0.0166224653351517,0.97001174468847,0.490563970882706
sorting,210,0.05,0.96398120503407,0.961147990504154,0.961285125396512,0.000137134892357116,0.1628,0.1628,0.0304,0.525798525798526,0.474201474201474,0.802631578947369,0.197368421052632,0.00189799704942207,0.00264467594617558,0.00164017241664495,0.00176358412162636,0.040041628946701,0.1324,662,0.0712,0.0612,356,306,0.537764350453172,0.462235649546828,0.00156919742529544,-0.00143206253293831,-0.00103576202686648,0.0226681265727625,0.890166802070672,0.176521505647314
sorting,210,0.08,0.96398120503407,0.959852316451829,0.960694329609344,0.000842013157514532,0.1628,0.1628,0.1,0.44963144963145,0.55036855036855,0.514,0.486,0.00442147210850733,0.00471813479335034,0.00113412202037598,0.000350098759528697,0.0100436439247793,0.0628,314,0.041,0.0218,205,109,0.652866242038217,0.347133757961783,0.0013522556796201,-0.000510242522105621,-0.0134078528266636,0.0296576146771611,0.820902619300105,0.0260507906791051
sorting,210,0.12,0.96398120503407,0.958400247281886,0.960271833550821,0.00187158626893458,0.1628,0.1628,0.009,0.393120393120393,0.606879606879607,0.644444444444445,0.355555555555556,0.00841472619292421,0.00877760606303417,0.00182870323747247,0.000569707980262426,0.0773302488448918,0.1538,769,0.0956,0.0582,478,291,0.621586475942783,0.378413524057217,0.00356547679524059,-0.00169389052630596,-0.012168961436506,0.0341961464339827,0.731903730812149,0.176578306284093
sorting,211,0,0.965729236710101,0.965729236710101,0.964238114934624,-0.00149112177547772,0.1648,0.1648,0.0424,1,0,1,0,0,0.00117235480468218,0.000249602423574259,0.000299739328228688,0.0328909164316974,0.1224,612,0,0.1224,0,612,0,1,0,-0.00149112177547773,0.0121823674467135,0.0121823674467135,1,1
sorting,211,0.02,0.965729236710101,0.96482105962278,0.964823834347076,2.77472429621728e-06,0.1648,0.1648,0.1382,0.713592233009709,0.286407766990291,0.76410998552822,0.23589001447178,0.000364513306506318,0.00174770125769108,0.000889651559901609,0.00061308761059097,0.00353816900256143,0.0266,133,0.0146,0.012,73,60,0.548872180451128,0.451127819548872,0.000172409430950359,-0.000169634706654072,-0.000104312943469447,0.0128588021655801,0.967358345286334,0.0596555840075086
sorting,211,0.05,0.965729236710101,0.963020578006199,0.962445226102063,-0.000575351904136046,0.1648,0.1648,0.0158,0.547330097087379,0.452669902912621,0.873417721518987,0.126582278481013,0.0019683737145093,0.00317247946801182,0.000379014918502935,0.000837977545566353,0.0618261121068523,0.149,745,0.0726,0.0764,363,382,0.487248322147651,0.512751677852349,0.0015223384229066,-0.00209769032704266,0.00386142217540978,0.0242954949661024,0.885861221194449,0.218598608034073
sorting,211,0.08,0.965729236710101,0.961442591782658,0.962027802267891,0.000585210485232857,0.1648,0.1648,0.0176,0.467233009708738,0.532766990291262,0.659090909090909,0.340909090909091,0.00436000829265963,0.00754767108402836,0.000356128326847444,0.000196000169625533,0.058042468257017,0.1472,736,0.0818,0.0654,409,327,0.555706521739131,0.44429347826087,0.00240557032934936,-0.00182035984411646,-0.00397561470946266,0.0287087647653928,0.813902089740084,0.19166294445334
sorting,211,0.12,0.965729236710101,0.959472844366029,0.961242319069308,0.00176947470327904,0.1648,0.1648,0.0728,0.368932038834951,0.631067961165049,0.43956043956044,0.56043956043956,0.00858950826698328,0.0089856591720936,0.00156396083355582,0.000159112931073316,0.0194048088849345,0.092,460,0.0632,0.0288,316,144,0.686956521739131,0.31304347826087,0.00264358638099372,-0.000874111677714747,-0.019233420687815,0.0382358484642225,0.716974797286992,0.0878286389534594
sorting,212,0,0.96560343253191,0.96560343253191,0.964003552043379,-0.00159988048853066,0.1648,0.1648,0.322,1,0,0.511801242236025,0.488198757763975,0,0.00181495522686862,0.001156113857544,0.00132209328454838,-0.0202833495549628,0.1572,786,0,0.1572,0,786,0,1,0,-0.00159988048853062,-0.0101773567972686,0.0101773567972686,1,1
sorting,212,0.02,0.96560343253191,0.964710757817393,0.964768308153336,5.75503359429019e-05,0.1648,0.1648,0.1128,0.716019417475728,0.283980582524272,0.812056737588653,0.187943262411348,0.00036624654184417,0.00229438624422833,0.000880933759516642,0.00180113634545693,0.00735983270204632,0.052,260,0.0256,0.0264,128,132,0.492307692307692,0.507692307692308,0.000334586332964961,-0.000277035997022065,-0.00110673722967107,0.0117619678843659,0.967966353054654,0.11821431131776
sorting,212,0.05,0.96560343253191,0.96296435984418,0.963197365135729,0.000233005291548905,0.1648,0.1648,0.0966,0.546116504854369,0.453883495145631,0.608695652173913,0.391304347826087,0.00192213548264309,0.00269633600662637,0.00132606215479944,0.00132018935502095,0.0102877809022524,0.0682,341,0.037,0.0312,185,156,0.542521994134897,0.457478005865103,0.000836016196629573,-0.000603010905080725,-0.00341649987608282,0.0211001041306495,0.887880848923234,0.0338777770716251
sorting,212,0.08,0.96560343253191,0.961667341975722,0.961290090072273,-0.000377251903449394,0.1648,0.1648,0.1958,0.463592233009709,0.536407766990291,0.44535240040858,0.55464759959142,0.00430240224794601,0.00562967317911336,0.0019269745807037,0.00135085893267785,-0.00367128727059096,0.031,155,0.0108,0.0202,54,101,0.348387096774194,0.651612903225806,0.000205578123523254,-0.000582830026972621,-0.0121694162403022,0.0254325209837379,0.814144189077768,-0.00287776739389643
sorting,212,0.12,0.96560343253191,0.959819435146467,0.957935001656011,-0.00188443349045575,0.1648,0.1648,0.24,0.401699029126214,0.598300970873786,0.365,0.635,0.00828067239097406,0.00850606894817499,0.00323860846736216,0.00140294266317766,-0.009624243748378,0.0752,376,0.0214,0.0538,107,269,0.284574468085106,0.715425531914894,0.000475383963094056,-0.00235981745354976,-0.0250589559901024,0.037702146497923,0.72156151187046,0.0639923246232857
sorting,213,0,0.965604966654744,0.965604966654744,0.96510388746086,-0.000501079193883536,0.1554,0.1554,0.2408,1,0,0.645348837209302,0.354651162790698,0,0.00128649001314709,0.000713579652055951,0.00179494746703785,-0.0113713924865932,0.0854,427,0,0.0854,0,427,0,1,0,-0.000501079193883482,-0.00586743786748808,0.00586743786748808,1,1
sorting,213,0.02,0.965604966654744,0.96473793105979,0.964277804513121,-0.000460126546669715,0.1554,0.1554,0.2238,0.707850707850708,0.292149292149292,0.597855227882038,0.402144772117962,0.000371777388892158,0.00169513545507535,0.00082275313025977,0.00160812692537778,-0.0094731619711359,0.0684,342,0.0238,0.0446,119,223,0.347953216374269,0.652046783625731,0.000225649820123825,-0.000685776366793562,-0.00672699629634117,0.0133249442531782,0.969133269773331,0.0892243476007032
sorting,213,0.05,0.965604966654744,0.963023759219018,0.962989535293193,-3.42239258250832e-05,0.1554,0.1554,0.1578,0.522522522522523,0.477477477477478,0.519645120405577,0.480354879594423,0.00192099743013271,0.00309896470978783,0.000618840483300895,0.00213932404775293,-0.000235472074127219,0.0024,12,8e-04,0.0016,4,8,0.333333333333333,0.666666666666667,1.11397091042019e-05,-4.53636349292034e-05,-0.0142599690937506,0.0235430600139189,0.892229487625179,-0.20979020979021
sorting,213,0.08,0.965604966654744,0.961538105769463,0.96190843505729,0.000370329287827098,0.1554,0.1554,0.1254,0.42985842985843,0.57014157014157,0.43859649122807,0.56140350877193,0.0044355972735697,0.00523547704605763,0.0010787210151608,0.00156247532668068,0.00405891518944823,0.03,150,0.0182,0.0118,91,59,0.606666666666667,0.393333333333333,0.000575372804847841,-0.000205043517020828,-0.0123443095942338,0.0260138773956223,0.813033417385337,0.030484910440464
sorting,213,0.12,0.965604966654744,0.960096731114102,0.962185966119662,0.00208923500556069,0.1554,0.1554,0.0324,0.382239382239382,0.617760617760618,0.506172839506173,0.493827160493827,0.0083170217376065,0.00937405204319503,0.00107579843909005,0.00192260168571036,0.0356567780855435,0.123,615,0.08,0.043,400,215,0.650406504065041,0.349593495934959,0.00318312619163567,-0.00109389118607505,-0.0169856504517123,0.0347724990057782,0.71856550074262,0.0847499326763647
sorting,214,0,0.964721268104558,0.964721268104558,0.964078781383784,-0.000642486720774604,0.1564,0.1564,0.0678,1,0,1,0,0,0.000847921196205519,0.00124348538862123,0.00128202866805763,0.0176945685634452,0.0886,443,0,0.0886,0,443,0,1,0,-0.000642486720774548,0.00725154312386623,0.00725154312386623,1,1
sorting,214,0.02,0.964721268104558,0.963872317218729,0.963730159089008,-0.000142158129720849,0.1564,0.1564,0.0768,0.714833759590793,0.285166240409207,0.8984375,0.1015625,0.000364298335598452,0.0067215692700241,0.000837950196055218,0.00107844757593336,0.014777121052819,0.0796,398,0.0368,0.0428,184,214,0.462311557788945,0.537688442211055,0.00041973151593089,-0.000561889645651766,0.00178590615227231,0.0123319241404856,0.968761480766459,0.254472776754742
sorting,214,0.05,0.964721268104558,0.962175146901751,0.962305831489438,0.000130684587687391,0.1564,0.1564,0.0594,0.549872122762148,0.450127877237852,0.693602693602694,0.306397306397306,0.0019511245677839,0.00240643091089504,0.000987990401611173,0.000847437201275656,0.0208080772469027,0.097,485,0.0522,0.0448,261,224,0.538144329896907,0.461855670103093,0.00120218605570549,-0.00107150146801806,-0.00134726379059209,0.0234400775641604,0.894994413111776,0.203290953900139
sorting,214,0.08,0.964721268104558,0.960532778031074,0.960973098402335,0.000440320371261294,0.1564,0.1564,0.117,0.434782608695652,0.565217391304348,0.44957264957265,0.55042735042735,0.0044054858353779,0.00500310020295112,0.00064591477602388,0.000751178088163983,0.00567394164997415,0.0394,197,0.024,0.0154,120,77,0.609137055837564,0.390862944162437,0.000804990441552999,-0.000364670070291619,-0.0111756439406442,0.029686815021437,0.810533133285325,0.0373003839283752
sorting,214,0.12,0.964721268104558,0.959164583865673,0.961217713777196,0.00205312991152251,0.1564,0.1564,0.0208,0.424552429667519,0.575447570332481,0.567307692307692,0.432692307692308,0.00882885409902868,0.00967356093155679,0.00116160398389193,0.000635599705028315,0.0498335949823908,0.1356,678,0.081,0.0546,405,273,0.597345132743363,0.402654867256637,0.00351162395608794,-0.00145849404456546,-0.0151410760436761,0.036652787615438,0.725547434717897,0.149979211337617
sorting,215,0,0.964606417871735,0.964606417871735,0.964107090232389,-0.000499327639346237,0.1596,0.1596,0.2474,1,0,0.645109135004042,0.354890864995958,0,0.0019114189100903,0.000450563548592613,0.000885205361450329,-0.011511842734886,0.0878,439,0,0.0878,0,439,0,1,0,-0.000499327639346292,-0.0056871029538302,0.0056871029538302,1,1
sorting,215,0.02,0.964606417871735,0.963660886963665,0.962426795610804,-0.0012340913528609,0.1596,0.1596,0.289,0.709273182957394,0.290726817042607,0.510726643598616,0.489273356401384,0.000356361695395425,0.00201330291862174,0.000775031571558686,0.000834684670020372,-0.015856905932006,0.1294,647,0.0344,0.095,172,475,0.265842349304482,0.734157650695518,0.00034111056621021,-0.00157520191907116,-0.00953702745642153,0.0148092154967648,0.968051173282047,0.219545211180814
sorting,215,0.05,0.964606417871735,0.96198590952183,0.962084938514436,9.90289926054988e-05,0.1596,0.1596,0.0566,0.540100250626566,0.459899749373434,0.667844522968198,0.332155477031802,0.00198831004601475,0.00317868004318673,0.00106340899568941,0.00117607054963709,0.0216157416887908,0.103,515,0.0546,0.0484,273,242,0.530097087378641,0.469902912621359,0.00121536758305882,-0.00111633859045328,-0.000961446530150813,0.0226379240146806,0.88970899034036,0.130321817732964
sorting,215,0.08,0.964606417871735,0.960386574276823,0.961392820414846,0.00100624613802291,0.1596,0.1596,0.0246,0.43984962406015,0.56015037593985,0.634146341463415,0.365853658536585,0.00421168980745193,0.00566742277903255,0.000926925578545297,0.00149917577006834,0.0459928936420286,0.135,675,0.0804,0.0546,402,273,0.595555555555556,0.404444444444444,0.00233306716709193,-0.00132682102906897,-0.0074536750964664,0.0271102829345252,0.822425079809003,0.117542847221003
sorting,215,0.12,0.964606417871735,0.959031894950608,0.960802122092721,0.00177022714211306,0.1596,0.1596,0.055,0.37719298245614,0.62280701754386,0.461818181818182,0.538181818181818,0.00906181056250991,0.00965784722543698,0.00150773870978869,0.000768116410753495,0.0220360179670895,0.1046,523,0.0698,0.0348,349,174,0.667304015296367,0.332695984703633,0.00262013256741254,-0.000849905425299485,-0.0169237776492644,0.0331743593949524,0.716700340284014,0.0725130443404398
sorting,216,0,0.965164866598787,0.965164866598787,0.964150987014756,-0.00101387958403121,0.1522,0.1522,0.2734,1,0,0.556693489392831,0.443306510607169,0,0.00103304625628813,0.000353347238283249,0.000648256704231388,-0.0164325196967655,0.1212,606,0,0.1212,0,606,0,1,0,-0.00101387958403112,-0.00836534310256703,0.00836534310256703,1,1
sorting,216,0.02,0.965164866598787,0.964248859315268,0.964212152823567,-3.67064917009552e-05,0.1522,0.1522,0.1664,0.692509855453351,0.307490144546649,0.677884615384615,0.322115384615385,0.000369050456216618,0.00128933409203867,0.000619078840914611,0.00148283728239096,-0.00213135515764795,0.0142,71,0.0074,0.0068,37,34,0.52112676056338,0.47887323943662,8.01162029665332e-05,-0.000116822694667471,-0.00258496420429143,0.0138689364530989,0.967538943373558,0.163514419852448
sorting,216,0.05,0.965164866598787,0.962586421960764,0.96299137143622,0.000404949475455552,0.1522,0.1522,0.0832,0.528252299605782,0.471747700394218,0.612980769230769,0.387019230769231,0.00188913144976266,0.0026429408420436,0.000354611586963974,0.000594846831735781,0.0122879355253066,0.069,345,0.0396,0.0294,198,147,0.573913043478261,0.426086956521739,0.000976883664388506,-0.000571934188932908,-0.00586883297761735,0.0224466355553828,0.891631782673271,0.0819359778371334
sorting,216,0.08,0.965164866598787,0.961176269390974,0.962297171845087,0.00112090245411234,0.1522,0.1522,0.0346,0.416557161629435,0.583442838370565,0.601156069364162,0.398843930635838,0.00448490070500282,0.00501804381929768,0.00106054693796115,0.00125698720178135,0.0326231083109944,0.1176,588,0.075,0.0426,375,213,0.637755102040816,0.362244897959184,0.0022371103499687,-0.00111620789585636,-0.00953148345333622,0.0285146109338866,0.805432696569308,0.0480552766367044
sorting,216,0.12,0.965164866598787,0.959996503380082,0.961800609500901,0.00180410612081872,0.1522,0.1522,0.0146,0.392904073587385,0.607095926412615,0.602739726027397,0.397260273972603,0.00839481282467957,0.00841990496915363,0.00129761523085358,0.000596316253852268,0.0602032734566647,0.1376,688,0.0866,0.051,433,255,0.629360465116279,0.370639534883721,0.00318745550889434,-0.00138334938807558,-0.0131112363431596,0.0332180588442582,0.73168525573141,0.145022030093817
sorting,217,0,0.965663446371034,0.965663446371034,0.965465628187382,-0.000197818183652054,0.1596,0.1596,0.2176,1,0,0.733455882352941,0.266544117647059,0,0.00163675014024944,0.000437715136142286,0.00147150140441009,-0.00743438672659114,0.058,290,0,0.058,0,290,0,1,0,-0.000197818183651952,-0.00341065833882676,0.00341065833882676,1,1
sorting,217,0.02,0.965663446371034,0.964749502517924,0.96439211356983,-0.000357388948093784,0.1596,0.1596,0.212,0.694235588972431,0.305764411027569,0.608490566037736,0.391509433962264,0.000368027288503403,0.0017883340631732,0.000501432004133958,0.00179215741341103,-0.00672268182388303,0.0524,262,0.0182,0.0342,91,171,0.347328244274809,0.652671755725191,0.000154978928550965,-0.000512367876644807,-0.00682039977278325,0.0127356260533544,0.965486733051469,0.122476030147351
sorting,217,0.05,0.965663446371034,0.963061018608944,0.963306175535151,0.000245156926206858,0.1596,0.1596,0.0472,0.520050125313283,0.479949874686717,0.703389830508475,0.296610169491525,0.0018982557454535,0.00263887851374298,0.000485598513557402,0.00197061234842365,0.0262227539675119,0.1124,562,0.0626,0.0498,313,249,0.556939501779359,0.443060498220641,0.00132170566510144,-0.00107654873889458,-0.00218111144312148,0.0213367829537012,0.885716777668671,0.155465490236416
sorting,217,0.08,0.965663446371034,0.961617656868958,0.962525624740046,0.000907967871088156,0.1596,0.1596,0.085,0.417293233082707,0.582706766917293,0.487058823529412,0.512941176470588,0.00451137631063522,0.00553371689742135,0.000415977461923657,0.000812550065776626,0.0119278780717473,0.0746,373,0.0494,0.0252,247,126,0.662198391420912,0.337801608579088,0.00149457033097263,-0.000586602459884569,-0.0121711510869713,0.0278977585905791,0.80636100086244,0.15186624680141
sorting,217,0.12,0.965663446371034,0.959840666521067,0.962084995573098,0.00224432905203087,0.1596,0.1596,0.0202,0.353383458646617,0.646616541353383,0.465346534653465,0.534653465346535,0.00836499051833494,0.0085860017457253,0.0014210328649487,0.00087123294347935,0.0488973951976657,0.1394,697,0.0924,0.047,462,235,0.662840746054519,0.337159253945481,0.00347943723200296,-0.00123510817997209,-0.0160999214636361,0.0338202683785871,0.715709913044397,0.103109335434358
sorting,218,0,0.964566545204145,0.964566545204145,0.964245375463854,-0.00032116974029095,0.1564,0.1564,0.224,1,0,0.698214285714286,0.301785714285714,0,0.00195213488645061,0.000936178530517669,0.000687948670825553,-0.00974846590294831,0.0676,338,0,0.0676,0,338,0,1,0,-0.000321169740290964,-0.00475103166110894,0.00475103166110894,1,1
sorting,218,0.02,0.964566545204145,0.963710178870866,0.963088804000597,-0.000621374870268587,0.1564,0.1564,0.0472,0.713554987212276,0.286445012787724,0.970338983050847,0.0296610169491525,0.000363067947092846,0.00239921374174555,0.000407482552627019,0.00152505645042043,0.0270926351569549,0.1092,546,0.0434,0.0658,217,329,0.397435897435897,0.602564102564103,0.000467521594472956,-0.00108889646474154,0.00569024606473065,0.0142529126301694,0.970769308078772,0.449536787282288
sorting,218,0.05,0.964566545204145,0.962037677902637,0.962311053246095,0.000273375343457505,0.1564,0.1564,0.1128,0.547314578005115,0.452685421994885,0.602836879432624,0.397163120567376,0.00194664534854931,0.00366054988061816,0.0018482165063403,0.00214858062527099,0.0062741297500889,0.0436,218,0.026,0.0176,130,88,0.596330275229358,0.403669724770642,0.000610292998220952,-0.000336917654763404,-0.00627007668480613,0.0217250149767054,0.897558349630334,0.114009691492695
sorting,218,0.08,0.964566545204145,0.960224372938252,0.96136430107519,0.00113992813693853,0.1564,0.1564,0.0638,0.421994884910486,0.578005115089514,0.523510971786834,0.476489028213166,0.00473761898321335,0.00538276469653492,0.00152925754020338,0.000634625699525557,0.0194592708875946,0.0926,463,0.06,0.0326,300,163,0.647948164146868,0.352051835853132,0.00194374103202581,-0.000803812895087335,-0.0123102390598107,0.0296712087161246,0.808892374083695,0.0905679001121021
sorting,218,0.12,0.964566545204145,0.958408865373565,0.960806806806422,0.00239794143285699,0.1564,0.1564,0,0.364450127877238,0.635549872122762,,,0.00850063274330534,0.00900083232221418,0.00154670675475108,0.000807773946514395,Inf,0.1564,782,0.0994,0.057,497,285,0.635549872122762,0.364450127877238,0.00412944224225181,-0.00173150080939474,-0.015332106348191,0.0374740604325227,0.721370038230802,0.217734081918394
sorting,219,0,0.965145052741936,0.965145052741936,0.964866154019997,-0.000278898721939758,0.1618,0.1618,0.2302,1,0,0.702867072111208,0.297132927888792,0,0.00162616886332153,0.000908538221649943,0.000878046381330557,-0.00847934332593347,0.0684,342,0,0.0684,0,342,0,1,0,-0.000278898721939697,-0.00407746669502482,0.00407746669502482,1,1
sorting,219,0.02,0.965145052741936,0.96419163410269,0.963918737391423,-0.000272896711267512,0.1618,0.1618,0.2214,0.703337453646477,0.296662546353523,0.61156278229449,0.38843721770551,0.000359693592611056,0.00189483627400098,0.000834547555230417,0.00106555148718643,-0.00752440772647767,0.0596,298,0.0216,0.038,108,190,0.36241610738255,0.63758389261745,0.000250933035770413,-0.000523829747037913,-0.00457880388032718,0.0129993755504753,0.966884836787393,0.126120580453817
sorting,219,0.05,0.965145052741936,0.962339353774938,0.961707505293393,-0.000631848481544406,0.1618,0.1618,0.2048,0.511742892459827,0.488257107540173,0.474609375,0.525390625,0.00194874983709511,0.00300674299338175,0.000570402394698848,0.000579709994930028,-0.00501907049178707,0.043,215,0.0144,0.0286,72,143,0.334883720930233,0.665116279069768,0.000216756895662168,-0.000848605377206647,-0.0146941507335925,0.0247758668109027,0.881336604981464,-0.0876077664275882
sorting,219,0.08,0.965145052741936,0.961157470183733,0.962008373118602,0.00085090293486878,0.1618,0.1618,0.0342,0.432632880098888,0.567367119901113,0.567251461988304,0.432748538011696,0.00419852147521606,0.00516045248411545,0.000850072302747196,0.0011250105653355,0.0352838225929087,0.1276,638,0.077,0.0506,385,253,0.603448275862069,0.396551724137931,0.00208040384971791,-0.00122950091484915,-0.00666851829834454,0.0259396925122811,0.811527803533112,0.117058154038658
sorting,219,0.12,0.965145052741936,0.959571505480718,0.961068559743936,0.001497054263218,0.1618,0.1618,0.0858,0.379480840543881,0.620519159456119,0.433566433566434,0.566433566433567,0.00846047836429339,0.00813751413401111,0.000567814829748248,0.000676472945244199,0.0127260583556532,0.076,380,0.0518,0.0242,259,121,0.681578947368421,0.318421052631579,0.00212641406676656,-0.00062935980354854,-0.0196980824107634,0.036260182504146,0.717140728685629,0.0886506357931477
sorting,220,0,0.965242059282164,0.965242059282164,0.965019489638053,-0.000222569644110826,0.1604,0.1604,0.102,1,0,1,0,0,0.00079667280789244,0.000657591178788781,0.000411055565724181,0.00882380309730757,0.0584,292,0,0.0584,0,292,0,1,0,-0.000222569644110877,0.00381112404299447,0.00381112404299447,1,1
sorting,220,0.02,0.965242059282164,0.964341921702493,0.964274735155022,-6.71865474701772e-05,0.1604,0.1604,0.0928,0.708229426433915,0.291770573566085,0.859913793103448,0.140086206896552,0.000364758524086894,0.00127961945569886,0.000768492452783201,0.000444421761543696,0.0112538359732977,0.0676,338,0.0338,0.0338,169,169,0.5,0.5,0.000374926941633853,-0.000442113489104038,0.000993883838316352,0.0120863969044067,0.970534027813361,0.129138154438476
sorting,220,0.05,0.965242059282164,0.962754474948771,0.961355419520863,-0.00139905542790808,0.1604,0.1604,0.2504,0.547381546134663,0.452618453865337,0.452076677316294,0.547923322683706,0.00194232192426197,0.00300339986281117,0.000717130071586817,0.00118025620260198,-0.0118503357865979,0.09,450,0.0254,0.0646,127,323,0.282222222222222,0.717777777777778,0.00045283077543831,-0.00185188620334637,-0.0155450603100896,0.0256079664309409,0.890829807281192,0.0424416252261328
sorting,220,0.08,0.965242059282164,0.961205373105689,0.962131156619803,0.000925783514113765,0.1604,0.1604,0.0526,0.461346633416459,0.538653366583541,0.577946768060837,0.422053231939164,0.00433812372979441,0.00485448576801581,0.000919898366647983,0.000449031743237119,0.0251005663629463,0.1078,539,0.0642,0.0436,321,218,0.595547309833024,0.404452690166976,0.00200971303609682,-0.00108392952198314,-0.00858797322925492,0.0286979829135432,0.815689928819597,0.122954528212096
sorting,220,0.12,0.965242059282164,0.959583452333439,0.961522745909999,0.00193929357655975,0.1604,0.1604,0.0178,0.382793017456359,0.617206982543641,0.50561797752809,0.49438202247191,0.00856423286175017,0.00885071390405667,0.00171177847354975,0.00094173345761101,0.0568542924078673,0.1426,713,0.0902,0.0524,451,262,0.632538569424965,0.367461430575035,0.00339674488954427,-0.00145745131298456,-0.0135995341974734,0.0340406465815485,0.713764939526597,0.151249810796248
sorting,221,0,0.963369510910669,0.963369510910669,0.963368850381419,-6.60529249962849e-07,0.158,0.158,0.1616,1,0,0.977722772277228,0.0222772277227723,0,0.000908844238558941,0.000397693752309984,0.000750956159876574,-0.00038032930958376,0.0036,18,0,0.0036,0,18,0,1,0,-6.60529249951103e-07,-0.00018348034720864,0.00018348034720864,1,1
sorting,221,0.02,0.963369510910669,0.962459595695482,0.962399579720937,-6.00159745454132e-05,0.158,0.158,0.1876,0.712658227848101,0.287341772151899,0.664179104477612,0.335820895522388,0.000371527946425707,0.00122078166724981,0.000319586059411507,0.000268508158314951,-0.00319116390659457,0.0296,148,0.012,0.0176,60,88,0.405405405405405,0.594594594594595,0.00014764611657643,-0.00020766209112184,-0.00202756670761522,0.0120036556654821,0.968415772656631,-0.106012874948637
sorting,221,0.05,0.963369510910669,0.960680295134122,0.961129940995433,0.000449645861311798,0.158,0.158,0.0858,0.544303797468355,0.455696202531646,0.675990675990676,0.324009324009324,0.00188065833442161,0.0034693907100884,0.00038786424828631,0.000596939935429429,0.0136018568338729,0.0722,361,0.0442,0.028,221,140,0.61218836565097,0.387811634349031,0.0010417423854543,-0.000592096524142564,-0.00622778201262788,0.0226293477783499,0.890632779465311,0.0786721456155655
sorting,221,0.08,0.963369510910669,0.959288206617134,0.960048734128462,0.000760527511327713,0.158,0.158,0.0768,0.451898734177215,0.548101265822785,0.5234375,0.4765625,0.00423771275644436,0.00512773555727209,0.000323233181345749,0.0013374337316393,0.0162027040251211,0.0812,406,0.05,0.0312,250,156,0.61576354679803,0.38423645320197,0.00156726310229044,-0.000806735590962721,-0.00936610235625275,0.0292364371090291,0.815327423493097,0.0737329358019013
sorting,221,0.12,0.963369510910669,0.957625108202643,0.959282173475027,0.00165706527238352,0.158,0.158,0.0686,0.381012658227848,0.618987341772152,0.428571428571429,0.571428571428571,0.00858678097972148,0.00903855044418697,0.000544168041701554,0.00112417602660233,0.019319792530201,0.0894,447,0.0586,0.0308,293,154,0.655480984340045,0.344519015659955,0.00241758438726704,-0.000760519114883506,-0.0185354057313595,0.0355492561761806,0.723273693538948,0.048837756729682
sorting,222,0,0.964939370296207,0.964939370296207,0.964363970984404,-0.000575399311802949,0.1662,0.1662,0.079,1,0,1,0,0,0.00124007338043698,0.000516131693688157,0.0011642367408402,0.0152365886778646,0.0872,436,0,0.0872,0,436,0,1,0,-0.000575399311803041,0.00659861596104405,0.00659861596104405,1,1
sorting,222,0.02,0.964939370296207,0.96403576084592,0.962763567251091,-0.00127219359482889,0.1662,0.1662,0.0278,0.72202166064982,0.277978339350181,0.992805755395683,0.00719424460431655,0.00034643709610631,0.00320198385972214,0.00040202260261187,0.000634734131713545,0.0444964364796164,0.1384,692,0.046,0.0924,230,462,0.332369942196532,0.667630057803468,0.00049705720176006,-0.0017692507965889,0.00919215025165344,0.0163750577915387,0.969053390378136,0.481606484551032
sorting,222,0.05,0.964939370296207,0.962181820269654,0.962591001220207,0.000409180950552757,0.1662,0.1662,0.0968,0.534296028880867,0.465703971119134,0.630165289256198,0.369834710743802,0.00192183806658007,0.00269152346135278,0.000247409228843787,0.000644226533056597,0.0109133915609646,0.0694,347,0.0416,0.0278,208,139,0.599423631123919,0.400576368876081,0.000994980165737668,-0.000585799215184873,-0.00589597911459358,0.0227778008778464,0.887979139199165,0.069648784909406
sorting,222,0.08,0.964939370296207,0.960853579370812,0.961667583507066,0.000814004136253876,0.1662,0.1662,0.0738,0.454873646209386,0.545126353790614,0.536585365853659,0.463414634146342,0.00442925592117573,0.00471468271092338,0.000803759824045735,0.00073319601572927,0.0165421604139626,0.0924,462,0.0564,0.036,282,180,0.61038961038961,0.38961038961039,0.00176631113659514,-0.000952307000341269,-0.00880956857417607,0.0294222742092685,0.812025566817023,0.0816457521947981
sorting,222,0.12,0.964939370296207,0.95912505123737,0.961091622277809,0.00196657104043874,0.1662,0.1662,0.0016,0.389891696750903,0.610108303249097,0.5,0.5,0.00861815228270771,0.00874438726420866,0.000574201823547224,0.0015822316783298,0.11871723814906,0.1646,823,0.1006,0.064,503,320,0.611178614823815,0.388821385176185,0.00375382132514651,-0.00178725028470773,-0.0119475761873559,0.0336638615422493,0.712744593021784,0.152676320094636
sorting,223,0,0.964056490329732,0.964056490329732,0.963675781094076,-0.000380709235656251,0.1508,0.1508,0.0794,1,0,1,0,0,0.00101857066893566,0.000330013845020271,0.000990031780908318,0.0117422679401251,0.0714,357,0,0.0714,0,357,0,1,0,-0.000380709235656245,0.00533206212403704,0.00533206212403704,1,1
sorting,223,0.02,0.964056490329732,0.963160535496659,0.962494384270433,-0.000666151226225709,0.1508,0.1508,0.2376,0.690981432360743,0.309018567639257,0.547138047138047,0.452861952861953,0.000357252450417407,0.00104764618300906,0.000298635816882367,0.000916789489394493,-0.011020915938232,0.0868,434,0.0258,0.061,129,305,0.297235023041475,0.702764976958525,0.000239445711032569,-0.000905596937258369,-0.00767455329753227,0.0131917355793887,0.968653919482157,0.104677986354573
sorting,223,0.05,0.964056490329732,0.961724186329434,0.960765437482384,-0.000958748847050273,0.1508,0.1508,0.2228,0.529177718832891,0.470822281167109,0.46229802513465,0.53770197486535,0.00201648830656939,0.00255225207185907,0.000168503200827053,0.000955195872588156,-0.00932978918389227,0.072,360,0.0232,0.0488,116,244,0.322222222222222,0.677777777777778,0.00038057587063885,-0.00133932471768907,-0.0133159562090308,0.0238875081712211,0.887878529083141,0.102450121785919
sorting,223,0.08,0.964056490329732,0.960040676300074,0.961039853059497,0.000999176759422293,0.1508,0.1508,0.0396,0.407161803713528,0.592838196286472,0.52020202020202,0.47979797979798,0.00416200807075725,0.00444935063424697,0.000817064166920155,0.000540787447800256,0.0275916581980908,0.1112,556,0.0704,0.0408,352,204,0.633093525179856,0.366906474820144,0.00202744047668285,-0.0010282637172606,-0.00898540251279002,0.0274793542620813,0.812272710090908,0.126040763778904
sorting,223,0.12,0.964056490329732,0.958209345255856,0.960887177798947,0.00267783254309073,0.1508,0.1508,0.0052,0.356763925729443,0.643236074270557,0.576923076923077,0.423076923076923,0.00859558533855,0.00829544665889175,0.00161165021055494,0.000517317507847527,0.0878441792915665,0.1456,728,0.0948,0.0508,474,254,0.651098901098901,0.348901098901099,0.00395651743864973,-0.001278684895559,-0.0183917070267221,0.0359560599876974,0.708990233511609,0.0531961910534431
sorting,224,0,0.964729123862185,0.964729123862185,0.964724687364755,-4.43649742998264e-06,0.1622,0.1622,0.1536,1,0,1,0,0,0.00233195528677643,0.00053102139375737,0.00242132616927853,0.00113616792041316,0.0086,43,0,0.0086,0,43,0,1,0,-4.43649742995649e-06,0.000515871794180987,0.000515871794180987,1,1
sorting,224,0.02,0.964729123862185,0.963873271459454,0.963342501485062,-0.000530769974391721,0.1622,0.1622,0.2342,0.722564734895191,0.277435265104809,0.598633646456021,0.40136635354398,0.000370759183157895,0.00239302374205434,0.000655802353124264,0.00242061241118301,-0.00957297383933708,0.072,360,0.023,0.049,115,245,0.319444444444444,0.680555555555556,0.000219420973896609,-0.000750190948288398,-0.00737180519988595,0.0134668322525695,0.967403355560134,0.131958322723684
sorting,224,0.05,0.964729123862185,0.961961447418745,0.961068811055137,-0.000892636363608146,0.1622,0.1622,0.2408,0.538840937114673,0.461159062885327,0.472591362126246,0.527408637873754,0.00193129307581484,0.00404341650684599,0.000649613620860685,0.00248488067951387,-0.0102596547182588,0.0786,393,0.0264,0.0522,132,261,0.33587786259542,0.66412213740458,0.000479394626926807,-0.00137203099053488,-0.0113566967380162,0.0235550333010393,0.885440542073622,0.149309473857354
sorting,224,0.08,0.964729123862185,0.960587311980247,0.961506227521183,0.000918915540935927,0.1622,0.1622,0.0674,0.459926017262639,0.540073982737361,0.572700296735905,0.427299703264095,0.00429250282853905,0.00588694076974049,0.00105599396681578,0.00198252798432091,0.0189965095833372,0.0948,474,0.0588,0.036,294,180,0.620253164556962,0.379746835443038,0.00181679688234122,-0.00089788134140534,-0.00969320190860636,0.0286358462420523,0.810659799626392,0.00178468758671104
sorting,224,0.12,0.964729123862185,0.959423661738031,0.960660247563223,0.00123658582519259,0.1622,0.1622,0.0724,0.373612823674476,0.626387176325524,0.428176795580111,0.57182320441989,0.00835914326825494,0.00931934530854743,0.00295655509971738,0.00253281942036714,0.0173993767553504,0.0898,449,0.0602,0.0296,301,148,0.670378619153675,0.329621380846325,0.0020322692863935,-0.0007956834612009,-0.0137704434876682,0.0314916787037239,0.72256923763877,0.122676185173401
sorting,225,0,0.964798167771293,0.964798167771293,0.964798053448405,-1.1432288815616e-07,0.1616,0.1616,0.1636,1,0,0.987775061124694,0.0122249388753056,0,0.00128664356987774,0.000671875699465591,0.0011580375007818,-0.000124212832162574,0.002,10,0,0.002,0,10,0,1,0,-1.14322888068741e-07,-5.71614440343704e-05,5.71614440343704e-05,1,1
sorting,225,0.02,0.964798167771293,0.96394470551535,0.963475435048974,-0.000469270466375682,0.1616,0.1616,0.058,0.701732673267327,0.298267326732673,0.903448275862069,0.096551724137931,0.000353263833191405,0.00179782746250895,0.000274128127901133,0.00100017028347175,0.0188088999575238,0.1036,518,0.0426,0.061,213,305,0.411196911196911,0.588803088803089,0.000429448908478567,-0.000898719374854264,0.00452963770632912,0.0128201571750273,0.967200383616015,0.243540240219615
sorting,225,0.05,0.964798167771293,0.962159632028947,0.962262210902117,0.000102578873169334,0.1616,0.1616,0.1378,0.524752475247525,0.475247524752475,0.537010159651669,0.462989840348331,0.00187659604353619,0.00308854869378705,0.000601556612541873,0.000847331623043806,0.00264278655659711,0.0238,119,0.013,0.0108,65,54,0.546218487394958,0.453781512605042,0.000287581623424346,-0.000185002750255057,-0.00431003668778524,0.0198564862890506,0.885393091479724,0.150989887480416
sorting,225,0.08,0.964798167771293,0.960880501223958,0.961353901434786,0.000473400210827313,0.1616,0.1616,0,0.439356435643564,0.560643564356436,,,0.00437042508374192,0.00518438539256332,0.000641106651744466,0.00109892765771062,0.973509383395184,0.1616,808,0.0906,0.071,453,355,0.560643564356436,0.439356435643564,0.00237369993951089,-0.00190029972868358,-0.00292945675016897,0.0264480177487282,0.810724766956991,0.236697067264867
sorting,225,0.12,0.964798167771293,0.959421550777839,0.961448696411884,0.00202714563404449,0.1616,0.1616,0.0038,0.375,0.625,0.578947368421053,0.421052631578947,0.00837351342822755,0.00843709146411812,0.00141004568887377,0.000679453547642448,0.0953759062166732,0.1578,789,0.0994,0.0584,497,292,0.629911280101394,0.370088719898606,0.00348017666348024,-0.00145303102943576,-0.0128462967936912,0.0312624061655006,0.716983205927328,0.139033448984124
sorting,226,0,0.965131730307529,0.965131730307529,0.965030981849497,-0.000100748458032429,0.1514,0.1514,0.1136,1,0,1,0,0,0.00212298702742404,0.000566845334877526,0.000913969106520578,0.00546930881216634,0.0378,189,0,0.0378,0,189,0,1,0,-0.000100748458032443,0.0026653031225514,0.0026653031225514,1,1
sorting,226,0.02,0.965131730307529,0.964306302560803,0.963668294411152,-0.000638008149651426,0.1514,0.1514,0.044,0.710700132100396,0.289299867899604,0.959090909090909,0.0409090909090909,0.00035893713126418,0.0024134854007197,0.000627712380901135,0.000569418645001215,0.0281842606178062,0.1074,537,0.042,0.0654,210,327,0.391061452513966,0.608938547486034,0.000455869592318427,-0.00109387774196977,0.00594048556472385,0.0144296772280093,0.970053470130139,0.422317448499233
sorting,226,0.05,0.965131730307529,0.962422682614381,0.961120989749198,-0.00130169286518356,0.1514,0.1514,0.2478,0.507265521796565,0.492734478203435,0.430185633575464,0.569814366424536,0.00196605192980795,0.00329180034635784,0.000880414991753462,0.00079639763002359,-0.0126854261758956,0.0964,482,0.0298,0.0666,149,333,0.309128630705394,0.690871369294606,0.000573160681060891,-0.00187485354624441,-0.0135030380205759,0.0253943384575239,0.889501363452055,0.153155975093554
sorting,226,0.08,0.965131730307529,0.960942894090344,0.961312342601185,0.00036944851084042,0.1514,0.1514,0.1264,0.4332892998679,0.5667107001321,0.454113924050633,0.545886075949367,0.00446014326497463,0.00495151295236371,0.00150772882899744,0.000726188381579155,0.00354003383804413,0.025,125,0.0168,0.0082,84,41,0.672,0.328,0.00060737396076301,-0.000237925449922631,-0.0147779404336152,0.0338119764274256,0.809534167997367,0.154267281105991
sorting,226,0.12,0.965131730307529,0.95949404461672,0.961565227949908,0.00207118333318801,0.1514,0.1514,0.009,0.373844121532365,0.626155878467635,0.644444444444445,0.355555555555556,0.00826014561398759,0.0083088347026913,0.00104657930657998,0.000584538518328003,0.0787427187876979,0.1424,712,0.0916,0.0508,458,254,0.643258426966292,0.356741573033708,0.00350241864406259,-0.00143123531087467,-0.0145448267780051,0.0346464463127616,0.722420735040829,0.223199217464047
sorting,227,0,0.964954145487413,0.964954145487413,0.964930386836202,-2.3758651211625e-05,0.1546,0.1546,0.135,1,0,1,0,0,0.00151990844742316,0.000406751293759147,0.00130173570107981,0.00228015119592728,0.0196,98,0,0.0196,0,98,0,1,0,-2.37586512115975e-05,0.00121217608222436,0.00121217608222436,1,1
sorting,227,0.02,0.964954145487413,0.964127108909082,0.963466588050517,-0.000660520858565272,0.1546,0.1546,0.2382,0.719275549805951,0.280724450194049,0.570109151973132,0.429890848026868,0.000358598869025855,0.00239386214726886,0.000547803568544428,0.00134225944894431,-0.010587166011093,0.0836,418,0.0246,0.059,123,295,0.294258373205742,0.705741626794258,0.000213292798410389,-0.000873813656975668,-0.00790096720771865,0.013003665734283,0.968258340234333,0.0798596394834892
sorting,227,0.05,0.964954145487413,0.962382527304112,0.962088300838558,-0.000294226465554215,0.1546,0.1546,0.1914,0.51875808538163,0.48124191461837,0.484848484848485,0.515151515151515,0.00193495923586422,0.00332044015802484,0.000503735165122558,0.0015375844108481,-0.00454835922794217,0.0368,184,0.0126,0.0242,63,121,0.342391304347826,0.657608695652174,0.00022856283960365,-0.000522789305157894,-0.00799528439006097,0.0204171778467811,0.888215449736618,0.0571227678141434
sorting,227,0.08,0.964954145487413,0.9609637301137,0.961837534945821,0.000873804832120961,0.1546,0.1546,0.0714,0.432082794307891,0.567917205692109,0.523809523809524,0.476190476190476,0.0043953777461967,0.00670577593645412,0.000931443344300299,0.00181515314872078,0.0139053729743961,0.0832,416,0.0538,0.0294,269,147,0.646634615384615,0.353365384615385,0.00154761860979761,-0.000673813777676634,-0.010502461924531,0.0266999085032962,0.805702115876085,0.069484301344837
sorting,227,0.12,0.964954145487413,0.959742118567771,0.96161143584207,0.00186931727429873,0.1546,0.1546,0.0214,0.380336351875809,0.619663648124192,0.485981308411215,0.514018691588785,0.00828334994169273,0.00843998359039762,0.00141614086407148,0.00174803793533537,0.0479701619460754,0.1332,666,0.0848,0.0484,424,242,0.636636636636637,0.363363363363363,0.00318589755239111,-0.00131658027809239,-0.0140339134707111,0.033802386114741,0.717907076172283,0.120164729665243
sorting,228,0,0.964660803090829,0.964660803090829,0.964599378284458,-6.14248063705025e-05,0.154,0.154,0.1224,1,0,1,0,0,0.00237596453496129,0.000872440538180607,0.00107120155471766,0.00421099252735879,0.0316,158,0,0.0316,0,158,0,1,0,-6.1424806370534e-05,0.0019438229864093,0.0019438229864093,1,1
sorting,228,0.02,0.964660803090829,0.963790819386085,0.963745028114869,-4.57912712165109e-05,0.154,0.154,0.1684,0.706493506493507,0.293506493506494,0.676959619952494,0.323040380047506,0.000367795107380883,0.00286188484865352,0.00115145000965664,0.00142434728754995,-0.00197075059151064,0.0144,72,0.0052,0.0092,26,46,0.361111111111111,0.638888888888889,5.66226798369871e-05,-0.000102413951053523,-0.00317994939003723,0.0110442104785077,0.969006963624279,-0.169464274229854
sorting,228,0.05,0.964660803090829,0.962227108504238,0.960002223949669,-0.0022248845545696,0.154,0.154,0.2936,0.535064935064935,0.464935064935065,0.417574931880109,0.582425068119891,0.00186960540682616,0.00365344413154721,0.00153355362830906,0.00142627904840806,-0.0181344028866596,0.1396,698,0.0402,0.0994,201,497,0.287965616045845,0.712034383954155,0.000643832467199514,-0.00286871702176908,-0.0159375684424754,0.0251615292906059,0.894585105479404,0.0408382279323481
sorting,228,0.08,0.964660803090829,0.960662514840685,0.960124691011024,-0.00053782382966161,0.154,0.154,0.1922,0.44025974025974,0.55974025974026,0.421436004162331,0.578563995837669,0.00444513372837825,0.00643213978240159,0.000988267587213859,0.000914457205629511,-0.00505337220776558,0.0382,191,0.0132,0.025,66,125,0.345549738219895,0.654450261780105,0.000283852500205792,-0.000821676329867414,-0.0140791578445451,0.0289405452898745,0.817530983101239,-0.00270391292367043
sorting,228,0.12,0.964660803090829,0.9595042431012,0.96103290484832,0.0015286617471193,0.154,0.154,0.0486,0.357142857142857,0.642857142857143,0.395061728395062,0.604938271604938,0.00832595620519233,0.00939442519589873,0.00106268792347902,0.00107142500147639,0.0242857735379516,0.1054,527,0.0696,0.0358,348,179,0.66034155597723,0.33965844402277,0.00239140955029004,-0.000862747803170776,-0.0145034321358564,0.0308743581922278,0.728753888414155,0.0189642636711922
sorting,229,0,0.965195940141356,0.965195940141356,0.965194591191464,-1.34894989201051e-06,0.1604,0.1604,0.155,1,0,1,0,0,0.00113903173843091,0.00100736863312361,0.0012743360104196,0.000531122045643873,0.0054,27,0,0.0054,0,27,0,1,0,-1.3489498920205e-06,0.000249805535559352,0.000249805535559352,1,1
sorting,229,0.02,0.965195940141356,0.964273557652305,0.963833918499226,-0.000439639153079208,0.1604,0.1604,0.0554,0.701995012468828,0.298004987531172,0.924187725631769,0.075812274368231,0.000356150889168195,0.00149274887461462,0.00095281558881487,0.00172542444080616,0.0226282151256989,0.105,525,0.0436,0.0614,218,307,0.415238095238095,0.584761904761905,0.000482809426364922,-0.000922448579444115,0.00418703955313517,0.0133834095791337,0.968154374150175,0.363514684601382
sorting,229,0.05,0.965195940141356,0.962397619159517,0.962487168811827,8.95496523098949e-05,0.1604,0.1604,0.026,0.511221945137157,0.488778054862843,0.738461538461539,0.261538461538462,0.00195711899237762,0.0031970373102221,0.0011787231608203,0.00198200125977678,0.0418372126630859,0.1344,672,0.0716,0.0628,358,314,0.532738095238095,0.467261904761905,0.00153641323378754,-0.00144686358147762,-0.000666292055877411,0.0221970001135801,0.884524040788962,0.140268352819811
sorting,229,0.08,0.965195940141356,0.961105397722305,0.960722894488004,-0.000382503234301668,0.1604,0.1604,0.1822,0.43640897755611,0.56359102244389,0.425905598243688,0.574094401756312,0.00433455460868171,0.00498837150006479,0.00131052295479234,0.00177581343573218,-0.00254272096446562,0.0218,109,0.0076,0.0142,38,71,0.348623853211009,0.651376146788991,0.000108111709640643,-0.000490614943942286,-0.0175460199220937,0.0274645253937124,0.80968175725127,-0.0555370215920675
sorting,229,0.12,0.965195940141356,0.959410086704237,0.961219831639613,0.00180974493537522,0.1604,0.1604,0.0668,0.389027431421446,0.610972568578554,0.446107784431138,0.553892215568862,0.00815879033476554,0.00860503217681381,0.00287602649439719,0.00323404877538924,0.0181054720428002,0.0936,468,0.061,0.0326,305,163,0.651709401709402,0.348290598290598,0.00262681196311631,-0.000817067027741162,-0.0193348817881961,0.0367935789621525,0.707784231447369,0.0369155703937896
sorting,230,0,0.964450844342577,0.964450844342577,0.960710738382537,-0.00374010596004004,0.1624,0.1624,0.4,1,0,0.406,0.594,0,0.0012332141334484,0.000356142607977185,0.00064535296477777,-0.0337280356694594,0.2376,1188,0,0.2376,0,1188,0,1,0,-0.00374010596004001,-0.0157411867005051,0.0157411867005051,1,1
sorting,230,0.02,0.964450844342577,0.963557524530257,0.962785325617134,-0.000772198913122968,0.1624,0.1624,0.2566,0.726600985221675,0.273399014778325,0.572876071706937,0.427123928293063,0.000357998849454135,0.00146803375591971,0.00053726539536143,0.000380698751488035,-0.0126386693659062,0.0942,471,0.029,0.0652,145,326,0.307855626326964,0.692144373673036,0.000292417403027189,-0.00106461631615012,-0.00819744069132621,0.0144058781229014,0.96960026083201,0.15663954741008
sorting,230,0.05,0.964450844342577,0.961623609374124,0.961176590764308,-0.000447018609816108,0.1624,0.1624,0.2084,0.541871921182266,0.458128078817734,0.5,0.5,0.00194309625486992,0.0027972203980053,0.000330529663465246,0.000829405528141076,-0.0062399469640082,0.046,230,0.0162,0.0298,81,149,0.352173913043478,0.647826086956522,0.000301095065173026,-0.000748113674989142,-0.00971779586556774,0.0228088856556993,0.893102977740119,0.0359518590390054
sorting,230,0.08,0.964450844342577,0.960454046503322,0.960831388985371,0.000377342482049126,0.1624,0.1624,0.1338,0.455665024630542,0.544334975369458,0.484304932735426,0.515695067264574,0.00434168896879326,0.00523571782939358,0.00153036026178133,0.0011863799457664,0.00396345534158316,0.0286,143,0.0194,0.0092,97,46,0.678321678321678,0.321678321678322,0.000580133113575942,-0.000202790631526862,-0.0131937930786392,0.0273749561224756,0.81351724444469,0.0855042844479464
sorting,230,0.12,0.964450844342577,0.958629846227064,0.960728303064793,0.00209845683772902,0.1624,0.1624,0.0468,0.387931034482759,0.612068965517241,0.521367521367521,0.478632478632479,0.00867478740922111,0.00863946030262943,0.00127596050372254,0.000395721808189058,0.0298062377763882,0.1156,578,0.077,0.0386,385,193,0.666089965397924,0.333910034602076,0.00308858265588249,-0.000990125818153476,-0.0181527408108046,0.0352829452771277,0.730461375010455,0.0961040108684841
sorting,231,0,0.965688610908297,0.965688610908297,0.965143439912737,-0.000545170995560396,0.1704,0.1704,0.08,1,0,1,0,0,0.00197216679948054,0.00037635020051071,0.00147008484909241,0.0135507488859302,0.0904,452,0,0.0904,0,452,0,1,0,-0.000545170995560382,0.00603065260575643,0.00603065260575643,1,1
sorting,231,0.02,0.965688610908297,0.964772549838087,0.96478450944824,1.19596101526565e-05,0.1704,0.1704,0.1632,0.730046948356808,0.269953051643193,0.737745098039216,0.262254901960784,0.000365091845947769,0.00216619880605604,0.000851628239559701,0.00091453607068701,0.000697441166758517,0.0072,36,0.0032,0.004,16,20,0.444444444444444,0.555555555555556,4.38787752287563e-05,-3.1919165076025e-05,-0.00166105696565712,0.0105274917089974,0.967899414555976,-0.221106821106821
sorting,231,0.05,0.965688610908297,0.963000955199024,0.963367016046872,0.000366060847847849,0.1704,0.1704,0.115,0.5481220657277,0.451877934272301,0.605217391304348,0.394782608695652,0.00188618292829782,0.00366187081625688,0.00097196027724978,0.000987459468801416,0.00734390144158126,0.0554,277,0.0316,0.0238,158,119,0.570397111913357,0.429602888086643,0.00080285374910917,-0.000436792901261316,-0.00660759653154972,0.0223762933279871,0.885008655240346,0.0447034618420473
sorting,231,0.08,0.965688610908297,0.96124194550083,0.960384341210662,-0.000857604290167791,0.1704,0.1704,0.2166,0.449530516431925,0.550469483568075,0.421052631578947,0.578947368421053,0.0045966072028694,0.00542456517383031,0.00163784971414218,0.00156991832933028,-0.00640664005395997,0.0462,231,0.0146,0.0316,73,158,0.316017316017316,0.683982683982684,0.000337629491709941,-0.00119523378187776,-0.0185628634235458,0.0331788587356645,0.798733808525352,0.0576413092155221
sorting,231,0.12,0.965688610908297,0.959549303513619,0.961316693596566,0.00176739008294635,0.1704,0.1704,0.0924,0.389671361502347,0.610328638497653,0.424242424242424,0.575757575757576,0.00842415468037555,0.0081695464570112,0.00139068344076356,0.000669499816198487,0.0110371999216716,0.078,390,0.0508,0.0272,254,136,0.651282051282051,0.348717948717949,0.00247311455253441,-0.000705724469588044,-0.0226588472172611,0.0407543464374674,0.697395166327807,0.0274929233844151
sorting,232,0,0.965889724232529,0.965889724232529,0.965819942060382,-6.97821721470371e-05,0.155,0.155,0.188,1,0,0.824468085106383,0.175531914893617,0,0.000972453305987477,0.00118156447982749,0.00143801272437099,-0.00433364471129383,0.033,165,0,0.033,0,165,0,1,0,-6.97821721470594e-05,-0.00211461127718362,0.00211461127718362,1,1
sorting,232,0.02,0.965889724232529,0.965002782955021,0.964976400184164,-2.63827708568698e-05,0.155,0.155,0.107,0.71741935483871,0.28258064516129,0.801869158878505,0.198130841121495,0.000361193498015824,0.00144645866646027,0.00110357629290883,0.00242239073731008,0.00764577746082784,0.048,240,0.0226,0.0254,113,127,0.470833333333333,0.529166666666667,0.000269216904047059,-0.000295599674903912,0.000549641059517772,0.0117670120614786,0.966362059550482,0.0513455094706505
sorting,232,0.05,0.965889724232529,0.9632100989626,0.96315789611961,-5.22028429909005e-05,0.155,0.155,0.174,0.509677419354839,0.490322580645161,0.5,0.5,0.0019631329079913,0.00246385279534189,0.000687635590148682,0.0010078887854174,-0.00238303844690024,0.019,95,0.008,0.011,40,55,0.421052631578947,0.578947368421053,0.000173390140948867,-0.000225592983939707,-0.00274751805214947,0.0209991118362407,0.885423860920954,-0.0376399776035834
sorting,232,0.08,0.965889724232529,0.961979526990823,0.962619984730409,0.000640457739585765,0.155,0.155,0.0206,0.432258064516129,0.567741935483871,0.592233009708738,0.407766990291262,0.00428862779769582,0.00475997941334264,0.0015860426881723,0.00136355946263169,0.0530238384240324,0.1344,672,0.0796,0.0548,398,274,0.592261904761905,0.407738095238095,0.00208806789204685,-0.00144761015246108,-0.0047653105623941,0.0263071283073506,0.811568565806743,0.145453208886454
sorting,232,0.12,0.965889724232529,0.960372741420874,0.959462473534903,-0.000910267885970706,0.155,0.155,0.1906,0.367741935483871,0.632258064516129,0.353620146904512,0.646379853095488,0.00884886918564987,0.00847251847983118,0.000812841563290672,0.00062379205919657,-0.00466490648965756,0.0356,178,0.0104,0.0252,52,126,0.292134831460674,0.707865168539326,0.000244875353550692,-0.00115514323952142,-0.0255693226396272,0.0393263649739357,0.713919870092795,-0.0527922853747464
sorting,233,0,0.964768070514514,0.964768070514514,0.96457807450597,-0.000189996008544524,0.153,0.153,0.101,1,0,1,0,0,0.00140334673891698,0.000193918063167374,0.00135206300140785,0.00842456994316199,0.052,260,0,0.052,0,260,0,1,0,-0.000189996008544486,0.00365376939508628,0.00365376939508628,1,1
sorting,233,0.02,0.964768070514514,0.963908577371976,0.963750905341422,-0.000157672030553502,0.153,0.153,0.1918,0.703267973856209,0.296732026143791,0.643378519290928,0.356621480709072,0.000354002979078547,0.00200631477570404,0.000484930798467352,0.000807293128413262,-0.00465944119300121,0.0388,194,0.0158,0.023,79,115,0.407216494845361,0.592783505154639,0.000154395062130344,-0.000312067092683851,-0.00406371212766772,0.0120222204849019,0.967763981398559,0.0958964223640256
sorting,233,0.05,0.964768070514514,0.962336733648976,0.962450390265114,0.000113656616138158,0.153,0.153,0.0998,0.504575163398693,0.495424836601307,0.545090180360722,0.454909819639279,0.00189178965765632,0.00422906755517394,0.000287887562877927,0.00170554099574137,0.00862310089216822,0.0532,266,0.0304,0.0228,152,114,0.571428571428571,0.428571428571429,0.000643017812363385,-0.000529361196225171,-0.00213640255898898,0.0220371994095593,0.890212713112508,0.0975377812774463
sorting,233,0.08,0.964768070514514,0.961154492562955,0.961718333394653,0.000563840831697804,0.153,0.153,0.0284,0.450980392156863,0.549019607843137,0.640845070422535,0.359154929577465,0.00429466978764111,0.00592281045167555,0.000241731780275416,0.00123788738284074,0.0436147420157857,0.1246,623,0.0738,0.0508,369,254,0.592295345104334,0.407704654895666,0.00200179752236109,-0.00143795669066329,-0.00452520731699675,0.0276063741013193,0.820327590893104,0.206287723981644
sorting,233,0.12,0.964768070514514,0.959454263637102,0.95998138383372,0.000527120196617936,0.153,0.153,0.1332,0.359477124183007,0.640522875816993,0.369369369369369,0.630630630630631,0.00831454947247029,0.00886984011022104,0.000551426604982353,0.000865355400286819,0.00242521705385723,0.0198,99,0.014,0.0058,70,29,0.707070707070707,0.292929292929293,0.000594091676968443,-6.69714803505781e-05,-0.0266222321524174,0.0333870281474253,0.72489174797167,0.217068645640074
sorting,234,0,0.96439996165281,0.96439996165281,0.961252747627627,-0.00314721402518292,0.1568,0.1568,0.374,1,0,0.419251336898396,0.580748663101604,0,0.00147265736261051,0.000164465692896024,0.000435541841938721,-0.0290164820833859,0.2172,1086,0,0.2172,0,1086,0,1,0,-0.00314721402518293,-0.0144899356592216,0.0144899356592216,1,1
sorting,234,0.02,0.96439996165281,0.963573518260618,0.960115677464331,-0.00345784079628697,0.1568,0.1568,0.3814,0.727040816326531,0.272959183673469,0.40534871525957,0.59465128474043,0.000364367861634936,0.00142738218908766,0.000298194946040819,0.000710123026146346,-0.0306309911920288,0.2246,1123,0.0406,0.184,203,920,0.180765805877115,0.819234194122885,0.000318788406812147,-0.00377662920309921,-0.0153955511856058,0.0182342725285457,0.970612538824501,0.41439062965994
sorting,234,0.05,0.96439996165281,0.962098386997701,0.962054771881394,-4.36151163073495e-05,0.1568,0.1568,0.1612,0.544642857142857,0.455357142857143,0.538461538461538,0.461538461538462,0.00193869854265332,0.0036616694714539,0.000528181388306153,0.000880307168347328,-0.000665693809322909,0.0044,22,0.0014,0.003,7,15,0.318181818181818,0.681818181818182,2.83447000885766e-05,-7.19598163959563e-05,-0.00991252643349537,0.022796481019212,0.897694866531795,0.182382834556748
sorting,234,0.08,0.96439996165281,0.960139442097725,0.961105388833154,0.000965946735428491,0.1568,0.1568,0.0366,0.446428571428571,0.553571428571429,0.53551912568306,0.46448087431694,0.0043109065913022,0.00491370266308816,0.000486203901431755,0.000321471451801894,0.034343382053069,0.1202,601,0.0698,0.0504,349,252,0.580698835274542,0.419301164725458,0.00231201752030101,-0.0013460707848725,-0.00803616252436364,0.0304333469648378,0.816400798000032,0.126930199390827
sorting,234,0.12,0.96439996165281,0.958739563603441,0.959361518497857,0.000621954894416299,0.1568,0.1568,0.1312,0.377551020408163,0.622448979591837,0.385670731707317,0.614329268292683,0.00828531443801717,0.00889924517293355,0.00131055775536676,0.00126181340699901,0.00310362157291089,0.0256,128,0.017,0.0086,85,43,0.6640625,0.3359375,0.000818060892741187,-0.000196105998324862,-0.0242951130631377,0.0396158941822676,0.740625028377001,-0.048451519868156
sorting,235,0,0.96503547986426,0.96503547986426,0.964981947600008,-5.35322642519764e-05,0.1668,0.1668,0.1964,1,0,0.84928716904277,0.15071283095723,0,0.00171293050117249,0.00130083586993311,0.00120156230918756,-0.00371214116681429,0.0296,148,0,0.0296,0,148,0,1,0,-5.35322642519864e-05,-0.00180852244094549,0.00180852244094549,1,1
sorting,235,0.02,0.96503547986426,0.964142176467597,0.963849920101214,-0.000292256366382415,0.1668,0.1668,0.2122,0.732613908872902,0.267386091127098,0.652214891611687,0.347785108388313,0.000361989463021753,0.001894121801603,0.000931577222544354,0.00119985591918056,-0.00625861829093777,0.0454,227,0.0162,0.0292,81,146,0.356828193832599,0.643171806167401,0.000148294308562158,-0.000440550674944489,-0.00643736489828924,0.0129701538217323,0.968439049009562,0.0187383686693245
sorting,235,0.05,0.96503547986426,0.962174102081457,0.961760792642721,-0.000413309438735743,0.1668,0.1668,0.2014,0.543165467625899,0.456834532374101,0.512413108242304,0.487586891757696,0.00206153606344713,0.00320012451887264,0.00102155466511646,0.00127447964377743,-0.00466383024496697,0.0346,173,0.0126,0.022,63,110,0.364161849710983,0.635838150289017,0.000228653479430314,-0.000641962918166129,-0.0119453595010351,0.025162323629955,0.873613941024557,0.174425557754797
sorting,235,0.08,0.96503547986426,0.960596239924529,0.961121700012363,0.000525460087834273,0.1668,0.1668,0.1352,0.45083932853717,0.54916067146283,0.464497041420118,0.535502958579882,0.00432647204999183,0.00504996461534224,0.000553546013628927,0.000905614577165036,0.00449199376335563,0.0316,158,0.0192,0.0124,96,62,0.607594936708861,0.392405063291139,0.00075099595591471,-0.000225535868080454,-0.0166284837922233,0.0309029058226318,0.805734781509391,0.0332132061780549
sorting,235,0.12,0.96503547986426,0.958988833781283,0.960855946833412,0.00186711305212883,0.1668,0.1668,0.0648,0.388489208633094,0.611510791366906,0.435185185185185,0.564814814814815,0.00862966538941999,0.00912349536403799,0.00122406473766044,0.000964929522732228,0.0186417451933663,0.102,510,0.0654,0.0366,327,183,0.641176470588235,0.358823529411765,0.00276328782979195,-0.000896174777663156,-0.0183050299228313,0.0358770843868147,0.699194487007779,0.0494487280069603
sorting,236,0,0.965989810836384,0.965989810836384,0.964808963466596,-0.00118084736978785,0.1614,0.1614,0.0496,1,0,1,0,0,0.000590592327471999,0.000327886209378595,0.000587871758169433,0.0264719385841632,0.1118,559,0,0.1118,0,559,0,1,0,-0.00118084736978784,0.0105621410535585,0.0105621410535585,1,1
sorting,236,0.02,0.965989810836384,0.965070646214777,0.964553588781145,-0.000517057433632617,0.1614,0.1614,0.0606,0.728624535315985,0.271375464684015,0.927392739273927,0.0726072607260726,0.000368730445100762,0.00159166675155489,0.000530092209680908,0.000917551884583378,0.0220753405363293,0.1008,504,0.0394,0.0614,197,307,0.390873015873016,0.609126984126984,0.000485878158224593,-0.00100293559185721,0.00512953803206958,0.0147699776793829,0.965530031741201,0.341603279896294
sorting,236,0.05,0.965989810836384,0.963202163054378,0.963429220847752,0.00022705779337362,0.1614,0.1614,0.0486,0.527881040892193,0.472118959107807,0.691358024691358,0.308641975308642,0.00189290029550406,0.00297838444505113,0.000231528783765778,0.000652850850746591,0.0270761160470966,0.1128,564,0.0612,0.0516,306,258,0.542553191489362,0.457446808510638,0.00139235658151008,-0.0011652987881365,-0.00201292370012037,0.0226742497309094,0.885392814615712,0.208599464966474
sorting,236,0.08,0.965989810836384,0.961792278263887,0.962564575508604,0.000772297244717057,0.1614,0.1614,0.015,0.437422552664188,0.562577447335812,0.64,0.36,0.00432014301557903,0.00471360760555488,0.000251760846220122,0.000591676126291587,0.0630531035223354,0.1464,732,0.0854,0.061,427,305,0.583333333333333,0.416666666666667,0.00241727675893426,-0.00164497951421723,-0.00527525440380482,0.0277476521390129,0.805347437429898,0.163216853816083
sorting,236,0.12,0.965989810836384,0.960118465577244,0.961885394032637,0.00176692845539328,0.1614,0.1614,0.071,0.370508054522924,0.629491945477076,0.419718309859155,0.580281690140845,0.00818751944756452,0.00906687638691837,0.000998024340290505,0.000926229539279332,0.0179246964743724,0.0904,452,0.0604,0.03,302,150,0.668141592920354,0.331858407079646,0.00248780986454696,-0.000720881409153694,-0.0195456687543503,0.0354943724966886,0.723672157778886,0.0970077889256886
sorting,237,0,0.966250047919097,0.966250047919097,0.966185685562108,-6.43623569891449e-05,0.15,0.15,0.1186,1,0,1,0,0,0.00136586117790522,0.000500186833135331,0.00109209870275322,0.00427510150160004,0.0314,157,0,0.0314,0,157,0,1,0,-6.43623569891401e-05,0.00204975659201083,0.00204975659201083,1,1
sorting,237,0.02,0.966250047919097,0.965409742812435,0.965403190193381,-6.5526190546894e-06,0.15,0.15,0.0928,0.712,0.288,0.834051724137931,0.165948275862069,0.000360691707747943,0.00168136608699433,0.000729127742203057,0.000824808147844994,0.00851624403301765,0.0572,286,0.0278,0.0294,139,147,0.486013986013986,0.513986013986014,0.000332511275327791,-0.000339063894382532,0.000114556277180789,0.0117408246452854,0.968511453172458,0.155763876688139
sorting,237,0.05,0.966250047919097,0.963776974623623,0.964002108157971,0.000225133534347832,0.15,0.15,0.035,0.524,0.476,0.737142857142857,0.262857142857143,0.00189299795683327,0.00314303849935526,0.000434626733807547,0.000471069002007257,0.0308290373142193,0.115,575,0.0622,0.0528,311,264,0.540869565217391,0.459130434782609,0.00134559021974458,-0.00112045668539669,-0.00195768290737301,0.0214438861316632,0.892564936118597,0.276339443518659
sorting,237,0.08,0.966250047919097,0.962462504634776,0.962973787184426,0.000511282549650272,0.15,0.15,0.0944,0.446666666666667,0.553333333333333,0.463983050847458,0.536016949152542,0.00434133541652598,0.00489107181298007,0.00103909755044725,0.00121461607174286,0.00822116541869311,0.0556,278,0.0324,0.0232,162,116,0.58273381294964,0.41726618705036,0.001011853412836,-0.000500570863185726,-0.0091957293102567,0.0272018754680166,0.81768276169931,0.0932029036139901
sorting,237,0.12,0.966250047919097,0.960938916080734,0.962960446312043,0.0020215302313088,0.15,0.15,0.0122,0.358666666666667,0.641333333333333,0.360655737704918,0.639344262295082,0.00860828074067158,0.00838357558777729,0.00119570477787464,0.000534737804095111,0.0654190097478702,0.1378,689,0.0884,0.0494,442,247,0.641509433962264,0.358490566037736,0.00337058720689383,-0.00134905697558502,-0.0146700307061597,0.0342499577828654,0.721838925193557,0.0828532581179623
sorting,238,0,0.965497394375954,0.965497394375954,0.963645100549988,-0.00185229382596541,0.1484,0.1484,0.3158,1,0,0.46991766941102,0.53008233058898,0,0.00172315046237169,0.000574531237756382,0.000291457706605828,-0.0216792287815363,0.1674,837,0,0.1674,0,837,0,1,0,-0.00185229382596536,-0.01106507661867,0.01106507661867,1,1
sorting,238,0.02,0.965497394375954,0.964666452516301,0.962234456432117,-0.00243199608418399,0.1484,0.1484,0,0.703504043126685,0.296495956873315,,,0.0003571744133095,0.00271229163815013,0.000519386985605889,0.000368657982157578,Inf,0.1484,742,0.044,0.1044,220,522,0.296495956873315,0.703504043126685,0.000481802913098896,-0.00291379899728284,0.0163881137748244,0.022881414490443,0.968435370673415,0.620862561010997
sorting,238,0.05,0.965497394375954,0.962996333830639,0.962234456432117,-0.000761877398521849,0.1484,0.1484,0,0.51078167115903,0.48921832884097,,,0.00202138055238574,0.00349809030860401,0.00112175226883952,0.000797040560178622,Inf,0.1484,742,0.0726,0.0758,363,379,0.48921832884097,0.51078167115903,0.00151919887036507,-0.00228107626888688,0.00513394473397447,0.0256083230407813,0.889447642425906,0.287560340157169
sorting,238,0.08,0.965497394375954,0.961665175018561,0.962534298193611,0.000869123175050168,0.1484,0.1484,0.0148,0.417789757412399,0.582210242587601,0.594594594594595,0.405405405405405,0.0044858789590042,0.00544018283674971,0.000871683263029857,0.000178204092883243,0.0558761345099206,0.1336,668,0.0804,0.0532,402,266,0.601796407185629,0.398203592814371,0.00227094470969506,-0.00140182153464488,-0.00650541298690255,0.0274907653019457,0.819480562315222,0.201240535984525
sorting,238,0.12,0.965497394375954,0.960556101209243,0.962108826500436,0.00155272529119288,0.1484,0.1484,0.0262,0.365229110512129,0.634770889487871,0.389312977099237,0.610687022900763,0.00832514646335219,0.00823531050606567,0.00136648442627515,0.000586081959305921,0.0415513271506274,0.1222,611,0.0782,0.044,391,220,0.639934533551555,0.360065466448445,0.00260845948655514,-0.00105573419536218,-0.0127064262781748,0.0299852183462956,0.743865086394604,0.0859711671956486
sorting,239,0,0.96558692101784,0.96558692101784,0.965410699178482,-0.000176221839357615,0.1596,0.1596,0.2112,1,0,0.755681818181818,0.244318181818182,0,0.00144099624177619,0.000500934722092267,0.000855498458441806,-0.0069535359382612,0.0516,258,0,0.0516,0,258,0,1,0,-0.00017622183935762,-0.00341515192553527,0.00341515192553527,1,1
sorting,239,0.02,0.96558692101784,0.964829105465639,0.964145532461123,-0.000683573004516713,0.1596,0.1596,0.2478,0.735588972431078,0.264411027568922,0.588377723970944,0.411622276029056,0.000365126972975971,0.00114071849666084,0.000648399985803452,0.000381284742559973,-0.0123101722289791,0.0882,441,0.0284,0.0598,142,299,0.321995464852608,0.678004535147392,0.000248232968229995,-0.000931805972746642,-0.0077502608221842,0.0133791263149279,0.972790365247614,0.172230290717686
sorting,239,0.05,0.96558692101784,0.963067248157678,0.962716192344185,-0.000351055813493595,0.1596,0.1596,0.1876,0.556390977443609,0.443609022556391,0.525586353944563,0.474413646055437,0.00196279385655322,0.00275255650769036,0.000616005668830874,0.000484054160886878,-0.00358148254333079,0.028,140,0.0098,0.0182,49,91,0.35,0.65,0.000180838786280814,-0.000531894599774349,-0.0125377076247691,0.0254547637876844,0.894480455011218,-0.0712164614812709
sorting,239,0.08,0.96558692101784,0.961319520948498,0.962050562774621,0.000731041826122492,0.1596,0.1596,0.098,0.452380952380952,0.547619047619048,0.512244897959184,0.487755102040816,0.00419805155675677,0.00480811137274043,0.00140604672459114,0.00135622937609027,0.0106504353013732,0.0616,308,0.0396,0.022,198,110,0.642857142857143,0.357142857142857,0.00125537432257285,-0.000524332496450386,-0.0118675621123777,0.0288913444646629,0.819033094201324,0.115446458604486
sorting,239,0.12,0.96558692101784,0.95942307619503,0.961495408953752,0.00207233275872198,0.1596,0.1596,0.0682,0.387218045112782,0.612781954887218,0.480938416422287,0.519061583577713,0.0088683974972302,0.00901183722255326,0.00187560126648979,0.000539839667532485,0.0189647834339653,0.0914,457,0.0624,0.029,312,145,0.682713347921225,0.317286652078775,0.00279923371127005,-0.000726900952548003,-0.0226732249313134,0.0385791538710947,0.718013418832537,0.057170513883727
sorting,240,0,0.96502070015145,0.96502070015145,0.964903855191711,-0.000116844959739182,0.1566,0.1566,0.1996,1,0,0.784569138276553,0.215430861723447,0,0.00456020783556176,0.000710311263107653,0.00100627905569044,-0.00571823220526202,0.043,215,0,0.043,0,215,0,1,0,-0.000116844959739126,-0.00271732464509595,0.00271732464509595,1,1
sorting,240,0.02,0.96502070015145,0.964076445761121,0.963901660257304,-0.000174785503816999,0.1566,0.1566,0.1798,0.692209450830141,0.30779054916986,0.645161290322581,0.354838709677419,0.000366801585093536,0.00320758812581807,0.0010394723159557,0.00135522613967647,-0.00271708632866308,0.0232,116,0.0076,0.0156,38,78,0.327586206896552,0.672413793103448,6.42195866656184e-05,-0.000239005090482712,-0.0075338579231506,0.0130700291874281,0.966545402853816,0.108884019528697
sorting,240,0.05,0.96502070015145,0.962281611577552,0.962559443831852,0.000277832254299115,0.1566,0.1566,0.061,0.531289910600255,0.468710089399745,0.659016393442623,0.340983606557377,0.00196269331039689,0.00414377047678709,0.000472162214157649,0.000882036026985095,0.0187769748265793,0.0956,478,0.0526,0.043,263,215,0.550209205020921,0.44979079497908,0.00120666060619487,-0.000928828351895724,-0.00290619512865217,0.0223377506076422,0.884765690750628,0.11380169701061
sorting,240,0.08,0.96502070015145,0.960895586353285,0.961841248048753,0.000945661695467948,0.1566,0.1566,0.043,0.424010217113665,0.575989782886335,0.502325581395349,0.497674418604651,0.00435951871491758,0.00519696932218946,0.000906161656912926,0.00137152291297643,0.0282201825884029,0.1136,568,0.0688,0.0448,344,224,0.605633802816901,0.394366197183099,0.00197119075696087,-0.00102552906149288,-0.00832448675588019,0.0263795758666703,0.816299299019972,0.0589680765056393
sorting,240,0.12,0.96502070015145,0.959512573797842,0.961600985901006,0.00208841210316468,0.1566,0.1566,0.0396,0.365261813537676,0.634738186462324,0.51010101010101,0.48989898989899,0.00842866268042643,0.00876988285144177,0.00213468801594465,0.000876785788224212,0.0305357363274852,0.117,585,0.08,0.037,400,185,0.683760683760684,0.316239316239316,0.0029456573592028,-0.000857245256038103,-0.0178496760954248,0.0325034411559052,0.722682466955299,0.172770031564272
sorting,241,0,0.964959268002916,0.964959268002916,0.96495599870139,-3.26930152638738e-06,0.1614,0.1614,0.1686,1,0,0.95729537366548,0.0427046263345196,0,0.00200525086995917,0.000952936941933726,0.00150741331530324,-0.00097839086005469,0.0072,36,0,0.0072,0,36,0,1,0,-3.26930152633449e-06,-0.000454069656435346,0.000454069656435346,1,1
sorting,241,0.02,0.964959268002916,0.964006545147082,0.964025244522423,1.86993753404918e-05,0.1614,0.1614,0.139,0.69640644361834,0.303593556381661,0.735251798561151,0.264748201438849,0.000378131736665699,0.0023372678803515,0.0012489211180916,0.00156141324840129,0.003011118322508,0.0224,112,0.0122,0.0102,61,51,0.544642857142857,0.455357142857143,0.000132993702922546,-0.000114294327582002,-0.000834793541988555,0.011039644218953,0.966731727437269,0.122612498718693
sorting,241,0.05,0.964959268002916,0.962434236111991,0.962583331540987,0.000149095428995549,0.1614,0.1614,0.1052,0.540272614622057,0.459727385377943,0.579847908745247,0.420152091254753,0.00190787929475438,0.00323950331313238,0.00104485611518364,0.00197482050073725,0.00940482926205011,0.0562,281,0.03,0.0262,150,131,0.533807829181495,0.466192170818505,0.000668206817349175,-0.0005191113883536,-0.00265294357643371,0.0211266584644622,0.89522450188898,0.0113781652586832
sorting,241,0.08,0.964959268002916,0.960952527387325,0.961529834619774,0.000577307232448976,0.1614,0.1614,0.0478,0.436183395291202,0.563816604708798,0.548117154811716,0.451882845188285,0.00419004491903902,0.00548645417123512,0.0014201534592633,0.00130197311247344,0.0271040239340966,0.1136,568,0.0694,0.0442,347,221,0.610915492957747,0.389084507042254,0.00183000925248305,-0.00125270202003406,-0.00508192986310729,0.027136542891876,0.825767337990694,0.0744464836274039
sorting,241,0.12,0.964959268002916,0.959075204632356,0.961362280912752,0.00228707628039671,0.1614,0.1614,0.0168,0.366790582403965,0.633209417596035,0.547619047619048,0.452380952380952,0.00861133336583347,0.00923191410670572,0.00364615361384295,0.00204315333444234,0.0571646492715018,0.1446,723,0.0946,0.05,473,250,0.654218533886584,0.345781466113416,0.00360756170047953,-0.00132048542008272,-0.0158165717869766,0.0340805471684803,0.727292716899709,0.134330265207468
sorting,242,0,0.965497735735642,0.965497735735642,0.964523726096744,-0.000974009638898155,0.162,0.162,0.0538,1,0,1,0,0,0.00130889162711,0.000541415953516291,0.0014214655776453,0.0224262664262755,0.1082,541,0,0.1082,0,541,0,1,0,-0.000974009638898197,0.00900193751292234,0.00900193751292234,1,1
sorting,242,0.02,0.965497735735642,0.964563339494785,0.964383255192828,-0.000180084301956818,0.162,0.162,0.082,0.702469135802469,0.297530864197531,0.868292682926829,0.131707317073171,0.000368676727675478,0.00168181834854693,0.000834071288153806,0.00187345580575191,0.0142806018727083,0.08,400,0.0374,0.0426,187,213,0.4675,0.5325,0.000430834687338503,-0.000610918989295274,0.00225105377445964,0.0130219209579222,0.966546165285847,0.231493071831699
sorting,242,0.05,0.965497735735642,0.963030455917842,0.963065120484636,3.46645667936851e-05,0.162,0.162,0.0426,0.535802469135803,0.464197530864198,0.751173708920188,0.248826291079812,0.00193903130142792,0.00306860595768414,0.000730905022462144,0.00119481482556621,0.0289866650126466,0.1194,597,0.0646,0.0548,323,274,0.541038525963149,0.458961474036851,0.00120997155653166,-0.00117530698973807,-0.000290323004971414,0.0199772072551903,0.88721199644848,0.0998741321701322
sorting,242,0.08,0.965497735735642,0.961204629145774,0.962178426850304,0.000973797704529433,0.162,0.162,0.019,0.438271604938272,0.561728395061729,0.68421052631579,0.315789473684211,0.00426643425792605,0.00533764687389252,0.00104019495847263,0.00188161078615035,0.0553743236167569,0.143,715,0.085,0.058,425,290,0.594405594405594,0.405594405594406,0.00250905630221297,-0.00153525859768354,-0.00680977415754849,0.0282819223768987,0.810394978911799,0.166732052042601
sorting,242,0.12,0.965497735735642,0.959950239238255,0.96182187651714,0.00187163727888562,0.162,0.162,0.008,0.391358024691358,0.608641975308642,0.6,0.4,0.00859573711600443,0.0091513801192731,0.00157088963891753,0.00137163938160954,0.0803155585686845,0.154,770,0.0954,0.0586,477,293,0.61948051948052,0.380519480519481,0.00353778856394368,-0.00166615128505808,-0.0121534888239325,0.0337918172013102,0.721467807610712,0.19950720675296
sorting,243,0,0.965964500226205,0.965964500226205,0.964561473955834,-0.00140302627037148,0.1584,0.1584,0.0382,1,0,1,0,0,0.000851094845742557,0.000653207357778847,0.000872944586758218,0.0323370286793826,0.1202,601,0,0.1202,0,601,0,1,0,-0.00140302627037145,0.0116724315338723,0.0116724315338723,1,1
sorting,243,0.02,0.965964500226205,0.964991079808992,0.964484258828235,-0.000506820980756495,0.1584,0.1584,0.0486,0.691919191919192,0.308080808080808,0.946502057613169,0.0534979423868313,0.00037475344294001,0.00189813606061888,0.000570424289789287,0.00114017896078018,0.0254898032734028,0.1098,549,0.0462,0.0636,231,318,0.420765027322404,0.579234972677596,0.000521402239142199,-0.00102822321989866,0.0046158559267437,0.014113164472139,0.967535429389417,0.335371399770108
sorting,243,0.05,0.965964500226205,0.963149023614492,0.963057374087256,-9.16495272359485e-05,0.1584,0.1584,0.018,0.513888888888889,0.486111111111111,0.811111111111111,0.188888888888889,0.00186198458502745,0.00295051172429594,0.00102533852601506,0.00108379983324688,0.0523679338399751,0.1404,702,0.0736,0.0668,368,334,0.524216524216524,0.475783475783476,0.00154594819460401,-0.00163759772184,0.000652774410512759,0.0226748284647009,0.894850902226036,0.185614313626927
sorting,243,0.08,0.965964500226205,0.961963238271674,0.962569021127895,0.000605782856219927,0.1584,0.1584,0.0784,0.441919191919192,0.558080808080808,0.5,0.5,0.00424402593410444,0.00528934547720229,0.00188029869858129,0.0014728544354668,0.0148020330790041,0.08,400,0.0492,0.0308,246,154,0.615,0.385,0.0012633811225933,-0.000657598266373415,-0.00757228570274853,0.0240122423620839,0.818087022707481,0.0226538915868224
sorting,243,0.12,0.965964500226205,0.960359535550297,0.962405428855656,0.00204589330535843,0.1584,0.1584,0.0208,0.371212121212121,0.628787878787879,0.432692307692308,0.567307692307692,0.0084951949626123,0.00921264562768438,0.00223895137057478,0.00144416614313708,0.0490318518408116,0.1376,688,0.0878,0.0498,439,249,0.638081395348837,0.361918604651163,0.0033114071745791,-0.00126551386922065,-0.0148684106494073,0.033262507585754,0.726048950929958,0.143562028793811
sorting,244,0,0.964976538025282,0.964976538025282,0.964810008467189,-0.000166529558093043,0.159,0.159,0.2126,1,0,0.74788334901223,0.25211665098777,0,0.00164787062088528,0.000982448268046172,0.00211431404495725,-0.00676128609139737,0.0536,268,0,0.0536,0,268,0,1,0,-0.000166529558093051,-0.00310689474054199,0.00310689474054199,1,1
sorting,244,0.02,0.964976538025282,0.964011636508312,0.964100749293665,8.91127853531737e-05,0.159,0.159,0.117,0.694339622641509,0.305660377358491,0.794871794871795,0.205128205128205,0.000358030136597236,0.00162997995681812,0.00121728303148743,0.00206588777529703,0.00530113612734517,0.042,210,0.0246,0.0174,123,87,0.585714285714286,0.414285714285714,0.000310202723989999,-0.000221089938636782,-0.00212173298460042,0.0126498253006376,0.966930304213212,-0.0182595653286599
sorting,244,0.05,0.964976538025282,0.962249109880596,0.962558704180194,0.000309594299598537,0.159,0.159,0.1162,0.49559748427673,0.504402515723271,0.533562822719449,0.466437177280551,0.00200595644077557,0.00431583808417197,0.00240883347234861,0.00221656116330024,0.00547789669527365,0.0428,214,0.026,0.0168,130,84,0.607476635514019,0.392523364485981,0.000597489480512803,-0.000287895180914348,-0.00723351167286109,0.0206865575099802,0.880934837861394,0.00245690618389756
sorting,244,0.08,0.964976538025282,0.960635234485295,0.961837837790914,0.00120260330561894,0.159,0.159,0.0374,0.405031446540881,0.59496855345912,0.502673796791444,0.497326203208556,0.00434780600753948,0.00601684625339175,0.000616357268096615,0.00208125317843299,0.0285127602664472,0.1216,608,0.076,0.0456,380,228,0.625,0.375,0.0022877391217558,-0.00108513581613688,-0.00988982981594506,0.027737458370828,0.805207848720314,0.142569790094734
sorting,244,0.12,0.964976538025282,0.959633426727413,0.961782736092575,0.00214930936516244,0.159,0.159,0.0168,0.374842767295597,0.625157232704403,0.476190476190476,0.523809523809524,0.00873834528235001,0.00916505028673644,0.00106642607988876,0.00109251064291202,0.0500921122240002,0.1422,711,0.0906,0.0516,453,258,0.637130801687764,0.362869198312236,0.00339718512651174,-0.00124787576134926,-0.0151146931446025,0.0326656883815823,0.715148622813945,0.165941407702843
sorting,245,0,0.965371421361751,0.965371421361751,0.96536909434676,-2.32701499069954e-06,0.1558,0.1558,0.162,1,0,0.961728395061728,0.0382716049382716,0,0.000687560568018263,0.000689209848500785,0.0010616960784768,-0.000700132876713777,0.0062,31,0,0.0062,0,31,0,1,0,-2.32701499078445e-06,-0.000375324998513621,0.000375324998513621,1,1
sorting,245,0.02,0.965371421361751,0.964483983371841,0.964389622732999,-9.43606388426055e-05,0.1558,0.1558,0.1898,0.711168164313222,0.288831835686778,0.655426765015806,0.344573234984194,0.00037601427341772,0.00127937650735482,0.000735010828019243,0.00116715459254927,-0.00423429781741047,0.034,170,0.0136,0.0204,68,102,0.4,0.6,0.000166222750246632,-0.000260583389089206,-0.00277531290713453,0.0125531217451717,0.968694694523788,0.0478685401286021
sorting,245,0.05,0.965371421361751,0.962815520877304,0.962987693633795,0.000172172756490507,0.1558,0.1558,0.0376,0.507060333761232,0.492939666238768,0.723404255319149,0.276595744680851,0.00193337126773767,0.00272878784819697,0.000588007822586185,0.00106356903242329,0.0308542096698434,0.1182,591,0.0664,0.0518,332,259,0.56175972927242,0.43824027072758,0.00136723338513174,-0.00119506062864129,-0.00145662230533376,0.0216776143297211,0.887512304140492,0.163656868603956
sorting,245,0.08,0.965371421361751,0.961619071175742,0.961907593598036,0.000288522422293713,0.1558,0.1558,4e-04,0.440308087291399,0.559691912708601,1,0,0.00427588405061822,0.0045026634496531,0.000635320174366577,0.000450165268740116,0.138292832329187,0.1554,777,0.0872,0.0682,436,341,0.561132561132561,0.438867438867439,0.00226654976162498,-0.00197802733933125,-0.00185664364410378,0.0273138809585343,0.815087541371502,0.205943851366956
sorting,245,0.12,0.965371421361751,0.959908045535715,0.962002103214957,0.00209405767924187,0.1558,0.1558,0.0126,0.378690629011553,0.621309370988447,0.523809523809524,0.476190476190476,0.00858938387251621,0.00857709930265047,0.00118247382012227,0.000821728262302749,0.0623800659671114,0.1432,716,0.0908,0.0524,454,262,0.634078212290503,0.365921787709497,0.00337889911249503,-0.00128484143325319,-0.0146233078159347,0.0325680205708674,0.721797279527891,0.148776652860241
sorting,246,0,0.964776285926784,0.964776285926784,0.964774120300118,-2.16562666566222e-06,0.16,0.16,0.1532,1,0,1,0,0,0.00124388175995048,0.000354103697265669,0.00117087158205118,0.000801656426155373,0.0068,34,0,0.0068,0,34,0,1,0,-2.16562666564464e-06,0.000318474509653623,0.000318474509653623,1,1
sorting,246,0.02,0.964776285926784,0.963915327030168,0.963945913961558,3.05869313894647e-05,0.16,0.16,0.1512,0.70875,0.29125,0.724867724867725,0.275132275132275,0.000358339410652632,0.00147870715831765,0.000309716061225045,0.000999480478050494,0.000987410296276026,0.0088,44,0.005,0.0038,25,19,0.568181818181818,0.431818181818182,6.68106505999859e-05,-3.62237192105161e-05,-0.0034757876578943,0.0117084511148298,0.968036691969468,-0.0859760394644116
sorting,246,0.05,0.964776285926784,0.962183392599421,0.962460919391577,0.000277526792156202,0.16,0.16,0.0616,0.525,0.475,0.672077922077922,0.327922077922078,0.00185423316203887,0.00278560661583215,0.000440767585767886,0.00120248824489213,0.0209698992167128,0.0984,492,0.0558,0.0426,279,213,0.567073170731707,0.432926829268293,0.0011438086676595,-0.000866281875503313,-0.00282039422922949,0.0204277494223863,0.886918424020737,0.0724341768314095
sorting,246,0.08,0.964776285926784,0.960574707927408,0.960954019881475,0.000379311954067263,0.16,0.16,0.1296,0.445,0.555,0.462962962962963,0.537037037037037,0.00447653837256394,0.00507770223267606,0.000821765485906333,0.000880817606835997,0.00409746335598948,0.0304,152,0.0192,0.0112,96,56,0.631578947368421,0.368421052631579,0.000637806254011334,-0.000258494299944054,-0.0124773669101079,0.0294835708537957,0.796004430592177,0.0217538392143194
sorting,246,0.12,0.964776285926784,0.958722949446395,0.960825602821233,0.00210265337483795,0.16,0.16,0.055,0.36,0.64,0.432727272727273,0.567272727272727,0.00840382104749802,0.00825953189478625,0.00160601531270705,0.00122587623125463,0.0235593998478558,0.105,525,0.0712,0.0338,356,169,0.678095238095238,0.321904761904762,0.00287961116021848,-0.000776957785380498,-0.0200252702365522,0.0348244661485617,0.70025425639417,0.0387248881499019
sorting,247,0,0.964508089048571,0.964508089048571,0.962870218143859,-0.00163787090471268,0.158,0.158,0.0312,1,0,1,0,0,0.00119386689570652,0.000407707492051696,0.00093639619024876,0.0368842604266925,0.1268,634,0,0.1268,0,634,0,1,0,-0.00163787090471267,0.0129169629709201,0.0129169629709201,1,1
sorting,247,0.02,0.964508089048571,0.963528884258858,0.961024655233721,-0.00250422902513614,0.158,0.158,0.002,0.692405063291139,0.307594936708861,1,0,0.000356609482747149,0.0017976768621915,0.000460288387201211,0.00109091062245499,0.11476036214596,0.156,780,0.0486,0.1074,243,537,0.311538461538462,0.688461538461539,0.000502181371995248,-0.00300641039713141,0.0160527501611293,0.022490972879017,0.965904612620184,0.668352031631064
sorting,247,0.05,0.964508089048571,0.961701130729827,0.960784543290111,-0.000916587439716121,0.158,0.158,0,0.50379746835443,0.49620253164557,,,0.00196137802225491,0.00309828732135695,0.000354649901527019,0.00143597664416217,Inf,0.158,790,0.0784,0.0796,392,398,0.49620253164557,0.50379746835443,0.00157738256037825,-0.0024939700000944,0.00580118632731737,0.0257680541802066,0.881656334530253,0.310973557201581
sorting,247,0.08,0.964508089048571,0.960356104910105,0.961057364275385,0.000701259365279094,0.158,0.158,0.008,0.430379746835443,0.569620253164557,0.675,0.325,0.00425059647549062,0.00462223388123845,0.000386749253318415,0.000665923052577086,0.0791544882984213,0.15,750,0.0874,0.0626,437,313,0.582666666666667,0.417333333333333,0.00244720931275424,-0.00174594994747524,-0.00467506243519332,0.0279543950681965,0.809814631624585,0.223098465952828
sorting,247,0.12,0.964508089048571,0.958922060422607,0.960815034538802,0.00189297411619493,0.158,0.158,0.0066,0.355696202531646,0.644303797468354,0.424242424242424,0.575757575757576,0.00822247223956116,0.00850420361303562,0.00122147108912258,0.000369385630634255,0.0872283014096504,0.1514,757,0.098,0.0534,490,267,0.647291941875826,0.352708058124174,0.00347140439646508,-0.00157843028027007,-0.0125031315468627,0.03335425810261,0.725125650445026,0.153499808491217
sorting,248,0,0.965388511611726,0.965388511611726,0.965081622885551,-0.000306888726174015,0.1656,0.1656,0.1,1,0,1,0,0,0.000974984441957052,0.000702620728264784,0.00200391278058062,0.0110931087723886,0.0656,328,0,0.0656,0,328,0,1,0,-0.00030688872617402,0.00467818180143324,0.00467818180143324,1,1
sorting,248,0.02,0.965388511611726,0.964553531953021,0.96289770948567,-0.0016558224673503,0.1656,0.1656,0.0202,0.735507246376812,0.264492753623188,1,0,0.000378448868748966,0.00136486725429667,0.000479434764930965,0.00137930141604802,0.0581069599629258,0.1454,727,0.0438,0.1016,219,508,0.301237964236589,0.698762035763411,0.000474898658246692,-0.00213072112559707,0.011388049981777,0.0179203561474812,0.970531959589278,0.548520349226864
sorting,248,0.05,0.965388511611726,0.962743049071319,0.963023331232616,0.000280282161296719,0.1656,0.1656,0.0976,0.568840579710145,0.431159420289855,0.651639344262295,0.348360655737705,0.00194311234055655,0.00287519315625262,0.00067553285743908,0.00137472114695003,0.011442457153194,0.068,340,0.0374,0.0306,187,153,0.55,0.45,0.000972742066322512,-0.00069245990502586,-0.00412179648965665,0.0244882642845349,0.894994437879777,-0.00794857272834133
sorting,248,0.08,0.965388511611726,0.961088181392834,0.961988439820419,0.00090025842758501,0.1656,0.1656,0.0294,0.461352657004831,0.538647342995169,0.639455782312925,0.360544217687075,0.0043946459069976,0.00538907867524957,0.00130659768856169,0.00148178234316709,0.0449968136362866,0.1362,681,0.0786,0.0576,393,288,0.577092511013216,0.422907488986784,0.00248497071268135,-0.00158471228509628,-0.00660982692793737,0.0298801982215684,0.814741363149654,0.137623326359753
sorting,248,0.12,0.965388511611726,0.959299423397503,0.961483992221548,0.00218456882404483,0.1656,0.1656,0.0096,0.400966183574879,0.599033816425121,0.708333333333333,0.291666666666667,0.00809406904797605,0.0079034261883205,0.0013346537473158,0.000562014331205391,0.0825271572479631,0.156,780,0.0964,0.0596,482,298,0.617948717948718,0.382051282051282,0.00387348229364792,-0.00168891346960312,-0.0140036463079795,0.0356563830977631,0.731951652094066,0.182204896660049
sorting,249,0,0.963578568670514,0.963578568670514,0.963215950828291,-0.000362617842223134,0.1576,0.1576,0.0854,1,0,1,0,0,0.00136996176682195,0.000269589460923422,0.000988572046439817,0.0117523006608864,0.0722,361,0,0.0722,0,361,0,1,0,-0.000362617842223084,0.00502240778702333,0.00502240778702333,1,1
sorting,249,0.02,0.963578568670514,0.962724897613799,0.962229416154683,-0.000495481459116043,0.1576,0.1576,0.0524,0.706852791878173,0.293147208121827,0.938931297709924,0.0610687022900763,0.00036003111081529,0.00178879867371037,0.000286152437692022,0.000695054764553117,0.0219465829010602,0.1052,526,0.043,0.0622,215,311,0.408745247148289,0.591254752851711,0.000461646172674377,-0.000957127631790415,0.00470989980148325,0.0134864430082205,0.968683130363325,0.338646371341374
sorting,249,0.05,0.963578568670514,0.961019847991957,0.961227564157153,0.000207716165196103,0.1576,0.1576,0.0444,0.530456852791878,0.469543147208122,0.693693693693694,0.306306306306306,0.00201763728614113,0.00359214241082923,0.000732601487889742,0.000750367877049297,0.0262114325253263,0.1132,566,0.0604,0.0528,302,264,0.53356890459364,0.46643109540636,0.00134416855805827,-0.00113645239286215,-0.00183494845579613,0.0219136126406397,0.884538923861557,0.194035040521797
sorting,249,0.08,0.963578568670514,0.959271316268265,0.960525171172084,0.00125385490381891,0.1576,0.1576,0.022,0.434010152284264,0.565989847715736,0.609090909090909,0.390909090909091,0.00435115889920425,0.0054109949898501,0.000295600794550591,0.001223367944092,0.0464846163049477,0.1356,678,0.0806,0.055,403,275,0.594395280235988,0.405604719764012,0.00257720094880245,-0.0013233460449836,-0.00924671757978501,0.0287650958243809,0.805028663369146,0.14998082845818
sorting,249,0.12,0.963578568670514,0.958178831549282,0.960063767209082,0.0018849356598003,0.1576,0.1576,0.0144,0.388324873096447,0.611675126903553,0.444444444444444,0.555555555555556,0.0082767200987484,0.0084531657546643,0.00140074546537273,0.00048351697677671,0.0573748593074148,0.1432,716,0.0884,0.0548,442,274,0.61731843575419,0.38268156424581,0.00326599454398505,-0.00138105888418482,-0.013162958518158,0.0324514904201807,0.724947843461914,0.106043055843201
sorting,250,0,0.965759776840544,0.965759776840544,0.965754773657975,-5.00318256957399e-06,0.1542,0.1542,0.146,1,0,1,0,0,0.000951817975692783,0.000624817243377171,0.000571545447920743,0.00117512463419289,0.0082,41,0,0.0082,0,41,0,1,0,-5.00318256960539e-06,0.000610144215805536,0.000610144215805536,1,1
sorting,250,0.02,0.965759776840544,0.964889242260911,0.964485452494183,-0.000403789766727836,0.1542,0.1542,0.2138,0.719844357976654,0.280155642023346,0.608044901777362,0.391955098222638,0.000370944998227365,0.00129572284965513,0.000354832129841882,0.000640715124790997,-0.00764619804168243,0.0596,298,0.019,0.0406,95,203,0.318791946308725,0.681208053691275,0.00016845996455337,-0.000572249731281219,-0.00677499608603774,0.0124280150307817,0.967231404961256,0.169501574520542
sorting,250,0.05,0.965759776840544,0.963149985793912,0.963372301021441,0.000222315227529579,0.1542,0.1542,0.1122,0.530479896238651,0.469520103761349,0.572192513368984,0.427807486631016,0.00189643721621495,0.00247829296894925,0.000427364194496506,0.000293502209249215,0.00684037882910393,0.042,210,0.0244,0.0176,122,88,0.580952380952381,0.419047619047619,0.000600532229093293,-0.000378217001563694,-0.00529321970308569,0.0233035531108807,0.893360135062405,0.0886025922194543
sorting,250,0.08,0.965759776840544,0.961660013480307,0.962390358893391,0.000730345413084255,0.1542,0.1542,0.0734,0.428015564202335,0.571984435797665,0.482288828337875,0.517711171662125,0.00420608725924344,0.00499465724313351,0.00111717816759103,0.000720948452742388,0.0164385677407002,0.0808,404,0.0502,0.0306,251,153,0.621287128712871,0.378712871287129,0.00141902756937814,-0.000688682156293844,-0.00903892837975609,0.0260855164068314,0.819281053283242,0.0266843557804912
sorting,250,0.12,0.965759776840544,0.960268003244872,0.961039887117279,0.000771883872407009,0.1542,0.1542,0.1202,0.356679636835279,0.643320363164721,0.391014975041597,0.608985024958403,0.00841217575495082,0.00826973805391978,0.00131483205159165,0.000449468888749678,0.00544045247744618,0.034,170,0.026,0.008,130,40,0.764705882352941,0.235294117647059,0.00103202131356816,-0.000260137441161118,-0.0227024668355014,0.0380046692567436,0.717125008109,0.106681077912323
sorting,251,0,0.964678420351694,0.964678420351694,0.964670101501108,-8.31885058660831e-06,0.1628,0.1628,0.1748,1,0,0.931350114416476,0.068649885583524,0,0.00136240564632998,0.000354449398401007,0.000694687980473175,-0.00133291254035506,0.012,60,0,0.012,0,60,0,1,0,-8.3188505866115e-06,-0.000693237548884292,0.000693237548884292,1,1
sorting,251,0.02,0.964678420351694,0.96379016289306,0.961500560805729,-0.00228960208733153,0.1628,0.1628,0.3518,0.711302211302211,0.288697788697789,0.450255827174531,0.549744172825469,0.000365794124139422,0.00201337056476897,0.000779048949079639,0.00078389083110341,-0.0228879245638037,0.189,945,0.0426,0.1464,213,732,0.225396825396825,0.774603174603175,0.000375459918601984,-0.00266506200593351,-0.0121142967583679,0.0160874175901349,0.967293368451735,0.32677881068697
sorting,251,0.05,0.964678420351694,0.962106419700418,0.96218910872456,8.26890241421019e-05,0.1628,0.1628,0.044,0.530712530712531,0.469287469287469,0.745454545454546,0.254545454545455,0.00196392480781605,0.00361995185303736,0.000812788424389027,0.000933538899024616,0.0300274234146689,0.1188,594,0.0652,0.0536,326,268,0.548821548821549,0.451178451178451,0.0013568731292382,-0.00127418410509615,-0.000696035556751295,0.0221469464169558,0.886145569269823,0.182232116107724
sorting,251,0.08,0.964678420351694,0.960514276219562,0.960267148461611,-0.000247127757951215,0.1628,0.1628,0.176,0.457002457002457,0.542997542997543,0.440909090909091,0.559090909090909,0.00439121837464639,0.00542852027956616,0.000657421816710204,0.000816267740861582,-0.00144484883702112,0.0132,66,0.0032,0.01,16,50,0.242424242424242,0.757575757575758,4.22930487336117e-05,-0.000289420806684817,-0.0187217998447883,0.0251298375316992,0.806584679527387,0.120801586473228
sorting,251,0.12,0.964678420351694,0.958646052013815,0.960975774918814,0.00232972290499967,0.1628,0.1628,0.012,0.362407862407862,0.637592137592138,0.55,0.45,0.00841330687379437,0.00855343928552503,0.00124572165561829,0.00073742465911369,0.0673247508760496,0.1508,754,0.0984,0.0524,492,262,0.652519893899204,0.347480106100796,0.00373778495307297,-0.00140806204807336,-0.0154490908819603,0.0341236538537555,0.708887050499482,0.103438645859235
sorting,252,0,0.963483158683662,0.963483158683662,0.961981550272803,-0.00150160841085945,0.1572,0.1572,0.305,1,0,0.515409836065574,0.484590163934426,0,0.00156207095475496,0.000747169888586604,0.0020616490713183,-0.0200523007173782,0.1478,739,0,0.1478,0,739,0,1,0,-0.0015016084108595,-0.0101597321438396,0.0101597321438396,1,1
sorting,252,0.02,0.963483158683662,0.9627184865953,0.961907716288106,-0.00081077030719412,0.1572,0.1572,0.0424,0.748091603053435,0.251908396946565,0.971698113207547,0.0283018867924528,0.00037098213649131,0.00183729496469712,0.000608952080400712,0.00145641858259942,0.0298560633467782,0.1148,574,0.0384,0.0764,192,382,0.334494773519164,0.665505226480836,0.000452169297003418,-0.00126293960419757,0.00706245912190028,0.0149399730069773,0.968599144183966,0.28113319336829
sorting,252,0.05,0.963483158683662,0.96090171053773,0.961341288788862,0.000439578251131945,0.1572,0.1572,0.0772,0.541984732824428,0.458015267175573,0.673575129533679,0.326424870466321,0.00193721181513148,0.00284890790364142,0.00100846494556784,0.000936489859160403,0.0147618988987773,0.08,400,0.0468,0.0332,234,166,0.585,0.415,0.00109361172927936,-0.00065403347814739,-0.00549472813914965,0.0218455650928344,0.890937105813484,0.131827573922337
sorting,252,0.08,0.963483158683662,0.959556650511457,0.96021059390645,0.000653943394993028,0.1572,0.1572,0.1198,0.444020356234097,0.555979643765903,0.492487479131887,0.507512520868113,0.00439432659123488,0.00646904775681109,0.000859154871144855,0.00105850666319826,0.0054660222605174,0.0374,187,0.0266,0.0108,133,54,0.711229946524064,0.288770053475936,0.000882399262392445,-0.000228455867399488,-0.0174851175131807,0.0297020088179661,0.812765597630624,-0.00596603525668082
sorting,252,0.12,0.963483158683662,0.957873314700299,0.959344786717785,0.00147147201748588,0.1572,0.1572,0.0798,0.366412213740458,0.633587786259542,0.423558897243108,0.576441102756892,0.00876537531086542,0.00857371280015453,0.00124868261264055,0.000833218794896424,0.0139879543428708,0.0774,387,0.0536,0.0238,268,119,0.69250645994832,0.30749354005168,0.00213054338020765,-0.000659071362721759,-0.0190112663757867,0.0360415341463748,0.724442866929715,0.0544683270331498
sorting,253,0,0.966662116112143,0.966662116112143,0.966151959449855,-0.000510156662288375,0.146,0.146,0.2362,1,0,0.618120237087214,0.381879762912786,0,0.00258516626915004,0.000340997834723253,0.00117308254586397,-0.0115173574234754,0.0902,451,0,0.0902,0,451,0,1,0,-0.000510156662288383,-0.00565583882803085,0.00565583882803085,1,1
sorting,253,0.02,0.966662116112143,0.965802604134584,0.96553885341727,-0.000263750717313993,0.146,0.146,0.194,0.701369863013699,0.298630136986301,0.617525773195876,0.382474226804124,0.000376704720802827,0.00236438454058329,0.000429706618965706,0.00142110805199777,-0.00582986925872631,0.048,240,0.0174,0.0306,87,153,0.3625,0.6375,0.000188891491369924,-0.00045264220868396,-0.0054948066107091,0.0133652854177892,0.966689863851595,0.25327783468463
sorting,253,0.05,0.966662116112143,0.964204087725281,0.962019011698444,-0.00218507602683682,0.146,0.146,0.2868,0.512328767123288,0.487671232876712,0.401673640167364,0.598326359832636,0.00189724141566379,0.00323192309237378,0.00040005777616688,0.00156519903834897,-0.0174834526007968,0.1408,704,0.0404,0.1004,202,502,0.286931818181818,0.713068181818182,0.000668879786190493,-0.0028539558130273,-0.0155190058724205,0.02502013919899,0.887919405116776,0.125525105172362
sorting,253,0.08,0.966662116112143,0.962560491965008,0.959710836333049,-0.00284965563195894,0.146,0.146,0.2796,0.401369863013699,0.598630136986301,0.343347639484979,0.656652360515021,0.00420292672875875,0.00538111177396396,0.000846314775429003,0.00133784376933451,-0.0165709325931535,0.1336,668,0.0374,0.0962,187,481,0.279940119760479,0.720059880239521,0.000773999021842407,-0.00362365465380139,-0.0213297577242439,0.0329165694284716,0.806500280068011,0.115868410414969
sorting,253,0.12,0.966662116112143,0.96103751719745,0.963130980492769,0.00209346329531912,0.146,0.146,0.04,0.347945205479452,0.652054794520548,0.415,0.585,0.00799526273603182,0.00823990619664881,0.00146478387919554,0.00206634588756937,0.0272366086420138,0.106,530,0.0718,0.0342,359,171,0.677358490566038,0.322641509433962,0.00294307898192697,-0.00084961568660777,-0.0197496537294264,0.0357801383824032,0.718346420573857,0.0171217251456862
sorting,254,0,0.965944656875358,0.965944656875358,0.965899744571176,-4.4912304182243e-05,0.1626,0.1626,0.1344,1,0,1,0,0,0.000764881180222245,0.000248925934199878,0.00042547860854868,0.00333710819773503,0.0282,141,0,0.0282,0,141,0,1,0,-4.49123041822412e-05,0.00159263490007947,0.00159263490007947,1,1
sorting,254,0.02,0.965944656875358,0.965044814381782,0.964021229251008,-0.00102358513077361,0.1626,0.1626,0.2708,0.719557195571956,0.280442804428044,0.545051698670606,0.454948301329394,0.000362520444483676,0.0017574175547395,0.000456775857103283,0.000360620674935469,-0.0142043431554918,0.1082,541,0.0306,0.0776,153,388,0.282809611829945,0.717190388170056,0.000271221813794666,-0.0012948069445683,-0.00946012135650309,0.0144734635708222,0.96542426440897,0.211239493171272
sorting,254,0.05,0.965944656875358,0.963193869278608,0.963160995012503,-3.28742661043213e-05,0.1626,0.1626,0.0244,0.538745387453875,0.461254612546126,0.836065573770492,0.163934426229508,0.00187181742830865,0.0024684256770586,0.000572758161400408,0.000807069996994983,0.0454706163646573,0.1382,691,0.071,0.0672,355,336,0.513748191027496,0.486251808972504,0.00160106593183237,-0.00163394019793669,0.000237874573837308,0.0234081485511509,0.880723197212928,0.182655868054028
sorting,254,0.08,0.965944656875358,0.96181031316784,0.962698931434586,0.000888618266746022,0.1626,0.1626,0.0542,0.436654366543665,0.563345633456335,0.542435424354244,0.457564575645757,0.00438785031701562,0.00457747065736558,0.000780805539387037,0.00028129662198031,0.0237740485773457,0.1084,542,0.0668,0.0416,334,208,0.616236162361624,0.383763837638376,0.00189021741652348,-0.00100159914977752,-0.00819758548658635,0.0266772745968727,0.803233266017331,0.12589179220496
sorting,254,0.12,0.965944656875358,0.960358735849994,0.96225139906956,0.00189266321956627,0.1626,0.1626,0.0044,0.373923739237392,0.626076260762608,0.272727272727273,0.727272727272727,0.00858868007735893,0.00854290156499311,0.00196661041451989,0.000536997340617324,0.0899896468281489,0.1582,791,0.0986,0.0596,493,298,0.623261694058154,0.376738305941846,0.00354120388981378,-0.00164854067024747,-0.0119637371654002,0.0328049592924225,0.711490430251617,0.124600232671253
sorting,255,0,0.965012177875306,0.965012177875306,0.964787814475876,-0.000224363399429994,0.1494,0.1494,0.0944,1,0,1,0,0,0.00121833108280201,0.000678632220789823,0.00095154971311426,0.00954671014540731,0.055,275,0,0.055,0,275,0,1,0,-0.000224363399430015,0.00407933453509118,0.00407933453509118,1,1
sorting,255,0.02,0.965012177875306,0.964177103154933,0.964133768932616,-4.33342223163935e-05,0.1494,0.1494,0.0868,0.694779116465863,0.305220883534137,0.854838709677419,0.145161290322581,0.000368456134226565,0.00185540944439521,0.00115423062018817,0.00126816473103406,0.0116002131996235,0.0626,313,0.033,0.0296,165,148,0.527156549520767,0.472843450479233,0.00033667476166122,-0.000380008983977601,0.000692239973105118,0.0114486221348054,0.968864064354563,0.233458509500918
sorting,255,0.05,0.965012177875306,0.962681718872061,0.962356372973281,-0.000325345898779417,0.1494,0.1494,0.0266,0.512717536813922,0.487282463186078,0.759398496240602,0.240601503759399,0.00188073197999385,0.00295278187469862,0.000433958020838139,0.000396110780066796,0.0465402824751643,0.1228,614,0.0664,0.0564,332,282,0.54071661237785,0.45928338762215,0.00118290879108321,-0.00150825468986267,0.00264939656986532,0.0219150120598199,0.89371974541279,0.18326298230223
sorting,255,0.08,0.965012177875306,0.961109699045731,0.961881117717614,0.000771418671883128,0.1494,0.1494,0.078,0.443105756358768,0.556894243641232,0.517948717948718,0.482051282051282,0.00434661730060151,0.00525211427783077,0.000596537848088402,0.000573752069063388,0.0145117070110641,0.0714,357,0.0456,0.0258,228,129,0.638655462184874,0.361344537815126,0.00146306295758344,-0.000691644285700301,-0.0108041830795957,0.0301779725950103,0.810316236444649,0.0761094720984245
sorting,255,0.12,0.965012177875306,0.959180897643638,0.961423235168289,0.00224233752465108,0.1494,0.1494,0,0.333333333333333,0.666666666666667,,,0.00865691219810865,0.00857065651376438,0.000976277695120025,0.00087073871073569,Inf,0.1494,747,0.0996,0.0498,498,249,0.666666666666667,0.333333333333333,0.00365186232216526,-0.00140952479751422,-0.0150089526415732,0.0338780931705454,0.704630203161208,0.13607318839666
sorting,256,0,0.964452297018572,0.964452297018572,0.964393009504156,-5.92875144154181e-05,0.1578,0.1578,0.1894,1,0,0.833157338965153,0.166842661034847,0,0.00128735466291271,0.000862720425996536,0.000895005900734995,-0.00397209558288913,0.0316,158,0,0.0316,0,158,0,1,0,-5.9287514415385e-05,-0.00187618716504383,0.00187618716504383,1,1
sorting,256,0.02,0.964452297018572,0.963587843182217,0.963329881960148,-0.000257961222068226,0.1578,0.1578,0.2076,0.719898605830165,0.280101394169835,0.642581888246628,0.357418111753372,0.000355218936290666,0.00158565385950362,0.000870934300086839,0.000429538466710619,-0.00624931839170151,0.0498,249,0.0198,0.03,99,150,0.397590361445783,0.602409638554217,0.000197495618852888,-0.00045545684092113,-0.00517994421823781,0.0131114951761851,0.967927463741099,0.0695227361057132
sorting,256,0.05,0.964452297018572,0.961784682439965,0.962101448266198,0.000316765826232968,0.1578,0.1578,0.0446,0.514575411913815,0.485424588086185,0.739910313901345,0.260089686098655,0.00187419677453967,0.00291063338798293,0.000894128122600607,0.000583634234178548,0.0276464040041287,0.1132,566,0.065,0.0482,325,241,0.574204946996466,0.425795053003534,0.00136136510113691,-0.00104459927490387,-0.00279828468403746,0.0212541022618443,0.889291763283671,0.0973486403362259
sorting,256,0.08,0.964452297018572,0.960315898648927,0.960994371709843,0.000678473060915508,0.1578,0.1578,0.005,0.429657794676806,0.570342205323194,0.68,0.32,0.00436079438455881,0.00538534337712349,0.00158409201264125,0.00173242397967034,0.0944379080802099,0.1528,764,0.0884,0.0644,442,322,0.578534031413613,0.421465968586387,0.00250847089058917,-0.00182999782967363,-0.00444026872326928,0.0283931198970079,0.813302226804089,0.186394673148572
sorting,256,0.12,0.964452297018572,0.959062761695438,0.960910382488417,0.00184762079297862,0.1578,0.1578,0.007,0.377693282636248,0.622306717363752,0.6,0.4,0.00862089159378586,0.00893250795198327,0.0021325091032692,0.000864836537734665,0.0843457484529892,0.1508,754,0.0954,0.0554,477,277,0.63262599469496,0.36737400530504,0.00339106704606567,-0.00154344625308706,-0.012252127274394,0.032722236731782,0.715203286848131,0.205751911111155
sorting,257,0,0.964712467566424,0.964712467566424,0.963985953961251,-0.000726513605172285,0.1518,0.1518,0.2594,1,0,0.585196607555898,0.414803392444102,0,0.00180591860039922,0.00126013974917556,0.000993979348910655,-0.0137093420583237,0.1076,538,0,0.1076,0,538,0,1,0,-0.000726513605172222,-0.0067519851781805,0.0067519851781805,1,1
sorting,257,0.02,0.964712467566424,0.963841258780386,0.963696857175735,-0.000144401604651345,0.1518,0.1518,0.1794,0.699604743083004,0.300395256916996,0.645484949832776,0.354515050167224,0.000375761509320271,0.00213903417066643,0.00104815672028498,0.00101951954178062,-0.00332842420307078,0.0276,138,0.0096,0.018,48,90,0.347826086956522,0.652173913043478,0.000104780021929549,-0.000249181626580925,-0.00523194219751361,0.0128246974097998,0.967197571967903,-0.0122582987243972
sorting,257,0.05,0.964712467566424,0.962286722230126,0.962466651191545,0.00017992896141894,0.1518,0.1518,0.0652,0.520421607378129,0.479578392621871,0.647239263803681,0.352760736196319,0.00193204532628851,0.00401928549180423,0.000977330674188192,0.000284988644842497,0.016423716232613,0.0866,433,0.0498,0.0368,249,184,0.575057736720554,0.424942263279446,0.00103020421568273,-0.000850275254263769,-0.00207770163301339,0.0217145435328695,0.887317781924711,0.13885296973094
sorting,257,0.08,0.964712467566424,0.960796265783278,0.96183730941272,0.00104104362944146,0.1518,0.1518,0.0452,0.421607378129117,0.578392621870883,0.517699115044248,0.482300884955752,0.00429664242638196,0.00577637609420893,0.00160064453010575,0.00219719312469494,0.0246637755386814,0.1066,533,0.066,0.0406,330,203,0.619136960600375,0.380863039399625,0.00197126030633763,-0.000930216676896234,-0.0097658877058292,0.0272183581916873,0.818964819958593,0.0499365918009815
sorting,257,0.12,0.964712467566424,0.958916690597577,0.961141740108109,0.00222504951053149,0.1518,0.1518,0.0434,0.361001317523057,0.638998682476943,0.428571428571429,0.571428571428571,0.00852505494002574,0.00905785003372422,0.00149030082711153,0.000968683545758824,0.0255872146667869,0.1084,542,0.0722,0.0362,361,181,0.666051660516605,0.333948339483395,0.0030484773102316,-0.000823427799700106,-0.020526286997523,0.0357186818259382,0.717449544857982,0.0714563147919037
sorting,258,0,0.966428917080726,0.966428917080726,0.96420703484379,-0.00222188223693642,0.1676,0.1676,0.3484,1,0,0.48105625717566,0.51894374282434,0,0.00110034365284139,0.000626782520041798,0.000456970477277908,-0.0243152957846654,0.1808,904,0,0.1808,0,904,0,1,0,-0.00222188223693653,-0.012289171664472,0.012289171664472,1,1
sorting,258,0.02,0.966428917080726,0.965586979453302,0.965402333762937,-0.000184645690365026,0.1676,0.1676,0.1936,0.744630071599045,0.255369928400955,0.690082644628099,0.309917355371901,0.000373197028341335,0.00119911950783175,0.000433849155154991,0.000747792782164052,-0.00344270658696322,0.026,130,0.0088,0.0172,44,86,0.338461538461539,0.661538461538462,8.91690893326389e-05,-0.000273814779697605,-0.00710175732172947,0.0139609180396248,0.96815125635805,0.040757077114258
sorting,258,0.05,0.966428917080726,0.963787605695059,0.963534182248127,-0.000253423446932799,0.1676,0.1676,0.1922,0.564439140811456,0.435560859188544,0.54006243496358,0.45993756503642,0.00192179263256232,0.0028408315518972,0.000723191122822389,0.000484460805240254,-0.00312008734301905,0.0246,123,0.0092,0.0154,46,77,0.373983739837398,0.626016260162602,0.000146050859488165,-0.000399474306420999,-0.010301766135481,0.022175819752405,0.887376085511043,-0.0804968335246547
sorting,258,0.08,0.966428917080726,0.961941548059275,0.963119983877032,0.00117843581775767,0.1676,0.1676,0.0362,0.451073985680191,0.548926014319809,0.657458563535912,0.342541436464088,0.0042897102820903,0.0049888931100034,0.00127799884152139,0.000494048183597741,0.0374156613593845,0.1314,657,0.0796,0.0518,398,259,0.605783866057839,0.394216133942161,0.00259864935849649,-0.00142021354073877,-0.00896830911535561,0.0305849535710446,0.804186762535471,0.165362458367058
sorting,258,0.12,0.966428917080726,0.960671938678351,0.962165064789844,0.00149312611149377,0.1676,0.1676,0.0794,0.399761336515513,0.600238663484487,0.445843828715365,0.554156171284635,0.00807637999475269,0.00884415067650551,0.00228566581332417,0.000926932548043287,0.0162807236269993,0.0882,441,0.0566,0.0316,283,158,0.64172335600907,0.35827664399093,0.00241222730718804,-0.000919101195694269,-0.0169288674772537,0.0377701644317722,0.712219160328766,0.0693085625858735
sorting,259,0,0.965644853884056,0.965644853884056,0.965642084267575,-2.76961648060237e-06,0.1558,0.1558,0.1484,1,0,1,0,0,0.00221649539443996,0.000346360279637299,0.0016033021590539,0.000771592566670254,0.0074,37,0,0.0074,0,37,0,1,0,-2.76961648052627e-06,0.000374272497368415,0.000374272497368415,1,1
sorting,259,0.02,0.965644853884056,0.96477112503624,0.962948699397573,-0.00182242563866697,0.1558,0.1558,0.315,0.709884467265725,0.290115532734275,0.477460317460318,0.522539682539683,0.000350484512048489,0.00255820166398717,0.000474693408771949,0.00170248513877359,-0.0199544904291111,0.1592,796,0.0398,0.1194,199,597,0.25,0.75,0.000354036360782436,-0.00217646199944937,-0.0114473972278074,0.0158950902024611,0.968088338051533,0.337485562325488
sorting,259,0.05,0.965644853884056,0.962972871491823,0.962679404995055,-0.000293466496767869,0.1558,0.1558,0.184,0.528883183568678,0.471116816431322,0.5,0.5,0.00198372891466039,0.00384453039559455,0.000951320182030098,0.00211284300039459,-0.00344176340257596,0.0282,141,0.0096,0.0186,48,93,0.340425531914894,0.659574468085106,0.000170095248338912,-0.000463561745106723,-0.0104066133605607,0.0224701061505544,0.884019148544766,0.143460764587525
sorting,259,0.08,0.965644853884056,0.96168649897937,0.961744280451641,5.77814722710901e-05,0.1558,0.1558,0.1442,0.450577663671374,0.549422336328627,0.450762829403606,0.549237170596394,0.00437385119206619,0.00514820249278768,0.000790976852688721,0.000834483892842436,0.00138951920120367,0.0116,58,0.0064,0.0052,32,26,0.551724137931035,0.448275862068966,0.000176446394523291,-0.000118664922252265,-0.00498116140267461,0.0254406307565135,0.805938572045543,0.131748131286721
sorting,259,0.12,0.965644853884056,0.959963288100542,0.961630934659393,0.00166764655885077,0.1558,0.1558,0.0714,0.365853658536585,0.634146341463415,0.428571428571429,0.571428571428571,0.00839816175749191,0.00840036086367075,0.00191718235688847,0.00118032024066641,0.0167754420906314,0.0844,422,0.058,0.0264,290,132,0.687203791469194,0.312796208530806,0.0023496071988115,-0.000681960639960698,-0.0197588454840143,0.0359190502224195,0.71524649452986,0.0447704067273812
sorting,260,0,0.965971476257765,0.965971476257765,0.965926095724635,-4.53805331304125e-05,0.1574,0.1574,0.1848,1,0,0.851731601731602,0.148268398268398,0,0.001358557452561,0.000577043104830853,0.00136593636669764,-0.00340282752210697,0.0274,137,0,0.0274,0,137,0,1,0,-4.5380533130316e-05,-0.00165622383687285,0.00165622383687285,1,1
sorting,260,0.02,0.965971476257765,0.965112725414823,0.965130401607578,1.76761927547231e-05,0.1574,0.1574,0.1548,0.726810673443456,0.273189326556544,0.732558139534884,0.267441860465116,0.000353738907733553,0.00173744116664744,0.000666036620390773,0.000889852571854541,0.000563952394001643,0.0026,13,0.0016,0.001,8,5,0.615384615384615,0.384615384615385,2.64613764205178e-05,-8.78518366579688e-06,-0.00679853567489267,0.0135563692639672,0.970159367350375,0.346153846153846
sorting,260,0.05,0.965971476257765,0.963417688466222,0.962834937958314,-0.000582750507908347,0.1574,0.1574,0.0102,0.520965692503177,0.479034307496823,0.96078431372549,0.0392156862745098,0.00193578706476042,0.00316720096080477,0.000798393644493558,0.00128379497563488,0.070700387154211,0.1472,736,0.075,0.0722,375,361,0.509510869565217,0.490489130434783,0.0014273703491238,-0.00201012085703212,0.00395890290698581,0.0233525217809505,0.890760886574435,0.281644210985084
sorting,260,0.08,0.965971476257765,0.961862432568312,0.9623809421842,0.000518509615887841,0.1574,0.1574,0.011,0.438373570520966,0.561626429479034,0.490909090909091,0.509090909090909,0.00435027226584104,0.00565145902004231,0.00121691551041954,0.000906049963158618,0.0681767183008656,0.1464,732,0.0828,0.0636,414,318,0.565573770491803,0.434426229508197,0.0023147093828013,-0.00179619976691347,-0.00354173234896057,0.0280799805308386,0.812180685927227,0.216306565389849
sorting,260,0.12,0.965971476257765,0.960217350490752,0.962319343230872,0.0021019927401208,0.1574,0.1574,4e-04,0.383735705209657,0.616264294790343,0.5,0.5,0.00832061275720062,0.00825742389296675,0.00115639159226435,0.00116132154300775,0.130345284358655,0.157,785,0.0968,0.0602,484,301,0.61656050955414,0.38343949044586,0.00362236495628628,-0.0015203722161654,-0.0133884887905789,0.0327562877226222,0.722221647160866,0.11425108381467
sorting,261,0,0.965160280337432,0.965160280337432,0.96480522871987,-0.000355051617562219,0.1568,0.1568,0.2338,1,0,0.670658682634731,0.329341317365269,0,0.00130812562260169,0.000250846820089106,0.000306930682951422,-0.00940645901818815,0.077,385,0,0.077,0,385,0,1,0,-0.00035505161756215,-0.00461105996833961,0.00461105996833961,1,1
sorting,261,0.02,0.965160280337432,0.964288600080416,0.964010948492962,-0.000277651587453853,0.1568,0.1568,0.0684,0.706632653061225,0.293367346938776,0.894736842105263,0.105263157894737,0.0003714611394557,0.00145469534689202,0.000371733557299945,0.000495836714837505,0.0167478028485067,0.0884,442,0.0388,0.0496,194,248,0.438914027149321,0.561085972850679,0.000436719656909981,-0.000714371244363789,0.00314085506169465,0.0130213902859024,0.965503471228139,0.184477541667822
sorting,261,0.05,0.965160280337432,0.962385836519351,0.96232557855402,-6.02579653303792e-05,0.1568,0.1568,0.019,0.505102040816326,0.494897959183674,0.757894736842105,0.242105263157895,0.00195111374479838,0.00256012854104447,0.000270370252425476,0.000367124591930978,0.0494874779424515,0.1378,689,0.073,0.0648,365,324,0.529753265602322,0.470246734397678,0.00154634184387161,-0.00160659980920196,0.000437285670031535,0.0228805635201275,0.881353303222132,0.224126714615487
sorting,261,0.08,0.965160280337432,0.961081273304276,0.9609344929418,-0.000146780362476395,0.1568,0.1568,0.166,0.4375,0.5625,0.431325301204819,0.568674698795181,0.0042725478285615,0.00478985100449819,0.000457542646592872,0.000278273854052234,-0.00113192734609746,0.0092,46,0.003,0.0062,15,31,0.326086956521739,0.673913043478261,4.41515932513022e-05,-0.000190931955727744,-0.0159543872257002,0.0255525596716355,0.804808824224353,0.17200123342584
sorting,261,0.12,0.965160280337432,0.960079071556367,0.961622333740906,0.00154326218453937,0.1568,0.1568,0.0588,0.373724489795918,0.626275510204082,0.425170068027211,0.574829931972789,0.00817314439464045,0.00891655556179125,0.000946550207878149,0.00096316606030472,0.0202767952156119,0.098,490,0.0644,0.0336,322,168,0.657142857142857,0.342857142857143,0.00235665091678538,-0.000813388732246039,-0.015747573311626,0.0323473433574635,0.724776813791073,0.12075187352564
sorting,262,0,0.966096985719754,0.966096985719754,0.965956285513649,-0.000140700206105127,0.1554,0.1554,0.2034,1,0,0.76401179941003,0.235988200589971,0,0.00298455471802461,0.00125726784241365,0.00369975018421434,-0.00599689384832092,0.048,240,0,0.048,0,240,0,1,0,-0.000140700206105189,-0.00293125429385811,0.00293125429385811,1,1
sorting,262,0.02,0.966096985719754,0.965290230569603,0.963380604838409,-0.0019096257311938,0.1554,0.1554,0.3144,0.714285714285714,0.285714285714286,0.473282442748092,0.526717557251908,0.000368083732503076,0.00402040948965565,0.00132759574308991,0.00327837633464866,-0.0193947551312296,0.159,795,0.0378,0.1212,189,606,0.237735849056604,0.762264150943396,0.000325589036087906,-0.00223521476728167,-0.0120102247244891,0.0161056842979219,0.967435182921407,0.261186045239744
sorting,262,0.05,0.966096985719754,0.963403573668699,0.960973949942001,-0.0024296237266983,0.1554,0.1554,0.3042,0.514800514800515,0.485199485199485,0.396449704142012,0.603550295857988,0.00194020040570187,0.00363277030304573,0.00129252614216903,0.00261818667588155,-0.0182272404547961,0.1488,744,0.0406,0.1082,203,541,0.272849462365591,0.727150537634409,0.000667920717579579,-0.0030975444442779,-0.0163281164428651,0.0253055454425906,0.8862474909379,0.168538254275963
sorting,262,0.08,0.966096985719754,0.962105685243385,0.958998009771343,-0.00310767547204138,0.1554,0.1554,0.3062,0.427284427284427,0.572715572715573,0.353363814500327,0.646636185499673,0.0042912934355023,0.00598051736431077,0.000593555250689428,0.000986471326973718,-0.018408774506895,0.1508,754,0.0418,0.109,209,545,0.277188328912467,0.722811671087533,0.000785162480836917,-0.00389283795287838,-0.0206079275334315,0.0310212230352473,0.812586467671459,0.0492323117108743
sorting,262,0.12,0.966096985719754,0.960472223108028,0.961401250711039,0.000929027603010502,0.1554,0.1554,0.1126,0.362934362934363,0.637065637065637,0.378330373001776,0.621669626998224,0.00841950556802968,0.00919991237674018,0.000992275418552621,0.0010048661709227,0.00617936857824031,0.0428,214,0.029,0.0138,145,69,0.677570093457944,0.322429906542056,0.00128377052847778,-0.000354742925467262,-0.0217062524067878,0.0382830246248841,0.71813549685342,0.0484126230978569
sorting,263,0,0.965257956785516,0.965257956785516,0.96509059262033,-0.000167364165186146,0.163,0.163,0.2142,1,0,0.760971055088702,0.239028944911298,0,0.000833136298245752,0.000876568510258542,0.000910954272437617,-0.00677018970219856,0.0512,256,0,0.0512,0,256,0,1,0,-0.000167364165186131,-0.00326883135129162,0.00326883135129162,1,1
sorting,263,0.02,0.965257956785516,0.964329022883678,0.963779790390131,-0.000549232493547214,0.163,0.163,0.2452,0.707975460122699,0.292024539877301,0.584828711256118,0.415171288743883,0.000355218093667457,0.00131915698547036,0.00115387305289193,0.000735415481512497,-0.0102550218902614,0.0822,411,0.028,0.0542,140,271,0.340632603406326,0.659367396593674,0.000254645875585059,-0.000803878369132196,-0.00668166050543963,0.0128774239016698,0.970375607647024,0.181095357194094
sorting,263,0.05,0.965257956785516,0.962699887113924,0.962668022579264,-3.18645346603086e-05,0.163,0.163,0.1662,0.553374233128834,0.446625766871166,0.547533092659447,0.452466907340554,0.00189393170020277,0.00261690183146997,0.000563223909141515,0.000510127104247139,-0.00044599280978741,0.0032,16,8e-04,0.0024,4,12,0.25,0.75,6.99769561398529e-06,-3.88622302743431e-05,-0.00995766708136181,0.0143312268401026,0.898111632692465,-0.364705882352941
sorting,263,0.08,0.965257956785516,0.961303914821399,0.960821754124163,-0.000482160697236167,0.163,0.163,0.1934,0.451533742331288,0.548466257668712,0.426059979317477,0.573940020682523,0.00441280333002939,0.00466142750968707,0.000635917359021028,0.00117966465401675,-0.00398189196872412,0.0304,152,0.0088,0.0216,44,108,0.289473684210526,0.710526315789474,0.00020908584554237,-0.000691246542778558,-0.0158605492511904,0.0296161969842411,0.822942977173719,0.0155823918971562
sorting,263,0.12,0.965257956785516,0.959292465438279,0.960450915912795,0.00115845047451568,0.163,0.163,0.118,0.377914110429448,0.622085889570552,0.411864406779661,0.588135593220339,0.00850060655251391,0.00920581247210041,0.00142140631145861,0.00101747585276855,0.00653529150659093,0.045,225,0.032,0.013,160,65,0.711111111111111,0.288888888888889,0.00155239674071804,-0.000393946266202391,-0.0257433438781256,0.0432520668204541,0.725673162850926,0.0856489675516224
sorting,264,0,0.965511384278909,0.965511384278909,0.964203748373771,-0.00130763590513749,0.1576,0.1576,0.0402,1,0,1,0,0,0.0017416866860093,0.000773397721103245,0.000790184602473011,0.0293840343751425,0.1174,587,0,0.1174,0,587,0,1,0,-0.00130763590513747,0.0111382956144589,0.0111382956144589,1,1
sorting,264,0.02,0.965511384278909,0.964559551092341,0.964451955643027,-0.00010759544931338,0.1576,0.1576,0.2042,0.709390862944162,0.290609137055838,0.643486777668952,0.356513222331048,0.000368124199912136,0.0024564417063766,0.00024822930052708,0.000432402561890437,-0.00580180944049646,0.0466,233,0.0196,0.027,98,135,0.420600858369099,0.579399141630901,0.000249272660758636,-0.000356868110071941,-0.00230891522131557,0.0130073126787677,0.969402150808086,0.154433389115941
sorting,264,0.05,0.965511384278909,0.962935181659317,0.961812068657976,-0.00112311300134138,0.1576,0.1576,0.2362,0.532994923857868,0.467005076142132,0.463166807790009,0.536833192209992,0.00194419183623577,0.00331461064998243,0.000867664063966388,0.00136228315528679,-0.0106834128650092,0.0786,393,0.0254,0.0532,127,266,0.323155216284987,0.676844783715013,0.00038391752950963,-0.00150703053085099,-0.0142889694827146,0.0240578633633667,0.893463222554529,0.0457232375648752
sorting,264,0.08,0.965511384278909,0.961403523642943,0.962017046935712,0.000613523292769203,0.1576,0.1576,0.109,0.440355329949239,0.559644670050762,0.489908256880734,0.510091743119266,0.00444654947176229,0.00592740258968641,0.000911124645157747,0.000680241117926713,0.00770676180483765,0.0486,243,0.0326,0.016,163,80,0.670781893004115,0.329218106995885,0.000992481314497427,-0.00037895802172826,-0.0126239360652092,0.0282189163832446,0.81380826154433,-0.0706242755423083
sorting,264,0.12,0.965511384278909,0.959842525238482,0.961783066627589,0.00194054138910738,0.1576,0.1576,0.0418,0.370558375634518,0.629441624365482,0.454545454545455,0.545454545454545,0.00839952216635151,0.0104999197980443,0.000679018465335495,0.0015127501067444,0.0285618680644428,0.1158,579,0.0764,0.0394,382,197,0.659758203799655,0.340241796200345,0.00294894645677577,-0.00100840506766834,-0.0167576976606859,0.0341740200729199,0.729131578253263,0.0697557947813121
sorting,265,0,0.965271920917404,0.965271920917404,0.96279729920746,-0.00247462170994373,0.1544,0.1544,0.3476,1,0,0.444188722669735,0.555811277330265,0,0.0010989718450513,0.000544132089559195,0.00173571172009548,-0.0254092039818998,0.1932,966,0,0.1932,0,966,0,1,0,-0.00247462170994368,-0.0128086009831454,0.0128086009831454,1,1
sorting,265,0.02,0.965271920917404,0.964511857714159,0.962872872174476,-0.00163898553968222,0.1544,0.1544,0.296,0.724093264248705,0.275906735751295,0.490540540540541,0.50945945945946,0.000364223813850225,0.0016625506088166,0.000720736165915479,0.00209839170150785,-0.0178537461418576,0.1416,708,0.0334,0.1082,167,541,0.235875706214689,0.764124293785311,0.000267606988746034,-0.00190659252842825,-0.0115747566361739,0.0153545163642252,0.969509740892389,0.276643605033347
sorting,265,0.05,0.965271920917404,0.962520127225748,0.954096130239184,-0.00842399698656504,0.1544,0.1544,0.471,0.523316062176166,0.476683937823834,0.312101910828025,0.687898089171975,0.00198774507458895,0.00302074571654251,0.000581393536212431,0.00177407542883625,-0.0520615964562765,0.3166,1583,0.0662,0.2504,331,1252,0.209096651926721,0.790903348073279,0.00104578283034172,-0.00946977981690674,-0.0266076973675458,0.033214032366546,0.884098390499936,0.276249306376515
sorting,265,0.08,0.965271920917404,0.961290509303294,0.959320984066334,-0.00196952523696015,0.1544,0.1544,0.2428,0.448186528497409,0.551813471502591,0.378912685337727,0.621087314662274,0.00437637043908063,0.00494944335478276,0.00110170084199441,0.00175585945863875,-0.012390926330986,0.0884,442,0.0228,0.0656,114,328,0.257918552036199,0.742081447963801,0.000424089673115138,-0.0023936149100753,-0.0222796972506806,0.031874486235186,0.810108233620329,0.0784065666551392
sorting,265,0.12,0.965271920917404,0.960087584523677,0.961991349658567,0.00190376513489043,0.1544,0.1544,0.0136,0.371761658031088,0.628238341968912,0.5,0.5,0.00830734676950289,0.00876641994345297,0.00122576001149988,0.000901501097496159,0.0583098198911466,0.1408,704,0.0902,0.0506,451,253,0.640625,0.359375,0.00325066727348623,-0.00134690213859581,-0.0135210591966649,0.0326531918471736,0.729633631873345,0.101621573472077
sorting,266,0,0.965186767719711,0.965186767719711,0.965078512290276,-0.000108255429435489,0.1638,0.1638,0.1232,1,0,1,0,0,0.00167509684625997,0.00107687983440802,0.00100332868790698,0.00584882620760974,0.0406,203,0,0.0406,0,203,0,1,0,-0.000108255429435444,0.00266638988757251,0.00266638988757251,1,1
sorting,266,0.02,0.965186767719711,0.964287844485652,0.964191691265323,-9.61532203282989e-05,0.1638,0.1638,0.1942,0.721611721611722,0.278388278388278,0.672502574665294,0.327497425334707,0.000366494499808036,0.0017386515128279,0.00095272687778305,0.000462788001200174,-0.00344523268708175,0.0304,152,0.0124,0.018,62,90,0.407894736842105,0.592105263157895,0.000131487401485553,-0.000227640621813941,-0.00316293487922327,0.0118134218190623,0.965343015093721,0.12218167155325
sorting,266,0.05,0.965186767719711,0.962515591996316,0.962731115730588,0.000215523734272249,0.1638,0.1638,0.0772,0.53968253968254,0.46031746031746,0.637305699481865,0.362694300518135,0.00184239264433506,0.00273464798655777,0.000829657473405069,0.000790799971609818,0.0151638846366916,0.0866,433,0.0474,0.0392,237,196,0.547344110854504,0.452655889145497,0.00110987575041192,-0.000894352016139693,-0.0024887267236978,0.0231435076969009,0.884677228187089,0.149330721138439
sorting,266,0.08,0.965186767719711,0.960875032532222,0.961871522662956,0.000996490130734329,0.1638,0.1638,0.064,0.43956043956044,0.56043956043956,0.55,0.45,0.00442523746779453,0.005146191824878,0.00117551699206528,0.00159091844922645,0.0190283046037738,0.0998,499,0.063,0.0368,315,184,0.6312625250501,0.3687374749499,0.00188537692477949,-0.000888886794045149,-0.0099848710494423,0.0277982336555575,0.795353193638128,0.12792399256344
sorting,266,0.12,0.965186767719711,0.959366938764104,0.96138962018642,0.00202268142231599,0.1638,0.1638,0.004,0.366300366300366,0.633699633699634,0.65,0.35,0.00789086823466252,0.00788709091100877,0.00127132510783653,0.000566032909473029,0.101061013288917,0.1598,799,0.1024,0.0574,512,287,0.640801001251565,0.359198998748436,0.00379924998339099,-0.00177656856107496,-0.0126575808655572,0.0348924815047932,0.715748613429945,0.150849746393518
sorting,267,0,0.965996441276742,0.965996441276742,0.965006714965341,-0.000989726311400152,0.166,0.166,0.0596,1,0,1,0,0,0.000800588673823852,0.00035476933881514,0.000610990551184727,0.023124743280342,0.1064,532,0,0.1064,0,532,0,1,0,-0.000989726311400147,0.00930193901691867,0.00930193901691867,1,1
sorting,267,0.02,0.965996441276742,0.965198444324734,0.964387591234774,-0.000810853089960428,0.166,0.166,0.0478,0.737349397590362,0.262650602409639,0.95397489539749,0.0460251046025105,0.000359565716441684,0.0012917428054633,0.000461060757266865,0.00059083881636986,0.0290089354685502,0.1182,591,0.0414,0.0768,207,384,0.350253807106599,0.649746192893401,0.000446556573462313,-0.00125740966342269,0.00686000922132299,0.0144159580108714,0.970295444187818,0.366808994747135
sorting,267,0.05,0.965996441276742,0.963325834209154,0.962960492222882,-0.000365341986271361,0.166,0.166,0.0224,0.557831325301205,0.442168674698795,0.866071428571429,0.133928571428571,0.00197933766267108,0.00323520336361723,0.000391937882617234,0.000904829148015365,0.0522171622156385,0.1436,718,0.0704,0.0732,352,366,0.49025069637883,0.50974930362117,0.00152650940447124,-0.00189185139074251,0.00254416424979989,0.0238047409137448,0.889817052936682,0.250950046634903
sorting,267,0.08,0.965996441276742,0.961553870679535,0.962618637004312,0.00106476632477726,0.166,0.166,0.0676,0.448192771084337,0.551807228915663,0.535502958579882,0.464497041420118,0.00444421882187372,0.00485223439260276,0.000371296953535522,0.00052640592849154,0.0204348554808825,0.0984,492,0.0602,0.0382,301,191,0.611788617886179,0.388211382113821,0.00198226678478551,-0.000917500460008259,-0.0108207959835087,0.0294691793170099,0.809883031051321,0.124364620659629
sorting,267,0.12,0.965996441276742,0.960026152043625,0.96203627067404,0.00201011863041467,0.166,0.166,0.0054,0.379518072289157,0.620481927710844,0.444444444444444,0.555555555555556,0.00840488649305079,0.00832102025216947,0.00109971961044109,0.000996625379273484,0.0899349687707097,0.1606,803,0.1,0.0606,500,303,0.62266500622665,0.37733499377335,0.00378604948645618,-0.00177593085604144,-0.012516305295235,0.0346325052459379,0.726919316628773,0.133995506948322
sorting,268,0,0.965063676100405,0.965063676100405,0.964754382483246,-0.000309293617158923,0.1584,0.1584,0.093,1,0,1,0,0,0.000887107688921353,0.000979888959087628,0.00192542634749579,0.0104293554913956,0.0654,327,0,0.0654,0,327,0,1,0,-0.000309293617158828,0.00472926020120532,0.00472926020120532,1,1
sorting,268,0.02,0.965063676100405,0.964278560191978,0.963479380008294,-0.000799180183683967,0.1584,0.1584,0.2554,0.727272727272727,0.272727272727273,0.568519968676586,0.431480031323414,0.000362578163938567,0.00215269769699997,0.000840257907474022,0.00161132229611153,-0.013151362515613,0.097,485,0.03,0.067,150,335,0.309278350515464,0.690721649484536,0.000258339174721711,-0.00105751935840568,-0.00823897096581416,0.0135655518879113,0.971683596083344,0.226289343502714
sorting,268,0.05,0.965063676100405,0.962452000497598,0.962745969212443,0.000293968714845105,0.1584,0.1584,0.0986,0.540404040404041,0.45959595959596,0.614604462474645,0.385395537525355,0.00195750772021227,0.00257586954027003,0.00122633211847256,0.00143269608089237,0.00955964490830208,0.0598,299,0.0348,0.025,174,125,0.581939799331104,0.418060200668896,0.000830241327566954,-0.000536272612721886,-0.00491586479674025,0.0228514036837599,0.892482302003292,0.0387721936656865
sorting,268,0.08,0.965063676100405,0.961018297075691,0.961660965115058,0.000642668039366856,0.1584,0.1584,0.0256,0.436868686868687,0.563131313131313,0.5625,0.4375,0.00424274132046995,0.00472422660438112,0.000961140850843613,0.00156159903010169,0.0459916081313988,0.1328,664,0.078,0.0548,390,274,0.587349397590361,0.412650602409639,0.00230075391151764,-0.00165808587215078,-0.00483936776631667,0.0298105405396718,0.815994686879787,0.146231891127262
sorting,268,0.12,0.965063676100405,0.959062037374838,0.961398899749104,0.00233686237426534,0.1584,0.1584,0.0112,0.372474747474747,0.627525252525253,0.5,0.5,0.00877838298651274,0.00902707032039794,0.00195644232520155,0.00140836887722959,0.0659416250957353,0.1472,736,0.0938,0.0534,469,267,0.637228260869565,0.362771739130435,0.00386063765562281,-0.00152377528135746,-0.0158754237382157,0.0365788922349203,0.722446960321878,0.101190827342677
sorting,269,0,0.96485430761089,0.96485430761089,0.964848916701416,-5.39090947349052e-06,0.1622,0.1622,0.1536,1,0,1,0,0,0.00132988853725118,0.00169108321528442,0.00244698930867836,0.00126262466313876,0.0086,43,0,0.0086,0,43,0,1,0,-5.39090947355445e-06,0.000626849938785401,0.000626849938785401,1,1
sorting,269,0.02,0.96485430761089,0.963965397986293,0.963875769540854,-8.96284454390273e-05,0.1622,0.1622,0.1866,0.721331689272503,0.278668310727497,0.678456591639871,0.321543408360129,0.000361069580478079,0.00155215484329754,0.00148617120337375,0.00205277834323874,-0.00264607108449677,0.0244,122,0.0096,0.0148,48,74,0.39344262295082,0.60655737704918,0.000113075183735586,-0.000202703629174622,-0.00367329694422281,0.0129417546274675,0.968816080768643,-0.0834740483971701
sorting,269,0.05,0.96485430761089,0.962220015135101,0.959740270214733,-0.00247974492036862,0.1622,0.1622,0.3056,0.545006165228113,0.454993834771887,0.420157068062827,0.579842931937173,0.00189798927223614,0.00277956457198858,0.000831136933875601,0.00192573391734406,-0.0184529254060247,0.1434,717,0.04,0.1034,200,517,0.278940027894003,0.721059972105997,0.000635269340136168,-0.00311501426050481,-0.017292502931441,0.0261526053043304,0.890279718811189,0.148704234997717
sorting,269,0.08,0.96485430761089,0.960656349986307,0.960429959084029,-0.000226390902278273,0.1622,0.1622,0.179,0.447595561035758,0.552404438964242,0.444692737430168,0.555307262569832,0.0044194437187242,0.00571678910697341,0.00160215820789738,0.00189924924743419,-0.00195240935740881,0.0168,84,0.007,0.0098,35,49,0.416666666666667,0.583333333333333,0.000146638488923926,-0.00037302939120219,-0.0134756489451347,0.0309326119122688,0.812902720388109,-0.158246431102562
sorting,269,0.12,0.96485430761089,0.95900220030702,0.957141455184306,-0.00186074512271495,0.1622,0.1622,0.2288,0.38347718865598,0.61652281134402,0.351398601398601,0.648601398601399,0.00853190172504594,0.00872145343407166,0.00116663209087197,0.00143787953800851,-0.00914358774796986,0.0666,333,0.0182,0.0484,91,242,0.273273273273273,0.726726726726727,0.000453718326136467,-0.00231446344885144,-0.0279391159566812,0.0415642909157343,0.721901924908077,0.0455838567085952
sorting,270,0,0.96581903370423,0.96581903370423,0.965723885861005,-9.5147843224952e-05,0.1612,0.1612,0.2006,1,0,0.803589232303091,0.196410767696909,0,0.00227158639688243,0.000344488589030492,0.00139978892744987,-0.00496060916544616,0.0394,197,0,0.0394,0,197,0,1,0,-9.51478432249807e-05,-0.00241491987880662,0.00241491987880662,1,1
sorting,270,0.02,0.96581903370423,0.964987103827339,0.964796333391835,-0.000190770435504306,0.1612,0.1612,0.0836,0.732009925558313,0.267990074441687,0.87799043062201,0.12200956937799,0.000366247605719137,0.00262848318924664,0.000663918742286138,0.00193083043692227,0.014201933818716,0.0776,388,0.033,0.0446,165,223,0.425257731958763,0.574742268041237,0.000364317354737806,-0.000555087790242136,0.00245838190082901,0.0118480044456178,0.967974645726986,0.187721479173228
sorting,270,0.05,0.96581903370423,0.962990223136727,0.963194513414017,0.000204290277290409,0.1612,0.1612,0.1288,0.523573200992556,0.476426799007444,0.56832298136646,0.43167701863354,0.00204316778016769,0.00433759101717148,0.000489962939768003,0.00158626004932253,0.00453479061010897,0.0324,162,0.0212,0.0112,106,56,0.654320987654321,0.345679012345679,0.000457809210529294,-0.000253518933238815,-0.00630525547192835,0.0219545723385219,0.887326939845078,-0.0541082560287682
sorting,270,0.08,0.96581903370423,0.961876038137131,0.962528373445058,0.000652335307926077,0.1612,0.1612,0.0786,0.444168734491315,0.555831265508685,0.524173027989822,0.475826972010178,0.00435134454362035,0.00572980771751425,0.000695749090945845,0.00179503990695756,0.015469087598911,0.0826,413,0.0522,0.0304,261,152,0.631961259079903,0.368038740920097,0.00156417125124441,-0.000911835943318361,-0.00789752188772453,0.0299758740261836,0.811611644176466,0.0170804898216164
sorting,270,0.12,0.96581903370423,0.960501093910367,0.961282105864998,0.000781011954630539,0.1612,0.1612,0.1102,0.393300248138958,0.606699751861042,0.404718693284937,0.595281306715064,0.00905877311753706,0.0106904614804601,0.000987966610575218,0.0016110673742487,0.00805637816395022,0.051,255,0.0322,0.0188,161,94,0.631372549019608,0.368627450980392,0.00128320352723337,-0.000502191572602841,-0.0153139598947163,0.035007747055612,0.730644842441794,0.0987501447429365
sorting,271,0,0.965361119743392,0.965361119743392,0.965277850598418,-8.32691449735856e-05,0.1634,0.1634,0.202,1,0,0.808910891089109,0.191089108910891,0,0.0012113578864798,0.000279352235786637,0.000692425442820906,-0.00455418593853307,0.0386,193,0,0.0386,0,193,0,1,0,-8.32691449735322e-05,-0.0021572317350656,0.0021572317350656,1,1
sorting,271,0.02,0.965361119743392,0.964341444233955,0.964314796652976,-2.66475809785893e-05,0.1634,0.1634,0.1838,0.678090575275398,0.321909424724602,0.655059847660501,0.344940152339499,0.000371801792564945,0.00180323104721807,0.000241038896726492,0.000855220598464208,-0.00224073258787516,0.0204,102,0.0096,0.0108,48,54,0.470588235294118,0.529411764705882,0.000109519377947109,-0.000136166958925654,-0.00130625396953652,0.0120434478859198,0.964741567485662,0.0154084511820685
sorting,271,0.05,0.965361119743392,0.962770943261631,0.962827388359805,5.64450981740405e-05,0.1634,0.1634,0.1504,0.525091799265606,0.474908200734394,0.538563829787234,0.461436170212766,0.00188678485735161,0.00404162255914457,0.000556586272270631,0.00114928845602105,0.00139742110727425,0.013,65,0.0082,0.0048,41,24,0.630769230769231,0.369230769230769,0.000172170441408407,-0.000115725343234387,-0.00434193062877078,0.0221458295879072,0.889867703786708,-0.100786713286713
sorting,271,0.08,0.965361119743392,0.961253160292198,0.962140759842573,0.000887599550374874,0.1634,0.1634,0.0584,0.444308445532436,0.555691554467564,0.558219178082192,0.441780821917808,0.00443895128877308,0.0050829559509036,0.000380977826931266,0.00112640637151835,0.0206286129137525,0.105,525,0.065,0.04,325,200,0.619047619047619,0.380952380952381,0.00189131964169113,-0.0010037200913162,-0.0084533290511898,0.0275718069810222,0.812891136739646,0.0864947278072405
sorting,271,0.12,0.965361119743392,0.959429627480804,0.960313021792903,0.000883394312099606,0.1634,0.1634,0.1218,0.356181150550796,0.643818849449204,0.376026272577997,0.623973727422003,0.00871466801813375,0.00913398372826081,0.00160866322975054,0.00143874021207518,0.00545587207614073,0.0416,208,0.0292,0.0124,146,62,0.701923076923077,0.298076923076923,0.00114303760902453,-0.00025964329692489,-0.0212354401947029,0.0337182910083995,0.70900624890425,0.0174305099934391
sorting,272,0,0.964702291392116,0.964702291392116,0.964356448297367,-0.000345843094749498,0.1632,0.1632,0.2354,1,0,0.693288020390824,0.306711979609176,0,0.00114238598652664,0.00118051020278612,0.00134492969407071,-0.0102050559601272,0.0722,361,0,0.0722,0,361,0,1,0,-0.000345843094749482,-0.00479007056439726,0.00479007056439726,1,1
sorting,272,0.02,0.964702291392116,0.963821400941677,0.963392750364959,-0.000428650576717593,0.1632,0.1632,0.2224,0.723039215686275,0.276960784313726,0.621402877697842,0.378597122302158,0.000354661890712412,0.00131699513531069,0.000459711765272192,0.00135994606230694,-0.00839016216522015,0.0592,296,0.0202,0.039,101,195,0.341216216216216,0.658783783783784,0.00018236985134369,-0.000611020428061296,-0.00724071920131091,0.0134018628277869,0.969322476852899,0.0540230523281371
sorting,272,0.05,0.964702291392116,0.962049477846669,0.962280249305947,0.000230771459278745,0.1632,0.1632,0.1268,0.529411764705882,0.470588235294118,0.561514195583596,0.438485804416404,0.00193737152863892,0.00304553175211899,0.000606934766576435,0.00097797961762348,0.00528134320043228,0.0364,182,0.0212,0.0152,106,76,0.582417582417583,0.417582417582418,0.000529404718550783,-0.000298633259272012,-0.0063398752549113,0.0227482960940328,0.886933448501338,0.0917668510277875
sorting,272,0.08,0.964702291392116,0.960396269523091,0.961563236105214,0.00116696658212312,0.1632,0.1632,0.0552,0.446078431372549,0.553921568627451,0.561594202898551,0.438405797101449,0.00446550785848073,0.00580478297399084,0.000390664879775141,0.00197487810077511,0.0225683307492722,0.108,540,0.0662,0.0418,331,209,0.612962962962963,0.387037037037037,0.00212722100836966,-0.000960254426246525,-0.0108052461307697,0.0285877355057054,0.808186428455457,0.0473327335751418
sorting,272,0.12,0.964702291392116,0.959003017016181,0.961020392206446,0.00201737519026535,0.1632,0.1632,2e-04,0.392156862745098,0.607843137254902,1,0,0.00846959620890424,0.00831724787776449,0.00100540441668781,0.00089633207333682,0.152590348299608,0.163,815,0.0992,0.0638,496,319,0.608588957055215,0.391411042944785,0.00373759092401348,-0.00172021573374815,-0.0123765349096033,0.0334834764279855,0.721912601068504,0.174977522550601
sorting,273,0,0.964655112547172,0.964655112547172,0.963921439710646,-0.00073367283652559,0.1538,0.1538,0.2596,1,0,0.592449922958398,0.407550077041602,0,0.000969938923716192,0.00101450541172366,0.00200952209812339,-0.0140397932392843,0.1058,529,0,0.1058,0,529,0,1,0,-0.000733672836525553,-0.00693452586508084,0.00693452586508084,1,1
sorting,273,0.02,0.964655112547172,0.963813886107673,0.959937672721333,-0.00387621338634103,0.1538,0.1538,0.3944,0.708712613784135,0.291287386215865,0.385902636916836,0.614097363083164,0.000354471887524576,0.00114168354022146,0.000713416140083699,0.00113543790484597,-0.0327034630193654,0.2406,1203,0.0432,0.1974,216,987,0.179551122194514,0.820448877805486,0.000379599030170979,-0.00425581241651194,-0.0161106125783082,0.0192660492380836,0.968544318197773,0.419272608579215
sorting,273,0.05,0.964655112547172,0.962219362505112,0.962447290570708,0.000227928065596017,0.1538,0.1538,0.0966,0.521456436931079,0.478543563068921,0.594202898550725,0.405797101449275,0.00188046002800244,0.0035652862169705,0.000770853902856651,0.00131034885591893,0.0087291115978253,0.0572,286,0.0344,0.0228,172,114,0.601398601398601,0.398601398601399,0.000717485590160171,-0.000489557524564064,-0.00398475639154033,0.0211021523553188,0.891283184291327,0.113489334798706
sorting,273,0.08,0.964655112547172,0.960699912631032,0.960331628135781,-0.000368284495250171,0.1538,0.1538,0.1796,0.442132639791938,0.557867360208062,0.428730512249443,0.571269487750557,0.00443119426234757,0.00518963574536944,0.000664847329198355,0.00101915846061033,-0.00302541996361472,0.0258,129,0.009,0.0168,45,84,0.348837209302326,0.651162790697675,0.000180647090882378,-0.00054893158613253,-0.0142745928391532,0.0282782432951515,0.814022031376881,0.0122763864042934
sorting,273,0.12,0.964655112547172,0.959295088001254,0.960823384011078,0.00152829600982451,0.1538,0.1538,0.058,0.366710013003901,0.633289986996099,0.406896551724138,0.593103448275862,0.00842162780651077,0.00842279216604255,0.00221000780351838,0.00070996990902754,0.0195649899603249,0.0958,479,0.063,0.0328,315,164,0.657620041753653,0.342379958246347,0.00243230132257821,-0.000904005312753675,-0.0159529854887739,0.0348257477592055,0.729801350792054,0.0292685030703785
sorting,274,0,0.965100885142281,0.965100885142281,0.965098134222553,-2.75091972801178e-06,0.1546,0.1546,0.1474,1,0,1,0,0,0.00193621556485378,0.000543136772446947,0.000938209464827745,0.000741788457335635,0.0072,36,0,0.0072,0,36,0,1,0,-2.75091972808306e-06,0.00038207218445598,0.00038207218445598,1,1
sorting,274,0.02,0.965100885142281,0.964153285830369,0.964176352247048,2.30664166791517e-05,0.1546,0.1546,0.1426,0.689521345407503,0.310478654592497,0.712482468443198,0.287517531556802,0.000364714211762598,0.00188520322897171,0.000725074934588493,0.000815715257923936,0.00129006868050996,0.012,60,0.007,0.005,35,25,0.583333333333333,0.416666666666667,8.22486819804733e-05,-5.91822653013268e-05,-0.00192220138992888,0.0117859122734833,0.966154573206183,-0.154820783550986
sorting,274,0.05,0.965100885142281,0.962706449708218,0.961668928439349,-0.00103752126886814,0.1546,0.1546,0.222,0.540750323415265,0.459249676584735,0.464864864864865,0.535135135135135,0.00193710151355636,0.00298504371901067,0.000729472060497895,0.00102495609044924,-0.00912553384369508,0.0674,337,0.0196,0.0478,98,239,0.29080118694362,0.70919881305638,0.000288108068197143,-0.00132562933706523,-0.015393490636025,0.0239426914727354,0.88542599500104,0.0297077665543769
sorting,274,0.08,0.965100885142281,0.961368438706272,0.961606958449839,0.000238519743566812,0.1546,0.1546,0.139,0.430789133247089,0.569210866752911,0.444604316546763,0.555395683453237,0.00425018037728102,0.00559460220388676,0.00128101017219102,0.00102524181516925,0.0019066175721052,0.0156,78,0.0108,0.0048,54,24,0.692307692307692,0.307692307692308,0.000353336832031512,-0.000114817088464716,-0.0152897271517177,0.0300098666984761,0.809104070508163,-0.00894042666194565
sorting,274,0.12,0.965100885142281,0.95954989392484,0.959930527851121,0.000380633926280516,0.1546,0.1546,0.1406,0.366106080206986,0.633893919793014,0.38122332859175,0.61877667140825,0.00833816260524728,0.00901901420832838,0.00207863834438974,0.00242737287666092,0.00159923369340353,0.014,70,0.011,0.003,55,15,0.785714285714286,0.214285714285714,0.000457998188934729,-7.73642626542868e-05,-0.0271881375914602,0.0382401751135011,0.713142953773718,0.109509229288776
sorting,275,0,0.965143695984411,0.965143695984411,0.963776608123102,-0.00136708786130835,0.1564,0.1564,0.0366,1,0,1,0,0,0.0016100998572297,0.00141979909931629,0.00143451142760877,0.0329178266986809,0.1198,599,0,0.1198,0,599,0,1,0,-0.00136708786130837,0.0114114178740264,0.0114114178740264,1,1
sorting,275,0.02,0.965143695984411,0.964224892218269,0.963503340761521,-0.000721551456748015,0.1564,0.1564,0.0348,0.695652173913044,0.304347826086957,0.982758620689655,0.0172413793103448,0.000366749648418075,0.00185401009723723,0.000826260769583105,0.00163217895639894,0.0338951697907386,0.1216,608,0.047,0.0746,235,373,0.386513157894737,0.613486842105263,0.000517700607160943,-0.00123925206390891,0.00593381132194055,0.0144486239397192,0.967876897947076,0.367806570479485
sorting,275,0.05,0.965143695984411,0.962783620267165,0.962927493578048,0.000143873310883502,0.1564,0.1564,0.07,0.529411764705882,0.470588235294118,0.631428571428572,0.368571428571429,0.00188652882106436,0.00351177030758135,0.00121334862575323,0.00134776069897472,0.0166120015317355,0.0864,432,0.0478,0.0386,239,193,0.553240740740741,0.446759259259259,0.000960201137454896,-0.000816327826571456,-0.00166520035744722,0.0205616778243791,0.896112556356502,0.107659559646989
sorting,275,0.08,0.965143695984411,0.96122294309145,0.962080055342126,0.000857112250676639,0.1564,0.1564,0.078,0.437340153452685,0.562659846547315,0.523076923076923,0.476923076923077,0.00439571933023645,0.00483271789011628,0.00190457022901632,0.00157292071060597,0.014086121693727,0.0784,392,0.0508,0.0276,254,138,0.647959183673469,0.352040816326531,0.00157778431596409,-0.00072067206528742,-0.0109325542178147,0.0293170456792285,0.811278602499144,0.0467115488744452
sorting,275,0.12,0.965143695984411,0.959454691296806,0.960254781638185,0.000800090341379289,0.1564,0.1564,0.121,0.342710997442455,0.657289002557545,0.376859504132231,0.623140495867769,0.0085502109149297,0.00842574629427267,0.000919516436918879,0.000755799468719229,0.00438973284135757,0.0354,177,0.0274,0.008,137,40,0.774011299435028,0.225988700564972,0.00100655402212775,-0.000206463680748492,-0.0226014220728604,0.0342660368044136,0.71236074103843,-0.14407428888004
sorting,276,0,0.965392475468502,0.965392475468502,0.965064996231039,-0.000327479237463124,0.1614,0.1614,0.0932,1,0,1,0,0,0.00259054080351527,0.000704239808243204,0.00153522662686017,0.0114926825509262,0.0682,341,0,0.0682,0,341,0,1,0,-0.000327479237463048,0.00480174834989806,0.00480174834989806,1,1
sorting,276,0.02,0.965392475468502,0.964481596075343,0.96324185246993,-0.00123974360541324,0.1614,0.1614,0.0236,0.719950433705081,0.280049566294919,0.991525423728813,0.00847457627118644,0.000355528521192738,0.00345461629581571,0.00186784657444936,0.00172447040988008,0.0452902296196376,0.1378,689,0.045,0.0928,225,464,0.32656023222061,0.67343976777939,0.000511926644870576,-0.00175167025028381,0.00899668799283912,0.0164266828385659,0.96993275434931,0.454851185977538
sorting,276,0.05,0.965392475468502,0.962651083493749,0.962265376695347,-0.000385706798402219,0.1614,0.1614,0.203,0.525402726146221,0.47459727385378,0.492610837438424,0.507389162561576,0.00197253761496326,0.00445271510197223,0.00132811501913966,0.00158446827153022,-0.00533691562512451,0.0416,208,0.0152,0.0264,76,132,0.365384615384615,0.634615384615385,0.0003109292451985,-0.000696636043600769,-0.00927179803851608,0.0242203194422901,0.892108034564321,0.0481762707163165
sorting,276,0.08,0.965392475468502,0.961237480328365,0.961849856613148,0.000612376284782945,0.1614,0.1614,0.0038,0.446096654275093,0.553903345724907,0.789473684210526,0.210526315789474,0.00431080645754529,0.0065908992933208,0.000498221583433363,0.00146937820366279,0.104594488979151,0.1576,788,0.0886,0.069,443,345,0.562182741116751,0.437817258883249,0.00255157857520814,-0.00193920229042513,-0.00388563632476531,0.0284948024469116,0.816046530049861,0.214397790306999
sorting,276,0.12,0.965392475468502,0.960359601293695,0.961576012733678,0.00121641143998386,0.1614,0.1614,0.0674,0.385377942998761,0.614622057001239,0.468842729970326,0.531157270029674,0.00825620704937542,0.0100131174009456,0.000595163650161816,0.000968205475556264,0.0171017781600611,0.094,470,0.0634,0.0306,317,153,0.674468085106383,0.325531914893617,0.0019971985775814,-0.000780787137597511,-0.0129405472338712,0.0295530395231799,0.737452071770083,0.029126105865461
sorting,277,0,0.963890245686175,0.963890245686175,0.963333216956586,-0.000557028729589515,0.1594,0.1594,0.074,1,0,1,0,0,0.00181575114620257,0.000230180095709735,0.00153051564201454,0.0158235511373521,0.0854,427,0,0.0854,0,427,0,1,0,-0.000557028729589425,0.00652258465561388,0.00652258465561388,1,1
sorting,277,0.02,0.963890245686175,0.962964283444049,0.962005697163148,-0.000958586280901064,0.1594,0.1594,0.272,0.710163111668758,0.289836888331242,0.539705882352941,0.460294117647059,0.00037155087863542,0.00143998863648332,0.00036666199202834,0.000396560325598104,-0.0152002705858043,0.1126,563,0.0336,0.079,168,395,0.298401420959147,0.701598579040853,0.000300060590426209,-0.00125864687132724,-0.00851319965276229,0.0138428726621088,0.96812450192498,0.159572988703848
sorting,277,0.05,0.963890245686175,0.9614136695065,0.96153421490064,0.000120545394140081,0.1594,0.1594,0.139,0.548306148055207,0.451693851944793,0.561151079136691,0.438848920863309,0.00189034534012299,0.00310162269943259,0.000265379875128422,0.00115094902465241,0.00261516605916079,0.0204,102,0.011,0.0094,55,47,0.53921568627451,0.46078431372549,0.000267425161222696,-0.000146879767082695,-0.00590908794803929,0.0203090651130094,0.894491639299666,0.0290696688172529
sorting,277,0.08,0.963890245686175,0.959911826442653,0.956011473215529,-0.00390035322712379,0.1594,0.1594,0.3026,0.454203262233375,0.545796737766625,0.364177131526768,0.635822868473232,0.00432982886065011,0.00588027459818667,0.00125199570702714,0.000957238065699389,-0.0187962610873103,0.1432,716,0.0378,0.1054,189,527,0.263966480446927,0.736033519553073,0.000681142380268003,-0.00458149560739182,-0.0272371035413675,0.0367502652769541,0.811465051594602,0.114317659152983
sorting,277,0.12,0.963890245686175,0.95836760719674,0.957332197810426,-0.00103540938631397,0.1594,0.1594,0.1894,0.375156838143036,0.624843161856964,0.35480464625132,0.64519535374868,0.00853593623639544,0.00909569227281476,0.00149563971158286,0.000778075950490695,-0.00413496362480503,0.03,150,0.0074,0.0226,37,113,0.246666666666667,0.753333333333333,0.000172411528807937,-0.00120782091512199,-0.0345136462104685,0.0460077481309976,0.71413225848529,0.0765349571092049
sorting,278,0,0.964386301881805,0.964386301881805,0.964369711160277,-1.65907215284866e-05,0.1594,0.1594,0.1428,1,0,1,0,0,0.00121088648274746,0.00138592707327465,0.00284146950230984,0.00212395042371982,0.0166,83,0,0.0166,0,83,0,1,0,-1.65907215285271e-05,0.00099944105593537,0.00099944105593537,1,1
sorting,278,0.02,0.964386301881805,0.963536568060862,0.963497658027331,-3.89100335311809e-05,0.1594,0.1594,0.1122,0.725219573400251,0.274780426599749,0.816399286987522,0.183600713012478,0.000369836909780716,0.0016281377036406,0.000957477073983947,0.000786763734226784,0.00766141040862978,0.0472,236,0.0232,0.024,116,120,0.491525423728814,0.508474576271186,0.000254757288237136,-0.000293667321768316,0.00082436511718603,0.0116191654662172,0.968050058818002,0.115482477963363
sorting,278,0.05,0.964386301881805,0.961783649322232,0.961970854944664,0.000187205622431463,0.1594,0.1594,0.1298,0.533249686323714,0.466750313676286,0.565485362095532,0.434514637904468,0.00188851555951375,0.00264368905779034,0.000579313666140524,0.000700644883076736,0.0044815391929548,0.0296,148,0.018,0.0116,90,58,0.608108108108108,0.391891891891892,0.000442833518100999,-0.000255627895669525,-0.00632451427133356,0.0235966693841393,0.891386315463453,0.0885772774555133
sorting,278,0.08,0.964386301881805,0.960331443589344,0.96117667432383,0.000845230734485503,0.1594,0.1594,0.0554,0.434127979924718,0.565872020075282,0.530685920577617,0.469314079422383,0.00437535630952594,0.00492595915254105,0.00133197062522573,0.00241269930496787,0.0227115251267686,0.104,520,0.0642,0.0398,321,199,0.617307692307692,0.382692307692308,0.00184906224199612,-0.00100383150751067,-0.0081272186008216,0.0274316706683345,0.814203184248127,0.111639466122286
sorting,278,0.12,0.964386301881805,0.95903981068958,0.959702009738208,0.000662199048627521,0.1594,0.1594,0.1258,0.386449184441656,0.613550815558344,0.410174880763116,0.589825119236884,0.00876483452578886,0.00879008650269849,0.00117946464405677,0.000681031796035482,0.00510143159359766,0.0336,168,0.0236,0.01,118,50,0.702380952380952,0.297619047619048,0.000933971668392372,-0.000271772619764862,-0.0197083050186759,0.0358852466713462,0.717948469261939,-0.00862012239257748
sorting,279,0,0.965109846793529,0.965109846793529,0.965102475383793,-7.37140973583461e-06,0.1626,0.1626,0.1512,1,0,1,0,0,0.00119685683607264,0.000587725028085363,0.00170017243070124,0.00133785994852631,0.0114,57,0,0.0114,0,57,0,1,0,-7.37140973593009e-06,0.000646614889116675,0.000646614889116675,1,1
sorting,279,0.02,0.965109846793529,0.964246965954578,0.962815240756019,-0.00143172519855928,0.1626,0.1626,0.02,0.71709717097171,0.28290282902829,1,0,0.000354411901941087,0.00152866097514445,0.00063287453496715,0.000986240510246778,0.0550138870858353,0.1426,713,0.046,0.0966,230,483,0.32258064516129,0.67741935483871,0.000478864012691822,-0.00191058921125113,0.0100401486574987,0.0167563339687444,0.965757280070291,0.493174495320923
sorting,279,0.05,0.965109846793529,0.962460961099882,0.96225513777826,-0.000205823321621668,0.1626,0.1626,0.0294,0.510455104551046,0.489544895448954,0.768707482993197,0.231292517006803,0.00195153899816606,0.00322055222906111,0.000365315138274273,0.000955856847756943,0.0406239642178794,0.1332,666,0.0728,0.0604,364,302,0.546546546546547,0.453453453453454,0.00145608751529411,-0.00166191083691576,0.00154522013229462,0.0234083960376116,0.876407424208297,0.203041438029207
sorting,279,0.08,0.965109846793529,0.960938853886028,0.961591523915658,0.000652670029629321,0.1626,0.1626,0.0048,0.44649446494465,0.553505535055351,0.75,0.25,0.00427371043043206,0.00512973340665111,0.000827061712108661,0.00113271304281916,0.0952509974155827,0.1578,789,0.0888,0.069,444,345,0.562737642585551,0.437262357414449,0.00261304467282317,-0.00196037464319389,-0.00413605848941245,0.0289823784284985,0.800911559300462,0.204586411809818
sorting,279,0.12,0.965109846793529,0.959344113787226,0.961553098857773,0.0022089850705469,0.1626,0.1626,0.0104,0.376383763837638,0.623616236162362,0.615384615384615,0.384615384615385,0.00883844351725551,0.00908825227072833,0.000684553639516937,0.000954600805673876,0.0735127789815777,0.1522,761,0.0974,0.0548,487,274,0.639947437582129,0.360052562417871,0.00380496795091648,-0.00159598288036952,-0.0145136995436726,0.0354858793119973,0.699674644658986,0.117068300102435
sorting,280,0,0.965184891751997,0.965184891751997,0.964677541740731,-0.000507350011265562,0.1684,0.1684,0.2556,1,0,0.658841940532081,0.341158059467919,0,0.000608917510207169,0.000570459797856949,0.00188141089431732,-0.0118711129876702,0.0872,436,0,0.0872,0,436,0,1,0,-0.000507350011265573,-0.00581823407414648,0.00581823407414648,1,1
sorting,280,0.02,0.965184891751997,0.964334322895844,0.964300602127149,-3.37207686945673e-05,0.1684,0.1684,0.1204,0.729216152019002,0.270783847980998,0.833887043189369,0.166112956810631,0.000359881805266105,0.00106386494194599,0.000611165628026018,0.000652380444465269,0.00674249486707823,0.048,240,0.0256,0.0224,128,112,0.533333333333333,0.466666666666667,0.000254973356399041,-0.000288694125093635,0.000702516014470696,0.0113264058644308,0.969524556476982,0.10917550651921
sorting,280,0.05,0.965184891751997,0.962592388807845,0.961978007883977,-0.000614380923868008,0.1684,0.1684,0.0148,0.552256532066508,0.447743467933492,0.783783783783784,0.216216216216216,0.00186906652662429,0.00246899212379355,0.00050940340896125,0.00101851286386278,0.0582515817892095,0.1536,768,0.0722,0.0814,361,407,0.470052083333333,0.529947916666667,0.00148665005902919,-0.00210103098289713,0.00399987580643186,0.0233572984500411,0.895073164122927,0.268506743760416
sorting,280,0.08,0.965184891751997,0.96092430718427,0.961808015069637,0.000883707885366514,0.1684,0.1684,0.072,0.445368171021378,0.554631828978622,0.513888888888889,0.486111111111111,0.00428615317550405,0.00473044071461294,0.000230830356403741,0.000928682854508278,0.0181849500348035,0.0964,482,0.0584,0.038,292,190,0.605809128630705,0.394190871369295,0.00187023888921896,-0.000986531003852426,-0.00916709424654078,0.0296345424592467,0.812868942498758,0.11431778796022
sorting,280,0.12,0.965184891751997,0.95910225757654,0.960824943760924,0.00172268618438476,0.1684,0.1684,0.0912,0.3729216152019,0.6270783847981,0.434210526315789,0.565789473684211,0.00874412255700203,0.00887465749243141,0.00101322999450067,0.000388613977684886,0.0130090571656181,0.0772,386,0.054,0.0232,270,116,0.699481865284974,0.300518134715026,0.00229317636510654,-0.000570490180721771,-0.0223145878806317,0.0370941262412993,0.710199018039961,0.0491459618824362
sorting,281,0,0.96557415936803,0.96557415936803,0.965459114468672,-0.000115044899358319,0.1594,0.1594,0.1176,1,0,1,0,0,0.00126342645261957,0.000891070069146524,0.0023595416503884,0.00581888802116892,0.0418,209,0,0.0418,0,209,0,1,0,-0.000115044899358323,0.0027522703195771,0.0027522703195771,1,1
sorting,281,0.02,0.96557415936803,0.964680980257842,0.964763378041299,8.23977834567558e-05,0.1594,0.1594,0.139,0.711417816813049,0.288582183186951,0.759712230215827,0.240287769784173,0.000376258740207555,0.00151105554881012,0.000702060538490128,0.00195416141368908,0.00274160762156428,0.0204,102,0.0126,0.0078,63,39,0.617647058823529,0.382352941176471,0.000172328249890008,-8.99304664332099e-05,-0.00403910703219597,0.0128558194276087,0.96687950984318,0.0910879780153915
sorting,281,0.05,0.96557415936803,0.962791019858669,0.961886848033166,-0.000904171825503286,0.1594,0.1594,0.222,0.513174404015056,0.486825595984944,0.452252252252252,0.547747747747748,0.00196475052904542,0.00247600087072375,0.00133592439738007,0.00157217246155386,-0.00800556009293385,0.0626,313,0.0186,0.044,93,220,0.297124600638978,0.702875399361022,0.000369309176631088,-0.00127348100213435,-0.0144436393850361,0.0262426546128664,0.880237140457486,0.109079759498961
sorting,281,0.08,0.96557415936803,0.961899728576071,0.962140519054622,0.000240790478551745,0.1594,0.1594,0.0018,0.469259723964868,0.530740276035132,0.888888888888889,0.111111111111111,0.00423166268613042,0.00560612945349381,0.00137925317959837,0.00181047226118276,0.116119020619547,0.1576,788,0.0844,0.0732,422,366,0.535532994923858,0.464467005076142,0.00225380148707843,-0.00201301100852658,-0.00152785836644571,0.0270736833477475,0.808374851790994,0.218150678976714
sorting,281,0.12,0.96557415936803,0.959642596983595,0.961445692817549,0.00180309583395399,0.1594,0.1594,0.078,0.361355081555834,0.638644918444166,0.430769230769231,0.569230769230769,0.00829807477759852,0.00837135433431392,0.00216034973266676,0.00133235075928907,0.0138885984636927,0.0814,407,0.0574,0.024,287,120,0.705159705159705,0.294840294840295,0.00235434749592935,-0.000551251661975352,-0.0221510544711794,0.0356953213501806,0.716564448822578,0.101951896576643
sorting,282,0,0.964233430230904,0.964233430230904,0.96412614152937,-0.000107288701533759,0.1616,0.1616,0.2008,1,0,0.804780876494024,0.195219123505976,0,0.00117659411498791,0.000489125544176485,0.00104155474123321,-0.00560024135847126,0.0392,196,0,0.0392,0,196,0,1,0,-0.000107288701533707,-0.00273695667177824,0.00273695667177824,1,1
sorting,282,0.02,0.964233430230904,0.963365111983298,0.962771022094506,-0.000594089888792282,0.1616,0.1616,0.0488,0.732673267326733,0.267326732673267,0.959016393442623,0.040983606557377,0.00035092467437533,0.00146664682887658,0.000270000854254827,0.000812560291996213,0.024858946451403,0.1128,564,0.0412,0.0716,206,358,0.365248226950355,0.634751773049645,0.000478225174296322,-0.00107231506308869,0.00526675433326569,0.0137459240902927,0.968863455138538,0.323388001644096
sorting,282,0.05,0.964233430230904,0.961544296342658,0.961878576087311,0.000334279744652055,0.1616,0.1616,0.04,0.535891089108911,0.464108910891089,0.805,0.195,0.00202047373196959,0.0035309496077606,0.000607669817269073,0.000917452165286617,0.0294813193437724,0.1216,608,0.0672,0.0544,336,272,0.552631578947369,0.447368421052632,0.00149052301051394,-0.00115624326586192,-0.00274901105799361,0.0217661700359857,0.885236686737467,0.182156023473442
sorting,282,0.08,0.964233430230904,0.960097628537055,0.96116813188279,0.00107050334573522,0.1616,0.1616,0.0364,0.441831683168317,0.558168316831683,0.576923076923077,0.423076923076923,0.00435075557491682,0.00529098201952279,0.00150376538097191,0.00075072316520657,0.031001820998189,0.1252,626,0.0748,0.0504,374,252,0.597444089456869,0.402555910543131,0.00229668236578442,-0.0012261790200493,-0.00855034621194181,0.0281378704938796,0.811955405502216,0.149835376125472
sorting,282,0.12,0.964233430230904,0.958707040575011,0.960721148227784,0.00201410765277321,0.1616,0.1616,0.0056,0.381188118811881,0.618811881188119,0.607142857142857,0.392857142857143,0.00847463210259415,0.00840639200919085,0.00108957112649441,0.000842437872649278,0.0871284588529456,0.156,780,0.0978,0.0582,489,291,0.626923076923077,0.373076923076923,0.00354829400818492,-0.00153418635541174,-0.0129109464921357,0.0325800023307478,0.727183966463359,0.168956986350177
sorting,283,0,0.966079385279942,0.966079385279942,0.965969467043503,-0.000109918236439244,0.1606,0.1606,0.2046,1,0,0.78494623655914,0.21505376344086,0,0.00315419769834716,0.000469173484011758,0.00245654678038997,-0.0049186222412333,0.044,220,0,0.044,0,220,0,1,0,-0.000109918236439257,-0.00249814173725585,0.00249814173725585,1,1
sorting,283,0.02,0.966079385279942,0.965145835510976,0.963713120394893,-0.00143271511608278,0.1606,0.1606,0.3074,0.708592777085928,0.291407222914072,0.493819128171763,0.506180871828237,0.000378328445555564,0.00383548104616233,0.00029482864757057,0.00265511913657967,-0.0176314347393762,0.1468,734,0.038,0.1088,190,544,0.258855585831063,0.741144414168937,0.000374584056823972,-0.00180729917290673,-0.00975963975533214,0.0148629647801819,0.967059020634361,0.281831264164222
sorting,283,0.05,0.966079385279942,0.963370328864079,0.96369535256118,0.000325023697100524,0.1606,0.1606,0.1086,0.535491905354919,0.464508094645081,0.615101289134438,0.384898710865562,0.00193933206378706,0.00422217910486734,0.000602742047661189,0.00175038247138394,0.00861089307990293,0.052,260,0.0328,0.0192,164,96,0.630769230769231,0.369230769230769,0.000739162482907493,-0.000414138785806935,-0.00625045571347227,0.0221788705522005,0.889208834352353,-0.0625462142703522
sorting,283,0.08,0.966079385279942,0.962089576822383,0.962231686166978,0.000142109344595243,0.1606,0.1606,0.1492,0.454545454545455,0.545454545454545,0.463806970509383,0.536193029490617,0.00433038262328453,0.0056196569611479,0.000406648976340823,0.00140266860327552,0.00136516397517905,0.0114,57,0.0076,0.0038,38,19,0.666666666666667,0.333333333333333,0.000198239216358717,-5.61298717633735e-05,-0.0124657319820477,0.0223130779054465,0.809411732184469,0.305483536427275
sorting,283,0.12,0.966079385279942,0.960372593369628,0.958850259408879,-0.00152233396074886,0.1606,0.1606,0.2094,0.374844333748443,0.625155666251557,0.347659980897803,0.652340019102197,0.00845939529816328,0.00933459578479313,0.0012368630038371,0.000962900422152255,-0.00603332822669356,0.0488,244,0.0126,0.0362,63,181,0.258196721311475,0.741803278688525,0.000236575963486151,-0.00175890992423501,-0.0311953680481325,0.0408911042565813,0.722032674897307,0.0565976481667348
sorting,284,0,0.965206546744181,0.965206546744181,0.965186552059645,-1.99946845361731e-05,0.1522,0.1522,0.1706,1,0,0.892145369284877,0.107854630715123,0,0.00100660478076086,0.000394662451265705,0.000594041144072506,-0.00218638266638271,0.0184,92,0,0.0184,0,92,0,1,0,-1.99946845362217e-05,-0.00108666763783814,0.00108666763783814,1,1
sorting,284,0.02,0.965206546744181,0.964303431859934,0.963472960967347,-0.000830470892587365,0.1522,0.1522,0.0276,0.681997371879107,0.318002628120894,0.992753623188406,0.0072463768115942,0.000364222991651093,0.00154515705188955,0.000629474582108987,0.000890634693989745,0.0390827786578344,0.1246,623,0.0482,0.0764,241,382,0.386837881219904,0.613162118780096,0.000513142633261641,-0.00134361352584901,0.00666509544612655,0.014901734824323,0.966339179965567,0.458427343457511
sorting,284,0.05,0.965206546744181,0.962673852357978,0.962518711030889,-0.00015514132708927,0.1522,0.1522,0.0144,0.515111695137976,0.484888304862024,0.875,0.125,0.00190096234534723,0.00317880297106318,0.000572559026330673,0.000799631230347111,0.0594401171692084,0.1378,689,0.072,0.0658,360,329,0.522496371552975,0.477503628447025,0.00151780608422923,-0.00167294741131851,0.00112584417336197,0.0231549600547731,0.885829905129196,0.235703845346709
sorting,284,0.08,0.965206546744181,0.961248331490756,0.962200750133772,0.000952418643016428,0.1522,0.1522,0.0768,0.415243101182654,0.584756898817346,0.486979166666667,0.513020833333333,0.00424045590223858,0.00521517402407267,0.00106686585904704,0.000887824657494866,0.0125595660712377,0.0754,377,0.0496,0.0258,248,129,0.657824933687003,0.342175066312997,0.00148423842374233,-0.000531819780725891,-0.0126315469896079,0.0267381724730533,0.808570418102817,-0.00016863791625347
sorting,284,0.12,0.965206546744181,0.959528791344159,0.961765882476721,0.00223709113256221,0.1522,0.1522,0.031,0.344283837056505,0.655716162943496,0.464516129032258,0.535483870967742,0.0080758594581349,0.0087041261925755,0.00183277022349685,0.000837922894539866,0.0345274509743246,0.1212,606,0.0832,0.038,416,190,0.686468646864686,0.313531353135314,0.00315976467781579,-0.000922673545253554,-0.0184578476284013,0.033683483688691,0.717471681786867,0.122733750086106
sorting,285,0,0.964538762059146,0.964538762059146,0.964286918936914,-0.000251843122231699,0.1606,0.1606,0.222,1,0,0.723423423423424,0.276576576576577,0,0.00169641705821198,0.00115654438747949,0.000422035099965773,-0.00813904330691761,0.0614,307,0,0.0614,0,307,0,1,0,-0.000251843122231675,-0.00410167951517387,0.00410167951517387,1,1
sorting,285,0.02,0.964538762059146,0.963695965601124,0.963216084612432,-0.000479880988691561,0.1606,0.1606,0.2278,0.708592777085928,0.291407222914072,0.600526777875329,0.399473222124671,0.000364707448866225,0.00177510157350343,0.00118590029675258,0.00073004761810802,-0.00891118991800677,0.0672,336,0.023,0.0442,115,221,0.342261904761905,0.657738095238095,0.000208447961910739,-0.000688328950602369,-0.0071410861412445,0.013344894531445,0.96863449320938,0.0247160762529025
sorting,285,0.05,0.964538762059146,0.961864379203752,0.960907431630395,-0.000956947573356737,0.1606,0.1606,0.2326,0.521793275217933,0.478206724782067,0.441960447119518,0.558039552880481,0.00192990906221575,0.00387924078276027,0.000684684741240456,0.000462622630689239,-0.0096723941957938,0.072,360,0.019,0.053,95,265,0.263888888888889,0.736111111111111,0.00033939561807293,-0.00129634319142964,-0.0132909385188432,0.0227185945764246,0.89340724389629,0.0283793342026816
sorting,285,0.08,0.964538762059146,0.960627813538412,0.96126549658337,0.000637683044957482,0.1606,0.1606,0.0048,0.443337484433375,0.556662515566625,0.666666666666667,0.333333333333333,0.00444094051897437,0.00487196727930354,0.000802937405555856,0.000572205005952486,0.0832392969212789,0.1558,779,0.0878,0.068,439,340,0.563543003851091,0.436456996148909,0.00242299368390751,-0.00178531063895008,-0.00409295921025307,0.0270109391711014,0.814321926844877,0.137601763515944
sorting,285,0.12,0.964538762059146,0.959270370339486,0.960950325712192,0.00167995537270538,0.1606,0.1606,0.0484,0.405977584059776,0.594022415940224,0.454545454545455,0.545454545454545,0.00844596256421499,0.00889605066043265,0.00151095331336003,0.000429642805832724,0.0246171031758159,0.1122,561,0.069,0.0432,345,216,0.614973262032086,0.385026737967914,0.00274690585126953,-0.00106695047856418,-0.0149728642843614,0.0339915893924573,0.72850974312439,0.184945722061066
sorting,286,0,0.965182732622438,0.965182732622438,0.96434020132477,-0.000842531297667315,0.1566,0.1566,0.0584,1,0,1,0,0,0.00138280364027975,0.000422936748708059,0.000925584983159372,0.0235829098429818,0.0982,491,0,0.0982,0,491,0,1,0,-0.000842531297667247,0.00857974844874997,0.00857974844874997,1,1
sorting,286,0.02,0.965182732622438,0.964317727140462,0.964142398233336,-0.000175328907125127,0.1566,0.1566,0.0798,0.71264367816092,0.28735632183908,0.87719298245614,0.12280701754386,0.000360080721007954,0.00138318656201535,0.000452724787247184,0.000875514996420955,0.013982122085157,0.0768,384,0.0352,0.0416,176,208,0.458333333333333,0.541666666666667,0.000440507202915047,-0.000615836110040171,0.00228292847819171,0.0137544702207711,0.969971814446873,0.284110830422841
sorting,286,0.05,0.965182732622438,0.962526684278631,0.96267675481559,0.000150070536959035,0.1566,0.1566,0.0592,0.544061302681992,0.455938697318008,0.685810810810811,0.314189189189189,0.0018999703121643,0.00303066070268924,0.000552087618339812,0.000801502514691336,0.0231470763365882,0.0974,487,0.0528,0.0446,264,223,0.542094455852156,0.457905544147844,0.00114704118793334,-0.000996970650974347,-0.00154076526651941,0.0220124418779023,0.891946018429841,0.112493127321282
sorting,286,0.08,0.965182732622438,0.960980638277128,0.961998947853251,0.00101830957612359,0.1566,0.1566,0.0492,0.440613026819923,0.559386973180077,0.565040650406504,0.434959349593496,0.00434854001882614,0.0053542263826877,0.000522893723086205,0.000568280779053611,0.0294125636775289,0.1074,537,0.0662,0.0412,331,206,0.616387337057728,0.383612662942272,0.00209770073945191,-0.00107939116332822,-0.00948146718923361,0.0295818612921799,0.81405824737833,0.12137261295855
sorting,286,0.12,0.965182732622438,0.959478933730561,0.961548944349518,0.00207001061895684,0.1566,0.1566,0.0014,0.375478927203065,0.624521072796935,0.857142857142857,0.142857142857143,0.00869011916469192,0.00842758078882211,0.000987539444333582,0.00081700645761497,0.11954834699947,0.1552,776,0.0976,0.0576,488,288,0.628865979381443,0.371134020618557,0.00364384104613427,-0.00157383042717746,-0.0133376972870928,0.0336190172249467,0.716349413037977,0.165353249111147
sorting,287,0,0.966287010100221,0.966287010100221,0.966286457469748,-5.52630472605564e-07,0.1606,0.1606,0.1636,1,0,0.981662591687042,0.0183374083129584,0,0.00146234383642875,0.00148468358864001,0.000777655621998248,-0.000361043751592627,0.003,15,0,0.003,0,15,0,1,0,-5.52630472511839e-07,-0.000184210157503946,0.000184210157503946,1,1
sorting,287,0.02,0.966287010100221,0.965358870248829,0.965087681196858,-0.000271189051971654,0.1606,0.1606,0.215,0.696139476961395,0.303860523038605,0.612093023255814,0.387906976744186,0.000365543412548854,0.0015783202506212,0.00137189977637751,0.000879864083323015,-0.00649347127060718,0.0544,272,0.0198,0.0346,99,173,0.363970588235294,0.636029411764706,0.000212716528472506,-0.00048390558044412,-0.00498509286712526,0.0128055534727321,0.967821440280857,-0.0150475745222869
sorting,287,0.05,0.966287010100221,0.963556490994172,0.96352546546586,-3.10255283112459e-05,0.1606,0.1606,0.0306,0.515566625155666,0.484433374844334,0.718954248366013,0.281045751633987,0.00189303282575069,0.00288812583243706,0.00170285005969489,0.000658790922485587,0.0362665656399201,0.13,650,0.0692,0.0608,346,304,0.532307692307692,0.467692307692308,0.00146708605784315,-0.00149811158615434,0.0002386579100861,0.0228092126461345,0.887281612771264,0.122679136063499
sorting,287,0.08,0.966287010100221,0.962159702081525,0.962910398164726,0.000750696083200886,0.1606,0.1606,0.0066,0.422166874221669,0.577833125778331,0.666666666666667,0.333333333333333,0.00426865263642376,0.00533581444686117,0.000928167670451578,0.000613551792539922,0.0786013565473177,0.154,770,0.0906,0.0634,453,317,0.588311688311688,0.411688311688312,0.00249142112572114,-0.00174072504252034,-0.00487464989091428,0.0274814686249447,0.812802517984101,0.158105529592073
sorting,287,0.12,0.966287010100221,0.960773495175449,0.962801587354165,0.00202809217871613,0.1606,0.1606,0.0178,0.347447073474471,0.652552926525529,0.49438202247191,0.50561797752809,0.00831000909025363,0.0079416906715279,0.0014036171375895,0.00126028907175888,0.0525110752476848,0.1428,714,0.0958,0.047,479,235,0.670868347338936,0.329131652661064,0.00331622380869539,-0.00128813162997927,-0.0142023261814854,0.0322433854248926,0.713958485038339,0.0523574602115977
sorting,288,0,0.964754031473661,0.964754031473661,0.964542259388965,-0.000211772084695916,0.1536,0.1536,0.0998,1,0,1,0,0,0.000992001666622612,0.000368704929549045,0.00028061054161394,0.00916150484241129,0.0538,269,0,0.0538,0,269,0,1,0,-0.000211772084695859,0.00393628410215351,0.00393628410215351,1,1
sorting,288,0.02,0.964754031473661,0.963945490804148,0.963863367142878,-8.21236612701393e-05,0.1536,0.1536,0.096,0.71875,0.28125,0.822916666666667,0.177083333333333,0.000351044993513928,0.00137534612757058,0.000627224953274901,0.00034023108894919,0.00993494818352203,0.0576,288,0.0262,0.0314,131,157,0.454861111111111,0.545138888888889,0.00029680005764083,-0.000378923718911024,0.00142575800816309,0.0117313155651364,0.970054803282192,0.13457836506195
sorting,288,0.05,0.964754031473661,0.962240674721179,0.962377592539431,0.00013691781825198,0.1536,0.1536,0.0704,0.510416666666667,0.489583333333333,0.625,0.375,0.00196485054425097,0.00243508210688252,0.000784887627055613,0.000543845259704258,0.016937790595042,0.0832,416,0.0488,0.0344,244,172,0.586538461538462,0.413461538461538,0.000957030270378183,-0.00082011245212626,-0.00164564685398947,0.0213598884916399,0.892900934884037,0.174954660923717
sorting,288,0.08,0.964754031473661,0.960920665540707,0.961304521067696,0.000383855526988608,0.1536,0.1536,0.0078,0.438802083333333,0.561197916666667,0.743589743589744,0.256410256410256,0.00458422935978772,0.00605416747569564,0.000397649337601933,0.00088175573451442,0.0790393294979329,0.1458,729,0.0842,0.0616,421,308,0.577503429355281,0.422496570644719,0.00227655806826377,-0.0018927025412751,-0.00263275395739826,0.028595751780102,0.814934023733361,0.144441068261464
sorting,288,0.12,0.964754031473661,0.959048635516321,0.961182608018745,0.00213397250242342,0.1536,0.1536,0.0284,0.3515625,0.6484375,0.443661971830986,0.556338028169014,0.00877031298968741,0.00928620044505341,0.000752743757467202,0.000871471292474624,0.0439842304124388,0.1252,626,0.0838,0.0414,419,207,0.669329073482428,0.330670926517572,0.00327233055363197,-0.00113835805120861,-0.0170445088052984,0.0352291422111867,0.717880560203222,0.0905709769631747
sorting,289,0,0.96625262605304,0.96625262605304,0.965691623572405,-0.000561002480634398,0.1552,0.1552,0.0744,1,0,1,0,0,0.00270887010256977,0.000638786804930647,0.000519401999362817,0.0163040320303615,0.0808,404,0,0.0808,0,404,0,1,0,-0.0005610024806344,0.00694310000785149,0.00694310000785149,1,1
sorting,289,0.02,0.96625262605304,0.965439618480496,0.965227373160117,-0.000212245320378668,0.1552,0.1552,0.0754,0.713917525773196,0.286082474226804,0.89920424403183,0.10079575596817,0.000374971060107193,0.00289991855370484,0.000758189629275988,0.00075259006880549,0.0158367740721851,0.0798,399,0.0368,0.043,184,215,0.461152882205514,0.538847117794486,0.000399187724426242,-0.000611433044804918,0.00265971579421899,0.0126644206670571,0.967679059123162,0.186208674953716
sorting,289,0.05,0.96625262605304,0.963537840847458,0.963804937103445,0.000267096255986865,0.1552,0.1552,0.1006,0.528350515463918,0.471649484536083,0.58648111332008,0.413518886679921,0.00192427478566247,0.00413128345398452,0.000407697075826881,0.000608108812916479,0.00939758348373132,0.0546,273,0.0316,0.023,158,115,0.578754578754579,0.421245421245421,0.000724446302132066,-0.000457350046145258,-0.00489187282027121,0.021644621763321,0.890960540278422,-0.0875694185591137
sorting,289,0.08,0.96625262605304,0.962038064135719,0.963128460376797,0.00109039624107765,0.1552,0.1552,0.0258,0.430412371134021,0.569587628865979,0.651162790697675,0.348837209302326,0.00430743041671536,0.00582377080297854,0.000743885866030302,0.000718840829088124,0.0433453500645891,0.1294,647,0.0794,0.05,397,250,0.613601236476043,0.386398763523957,0.00231968211014167,-0.001229285869064,-0.00842655518607164,0.0274263367790237,0.808856552642262,0.130145979955293
sorting,289,0.12,0.96625262605304,0.960920554551151,0.962692786155011,0.00177223160385998,0.1552,0.1552,0.0232,0.376288659793814,0.623711340206186,0.474137931034483,0.525862068965517,0.00830103417766094,0.00947873077408938,0.00116025330135486,0.00143608180396977,0.0469411739941864,0.132,660,0.0846,0.0474,423,237,0.640909090909091,0.359090909090909,0.00306416859108712,-0.00129193698722717,-0.013425996998939,0.0330007998357143,0.717179443855178,0.112497044299918
sorting,290,0,0.964781888115046,0.964781888115046,0.964655644097259,-0.000126244017787047,0.1614,0.1614,0.207,1,0,0.779710144927536,0.220289855072464,0,0.00101680929910981,0.0015324591644202,0.00301544662878343,-0.00575685205109933,0.0456,228,0,0.0456,0,228,0,1,0,-0.000126244017787061,-0.00276850916199695,0.00276850916199695,1,1
sorting,290,0.02,0.964781888115046,0.963996907337845,0.963693438075543,-0.000303469262301848,0.1614,0.1614,0.2116,0.72366790582404,0.27633209417596,0.62476370510397,0.37523629489603,0.000359704141817272,0.00103091242596712,0.00130985796214288,0.00208168699033024,-0.00643186059908252,0.0502,251,0.0154,0.0348,77,174,0.306772908366534,0.693227091633466,0.000139721601075592,-0.00044319086337749,-0.00604520442832465,0.0116118020807387,0.971007043256282,-0.00397647505217226
sorting,290,0.05,0.964781888115046,0.962105254983127,0.96185711466224,-0.000248140320886381,0.1614,0.1614,0.0162,0.535315985130112,0.464684014869888,0.938271604938272,0.0617283950617284,0.00192802354269254,0.00290845460489848,0.00172999974384553,0.00217495946057188,0.0627036304568761,0.1452,726,0.074,0.0712,370,356,0.509641873278237,0.490358126721763,0.0016013113229577,-0.00184945164384398,0.00170895537800466,0.0237655851708105,0.894396699711868,0.321623884818876
sorting,290,0.08,0.964781888115046,0.960222812224559,0.961004252278092,0.000781440053532645,0.1614,0.1614,0.0984,0.431226765799256,0.568773234200744,0.483739837398374,0.516260162601626,0.00454857473641409,0.00547423965797925,0.00140909509568622,0.00227642701771896,0.00940331429016383,0.063,315,0.041,0.022,205,110,0.650793650793651,0.349206349206349,0.00128680636468161,-0.000505366311148984,-0.0124038103735337,0.0284471853306443,0.811165705246628,0.0506728402882559
sorting,290,0.12,0.964781888115046,0.959060801386726,0.960999650891786,0.00193884950505985,0.1614,0.1614,0.0024,0.386617100371747,0.613382899628253,0.5,0.5,0.0086024482442236,0.00878255172986691,0.00264652488859878,0.000964746008979499,0.111361630816441,0.159,795,0.0978,0.0612,489,306,0.615094339622642,0.384905660377359,0.00358671041205917,-0.00164786090699932,-0.0121940220444016,0.0329218321953364,0.716399393519976,0.141472822025626
sorting,291,0,0.964890766503305,0.964890766503305,0.964885142017234,-5.62448607088761e-06,0.1626,0.1626,0.1534,1,0,1,0,0,0.000877984338950553,0.000686733334823856,0.000884477177262057,0.00123708862317329,0.0092,46,0,0.0092,0,46,0,1,0,-5.62448607083772e-06,0.000611357181612796,0.000611357181612796,1,1
sorting,291,0.02,0.964890766503305,0.964019623610974,0.963876675968846,-0.000142947642128077,0.1626,0.1626,0.196,0.715867158671587,0.284132841328413,0.656122448979592,0.343877551020408,0.000362329159882164,0.00149785629242057,0.000637555497023894,0.000799669998824303,-0.00388590646191822,0.0334,167,0.0122,0.0212,61,106,0.365269461077844,0.634730538922156,0.000139419029475422,-0.000282366671603556,-0.00427986952479444,0.0126283144035622,0.968371391662856,0.0289507044430932
sorting,291,0.05,0.964890766503305,0.962064934344193,0.962539963010632,0.000475028666438782,0.1626,0.1626,0.076,0.528905289052891,0.471094710947109,0.642105263157895,0.357894736842105,0.00191260480261298,0.00343820080802861,0.000944578455253036,0.00213551920685555,0.0160690785159449,0.0866,433,0.0494,0.0372,247,186,0.570438799076212,0.429561200923788,0.00117956604954483,-0.000704537383106108,-0.00548531947388829,0.0217563906772626,0.886046838065873,0.128456664644551
sorting,291,0.08,0.964890766503305,0.960836827660372,0.961546144067923,0.000709316407550897,0.1626,0.1626,0.0248,0.442804428044281,0.55719557195572,0.580645161290323,0.419354838709677,0.00423301660966939,0.00496687103943081,0.000380559240282176,0.000856794811443981,0.0459442193722336,0.1378,689,0.0802,0.0576,401,288,0.58200290275762,0.41799709724238,0.00223056957213134,-0.00152125316458044,-0.00514743401706022,0.0272265800922481,0.805629335969173,0.119075322010915
sorting,291,0.12,0.964890766503305,0.959192370398039,0.961226591390167,0.00203422099212813,0.1626,0.1626,0.0094,0.380073800738007,0.619926199261993,0.617021276595745,0.382978723404255,0.00834773175089703,0.00842922979889149,0.000795335642990767,0.000580336634546188,0.0755792671180513,0.1532,766,0.0972,0.056,486,280,0.634464751958225,0.365535248041775,0.0036184077859164,-0.00158418679378828,-0.0132782049094525,0.0339594946455919,0.718671310410852,0.132488829287728
sorting,292,0,0.964296217414184,0.964296217414184,0.964182161202053,-0.000114056212131342,0.1552,0.1552,0.1112,1,0,1,0,0,0.000638517052669064,0.00112373253874418,0.000904881523013349,0.0061605677724903,0.044,220,0,0.044,0,220,0,1,0,-0.000114056212131391,0.0025921866393498,0.0025921866393498,1,1
sorting,292,0.02,0.964296217414184,0.963417890985665,0.962181639345254,-0.00123625164041052,0.1552,0.1552,0.0202,0.707474226804124,0.292525773195876,0.99009900990099,0.0099009900990099,0.000374468718541263,0.00104343511735872,0.00101072792363041,0.00119737528875554,0.0473248618484113,0.135,675,0.0452,0.0898,226,449,0.334814814814815,0.665185185185185,0.000508984299385978,-0.00174523593979647,0.00915741955859624,0.0166979276976478,0.967797375191895,0.460967776548694
sorting,292,0.05,0.964296217414184,0.961738047508956,0.961847597860558,0.000109550351601984,0.1552,0.1552,0.0488,0.532216494845361,0.467783505154639,0.651639344262295,0.348360655737705,0.00194068268616411,0.00260526178060304,0.000840699300662637,0.000712655168758647,0.0255715296462177,0.1064,532,0.0556,0.0508,278,254,0.522556390977444,0.477443609022556,0.00124298307612081,-0.00113343272451878,-0.00102960856768825,0.0223347349684173,0.891694378995775,0.153806942388566
sorting,292,0.08,0.964296217414184,0.96036927320141,0.960860396568251,0.000491123366841539,0.1552,0.1552,6e-04,0.443298969072165,0.556701030927835,1,0,0.00428958081337088,0.00483465422573339,0.000958585422293514,0.000466487885252017,0.149896240357786,0.1546,773,0.0864,0.0682,432,341,0.558861578266494,0.441138421733506,0.00244322123462165,-0.00195209786778017,-0.00317673587866417,0.0284302658628836,0.817513447548538,0.251498788202738
sorting,292,0.12,0.964296217414184,0.958998882900005,0.960313778962628,0.00131489606262403,0.1552,0.1552,0.079,0.396907216494845,0.603092783505155,0.448101265822785,0.551898734177215,0.00881109651867276,0.00856457685675309,0.00246669946831817,0.00129899262165006,0.0140157914020532,0.0762,381,0.05,0.0262,250,131,0.656167979002625,0.343832020997375,0.00201052904148577,-0.000695632978861767,-0.01725585384021,0.0355139372749021,0.721800086664003,0.0976731621691405
sorting,293,0,0.964338665728985,0.964338665728985,0.964130941295739,-0.000207724433245571,0.1562,0.1562,0.1052,1,0,1,0,0,0.00300305159734966,0.000631811128267494,0.00061774759067824,0.00949264380899006,0.051,255,0,0.051,0,255,0,1,0,-0.00020772443324564,0.00407302810285568,0.00407302810285568,1,1
sorting,293,0.02,0.964338665728985,0.963539893829997,0.963405888829376,-0.000134005000621218,0.1562,0.1562,0.0976,0.727272727272727,0.272727272727273,0.834016393442623,0.165983606557377,0.000356237975241462,0.00213635399209202,0.000946320000992093,0.000369171993510997,0.0106579165132739,0.0586,293,0.0264,0.0322,132,161,0.450511945392491,0.549488054607509,0.000297686827413163,-0.000431691828034397,0.00228677475462856,0.0124467347346,0.969772658982906,0.185705793842152
sorting,293,0.05,0.964338665728985,0.961880768004146,0.961211831433012,-0.00066893657113376,0.1562,0.1562,0.0144,0.548015364916773,0.451984635083227,0.930555555555556,0.0694444444444445,0.00188172987570696,0.00408569587892244,0.000494087626915835,0.000591481241121147,0.0609860991294242,0.1418,709,0.0696,0.0722,348,361,0.49083215796897,0.50916784203103,0.00139959636975775,-0.00206853294089155,0.00471746524071789,0.0244578935870896,0.892787914175516,0.250755370116037
sorting,293,0.08,0.964338665728985,0.960049215250851,0.961058051491235,0.00100883624038373,0.1562,0.1562,0.0274,0.422535211267606,0.577464788732394,0.576642335766423,0.423357664233577,0.00424418230016161,0.00469475761436448,0.00082091126403615,0.000338567252277371,0.0416450671275878,0.1288,644,0.0786,0.0502,393,251,0.610248447204969,0.389751552795031,0.00245337795312059,-0.00144454171273688,-0.00783257950608468,0.0302633514429928,0.809078057675122,0.143162299176747
sorting,293,0.12,0.964338665728985,0.959002684487921,0.960632180156405,0.00162949566848381,0.1562,0.1562,0.0116,0.380281690140845,0.619718309859155,0.568965517241379,0.431034482758621,0.00860627311613052,0.00836409095084077,0.00076385977736588,0.0003950002456384,0.0699158384292812,0.1446,723,0.0918,0.0528,459,264,0.634854771784232,0.365145228215768,0.00324100545915814,-0.00161150979067433,-0.0112689880254759,0.0335581967484956,0.720961038662441,0.109162998761493
sorting,294,0,0.965182808729412,0.965182808729412,0.965029331148053,-0.000153477581359085,0.1642,0.1642,0.212,1,0,0.774528301886793,0.225471698113208,0,0.000606385258852721,0.000276847884415387,0.000368978250572653,-0.00660704218294062,0.0478,239,0,0.0478,0,239,0,1,0,-0.000153477581359102,-0.0032108280619059,0.0032108280619059,1,1
sorting,294,0.02,0.965182808729412,0.964266782655996,0.96425982980578,-6.95285021612424e-06,0.1642,0.1642,0.1572,0.714981729598051,0.285018270401949,0.725190839694657,0.274809160305344,0.00037309169308221,0.00112948729635715,0.000808341293317556,0.000473771073915041,0.000993377099634429,0.007,35,0.0036,0.0034,18,17,0.514285714285714,0.485714285714286,3.12527797252205e-05,-3.82056299413918e-05,0.000993264316595905,0.00992262995237318,0.969704766628191,-0.100560224089636
sorting,294,0.05,0.965182808729412,0.962423376172973,0.962771712638361,0.000348336465388233,0.1642,0.1642,0.1294,0.518879415347138,0.481120584652862,0.576506955177743,0.423493044822257,0.00194742922195073,0.00357090372811446,0.000376193672989495,0.000983786607208409,0.00476287247338481,0.0348,174,0.0242,0.0106,121,53,0.695402298850575,0.304597701149425,0.000540251980767637,-0.000191915515379342,-0.0100096685456406,0.0210392958662925,0.893870438826817,-0.0431003160682252
sorting,294,0.08,0.965182808729412,0.960996294388636,0.962049438654196,0.00105314426556091,0.1642,0.1642,0.0562,0.444579780755177,0.555420219244823,0.583629893238434,0.416370106761566,0.00432273904960027,0.00562352480119421,0.000492403219525011,0.00048760122652597,0.0232516443489169,0.108,540,0.0678,0.0402,339,201,0.627777777777778,0.372222222222222,0.00209580768498708,-0.00104266341942617,-0.00975133579223061,0.029059917633456,0.814419534080781,0.0709930037101941
sorting,294,0.12,0.965182808729412,0.959773878214199,0.960809958325852,0.00103608011165279,0.1642,0.1642,0.1094,0.387332521315469,0.612667478684531,0.416819012797075,0.583180987202925,0.00844529163678134,0.00810724905806881,0.00130975793225422,0.000731627819160428,0.00816825605225457,0.0548,274,0.0368,0.018,184,90,0.671532846715328,0.328467153284672,0.00149735012514359,-0.000461270013490786,-0.0189065713805255,0.0357412434057367,0.725470848410834,0.0665083821288201
sorting,295,0,0.965096849835497,0.965096849835497,0.963976127443946,-0.00112072239155059,0.1602,0.1602,0.0454,1,0,1,0,0,0.00079425500717289,0.00138517722945727,0.00108855213713524,0.0263040580341833,0.1148,574,0,0.1148,0,574,0,1,0,-0.00112072239155058,0.00976239017030125,0.00976239017030125,1,1
sorting,295,0.02,0.965096849835497,0.964151991650229,0.963500873083446,-0.000651118566782794,0.1602,0.1602,0.0426,0.68789013732834,0.31210986267166,0.957746478873239,0.0422535211267606,0.000372476657417875,0.00119277656402313,0.000870688330536346,0.000611144823116007,0.0284232068307044,0.1176,588,0.0482,0.0694,241,347,0.409863945578231,0.590136054421769,0.000530692142454834,-0.00118181070923772,0.0055367225066572,0.0145620990790183,0.965054527690181,0.373895686468072
sorting,295,0.05,0.965096849835497,0.962377991843847,0.962670524156618,0.000292532312771598,0.1602,0.1602,0.1264,0.506866416978777,0.493133583021224,0.537974683544304,0.462025316455696,0.00190785484981818,0.00254716067489731,0.00107776293990764,0.0016224863311449,0.00459767375857267,0.0338,169,0.0206,0.0132,103,66,0.609467455621302,0.390532544378698,0.000519597436034633,-0.000227065123262952,-0.00865480215300834,0.0220906082632422,0.878552620806105,0.12071503157476
sorting,295,0.08,0.965096849835497,0.960911934314766,0.961992694354341,0.00108076003957513,0.1602,0.1602,0.0574,0.428214731585518,0.571785268414482,0.533101045296167,0.466898954703833,0.00424616459061221,0.00479385557627862,0.000752874332982887,0.000251262711796368,0.0207535249904597,0.1028,514,0.0648,0.038,324,190,0.630350194552529,0.369649805447471,0.00200193922690604,-0.000921179187330949,-0.0105132299569562,0.0284350040295427,0.805579711551189,0.135785757822585
sorting,295,0.12,0.965096849835497,0.959496046531725,0.961274390420066,0.0017783438883413,0.1602,0.1602,0.0568,0.378277153558052,0.621722846441948,0.443661971830986,0.556338028169014,0.00853121131594228,0.00824431226927552,0.00203521596401286,0.00161354692665694,0.0210241535212938,0.1034,517,0.068,0.0354,340,177,0.657640232108317,0.342359767891683,0.00255124383979004,-0.000772899951448683,-0.0171986836396649,0.0321483925651714,0.710192823255713,0.0853671583508298
sorting,296,0,0.965063637320408,0.965063637320408,0.964893266604627,-0.000170370715780743,0.1566,0.1566,0.2106,1,0,0.743589743589744,0.256410256410256,0,0.000909264855963844,0.000275444055398207,0.000922054671232177,-0.00719314478299049,0.054,270,0,0.054,0,270,0,1,0,-0.000170370715780799,-0.00315501325519999,0.00315501325519999,1,1
sorting,296,0.02,0.965063637320408,0.964168200226036,0.964191449138354,2.32489123179747e-05,0.1566,0.1566,0.1528,0.696040868454662,0.303959131545338,0.706806282722513,0.293193717277487,0.000360625845387809,0.00109448919630501,0.000547512505916756,0.000403422039281154,0.000538528009203954,0.0038,19,0.0028,0.001,14,5,0.736842105263158,0.263157894736842,3.25715225510722e-05,-9.32261023303593e-06,-0.00611813482053585,0.0110247717852916,0.969650612066024,-0.0192982456140351
sorting,296,0.05,0.965063637320408,0.96254512381513,0.962926725328379,0.000381601513249175,0.1566,0.1566,0.1192,0.538952745849298,0.461047254150702,0.598993288590604,0.401006711409396,0.00195174704975585,0.00237685445991431,0.000479636018987185,0.000636482666850369,0.00585168564635263,0.0374,187,0.0244,0.013,122,65,0.6524064171123,0.347593582887701,0.000592767823686691,-0.000211166310437526,-0.0102032490173573,0.0214955650835352,0.891173887326955,0.174606087521425
sorting,296,0.08,0.965063637320408,0.960986819910321,0.961894537173624,0.000907717263303298,0.1566,0.1566,0.013,0.425287356321839,0.574712643678161,0.723076923076923,0.276923076923077,0.00438001247837196,0.00546765668498424,0.000894353167954949,0.000679103667960761,0.0613223187615519,0.1436,718,0.0864,0.0572,432,286,0.601671309192201,0.398328690807799,0.00244927780185432,-0.00154156053855108,-0.00632115085865766,0.0277913533454415,0.818108946708358,0.159855407568171
sorting,296,0.12,0.965063637320408,0.959443933733648,0.960343814089072,0.000899880355424321,0.1566,0.1566,0.1204,0.365261813537676,0.634738186462324,0.388704318936877,0.611295681063123,0.00866999764937206,0.00867236422993887,0.00140548687888253,0.000536325951585483,0.00544153536935199,0.0362,181,0.0258,0.0104,129,52,0.712707182320442,0.287292817679558,0.00115341568890467,-0.000253535333480331,-0.0248585733542636,0.0388660503421271,0.723717781588711,0.0243862951045271
sorting,297,0,0.964341151653243,0.964341151653243,0.964042964943499,-0.000298186709743908,0.1524,0.1524,0.09,1,0,1,0,0,0.000941866679106628,0.000795655866600167,0.0018117615368366,0.00998511374895639,0.0624,312,0,0.0624,0,312,0,1,0,-0.000298186709743873,0.00477863316897232,0.00477863316897232,1,1
sorting,297,0.02,0.964341151653243,0.963487557451006,0.963264439996212,-0.000223117454794308,0.1524,0.1524,0.0654,0.708661417322835,0.291338582677165,0.908256880733945,0.091743119266055,0.000375019991254959,0.000974688250229741,0.000900474265361839,0.00153761126336183,0.0161487126185956,0.087,435,0.0384,0.0486,192,243,0.441379310344828,0.558620689655172,0.000412650405512757,-0.000635767860307097,0.00256456844591195,0.012050784664596,0.968541676181667,0.274491534936882
sorting,297,0.05,0.964341151653243,0.96196911166171,0.9619031347629,-6.59768988100495e-05,0.1524,0.1524,0.0286,0.531496062992126,0.468503937007874,0.811188811188811,0.188811188811189,0.00192359990256418,0.00234387845364977,0.00105068520043768,0.000692684205048093,0.0404957925492039,0.1238,619,0.066,0.0578,330,289,0.533117932148627,0.466882067851373,0.00128166131388832,-0.00134763821269843,0.000532931331261007,0.021238283736565,0.89193150092526,0.18541028006033
sorting,297,0.08,0.964341151653243,0.960364007750517,0.961226159182884,0.000862151432367453,0.1524,0.1524,0.0358,0.427821522309711,0.572178477690289,0.536312849162011,0.463687150837989,0.00433107971629419,0.00452190561628538,0.00100316396627465,0.000704431359076975,0.0317715362738297,0.1166,583,0.0706,0.046,353,230,0.60548885077187,0.39451114922813,0.0020907953004293,-0.00122864386806179,-0.00739409461721708,0.0284686035033541,0.81052374486895,0.173544525089851
sorting,297,0.12,0.964341151653243,0.958536766896108,0.96089599640204,0.00235922950593181,0.1524,0.1524,0.01,0.351706036745407,0.648293963254593,0.64,0.36,0.00873160352128388,0.00879178627871008,0.00153575974259432,0.000461326387453226,0.0757707438508311,0.1424,712,0.0952,0.0472,476,236,0.668539325842697,0.331460674157303,0.00368888187447942,-0.00132965236854751,-0.0165676229349151,0.0352425157515936,0.714994018071761,0.140481121838776
sorting,298,0,0.965112011442846,0.965112011442846,0.964997696190309,-0.000114315252536801,0.1572,0.1572,0.198,1,0,0.793939393939394,0.206060606060606,0,0.000701271038522017,0.000325465860947097,0.000932272385257506,-0.00530295891529797,0.0408,204,0,0.0408,0,204,0,1,0,-0.000114315252536775,-0.00280184442492097,0.00280184442492097,1,1
sorting,298,0.02,0.965112011442846,0.964203264443559,0.964209319421105,6.05497754624373e-06,0.1572,0.1572,0.1626,0.713740458015267,0.286259541984733,0.703567035670357,0.296432964329643,0.000367110218465027,0.00107934018730743,0.000550133554757876,0.000539926964195393,-0.000964650254756894,0.0054,27,0.0022,0.0032,11,16,0.407407407407407,0.592592592592593,3.78915420244165e-05,-3.18365644781297e-05,0.00112129213820127,0.0129126123152863,0.96512125950085,-0.246642246642247
sorting,298,0.05,0.965112011442846,0.962441166733018,0.958803964555673,-0.00363720217734476,0.1572,0.1572,0.3604,0.517811704834606,0.482188295165394,0.374028856825749,0.625971143174251,0.00191131823846698,0.00279993702041602,0.000457754976485715,0.00102970789493245,-0.0263342739343655,0.2032,1016,0.0534,0.1498,267,749,0.262795275590551,0.737204724409449,0.000898613253025373,-0.0045358154303701,-0.0178996170144917,0.0267442356466312,0.885637071841483,0.148405350765393
sorting,298,0.08,0.965112011442846,0.96090809475741,0.96098124568018,7.3150922770493e-05,0.1572,0.1572,0.152,0.409669211195929,0.590330788804071,0.410526315789474,0.589473684210526,0.00405275907985162,0.00444317606096723,0.001100682352901,0.000992994168090992,0.000664380264664199,0.0052,26,0.0032,0.002,16,10,0.615384615384615,0.384615384615385,9.7882118811986e-05,-2.47311960415719e-05,-0.0140674851481566,0.0235794836256842,0.811710368756415,0.136410256410256
sorting,298,0.12,0.965112011442846,0.959381297063772,0.959381297063772,0,0.1572,0.1572,0.1572,0.361323155216285,0.638676844783715,0.361323155216285,0.638676844783715,0.00845033208065991,0.00936435969282687,0.00134143222192515,0.00055867130018331,2.13077789370519e-05,0,0,0,0,0,0,,,0,0,,,0.710399045279962,
sorting,299,0,0.964813383379868,0.964813383379868,0.963864316753249,-0.000949066626618644,0.1584,0.1584,0.2762,1,0,0.573497465604634,0.426502534395366,0,0.00106687699842999,0.000668008542732223,0.00206217653534699,-0.0156821960603726,0.1178,589,0,0.1178,0,589,0,1,0,-0.000949066626618604,-0.00805659275567575,0.00805659275567575,1,1
sorting,299,0.02,0.964813383379868,0.963851597117032,0.963834416735408,-1.71803816241267e-05,0.1584,0.1584,0.0856,0.689393939393939,0.310606060606061,0.843457943925234,0.156542056074766,0.000367978120145845,0.00129192352042908,0.000872511210793573,0.00248527504563273,0.0119604484149244,0.0728,364,0.0358,0.037,179,185,0.491758241758242,0.508241758241758,0.000427526311445056,-0.000444706693069199,0.000235994253078893,0.0119812225894815,0.967412965832519,0.170946612540635
sorting,299,0.05,0.964813383379868,0.962110383000486,0.962528761464978,0.000418378464491997,0.1584,0.1584,0.0664,0.525252525252525,0.474747474747475,0.680722891566265,0.319277108433735,0.00198054483986471,0.00283608489754633,0.00063228540365962,0.00225357778017947,0.018193572879271,0.092,460,0.054,0.038,270,190,0.586956521739131,0.41304347826087,0.0012011371405867,-0.000782758676094739,-0.00454759200534746,0.0215640849639287,0.886490448515618,0.0771313335293563
sorting,299,0.08,0.964813383379868,0.960335789486341,0.961716452194555,0.0013806627082138,0.1584,0.1584,0.0496,0.424242424242424,0.575757575757576,0.560483870967742,0.439516129032258,0.00434685254143813,0.00529785328526836,0.00145631332808299,0.00215497919515273,0.026076330977976,0.1088,544,0.0694,0.0394,347,197,0.637867647058824,0.362132352941176,0.00222250208314553,-0.00084183937493179,-0.0126899145975527,0.0281649031073283,0.812091838307673,0.159031196238443
sorting,299,0.12,0.964813383379868,0.958434637817934,0.961242831006904,0.00280819318897019,0.1584,0.1584,0.0244,0.340909090909091,0.659090909090909,0.459016393442623,0.540983606557377,0.00866652114133373,0.00907150881769283,0.00187053121535855,0.0013267374291845,0.0451162660633322,0.134,670,0.0912,0.0428,456,214,0.680597014925373,0.319402985074627,0.00382117926833705,-0.00101298607936691,-0.0209566655893295,0.0360758608037609,0.707195294751812,0.16145111656769
sorting,300,0,0.965176186649132,0.965176186649132,0.965141807778333,-3.43788707994896e-05,0.1592,0.1592,0.184,1,0,0.865217391304348,0.134782608695652,0,0.000666520122851733,0.0014701727396684,0.00126786644842318,-0.00289248176054191,0.0248,124,0,0.0248,0,124,0,1,0,-3.4378870799466e-05,-0.00138624479030105,0.00138624479030105,1,1
sorting,300,0.02,0.965176186649132,0.964288737080229,0.963005119564167,-0.00128361751606243,0.1592,0.1592,0.0192,0.712311557788945,0.287688442211055,1,0,0.000358015197248073,0.00119034110260838,0.00109706988122508,0.00164091927482448,0.049570884276426,0.14,700,0.0458,0.0942,229,471,0.327142857142857,0.672857142857143,0.000533991960331383,-0.00181760947639384,0.00916869654330329,0.0167971531194659,0.96865226204209,0.488254197603319
sorting,300,0.05,0.965176186649132,0.962629261934191,0.962643007454532,1.37455203418346e-05,0.1592,0.1592,0.0248,0.515075376884422,0.484924623115578,0.741935483870968,0.258064516129032,0.00190638918661224,0.00260057543979202,0.000628508099589134,0.000574996275473794,0.0415889376435842,0.1344,672,0.0708,0.0636,354,318,0.526785714285714,0.473214285714286,0.00143730637079597,-0.00142356085045418,-0.000102273216828775,0.0212862144438255,0.891409142056366,0.179436085313853
sorting,300,0.08,0.965176186649132,0.961064360700498,0.962114199166867,0.00104983846636897,0.1592,0.1592,0.0828,0.413316582914573,0.586683417085427,0.48792270531401,0.51207729468599,0.00443085400856714,0.00477754271956158,0.00207200612177453,0.000945161606253563,0.0123535156978177,0.0764,382,0.051,0.0254,255,127,0.667539267015707,0.332460732984293,0.00153761173115541,-0.00048777326478648,-0.0137413411828394,0.0265102748159933,0.807453339306134,0.112321269056301
sorting,300,0.12,0.965176186649132,0.959838222543407,0.961802804139458,0.00196458159605006,0.1592,0.1592,0.002,0.374371859296482,0.625628140703518,0.6,0.4,0.00854757691991177,0.00852470715497031,0.0019896125088826,0.000597066903967594,0.116844799510297,0.1572,786,0.0988,0.0584,494,292,0.628498727735369,0.371501272264631,0.00347440817995411,-0.00150982658390396,-0.0124973383972656,0.0317063280143643,0.722755932590237,0.0955777531628893
